factor_id,candidate_index,horizon,cost_bp,q,positive_validation_blocks,worst_validation_block_bp,validation_rank_ic,validation_trades,validation_trades_per_year,validation_cagr,validation_sharpe,validation_max_drawdown,validation_calmar,validation_mean_gross_bp,selection_rank_ic,selection_trades,selection_trades_per_year,selection_cagr,selection_sharpe,selection_max_drawdown,selection_calmar,selection_mean_gross_bp,frequency_retention,balanced_cagr,lineage_hash,orientation,threshold_q95,components,weights,positive_selection_folds,worst_selection_fold_return,positive_selection_years,top_one_selection_profit_share,top_five_selection_profit_share,development_candidate,historically_stable_candidate,core_candidate
BTC_LONG_743f64123cf5aa59_1d,562709,1d,5.0,95,3,-11.249479035865011,0.069385630392421,129,96.3823539856951,1.2628905232082333,2.2319730360048915,-0.2427644048692891,5.202123943533679,97.80248604226942,0.0011962372307354,507,146.96964285714284,-0.0209913965643145,0.1268123768803924,-0.5732409404335289,-0.0366188021191216,8.183387071591294,1.5248604830605799,-0.0209913965643145,743f64123cf5aa59,1,1.1511605978012085,tanh(x_avg_trade_size_log)|tanh(x_volume_surprise_3),-0.5|-1,4,-0.4476990588670842,3,0.024085482268440792,0.10157153404462274,True,False,False
BTC_LONG_5ac7f75bf91a81ca_1d,439268,1d,5.0,99,3,-29.168157620237388,0.0845265611616158,22,16.43730067973095,0.6227873870206178,1.5397323802067802,-0.1947390442642698,3.198061227903875,333.47449883076905,0.0616545287885069,36,10.435714285714283,0.119734865655938,0.7961658103322622,-0.0729964425471361,1.640283573800483,124.44886358381972,0.6348800505050504,0.119734865655938,5ac7f75bf91a81ca,1,2.7737441062927246,x_return_sum_288|(x_flow_mean_3*m1_return_efficiency_5)|(x_flow_autocorr_72*x_return_efficiency_288),-1|0.5|-0.5,6,-0.002090034284825293,4,0.1975793124985274,0.6579612001440895,True,False,False
BTC_LONG_3db5d6d355c1f47a_1d,298319,1d,5.0,99,3,-55.50172363647386,0.091444217059373,22,16.43730067973095,0.5274122590531756,1.395390840399656,-0.1531616679290763,3.4435003626194582,295.80118114092244,0.0596321602639015,59,17.10297619047619,0.0732008631774361,0.5681871108374379,-0.1689171986191003,0.4333535233585084,52.05045289176347,1.040497860549944,0.0732008631774361,3db5d6d355c1f47a,-1,1.92851459980011,signed_sqrt(m1_range_mean_240)|(x_flow_mean_72*x_volume_surprise_curve_3_12),-1|-0.5,5,-0.1101115645744456,3,0.11871045914320322,0.5039192907276412,True,False,False
BTC_LONG_bdbf1b3c7b72942c_1d,919710,1d,5.0,97,3,-37.09230320502924,0.0510568997280103,99,73.96785305878927,0.3699750208815462,1.3088298978401904,-0.2692693174436266,1.3739962071950624,52.3367567378122,0.0011583522701728,434,125.80833333333334,-0.0985533233160214,-0.1717426156531797,-0.4565462336519917,-0.2158671259374465,0.6975336478499622,1.7008514933283452,-0.0985533233160214,bdbf1b3c7b72942c,1,2.271066188812256,tanh(m1_return_autocorr_240)|signed_sqrt(m1_flow_mean_5)|signed_sqrt(m1_flow_mean_240),0.5|1|1,2,-0.16288743494475166,1,0.04236846020506395,0.13567696682303004,True,False,False
BTC_LONG_c5384017ac052099_1d,955790,1d,5.0,99,3,48.52859631462441,0.0313420863423786,41,30.63315126677131,0.3296138947651641,1.7055810849327198,-0.0777580006488563,4.238970807051123,102.95387490273012,0.0050399926545586,198,57.39642857142857,-0.0209725276125832,0.0363399315434175,-0.4326637864257076,-0.0484730367333029,6.5520911910885244,1.8736703929539298,-0.0209725276125832,c5384017ac052099,1,1.956712245941162,m1_flow_mean_240|tanh(x_return_sign_entropy_12)|signed_sqrt(m1_body_range_ratio),1|-1|0.5,3,-0.21958405904911232,2,0.06728716674105475,0.2397709437760918,True,False,False
BTC_LONG_ae8aa8d84b5efcc8_1d,846121,1d,5.0,95,4,33.28447284120817,0.055363086665332,120,89.65800370762337,1.467492386350307,2.6098310313506894,-0.1766027447273254,8.309567264178794,113.38241143349724,-0.0129647412013841,483,140.0125,0.2102190831929533,0.7013060716783055,-0.5528365442265789,0.380255403497341,23.48915021797297,1.5616285686728393,0.2102190831929533,ae8aa8d84b5efcc8,-1,1.85545814037323,x_flow_sign_bias_72|signed_sqrt(m1_quote_flow_return_corr_5),-1|0.5,6,-0.27948605781531916,4,0.02424331378141452,0.09502494256754086,True,False,False
BTC_LONG_b8be476e31b5ac81_1d,895532,1d,5.0,95,3,-54.44055793265678,0.0542352480645876,103,76.95645318237672,0.1023563547621437,0.5022522878261406,-0.318798209415689,0.3210694155081616,22.095542238775284,-0.0302217738338594,401,116.2422619047619,-0.1591192501991605,-0.4478873876927226,-0.5783151657846606,-0.2751427934338654,-6.243256797518336,1.5104940144432457,-0.1591192501991605,b8be476e31b5ac81,1,1.222301959991455,signed_sqrt(m1_flow_mean_240)|(x_flow_mean_72*x_return_efficiency_288),0.5|-1,2,-0.32498011892584366,2,0.03057968443808841,0.12840774676144295,False,False,False
BTC_LONG_3cd945806cc1e41e_1d,294062,1d,5.0,99,4,15.741577379011758,0.0164417964576978,45,33.62175139035876,0.3882361626094075,1.8481603908578992,-0.1191667154314825,3.2579245068865927,107.61752376068044,0.0204031798044259,202,58.55595238095238,0.2157995945419226,0.9717247565092956,-0.2763369211717104,0.7809292859850204,42.68507434891776,1.7416092249657062,0.2157995945419226,3cd945806cc1e41e,1,1.3028936386108398,m1_flow_std_5|(x_flow_mean_72*x_jump_concentration_3),-0.5|1,6,-0.19848898564788664,3,0.0571700007326705,0.2039977052304422,True,True,True
BTC_LONG_618010b07f5aeded_1d,471852,1d,5.0,95,3,-111.01468983062856,0.0478484527863488,76,56.78340234816146,0.5680523227727692,1.3286498679519805,-0.305914283140502,1.856900295537593,97.3683356027332,0.0489809425520101,408,118.27142857142856,0.2228989007900728,0.807713358651439,-0.3139614452770582,0.7099562833053388,25.94435150851654,2.082852095516569,0.2228989007900728,618010b07f5aeded,-1,1.1635422706604004,m1_flow_mean_60|signed_sqrt(x_vwap_pressure_288),-0.5|0.5,6,-0.09638815744553514,4,0.03938741209241574,0.1468306455132315,True,True,False
BTC_LONG_774a2fa3bbfb3bcf_1d,577815,1d,5.0,95,3,-69.38904208730007,0.0291103624195001,131,97.87665404748884,0.3641989055346897,0.9387822092193632,-0.5221342641127397,0.6975196430626349,46.468291914639096,0.0078534719332666,398,115.37261904761904,0.0384165843114294,0.280954274193064,-0.558117960033258,0.0688323742693036,13.441693111265876,1.1787552422014889,0.0384165843114294,774a2fa3bbfb3bcf,-1,1.2397798299789429,x_trade_size_surprise_3|signed_sqrt(x_flow_mean_288),1|-0.5,5,-0.30520590291393673,2,0.03586884677331243,0.1340987360450957,False,False,False
BTC_LONG_0bd8fa2249cfb7f7_1d,57304,1d,5.0,99,3,43.10246170419793,0.0173620753010076,22,16.43730067973095,0.1660712965602959,1.2941184453746644,-0.0547280862992203,3.034480242051911,103.06682612387652,0.0333453399317453,177,51.308928571428574,-0.0189512397648724,0.0137073756230786,-0.3678739334560607,-0.0515155819463245,5.56333640759303,3.1214935816498315,-0.0189512397648724,0bd8fa2249cfb7f7,1,0.9505525827407836,tanh(x_flow_std_72)|(x_flow_mean_72*x_close_location),-0.5|1,5,-0.18232593200576047,1,0.07682919479705341,0.25389477645487485,False,False,False
BTC_LONG_7833ce95dee6dc63_1d,582129,1d,5.0,97,3,-28.833971485974875,0.0178005127388391,105,78.45075324417044,0.7617373195076487,1.8493545446622288,-0.1443040123159542,5.278698126839478,84.21592764947353,0.0252270854067,444,128.70714285714286,-0.0471375811749321,0.025024330052897,-0.5736775075129716,-0.0821673859574602,5.652605376220543,1.6406106701940033,-0.0471375811749321,7833ce95dee6dc63,1,1.1268876791000366,m1_flow_std_5|(x_flow_mean_72*x_close_location),-0.5|-1,4,-0.42745930700481016,2,0.025832957509191096,0.10468546827817582,True,False,False
BTC_LONG_08115a49150b44a2_1d,39054,1d,5.0,95,3,-3.968189713896919,0.0608000154959836,106,79.1979032750673,0.0744245175712063,0.3892294761654503,-0.3075903377231896,0.241959868187353,28.23748303496955,0.0143440801037649,502,145.52023809523808,0.2782112588588616,0.9069731472352373,-0.3644155701286691,0.7634450382035813,25.591009213336605,1.8374253872583273,0.0744245175712063,08115a49150b44a2,-1,2.0877394676208496,x_flow_mean_288|signed_sqrt(m1_flow_autocorr_5)|(x_flow_mean_3*x_volume_surprise_curve_12_72)|(x_flow_std_72*x_volume_surprise_3),-1|-0.5|-0.5|-1,6,-0.0385792976842273,3,0.02142191784561314,0.09296255672589736,False,False,False
BTC_LONG_c2e76e566accca2b_1d,944681,1d,5.0,97,3,-33.350792312723414,0.0427131175014966,62,46.3233019156054,0.5117095047507718,1.617350057160636,-0.1837094622323041,2.785428134908508,102.45402771603344,0.0165547618225106,321,93.05178571428571,0.2023195526891386,0.7466734174012606,-0.3094032653017087,0.6539024482881606,29.882782861307557,2.0087468264635606,0.2023195526891386,c2e76e566accca2b,-1,0.9767084121704102,signed_sqrt(x_flow_sign_bias_288)|signed_sqrt(x_volume_surprise_curve_3_12),-0.5|-0.5,5,-0.03902274453870663,3,0.033222172049211844,0.1391761489329413,True,True,False
BTC_LONG_1a18cc95e5440427_1d,126172,1d,5.0,99,3,-6.069053294143751,0.0657191099923214,27,20.173050834215257,0.7618083234798618,1.7455993816382318,-0.1400213029059864,5.4406601543434965,315.51271032566393,0.0323380944933144,111,32.176785714285714,0.1915898500613577,0.9844117943255024,-0.1662109335593981,1.1526910171218676,65.51745578678242,1.5950381515775034,0.1915898500613577,1a18cc95e5440427,1,4.054920673370361,x_flow_return_corr_12|m1_range_mean_240|signed_sqrt(m1_body_mean_60)|(x_flow_return_corr_12*x_jump_concentration_3),-1|1|-1|-0.5,5,-0.0970072464194926,4,0.06468107083645865,0.2297659615661479,True,True,False
BTC_LONG_cbe15b1817b1eb6b_1d,988046,1d,5.0,99,4,152.42006974863023,0.0587796000121144,19,14.195850587040365,0.6753465843406488,2.459637340178108,-0.0466940369944102,14.46322973576894,384.5766734513011,0.0170769257548917,109,31.597023809523808,-0.0152623155225797,0.0186543576603146,-0.2054202747766645,-0.0742979997430784,6.161930556925136,2.2257929256010396,-0.0152623155225797,cbe15b1817b1eb6b,1,1.7572662830352783,signed_sqrt(x_flow_return_corr_curve_72_288)|(x_flow_mean_72*x_wick_asymmetry)|(x_flow_std_72*x_return_sum_288),-0.5|-1|0.5,4,-0.11332255429026389,2,0.09813875294039671,0.39255446064214117,True,False,False
BTC_LONG_c24894295c23d336_1d,941649,1d,5.0,99,4,13.832200475381882,0.0519359429857113,29,21.66735089600898,0.2447242086270975,0.7999109822682073,-0.1968579763589663,1.243151093765427,131.36807058420663,0.0258744729894263,127,36.81488095238095,0.0979106072857654,0.5608272486985019,-0.212129287231098,0.4615610063267669,35.869916519068376,1.6990946945508727,0.0979106072857654,c24894295c23d336,-1,3.342881441116333,m1_range_mean_240|tanh(m1_flow_return_corr_curve_15_60)|signed_sqrt(m1_quote_flow_return_corr_60)|(x_flow_std_72*x_close_location),-1|1|1|1,7,0.00013007198851361368,3,0.09955502422783534,0.33336134368128717,False,False,False
BTC_LONG_13594f82187029b2_1d,93582,1d,5.0,97,4,125.12821385176774,0.1104881780129698,47,35.11605145215248,0.753226423778055,3.020167232567184,-0.0419503848728749,17.95517314228719,170.0308959185051,-0.0076584498224639,276,80.00714285714285,0.0590159444758746,0.3464964114446205,-0.4683875884285183,0.1259980963071168,16.96582212652083,2.278363869188337,0.0590159444758746,13594f82187029b2,1,1.9152458906173704,x_flow_mean_72|signed_sqrt(x_range_position_curve_12_72)|(x_flow_std_72*x_return_sum_288)|(x_flow_std_12*x_volume_surprise_12),1|-0.5|0.5|-0.5,3,-0.08672909460296163,3,0.040501743247820965,0.17958471807199322,True,False,False
BTC_LONG_54482f601a304a7a_1d,407659,1d,5.0,97,2,-539.2958147643939,0.0723826980422084,75,56.0362523172646,0.2915393475456365,1.0871652863770276,-0.1442764862025836,2.0206989733328826,56.89586897550869,0.0387971686733027,281,81.45654761904761,-0.1370963147098294,-0.3713959580630518,-0.7722655931489968,-0.1775248255600826,-8.028244472021575,1.4536401748971193,-0.1370963147098294,54482f601a304a7a,1,1.278477668762207,x_downside_share_288|signed_sqrt(x_flow_sign_bias_288)|(x_flow_mean_72*m1_return_efficiency_5),0.5|0.5|1,2,-0.43704537720526393,2,0.04161218735060522,0.17524668223422618,False,False,False
BTC_LONG_b7b1719b2bdf9edc_1d,890441,1d,5.0,99,1,-6.523352558726603,0.0338835138373166,51,38.10465157573993,0.1518133628623847,0.778633025465167,-0.0955405455964062,1.588994095801932,47.739235936784375,-0.0018983865588747,211,61.164880952380955,-0.1150019400949484,-0.4483739596034785,-0.4651886013738864,-0.2472157308999019,-11.01273221436774,1.6051814784555798,-0.1150019400949484,b7b1719b2bdf9edc,1,1.6790046691894531,x_flow_mean_288|(x_flow_autocorr_3*x_return_efficiency_12)|(x_flow_mean_12*x_close_location),1|-0.5|1,3,-0.2554324058790893,1,0.06849598008278548,0.24084324006541902,False,False,False
BTC_LONG_0b135253fb0e3ac9_1d,53599,1d,5.0,99,3,-34.971932861127144,0.0582687988236217,21,15.690150648834088,0.2259781719852227,0.9024363494040872,-0.1205591562989623,1.874417331063952,155.61377768492238,0.0387082354992615,76,22.03095238095238,0.1222029140309131,0.8317076168581823,-0.1706861260947518,0.7159510665973836,62.54382570009944,1.404126249265138,0.1222029140309131,0b135253fb0e3ac9,-1,2.8099377155303955,x_return_vol_72|signed_sqrt(x_return_autocorr_72)|signed_sqrt(x_return_autocorr_288)|(x_flow_autocorr_72*x_return_efficiency_288),-0.5|-1|-0.5|1,5,-0.11291615956834755,3,0.10310789449016158,0.32208584431215326,False,True,False
BTC_LONG_0947bb4cbd3cd5f1_1d,44866,1d,5.0,99,3,9.970680400914896,0.0428785309539352,43,32.12745132856504,0.32807195557834,1.4861440327451498,-0.103049195888777,3.183644013413111,99.72988040166943,0.0223126977115016,209,60.585119047619045,-0.054542569922218,-0.1905324398989203,-0.3817959256844176,-0.1428579150614129,-1.1322159713099047,1.8857742068619006,-0.054542569922218,0947bb4cbd3cd5f1,1,1.2528340816497805,tanh(x_flow_std_288)|signed_sqrt(x_flow_mean_288)|(x_flow_mean_12*x_volume_surprise_288)|(x_flow_sign_bias_12*x_trade_surprise_288),-0.5|0.5|-1|0.5,3,-0.19610612906171598,3,0.06799615308684104,0.2469595445814736,True,False,False
BTC_LONG_53335187fd9bc378_1d,402384,1d,5.0,95,4,16.54519001368486,0.0621938492902957,154,115.06110475811664,1.3275032991905729,2.1607784420979046,-0.1784183367325348,7.440397234397606,86.31837333648085,-0.0203533342443017,541,156.82559523809525,-0.2687282580366192,-0.7656879312298703,-0.6737685688558623,-0.3988435650730209,-11.35752025207509,1.3629766163620332,-0.2687282580366192,53335187fd9bc378,-1,1.1044058799743652,x_flow_sign_bias_12|signed_sqrt(m1_flow_mean_240),0.5|-1,3,-0.49483538311043607,1,0.0369969863747245,0.11640213370198796,True,False,False
BTC_LONG_5ef7da26c79420fd_1d,459510,1d,5.0,99,4,123.68751063000872,0.0721961434982444,26,19.425900803318395,0.5007036416911375,1.959419631775234,-0.0487696381784216,10.266708148609483,225.62968939842065,0.0203165007861333,108,31.307142857142857,0.1523707470832958,0.8042979516628005,-0.1947107561553749,0.7825492031971119,56.595648384772986,1.6116185897435895,0.1523707470832958,5ef7da26c79420fd,-1,1.4683127403259275,(x_flow_std_12*x_return_sum_288)|(x_flow_autocorr_12*x_close_location)|(x_flow_mean_72*x_jump_concentration_3),-0.5|0.5|-1,4,-0.03546140496407302,3,0.08323202191153992,0.3491636935680395,True,False,False
BTC_LONG_b81f00e30bde9acb_1d,892529,1d,5.0,97,4,41.70968714785376,0.1280102057805769,36,26.897401112287007,0.6414898001360958,1.8706511793664489,-0.0858831203872644,7.469335036308509,204.01136340417827,0.0044985544429648,213,61.74464285714286,0.0046440880912868,0.1424532572011715,-0.4365703655960592,0.010637662235608,10.680325768182657,2.29556166409465,0.0046440880912868,b81f00e30bde9acb,1,2.2427873611450195,m1_range_mean_60|signed_sqrt(x_flow_sign_bias_72),0.5|1,3,-0.13788932078401978,1,0.04832843321636339,0.2001699085546138,True,False,False
BTC_LONG_9f89008f508e4620_1d,772890,1d,5.0,95,4,64.13312806204885,0.0661648170495401,101,75.462153120583,1.6547560839616078,2.355616863122299,-0.1412931903157165,11.711506267670025,147.67203934431006,0.0201371046065342,269,77.97797619047618,0.1975162625910882,0.7287553553851988,-0.4340442911570006,0.4550601554154378,34.443354626188615,1.0333388720816525,0.1975162625910882,9f89008f508e4620,-1,1.9236146211624143,m1_realized_vol_240|tanh(x_downside_share_12)|tanh(m1_vwap_gap_mean_240),-0.5|1|-1,4,-0.2147538120455753,2,0.029167042229524917,0.13909820313606955,True,False,False
BTC_LONG_b0aea27198432854_1d,856543,1d,5.0,99,3,-79.7058977154406,0.1167168998652871,29,21.66735089600898,0.1923711704491975,0.958124103724878,-0.1144576707690786,1.680718899455078,95.20205453448266,0.011690496793763,198,57.39642857142857,-0.0520735818450417,-0.1561804192867076,-0.3710114608269897,-0.1403557230522447,-0.5839033586177069,2.6489822796934863,-0.0520735818450417,b0aea27198432854,1,5.317271709442139,x_return_sign_entropy_288|m1_trade_intensity_15|m1_realized_vol_curve_15_60|(x_flow_sign_bias_72*x_trade_surprise_72),-1|-0.5|-1|-0.5,4,-0.1765818358785432,3,0.07709411135389986,0.22409748686145045,False,False,False
BTC_LONG_569092a8345224fd_1d,418854,1d,5.0,99,2,-86.62158326406878,0.0257221807075796,39,29.13885120497759,0.2186069069479879,1.1511948846891822,-0.0949384752746392,2.3026165768472575,78.6680199772687,-0.0175006633974219,204,59.135714285714286,-0.0538410485756256,-0.1590721032227909,-0.5050651713612693,-0.1066021805275374,-0.6547552640288482,2.029445631528965,-0.0538410485756256,569092a8345224fd,1,1.2373363971710205,m1_flow_mean_240|tanh(m1_flow_surprise_curve_60_240),0.5|1,4,-0.3029631109253374,1,0.08823013057281973,0.25700697205726414,False,False,False
BTC_LONG_8d7be3c37ce6c02f_1d,684978,1d,5.0,95,3,-3.959088311007131,0.0626600171361873,101,75.462153120583,0.3364561425088019,1.1396059846574338,-0.2139510074974298,1.5725849877703606,49.02142623990577,-0.0309481453722675,413,119.72083333333332,0.0530720683857945,0.3206422233277258,-0.4743084816509642,0.1118935680868752,13.7108236797712,1.5865016883632805,0.0530720683857945,8d7be3c37ce6c02f,-1,1.423436164855957,tanh(x_return_autocorr_288)|signed_sqrt(x_flow_mean_curve_72_288),-0.5|-1,4,-0.19293201930420179,2,0.03291619028669671,0.1323601982368433,True,False,False
BTC_LONG_283ec7ca4860ef29_1d,194273,1d,5.0,99,4,127.34172425436952,0.0688557078732137,19,14.195850587040365,0.5282087469066623,2.0861561082962505,-0.0550023240679604,9.60338959957422,318.97855414106857,-0.0135680164912395,64,18.55238095238095,0.1097683820727852,0.7172792569632048,-0.2054717215041488,0.5342262247536037,68.07644493803662,1.3068875893437295,0.1097683820727852,283ec7ca4860ef29,-1,1.0603917837142944,tanh(x_range_position_288)|(x_flow_std_72*x_return_sum_288),-1|-0.5,4,-0.12181291932734056,3,0.14450770911590916,0.4806731742226537,True,False,False
BTC_LONG_053b771f92828b09_1d,25158,1d,5.0,95,4,40.21924290517875,0.1041258613934473,80,59.772002471748905,0.8441607763121484,1.8242320718601073,-0.2092960040897102,4.033334415454568,118.8646934106774,0.0133259610128601,264,76.52857142857142,-0.0940769295041487,-0.2323310071652779,-0.4754198890687571,-0.1978817707614729,-3.163215610428589,1.2803414351851852,-0.0940769295041487,053b771f92828b09,1,2.0106589794158936,tanh(x_return_sign_bias_72)|signed_sqrt(x_flow_mean_72)|signed_sqrt(x_return_sign_entropy_288)|signed_sqrt(m1_return_sum_240),-1|1|-0.5|-0.5,3,-0.12519797953684741,2,0.04368942399377564,0.1690788987076218,True,False,False
BTC_LONG_149214ecb27245d8_1d,99534,1d,5.0,95,4,44.931800374818366,0.0816819803541916,120,89.65800370762337,1.1773387628221026,2.3447315268935163,-0.1337828075602948,8.800374160868808,98.85288753832812,-0.0033965828741962,531,153.9267857142857,-0.0231576619198657,0.1079100110984528,-0.3987929429570129,-0.0580693874574456,7.458429200847993,1.7168214699074071,-0.0231576619198657,149214ecb27245d8,-1,1.282556653022766,tanh(m1_flow_autocorr_15)|tanh(m1_flow_mean_240)|(x_flow_std_72*x_volume_surprise_72),-0.5|-1|-0.5,3,-0.17445850403897128,2,0.028045203939100916,0.10371576661903718,True,False,False
BTC_LONG_8c488ff07c84625c_1d,679219,1d,5.0,95,4,69.04140690777938,0.0346493376513472,113,84.42795349134533,1.4500814371549051,2.8056904319217333,-0.1826993238079346,7.936983054624355,117.89528595443724,-0.0326568320155248,427,123.77916666666668,-0.2118889516803723,-0.6439171513859863,-0.7371241668533375,-0.2874535406767243,-10.59778120434639,1.4660922306893915,-0.2118889516803723,8c488ff07c84625c,1,1.7009100914001465,tanh(x_volume_surprise_curve_72_288)|signed_sqrt(x_flow_mean_72),1|1,2,-0.4834230538152154,1,0.02949065621436942,0.12740659099282958,True,False,False
BTC_LONG_6eceee78a3b0f50d_1d,536462,1d,5.0,99,2,-0.2667770888389875,0.0419051312044934,44,32.8746013594619,0.1083610865653135,0.5915660724676489,-0.1965704022599008,0.5512584057392373,42.94694392716683,-0.0037599887266214,209,60.585119047619045,0.0925619342382317,0.5431060543843103,-0.2578879326378438,0.3589230922573566,22.838621548977223,1.8429157021604936,0.0925619342382317,6eceee78a3b0f50d,1,0.9130834341049194,x_flow_mean_12|(x_flow_sign_bias_72*x_trade_surprise_12),0.5|-0.5,5,-0.17259182843241783,3,0.062047912049665054,0.20822304738648964,False,False,False
BTC_LONG_affda81906065bd1_1d,853170,1d,5.0,99,3,-52.72306147400645,0.0361235608314999,31,23.1616509578027,0.3181046501494011,0.988070771280435,-0.3491139777223604,0.9111770666552342,147.7248905104326,0.0131057038588014,51,14.783928571428572,0.0303297732919523,0.2804139342466398,-0.1325462096409926,0.228824146492773,31.872987265667323,0.6382933841099164,0.0303297732919523,affda81906065bd1,-1,3.358858108520508,x_return_vol_288|signed_sqrt(x_flow_mean_curve_3_12)|(x_flow_std_72*x_return_sum_288)|(x_flow_std_72*x_return_efficiency_288),1|1|-1|0.5,5,-0.059637546119158835,2,0.16422031992415456,0.6140140063652931,False,False,False
BTC_LONG_5244410a719c78fe_1d,397816,1d,5.0,95,3,-29.007961590095665,0.0210308104226935,31,23.1616509578027,0.1381250862969225,0.6996881186757591,-0.1310336648686514,1.0541190802789466,71.40451611117248,0.0686297909828559,156,45.22142857142857,0.1696556293193856,0.755147978503073,-0.2916423446925184,0.5817249532068306,46.382915946829776,1.9524268219832734,0.1381250862969225,5244410a719c78fe,-1,1.6409791707992554,tanh(m1_realized_vol_240)|signed_sqrt(x_time_cos_week),-1|-1,6,-0.02038128347977486,4,0.0735871814511146,0.24983267497647796,False,False,False
BTC_LONG_80ff23b2edbc57f7_1d,624381,1d,5.0,97,3,-46.33148960639837,0.0118136546860108,58,43.33470179201796,0.3248854034493449,1.264184222057464,-0.1669169613960576,1.9463893946551216,76.85883281002988,0.0060180445696244,261,75.65892857142858,0.0215822166344141,0.2086791577997785,-0.3405682754671201,0.0633711892418993,11.987223008187089,1.7459201388888888,0.0215822166344141,80ff23b2edbc57f7,-1,1.2821316719055176,tanh(x_flow_sign_bias_288)|signed_sqrt(m1_flow_return_corr_15),-1|0.5,4,-0.2275495238535143,2,0.04162940569704384,0.18053485735828584,True,False,False
BTC_LONG_9cb93fe65fd3d96b_1d,759067,1d,5.0,97,4,99.41938162334932,0.111605357587328,48,35.863201483049345,1.044080370570442,2.156033778221004,-0.1368563627726983,7.629023228569445,221.73785101671328,-0.0052804672648024,251,72.76011904761904,-0.0226625166315143,0.0527750339700571,-0.3817879448095493,-0.0593589109860953,6.962827722505957,2.028823865097736,-0.0226625166315143,9cb93fe65fd3d96b,1,2.4380271434783936,x_flow_std_72|m1_range_mean_240|tanh(x_trade_size_surprise_288),1|1|1,4,-0.3494965185043757,2,0.050633984844677495,0.20144533892125452,True,False,False
BTC_LONG_7253f5dc949683e8_1d,553412,1d,5.0,99,3,-113.03468944955466,0.0728049553931104,26,19.425900803318395,0.6348740116337204,2.057049209020171,-0.0554841949189682,11.442429912895378,273.6460957737756,0.0228025424990029,83,24.060119047619047,0.0985839835551491,0.5909343130998205,-0.1580038876387687,0.62393391092081,51.248778819165864,1.2385587310066475,0.0985839835551491,7253f5dc949683e8,-1,1.8392953872680664,signed_sqrt(x_return_efficiency_3)|(x_flow_std_72*x_return_sum_288)|(x_flow_sign_bias_72*x_volume_surprise_288),-0.5|-0.5|-1,4,-0.13148609622868723,2,0.12229864661458965,0.4164489573161385,True,False,False
BTC_LONG_bef4a833e03f7a1e_1d,925594,1d,5.0,99,4,31.869612713694817,0.0431573351710163,18,13.448700556143503,0.4864424994922356,1.4663006931016795,-0.135446147975881,3.591408886569861,331.18450148184013,0.0429637566219071,49,14.204166666666666,0.1460394097717874,0.8858914258937519,-0.1865502479580102,0.782842217420471,111.22719776809508,1.0561739111796982,0.1460394097717874,bef4a833e03f7a1e,1,2.223071336746216,m1_flow_surprise_60|m1_range_mean_240|tanh(x_return_skew_288)|tanh(x_vwap_pressure_288),0.5|0.5|1|-1,6,-0.028104072050672946,4,0.08415582729209604,0.3715102168420068,True,True,False
BTC_LONG_b4619b7a0e5b33e1_1d,874304,1d,5.0,95,3,-38.77001090178805,0.0983381794502596,180,134.48700556143504,0.7892081903926429,1.4127924260607767,-0.4729034222657117,1.668857008078931,57.364722604322,-0.0026305724547938,470,136.24404761904762,-0.1833635198353703,-0.4073225875369285,-0.6630643521128232,-0.2765395534401618,-5.4071916034042165,1.0130647719478738,-0.1833635198353703,b4619b7a0e5b33e1,-1,1.6190781593322754,tanh(x_avg_trade_size_log)|tanh(x_return_sign_entropy_288)|signed_sqrt(x_return_vol_3),1|0.5|-0.5,2,-0.448629086103847,1,0.03160076698162037,0.1203714764921496,False,False,False
BTC_LONG_26b9aae3bc04b3bb_1d,187054,1d,5.0,99,4,66.95900175159515,0.0521933203992174,24,17.931600741524672,0.3107118657310186,2.135140918230892,-0.0277184388027555,11.209573091112532,160.54941934343609,0.0329040177423349,185,53.62797619047619,0.0982956768792182,0.6000865613962615,-0.2479202691814223,0.3964810025568654,25.56683493112266,2.9906965342078187,0.0982956768792182,26b9aae3bc04b3bb,-1,1.7301597595214844,m1_flow_mean_240|tanh(x_flow_autocorr_288)|signed_sqrt(x_trade_surprise_72),-0.5|-1|0.5,5,-0.050513991813072756,3,0.06253069896643132,0.260650886113763,True,False,False
BTC_LONG_83b8330cae380ff5_1d,637395,1d,5.0,99,4,115.60219313614434,0.067916956066419,56,41.84040173022424,0.9477188275511904,2.144153152950495,-0.1102079959938231,8.599365399987015,176.97473462171504,-0.0058612831114462,228,66.09285714285714,0.0296733826459218,0.2441913344945427,-0.3283566546973795,0.0903693658143445,12.682646261911072,1.5796420304232803,0.0296733826459218,83b8330cae380ff5,1,2.300098180770874,x_avg_trade_size_log|tanh(m1_flow_std_15)|tanh(m1_flow_autocorr_60)|(x_flow_std_12*x_trade_surprise_3),-1|-1|1|-0.5,3,-0.14623054028971816,2,0.04523056287566646,0.17480708404778325,True,False,False
BTC_LONG_36250ad2d59d3ba3_1d,261548,1d,5.0,97,1,-97.08610713870368,0.0669493811743157,67,50.059052070089706,0.0082112163224103,0.1863671678672617,-0.3648093867504764,0.0225082375087753,16.74171563951738,0.0348653379605636,148,42.90238095238095,0.1483339491759723,0.6508954236126872,-0.3199445476865459,0.4636239318611459,45.81332624503756,0.8570354247282108,0.0082112163224103,36250ad2d59d3ba3,1,2.713531970977783,tanh(x_return_sign_entropy_12)|(x_flow_std_12*x_return_sum_288)|(x_flow_mean_72*m1_vwap_gap_mean_15),-0.5|1|1,3,-0.13230982963858962,3,0.049227964272167156,0.21286532381411108,False,False,False
BTC_LONG_7aca9eb9707402f3_1d,594694,1d,5.0,99,3,-18.303351827803468,0.0556519170068655,21,15.690150648834088,0.549036416391619,1.936146884363923,-0.0387062301158132,14.184703980440435,300.838972843592,-0.0047858810584647,138,40.003571428571426,-0.1035887894597459,-0.4575890202208486,-0.4524347768327498,-0.2289585035547328,-17.457808781491437,2.5495976631393296,-0.1035887894597459,7aca9eb9707402f3,-1,1.9374303817749023,signed_sqrt(x_price_volume_corr_288)|signed_sqrt(m1_jump_concentration_5)|(x_flow_std_72*x_return_sum_288)|(x_flow_sign_bias_72*x_return_efficiency_3),-1|0.5|-0.5|1,3,-0.3333826442628076,1,0.07242392771888954,0.2758426409539742,True,False,False
BTC_LONG_ac6cf6c48d0f4004_1d,835812,1d,5.0,95,3,-58.78282705546637,0.1000693795920285,99,73.96785305878927,0.1121129222493568,0.4800511024396581,-0.3492235723270179,0.3210348073078318,27.599197586571787,0.0288625983824958,426,123.48928571428571,0.2104062837546445,0.7327473317743167,-0.5091965058626953,0.413212347948398,25.186755464308355,1.6694993920688364,0.1121129222493568,ac6cf6c48d0f4004,-1,2.3375322818756104,x_flow_sign_bias_3|x_flow_sign_bias_72|tanh(x_return_sum_288),-0.5|-1|1,5,-0.1805777593750661,3,0.0266368848031448,0.1058214551551544,False,False,False
BTC_LONG_8d4a1327987b861e_1d,684076,1d,5.0,99,4,100.85344453323012,0.0606224237147272,36,26.897401112287007,0.9434843746049986,1.8991121414371692,-0.1645055900693323,5.735272425741636,278.20644262104304,0.0192247246688297,101,29.27797619047619,0.1035615562939824,0.6109847277988222,-0.2087706738790369,0.4960541361953293,44.85461571568063,1.0885057656035664,0.1035615562939824,8d4a1327987b861e,-1,1.3931430578231812,m1_range_mean_240|tanh(x_return_efficiency_curve_3_12)|signed_sqrt(m1_volume_concentration_60),-0.5|0.5|-0.5,4,-0.08840957047977388,2,0.09315910547755335,0.3559406622300522,True,False,False
BTC_LONG_a2a3ae325bca3b40_1d,787943,1d,5.0,99,4,80.8429093140332,0.070727780639452,44,32.8746013594619,0.5606134485815562,1.5864519917702182,-0.0839116325050312,6.680997995694372,153.84667130034902,-0.0163881965907399,209,60.585119047619045,-0.1010032950899424,-0.3695634704621631,-0.5150016507218178,-0.196122274459466,-8.50207087193252,1.8429157021604936,-0.1010032950899424,a2a3ae325bca3b40,1,1.8266923427581787,x_return_sign_entropy_3|tanh(m1_flow_mean_5)|signed_sqrt(x_avg_trade_size_log),-1|0.5|-1,2,-0.11367462084636193,1,0.05908235393866498,0.2439257679335134,True,False,False
BTC_LONG_7c2438a06da7a523_1d,601098,1d,5.0,99,4,145.48662183158334,0.0668017596563117,27,20.173050834215257,0.6313259901482839,1.617990032949627,-0.1380800627361501,4.572173401707176,274.2188351716419,0.039690165595619,34,9.85595238095238,0.0761153195425268,0.5188661532193518,-0.2296553239740221,0.3314328543549756,93.8694323930105,0.4885702446273433,0.0761153195425268,7c2438a06da7a523,-1,0.9216418862342834,tanh(m1_downside_share_240)|signed_sqrt(m1_body_mean_240),1|1,6,-0.14517448082998258,3,0.1444142720303261,0.4742941542720927,True,False,False
BTC_LONG_2c4c37c3a3212b77_1d,213926,1d,5.0,95,2,-111.16563522301745,0.0194554614574363,145,108.33675448004487,0.3837609591986934,1.063692701213763,-0.2361003778362642,1.6254144221015687,41.09548514769933,-0.0051667356596587,506,146.6797619047619,-0.150672291414798,-0.247600686394224,-0.6324020270302946,-0.2382539665825267,-1.3201165707308913,1.3539242762877821,-0.150672291414798,2c4c37c3a3212b77,1,1.1421451568603516,tanh(x_flow_mean_288)|tanh(x_volume_surprise_288)|(x_flow_autocorr_3*x_return_efficiency_3),1|0.5|-0.5,3,-0.26675059140276813,1,0.02724695030063392,0.10270052134162933,False,False,False
BTC_LONG_382c404ccaf8baa6_1d,271368,1d,5.0,99,3,-62.48834481594745,0.0730491812337641,30,22.41450092690584,0.4778920594109395,1.4113649765387717,-0.1728287871159449,2.765118400618862,200.16159428505753,0.0258535230098053,58,16.813095238095237,0.1895050278776848,0.9775055840854964,-0.1271697450166947,1.4901738448308344,119.28965549005062,0.7500990226337447,0.1895050278776848,382c404ccaf8baa6,1,1.848745822906494,x_range_position_3|m1_range_mean_60|signed_sqrt(x_flow_return_corr_curve_72_288),-1|0.5|0.5,6,-0.038194315041636506,4,0.12797159097678124,0.4682228129749957,True,False,False
BTC_LONG_40c1a4500df7481d_1d,313213,1d,5.0,95,3,-39.972950326129855,0.0172867151917715,181,135.2341555923319,0.4859369641307762,1.069422066219391,-0.3893531907227157,1.2480621084131407,42.66782930580441,-0.0027321376861394,555,160.88392857142856,-0.1450241852270977,-0.3550271846381978,-0.5887798499794287,-0.2463130917815287,-1.7864817853145294,1.189669339574381,-0.1450241852270977,40c1a4500df7481d,1,2.0601937770843506,x_flow_mean_3|(x_flow_std_3*x_return_efficiency_3),1|-1,2,-0.22176588910438416,1,0.02916075503880491,0.11261529409236347,False,False,False
BTC_LONG_21bbccc16a8e257f_1d,163088,1d,5.0,95,3,-48.08065862712652,0.0046205994703045,126,94.14090389300452,0.5166273335699332,1.3677812315248667,-0.3645088153180913,1.417324662283118,55.579446283316614,-0.0071290524054608,503,145.81011904761905,0.231087983093905,0.7634214478789088,-0.2666867733455607,0.8665146013614692,23.38986077963277,1.5488497881148346,0.231087983093905,21bbccc16a8e257f,-1,1.832985520362854,x_flow_sign_bias_288|tanh(x_flow_mean_288)|signed_sqrt(m1_return_efficiency_curve_15_60),-0.5|-0.5|-1,6,-0.11382961430946775,4,0.029208476639200724,0.11911011698413149,False,True,False
BTC_LONG_aaf7367a70949a76_1d,828557,1d,5.0,95,4,141.5748959179343,0.0554241658482884,32,23.90880098869956,0.5595708841070421,1.768502048043175,-0.0927053602237432,6.036014344332679,205.556346457702,0.0010743203730487,96,27.82857142857143,0.0411706382351377,0.2930087757573965,-0.4149153460437839,0.0992265979740196,28.957367487945444,1.1639467592592594,0.0411706382351377,aaf7367a70949a76,1,2.907956123352051,x_return_sign_entropy_288|m1_range_mean_240|signed_sqrt(x_return_skew_288),-0.5|0.5|0.5,4,-0.11474554668192127,2,0.0667099297801581,0.2845849192152472,True,False,False
BTC_LONG_4cbb6f9418007a9b_1d,371130,1d,5.0,97,4,72.3907694798905,0.1030723284226424,40,29.886001235874453,0.4456106370885979,1.5655613921938094,-0.1131440116668769,3.938437664739893,139.0883586995427,0.0508046844242142,73,21.161309523809525,0.2572632970821815,1.2739754981436464,-0.1758933397588449,1.4626096555725037,121.8858711477704,0.708067611882716,0.2572632970821815,4cbb6f9418007a9b,-1,1.5033451318740845,m1_realized_vol_240|signed_sqrt(x_vwap_pressure_72),-0.5|0.5,7,0.02553199825875596,4,0.07255475375295939,0.3149454626096928,True,True,True
BTC_LONG_4422cd310e1a1223_1d,329491,1d,5.0,99,3,-31.71484893134307,0.0584793509389483,31,23.1616509578027,0.6146908572682066,1.8224738124524549,-0.1151440618544854,5.33845034965875,228.9888882149686,0.0127133553105454,110,31.886904761904763,0.041336474154543,0.3028721796584835,-0.2712897786430274,0.1523701864526749,23.81595022232492,1.3767112206292316,0.041336474154543,4422cd310e1a1223,1,3.1160457134246826,x_return_vol_288|signed_sqrt(x_trade_surprise_288)|(x_flow_autocorr_72*x_trade_surprise_3),1|1|-1,2,-0.10250281187475774,2,0.07591694444090369,0.2986258042054744,True,False,False
BTC_LONG_08388dc6560039e1_1d,39777,1d,5.0,99,3,-42.0912988503079,0.0552238892331944,32,23.90880098869956,0.3635472861985569,1.5842955352007202,-0.0796103958393974,4.56658056231703,143.41985182944995,-0.0016107396217622,131,37.97440476190476,-0.0553552656338998,-0.245694430851092,-0.2574695770741124,-0.2149973067224398,-6.086814951713346,1.5883023485725307,-0.0553552656338998,08388dc6560039e1,1,1.5709915161132812,m1_jump_concentration_5|(x_flow_std_12*x_return_sum_288)|(x_flow_mean_72*x_volume_surprise_curve_12_72),0.5|0.5|-1,4,-0.13910399038300475,1,0.07094685089448219,0.2870044980687065,True,False,False
BTC_LONG_9ea03f20740d3b66_1d,768362,1d,5.0,97,4,5.946303519156075,0.0663076355596397,78,58.27770240995518,0.535616604170092,1.465242628240521,-0.1970898370658378,2.717626703355432,87.82693187375924,-0.021294456448827,261,75.65892857142858,-0.1096769459822694,-0.2288312340512935,-0.6236663906181952,-0.1758583557365575,-4.197170387288445,1.2982483084045584,-0.1096769459822694,9ea03f20740d3b66,-1,1.599381923675537,tanh(x_return_sign_entropy_288)|tanh(x_flow_sign_bias_curve_12_72)|(x_flow_mean_72*x_volume_surprise_3)|(x_flow_std_72*x_volume_surprise_72),1|0.5|1|-0.5,2,-0.20758371073543286,1,0.053126617734384936,0.181590280156932,True,False,False
BTC_LONG_1c0ba68158fdf953_1d,135519,1d,5.0,95,4,17.568902437061247,0.0311494701948588,101,75.462153120583,0.4292032712926534,1.3779731711981809,-0.2265001249522193,1.894936134729262,57.8511891975608,0.0448395448941749,324,93.92142857142856,-0.0232433716615125,0.0533092330054853,-0.4793145238500195,-0.048492942535548,6.583733097545095,1.2446163366336631,-0.0232433716615125,1c0ba68158fdf953,-1,1.41862690448761,tanh(x_price_volume_corr_72)|tanh(x_flow_sign_bias_288),1|-1,3,-0.30601791853002563,2,0.04355601110588673,0.17981431162279846,True,False,False
BTC_LONG_77cbefbe1d778166_1d,580268,1d,5.0,99,4,111.79966756373912,0.0773407261377797,15,11.20725046345292,0.3271473053063496,1.323402823195188,-0.1059250040402467,3.08848046096886,279.854720245751,0.0316775752202277,114,33.04642857142857,-0.0748001331824003,-0.4723494312797867,-0.2611634009145088,-0.2864112387894885,-15.453835916242628,2.9486651234567898,-0.0748001331824003,77cbefbe1d778166,1,2.3274154663085938,m1_realized_vol_240|(x_flow_std_72*x_volume_surprise_288),0.5|1,4,-0.13130870161835295,0,0.17025551180222326,0.4370201277064662,True,False,False
BTC_LONG_602ab8f4e1838d89_1d,465424,1d,5.0,97,4,35.03726895952579,0.096578392942055,71,53.04765219367715,0.7822116637369221,1.7291435875288013,-0.1744865133476164,4.48293480527392,126.14619361402616,-0.0267304590532436,346,100.29880952380952,-0.1193769934468681,-0.2677674055826906,-0.6101371562884855,-0.1956559967156372,-3.072058242069681,1.8907304164493133,-0.1193769934468681,602ab8f4e1838d89,1,1.6645268201828003,tanh(m1_trade_intensity_15)|signed_sqrt(x_avg_trade_size_log)|signed_sqrt(m1_trade_size_surprise_curve_5_15),0.5|-1|-0.5,3,-0.349220876388551,2,0.0362577792993126,0.16354284239528227,True,False,False
BTC_LONG_19ec377e06899c5b_1d,125346,1d,5.0,99,4,14.597613353363458,0.1240813596825841,20,14.943000617937226,0.2869384475609209,1.4811167223994246,-0.0652136410778446,4.399975876495016,184.2601315597724,-0.0222215905227288,89,25.79940476190476,0.0910614687348372,0.6753908495871764,-0.3102901172615073,0.2934720239835809,42.77780853417822,1.7265210262345678,0.0910614687348372,19ec377e06899c5b,-1,1.488811492919922,x_flow_mean_72|m1_realized_vol_60|tanh(x_flow_std_72),-0.5|-0.5|-1,3,-0.11714477148324831,2,0.0762244497977628,0.324686125883797,True,False,False
BTC_LONG_56b36a5dd589fb04_1d,419467,1d,5.0,97,4,26.791674053668057,0.0582218013715064,74,55.289102286367736,0.8390305744729614,2.106537684529894,-0.1966161903315159,4.267352414154024,123.74072768774546,-0.0264840919576474,275,79.7172619047619,-0.1037559254289925,-0.2625317850636247,-0.4972922035827463,-0.2086417697311199,-4.035636724607659,1.4418259405238572,-0.1037559254289925,56b36a5dd589fb04,-1,2.651740074157715,x_price_volume_corr_288|signed_sqrt(x_flow_sign_bias_curve_72_288)|signed_sqrt(m1_return_efficiency_15)|(x_flow_std_12*x_return_sum_288),-1|-0.5|-1|-1,3,-0.4666098664251081,2,0.04812593476472402,0.1666532412025382,True,False,False
BTC_LONG_72f7803a76a0aefd_1d,556511,1d,5.0,97,3,-31.11771216255978,0.0750228881257431,71,53.04765219367715,0.1763771961941567,0.6373093296643662,-0.2764242897952093,0.6380669235862988,47.64684796766669,0.0063668391665543,254,73.6297619047619,-0.0958534063326397,-0.2358678268054848,-0.4582243053152877,-0.2091844653824865,-3.681292618931376,1.387992849069727,-0.0958534063326397,72f7803a76a0aefd,-1,1.9280004501342771,m1_realized_vol_240|tanh(x_return_skew_72)|(x_flow_mean_12*m1_vwap_gap_mean_15),-0.5|-1|-0.5,4,-0.22163147040288617,1,0.040933127760307116,0.1648922814637423,False,False,False
BTC_LONG_547ecacae70e9a39_1d,408701,1d,5.0,97,4,14.011851153206688,0.0564505030131818,96,71.72640296609869,0.4928068411253705,1.5771102686844398,-0.2258725759226019,2.1817913888503093,66.1937444932026,0.0130767236745575,449,130.1565476190476,0.1423964629594341,0.5726782575957118,-0.5974990121659536,0.2383208341102393,19.106592399006622,1.8146253295396084,0.1423964629594341,547ecacae70e9a39,-1,2.289290189743042,m1_flow_mean_60|tanh(x_jump_concentration_3)|signed_sqrt(x_flow_sign_bias_288)|(x_flow_mean_72*m1_return_efficiency_5),-1|0.5|-0.5|-1,5,-0.29449462078008887,2,0.029640971106199315,0.12621686902267146,True,False,False
BTC_LONG_cbc274616bb282a3_1d,987460,1d,5.0,95,4,16.78546274214979,0.0927811136736983,85,63.50775262623321,1.3903410723472032,2.283476412848437,-0.18023013508518,7.714254176695271,155.63527576196597,-0.0055362655531697,309,89.57321428571429,0.0719667592787898,0.3909854675914366,-0.4095495268807293,0.1757217492763659,16.816711449549523,1.4104296023965142,0.0719667592787898,cbc274616bb282a3,1,1.7199292182922363,m1_vwap_gap_mean_240|tanh(x_flow_mean_curve_72_288)|(x_flow_std_72*x_volume_surprise_12),0.5|1|0.5,4,-0.2417497769931053,3,0.03446720236542172,0.15137000179451018,True,False,False
BTC_LONG_4ae1e048fd8ff880_1d,362305,1d,5.0,99,3,-156.11539180160173,0.0969667779854903,25,18.678750772421537,0.3774269710257032,1.5696599421979645,-0.1441930071471422,2.6175123086278145,188.47450471854515,0.0315845604834697,187,54.20773809523809,0.0132451976856178,0.1730810276239483,-0.2746721492105693,0.0482218445651866,12.170770930443302,2.902107253086419,0.0132451976856178,4ae1e048fd8ff880,1,1.7918885946273804,m1_volume_surprise_15|m1_flow_mean_240|signed_sqrt(x_return_sum_72),-0.5|1|-0.5,3,-0.07806262391323471,2,0.05240943527494836,0.1874952345654302,True,False,False
BTC_LONG_394cd095e09a5ac6_1d,276960,1d,5.0,95,2,-62.30577644789295,0.0534477254838192,123,91.89945380031394,0.2138375462938508,0.6957807922228377,-0.4477536928700533,0.47757852073352,33.894109999795454,-0.0118793551497565,543,157.40535714285713,-0.2193919790965037,-0.5004627370954432,-0.7095369064444699,-0.3092044643539256,-6.561763738575757,1.7127997026498043,-0.2193919790965037,394cd095e09a5ac6,-1,0.8809643387794495,x_flow_mean_72|tanh(m1_flow_autocorr_5),-0.5|0.5,2,-0.298840006067521,1,0.027242003405467206,0.11407677913875755,False,False,False
BTC_LONG_0cf38a65c9e4da34_1d,62656,1d,5.0,95,4,44.24484709325762,0.0321080161192838,71,53.04765219367715,0.8827335920528874,2.002299263179645,-0.1615338285496961,5.4646980138981425,135.26900148019067,-0.0213853334210966,296,85.8047619047619,0.1297325627035743,0.553105776829163,-0.314168698239035,0.4129391738602406,24.53462192013644,1.6175034776560597,0.1297325627035743,0cf38a65c9e4da34,1,2.037348508834839,signed_sqrt(x_return_sum_72)|(x_flow_std_72*x_return_sum_72),1|1,6,-8.989699678085827e-05,3,0.029971046941708584,0.12394827573307675,True,True,False
BTC_LONG_761e16bbbee63ae1_1d,572022,1d,5.0,99,3,59.62784107758205,0.0373573407613889,41,30.63315126677131,0.6225553527199883,2.21821260342797,-0.090218795497559,6.900506144939964,171.30220782997657,0.0025028676456272,116,33.62619047619047,0.2239279228160122,1.108817753714605,-0.1517031367765281,1.476092898104523,70.78672390754282,1.09770588678109,0.2239279228160122,761e16bbbee63ae1,1,0.8532038331031799,tanh(x_flow_autocorr_3)|signed_sqrt(x_flow_mean_288),0.5|0.5,6,-0.019326307237145013,4,0.09170857624797604,0.30906320408247123,True,True,True
BTC_LONG_1b3b64b608c2a16d_1d,131630,1d,5.0,99,3,-122.66856349776867,0.0618751415773818,27,20.173050834215257,0.1240572520126854,0.5412446152065117,-0.1527142980843862,0.8123486377427113,83.72031169420688,0.0125486478094129,158,45.80119047619048,-0.0686214500781532,-0.2491488119463519,-0.4110127360595769,-0.1669569919804296,-6.025288911123065,2.2704146662094193,-0.0686214500781532,1b3b64b608c2a16d,-1,1.3534507751464844,signed_sqrt(x_avg_trade_size_log)|signed_sqrt(x_flow_std_288)|(x_flow_mean_72*x_return_sum_3),0.5|0.5|-0.5,2,-0.13484425146141937,2,0.07033304273526741,0.25804575254330153,False,False,False
BTC_LONG_1e07d38860e4d722_1d,145250,1d,5.0,99,3,47.78420817806337,0.0219876037267936,47,35.11605145215248,0.2170814461274333,0.9212213241434932,-0.1250217197150316,1.7363498648253928,69.21453357395123,-0.0019291950685352,197,57.10654761904762,0.1159159289701652,0.6748549852303637,-0.2515188712953449,0.4608637450271136,27.270129683196043,1.6262234863409508,0.1159159289701652,1e07d38860e4d722,-1,1.035503625869751,(x_flow_mean_12*x_volume_surprise_curve_3_12)|(x_flow_mean_72*x_volume_surprise_3),-0.5|1,4,-0.07563808989561738,2,0.04788839501042296,0.21716752221302454,False,False,False
BTC_LONG_ac861e14bae89319_1d,836282,1d,5.0,99,4,11.587301587300818,0.0907351556491959,17,12.701550525246642,0.3499102488412917,1.685261822210176,-0.062913478065717,5.561769267879116,254.34733770484965,0.0356566722448423,52,15.073809523809524,0.1514491911639262,1.0306592590498491,-0.1414160391500654,1.0709477657142836,105.57764464811092,1.1867692447349312,0.1514491911639262,ac861e14bae89319,-1,3.754702568054199,signed_sqrt(x_return_sign_bias_curve_12_72)|(x_flow_std_12*x_return_sum_288)|(x_flow_return_corr_72*x_jump_concentration_72),0.5|-1|1,6,-0.031030000127397206,3,0.12006817519333803,0.39434095071661485,True,True,False
BTC_LONG_5115271e12cdc605_1d,391993,1d,5.0,99,4,123.33294272092768,0.049717021579329,19,14.195850587040365,0.254694030565598,1.6405591781613074,-0.0386138491001115,6.5959244287009495,171.9475288698519,0.0195644478186569,95,27.53869047619047,0.1034684673676658,0.6228212003675716,-0.1694774331085065,0.6105147185078086,46.72483256376818,1.9399112654320985,0.1034684673676658,5115271e12cdc605,-1,0.8688804507255554,tanh(x_range_surprise_3)|signed_sqrt(x_flow_sign_bias_288),0.5|-0.5,2,-0.12956456511708925,2,0.09123607166228744,0.4244731727865181,True,False,False
BTC_LONG_50cd912235649ce8_1d,390671,1d,5.0,97,3,41.88697710476035,0.0754464050664631,67,50.059052070089706,0.5430991773927138,1.6576402358863007,-0.1386143830240769,3.918057892292311,99.62068979534206,-0.0041909684280079,343,99.42916666666666,0.1447134086164219,0.6051113895405101,-0.4442749885527363,0.3257293620958456,22.847191045947653,1.9862375046065965,0.1447134086164219,50cd912235649ce8,1,1.078205108642578,x_flow_mean_72|(x_flow_sign_bias_72*x_return_efficiency_12)|(x_flow_std_72*x_volume_surprise_12),0.5|-0.5|0.5,6,-0.11890942959283218,3,0.038143259080115725,0.16696078463241776,True,True,False
BTC_LONG_284dc736c2c20ae0_1d,194563,1d,5.0,97,4,30.42891657954177,0.0277126596043944,101,75.462153120583,0.4113407294618818,1.204543376001808,-0.2397301987849402,1.7158486145956595,57.77677485582563,-0.0006489471291741,420,121.75,-0.0369744992656709,0.0479433837042331,-0.4748036058613447,-0.0778732486637191,6.290579995414626,1.613391547488082,-0.0369744992656709,284dc736c2c20ae0,1,1.2288150787353516,x_flow_mean_288|tanh(m1_return_autocorr_15),0.5|-1,5,-0.3445093845125609,2,0.02662980632364205,0.11758148994419168,True,False,False
BTC_LONG_1ca1726a50d180f7_1d,138405,1d,5.0,99,4,7.63339262416581,0.0454035869554921,34,25.403101050493284,0.3957207021366704,1.1853640182548666,-0.2115990975353157,1.8701436194482115,156.21565981363787,0.0297862448921817,98,28.40833333333333,0.072042492314434,0.4381408463092154,-0.155398493737584,0.4635983952076759,36.833271668314254,1.1183017883079158,0.072042492314434,1ca1726a50d180f7,-1,3.0640859603881836,m1_range_mean_240|m1_return_efficiency_curve_15_60|tanh(x_price_volume_corr_288)|signed_sqrt(x_time_cos_week),-1|-1|-0.5|-0.5,5,-0.06401413224340285,2,0.09569247924610369,0.34027887445817784,True,False,False
BTC_LONG_813d4bfec6cff25e_1d,625562,1d,5.0,95,3,-39.79952177494475,0.0521015008850747,97,72.47355299699555,0.3938454719040558,1.065649755331972,-0.2213659007378289,1.7791605237813943,60.63749761997717,0.0214203633771486,391,113.3434523809524,-0.1161769630988992,-0.1726048518620469,-0.6776756276626206,-0.1714344715326514,-0.3770736675412813,1.5639284634720634,-0.1161769630988992,813d4bfec6cff25e,-1,3.208775520324707,x_flow_std_288|m1_range_mean_240|signed_sqrt(x_trade_size_surprise_288)|signed_sqrt(m1_vwap_gap),-1|-1|0.5|1,2,-0.33478882923821834,1,0.03209473403495347,0.1299484598760182,True,False,False
BTC_LONG_ac6867f81c702dfd_1d,835705,1d,5.0,99,4,103.3694485209211,0.0795700139111742,22,16.43730067973095,0.7885302373020506,2.3482332669957637,-0.0290831784113618,27.11293195498869,378.0092328680876,0.005272180507912,103,29.857738095238098,0.2205566740705813,1.031705965629475,-0.1733740556476874,1.2721434775614489,79.52999399022211,1.8164623667227835,0.2205566740705813,ac6867f81c702dfd,1,1.9046589136123655,x_return_sum_72|tanh(x_flow_mean_curve_72_288)|tanh(m1_return_efficiency_240)|(x_flow_mean_72*x_jump_concentration_3),-0.5|1|1|0.5,5,-0.02613085167547935,4,0.08305273502955798,0.2972155768326863,True,True,False
BTC_LONG_2594fd115df61d98_1d,181530,1d,5.0,99,2,-458.2526437803545,0.0317206285725539,20,14.943000617937226,0.1203263560385767,0.513677549684575,-0.1498143752886661,0.8031696277925859,107.93252786880026,-0.0075879985992702,144,41.74285714285714,0.0078698677999768,0.1379692723446112,-0.4183965841053823,0.0188095890333432,11.50366870340104,2.793472222222222,0.0078698677999768,2594fd115df61d98,1,1.5447404384613037,m1_range_mean_240|signed_sqrt(m1_realized_vol_curve_15_60)|(x_flow_mean_72*x_volume_surprise_curve_12_72),0.5|0.5|-1,4,-0.40600713312794157,3,0.0767731264681897,0.26366086498883057,False,False,False
BTC_LONG_505dba7a8db0e767_1d,388580,1d,5.0,95,4,1.2372823931172006,0.0625485498521978,115,85.92225355313906,0.3926075052524618,1.0260517311315582,-0.188032462375734,2.0879772582456413,52.45935124961701,0.0196223572897223,520,150.73809523809524,-0.0366272235554848,0.0640063871973191,-0.5679759097519523,-0.0644872835741938,6.474886338907129,1.7543545356951153,-0.0366272235554848,505dba7a8db0e767,-1,2.0651702880859375,x_flow_sign_bias_288|m1_trade_size_surprise_15|signed_sqrt(m1_volume_concentration_60)|(x_flow_mean_72*x_return_efficiency_12),-1|-0.5|0.5|-0.5,4,-0.36806099864089575,2,0.021633273698323227,0.10317658465152087,True,False,False
BTC_LONG_4d2362d89fb0683c_1d,373057,1d,5.0,99,3,-151.94044817582463,0.0729980600361926,22,16.43730067973095,0.6615272896434912,1.7573159082497165,-0.1268425227136769,5.215343210547494,342.6968453073704,0.0480548245407596,67,19.42202380952381,0.0693578263820207,0.472463672182913,-0.2641577692444095,0.262562129368408,47.15577710742291,1.181582316217733,0.0693578263820207,4d2362d89fb0683c,-1,2.1159348487854004,(x_flow_mean_72*m1_return_sum_5)|(x_flow_std_72*x_return_sum_288)|(x_flow_sign_bias_72*x_jump_concentration_72),-0.5|-0.5|-1,5,-0.09577124566239531,3,0.11117749115123123,0.3783836602393686,True,False,False
BTC_LONG_4ad7cc906977c33b_1d,362114,1d,5.0,99,3,66.58162283064729,0.047321505967197,46,34.36890142125562,0.4169410179118979,1.7466580842371529,-0.0897758164444808,4.644246462183305,112.7723592490736,-0.0105650481790959,226,65.51309523809523,0.0477563693012355,0.3283240827461429,-0.2620355633074371,0.1822514802893553,15.280074850422482,1.9061736782071925,0.0477563693012355,4ad7cc906977c33b,1,1.2060017585754397,x_flow_mean_72|m1_body_range_ratio,0.5|-1,5,-0.02932062162567023,3,0.052103097067743284,0.2117963202268974,True,False,False
BTC_LONG_48f0b75066eef84e_1d,352999,1d,5.0,99,3,-46.23750608157309,0.0716561615193208,24,17.931600741524672,0.115610995893588,0.6948386909034179,-0.1355615439835157,0.8528303270700894,75.16241584681758,0.0087907163778098,119,34.49583333333333,-0.0219936014430922,-0.0439892058200491,-0.238995453743035,-0.0920251875031041,2.8206448462979257,1.9237453382201644,-0.0219936014430922,48f0b75066eef84e,1,1.4614472389221191,tanh(m1_return_efficiency_curve_5_15)|(x_flow_mean_3*x_return_efficiency_3)|(x_flow_std_12*x_return_sum_288)|(x_flow_std_72*x_return_efficiency_3),-0.5|0.5|0.5|1,2,-0.06642849436876103,1,0.10160571883229093,0.3504441243091547,False,False,False
BTC_LONG_3be0bf61aaea1667_1d,289348,1d,5.0,97,3,-31.49637288473073,0.1003120250534398,77,57.53055237905832,0.3781955469643601,1.1005087109467495,-0.1776892439796256,2.1284099053723544,70.95915401752279,0.0089965450305984,282,81.74642857142857,-0.2067703692274105,-0.6156374929703508,-0.6122438790799862,-0.3377254984371957,-17.731141625509203,1.4209220177970177,-0.2067703692274105,3be0bf61aaea1667,-1,2.284466028213501,m1_range_mean_60|tanh(m1_vwap_gap)|signed_sqrt(x_flow_std_12),-1|-0.5|-1,1,-0.3377805890796464,0,0.04396812592703236,0.17910625534193647,True,False,False
BTC_LONG_087ad9d7e982a6d8_1d,41014,1d,5.0,99,3,-154.20015711916622,0.0761606300237085,42,31.380301297668176,0.5666160783929837,1.6158326386444026,-0.1212927535798817,4.671475101930289,162.76712956682044,0.0262662719673428,92,26.669047619047618,-0.0573126779725623,-0.1796220396414701,-0.3266901706443541,-0.175434350716829,-8.958397831169695,0.8498658877131099,-0.0573126779725623,087ad9d7e982a6d8,-1,2.392539978027344,(x_flow_mean_12*x_return_sum_3)|(x_flow_std_12*x_return_sum_288)|(x_flow_mean_72*x_trade_surprise_12),-1|-1|1,4,-0.23250040375801578,3,0.08036133274379485,0.32604174843142764,True,False,False
BTC_LONG_5557864e1455de8e_1d,412867,1d,5.0,99,4,91.80390510792826,0.1029775308147498,24,17.931600741524672,0.2591754616040944,1.4570903301348388,-0.1147628496679998,2.258356797115697,141.14192509745212,-0.0234660799241352,63,18.2625,-0.0692497832793213,-0.3204710306996906,-0.3762439944833156,-0.1840555179476549,-25.756237683704455,1.0184534143518518,-0.0692497832793213,5557864e1455de8e,-1,1.76692795753479,tanh(x_time_cos_week)|(x_flow_std_72*x_return_efficiency_72)|(x_flow_std_72*x_return_sum_288),1|-1|-0.5,3,-0.25775200667180426,2,0.17947648061343147,0.4751170389288364,True,False,False
BTC_LONG_038e347c236fdc4f_1d,17120,1d,5.0,99,3,-583.5667038467662,0.0604350922281191,36,26.897401112287007,0.2494878075820117,0.8595039026004732,-0.1681673650272697,1.4835685124849,105.84226299563146,0.0228858693677249,84,24.35,0.0658542330106644,0.4147732985070014,-0.3075982284661663,0.2140917174297312,39.81821986059425,0.9052919238683128,0.0658542330106644,038e347c236fdc4f,1,2.34726881980896,x_return_sign_entropy_3|m1_range_mean_240|signed_sqrt(x_flow_autocorr_72),-0.5|0.5|1,5,-0.2155479387192556,3,0.08182483863013305,0.3484544688617239,False,False,False
BTC_LONG_b7efbd89d009efd9_1d,891643,1d,5.0,99,4,15.603267177479982,0.0753606102792117,26,19.425900803318395,0.6292514251018893,2.091951685427018,-0.0481921870893691,13.057125295745251,271.0196287130601,0.0343070268592164,124,35.945238095238096,-0.1428925444787899,-0.6522749728603369,-0.4975544641625145,-0.2871897546318014,-32.02997906587382,1.8503768993352325,-0.1428925444787899,b7efbd89d009efd9,1,1.5116530656814575,(x_flow_std_12*x_return_sum_288)|(x_flow_autocorr_12*m1_return_efficiency_15)|(x_flow_mean_72*x_return_efficiency_curve_3_12),0.5|-0.5|-1,1,-0.17351661356219822,1,0.10132232958935843,0.37977116145283935,True,False,False
BTC_LONG_13ea5183446add0e_1d,96251,1d,5.0,95,3,-2.770303671275045,0.0241242482238318,157,117.30255485080724,0.6399731329791793,1.3273842877328823,-0.2539209963790432,2.520363192116074,55.71708122198182,-0.0276521165537439,559,162.04345238095237,-0.2142287282018286,-0.4628104145731355,-0.7277183918738903,-0.2943841059866373,-5.624978663562915,1.3814145189510103,-0.2142287282018286,13ea5183446add0e,-1,1.476494073867798,tanh(x_flow_mean_72)|tanh(m1_jump_concentration_15),-1|-1,2,-0.38855848364941803,1,0.028181695062179966,0.10922266753466175,True,False,False
BTC_LONG_5103251e7ada49c0_1d,391634,1d,5.0,95,4,46.8061574757029,0.0808805135808816,163,121.7854550361884,1.770855210346383,2.5672960193721974,-0.1548052998098429,11.439241502207198,96.24527289687848,-0.029334683321627,614,177.98690476190475,-0.0564160182485096,0.0332347407078204,-0.4742374036119832,-0.118961553472633,5.7010855019761575,1.461479161932894,-0.0564160182485096,5103251e7ada49c0,-1,2.0656745433807373,signed_sqrt(x_flow_mean_72)|(x_flow_std_3*x_trade_surprise_12)|(x_flow_sign_bias_12*x_jump_concentration_3)|(x_flow_mean_72*x_jump_concentration_3),-1|-1|0.5|-1,3,-0.3353599313404742,1,0.023613990273598905,0.09184254986628941,True,False,False
BTC_LONG_335e03b7ce41eabf_1d,247997,1d,5.0,97,3,-74.65499654203849,0.0455208744690229,80,59.772002471748905,-0.0321671449598972,0.0507244103180782,-0.2826001995664831,-0.1138256271907896,7.668180771689306,0.0094929610791199,348,100.87857142857143,-0.0854512853713918,-0.1928202806262687,-0.5488170190874861,-0.1557008664080261,-0.1966420612430442,1.687722800925926,-0.0854512853713918,335e03b7ce41eabf,-1,1.5689479112625122,signed_sqrt(x_flow_std_12)|(x_flow_mean_72*x_return_efficiency_288)|(x_flow_mean_72*x_volume_surprise_3),0.5|1|1,3,-0.4538540813207002,2,0.04713512036082313,0.16212091451564378,False,False,False
BTC_LONG_98e5fc4dcab54bef_1d,740484,1d,5.0,99,3,24.27970787886572,0.0552145932788899,20,14.943000617937226,0.5414108852391368,1.9267245878751045,-0.0657695202057488,8.231942145015257,312.7537732073102,0.0347996033997957,26,7.536904761904762,-0.0450762805662192,-0.2755952672587517,-0.2657877852141197,-0.1695950042621621,-44.11397833822614,0.5043769290123457,-0.0450762805662192,98e5fc4dcab54bef,1,2.7087302207946777,x_flow_return_corr_288|(x_flow_mean_72*x_return_sum_288)|(x_flow_std_72*x_return_sum_288),1|-1|0.5,2,-0.07980936780134401,0,0.2230427193336233,0.7256352219685317,True,False,False
BTC_LONG_382a54c94cfe4aa9_1d,271339,1d,5.0,99,3,-83.97115664497024,0.0743109666749029,27,20.173050834215257,0.6874556767175404,1.6010233467642982,-0.1278222008065952,5.378218121574307,295.0376878630108,0.0326421988847168,89,25.79940476190476,-0.0571803340541793,-0.1600359543377391,-0.4022440383143421,-0.1421533412746183,-8.533534561230681,1.2789044638774576,-0.0571803340541793,382a54c94cfe4aa9,-1,2.543344259262085,m1_range_mean_240|(x_flow_mean_72*m1_return_sum_5)|(x_flow_return_corr_72*x_wick_asymmetry)|(x_flow_return_corr_72*x_return_efficiency_curve_72_288),-0.5|-1|0.5|0.5,3,-0.16932219318865582,2,0.08546856750169532,0.36724716623445885,True,False,False
BTC_LONG_a6b97b46f383112d_1d,807922,1d,5.0,97,4,13.27081764899584,0.0421000472970455,116,86.66940358403592,0.6923095804904864,1.8897722138299116,-0.2576336408062387,2.687186263113671,70.92824412252776,-0.0183727867887565,453,131.31607142857143,0.0949621451076259,0.432837212833791,-0.5189064305873556,0.1830043713278659,16.52146718615829,1.5151375917943806,0.0949621451076259,a6b97b46f383112d,-1,0.8824278116226196,m1_trade_surprise_5|signed_sqrt(m1_flow_mean_240),-0.5|-0.5,4,-0.4048125744241714,3,0.03432774562573868,0.12245944810116272,True,False,False
BTC_LONG_543cbdfacaf313d2_1d,407422,1d,5.0,95,3,-38.62550882826201,0.0179053329831861,162,121.03830500529152,0.1881372873821032,0.6175521734126931,-0.4069947033278275,0.4622597931712191,26.81444188983765,-0.0076242419915103,560,162.33333333333334,-0.1031568925576775,-0.1382427461384331,-0.6404243500352083,-0.1610758437776552,2.0413496290495625,1.3411732205456488,-0.1031568925576775,543cbdfacaf313d2,-1,2.4088211059570312,signed_sqrt(x_range_surprise_288)|(x_flow_std_72*x_volume_surprise_72),-1|-1,4,-0.5117767831249717,3,0.019807138634352663,0.08794525059828703,False,False,False
BTC_LONG_b08aca78ba464253_1d,855848,1d,5.0,95,3,-17.683189887647302,0.1202308354471565,80,59.772002471748905,0.631761372524063,1.5169969737300966,-0.1552755019226974,4.068648078423728,97.84815852871868,0.0328105123320928,429,124.35892857142856,-0.0038874025149973,0.1665551584025932,-0.5948495578147168,-0.0065351019664171,9.731982359039428,2.0805548321759257,-0.0038874025149973,b08aca78ba464253,1,3.2827484607696533,x_avg_trade_size_log|m1_range_mean_15|signed_sqrt(m1_jump_concentration_240)|(x_flow_sign_bias_3*m1_return_efficiency_5),-0.5|1|-1|-0.5,4,-0.38490232413461184,2,0.025211560610178006,0.11015861655799965,True,False,False
BTC_LONG_9031090d0db14e14_1d,698081,1d,5.0,99,3,89.47014566638536,0.0530563996298176,33,24.655951019596426,0.4061806048003458,2.3122523435625935,-0.0544460684375532,7.460237560884917,147.85365950272777,-0.0075754752209215,139,40.29345238095238,0.0920114360744803,0.5324843940945725,-0.20118017181403,0.4573583730683722,31.925100278797945,1.634228278151889,0.0920114360744803,9031090d0db14e14,-1,1.854607105255127,x_flow_mean_72|tanh(x_return_sign_entropy_72)|tanh(x_range_surprise_curve_12_72),-1|1|0.5,5,-0.15238485360958642,3,0.08389256099583485,0.289729118807947,True,False,False
BTC_LONG_c9a6466619463377_1d,977208,1d,5.0,99,3,-7.480775191988642,0.1199607512654268,47,35.11605145215248,0.6580040195155707,1.5870581539308677,-0.1153221461493658,5.70579061773027,166.3089914366953,0.0303962553812064,103,29.857738095238098,0.005660848745953,0.1429236743724883,-0.317181373654976,0.0178473555389505,16.324047286546943,0.8502589801681114,0.005660848745953,c9a6466619463377,-1,4.296408653259277,m1_range_mean_240|signed_sqrt(x_flow_sign_bias_72)|(x_base_quote_flow_gap*x_return_sum_12)|(x_flow_sign_bias_12*x_volume_surprise_curve_12_72),-1|-1|-0.5|0.5,3,-0.16535500245976076,1,0.09298018094065974,0.3106372164320901,True,False,False
BTC_LONG_4b3942f5282d3345_1d,363959,1d,5.0,99,3,-344.4489392091352,0.0806968910378706,19,14.195850587040365,0.1210564106154425,0.6271000436843616,-0.1730488234082963,0.6995506137006124,103.46062564560836,0.0516747816894661,133,38.55416666666667,0.0712456615702907,0.4583837668968117,-0.298265082855808,0.2388669196143669,27.34266608824154,2.715875771604938,0.0712456615702907,4b3942f5282d3345,1,2.2150325775146484,signed_sqrt(x_flow_autocorr_288)|(x_flow_mean_12*x_return_efficiency_curve_72_288)|(x_flow_std_72*x_return_sum_288),1|1|0.5,5,-0.054257973074475774,3,0.07882158064865226,0.3137476101750626,False,False,False
BTC_LONG_65040dbc704b38ee_1d,488980,1d,5.0,97,4,28.672113098243692,0.040073016115644,62,46.3233019156054,0.573470962760557,1.346699513615749,-0.1333760657923797,4.299654209723448,118.24969961991457,0.0016900390732966,228,66.09285714285714,0.0663485132006425,0.3687821125519664,-0.2512575441758261,0.2640657553916584,20.577382049752316,1.4267734468339308,0.0663485132006425,65040dbc704b38ee,-1,3.458707809448242,m1_realized_vol_240|signed_sqrt(m1_return_sum_240)|(x_flow_std_3*x_volume_surprise_curve_12_72),-1|-1|-1,3,-0.09306973460084905,3,0.05207155084184132,0.19795950524767605,True,False,False
BTC_LONG_a11dcfe77d69695d_1d,780471,1d,5.0,95,3,-66.00196852561868,0.0580940450503456,120,89.65800370762337,0.6467972805666982,1.3878452032436892,-0.3638153082096802,1.7778176617953771,70.64210586433553,0.0198895217147848,394,114.21309523809524,0.1914107921103114,0.665619828919476,-0.5449209738569754,0.3512633965169245,26.063314848410553,1.2738750643004113,0.1914107921103114,a11dcfe77d69695d,-1,1.371614694595337,m1_flow_std_60|signed_sqrt(x_flow_mean_72)|signed_sqrt(m1_body_mean_15),0.5|-0.5|0.5,4,-0.2717569680094757,3,0.030715818321301193,0.10976021124678427,False,False,False
BTC_LONG_168d0cd40f853196_1d,109071,1d,5.0,95,4,14.84816565562627,0.0414681060852852,129,96.3823539856951,0.4612594534146472,1.2345913372134802,-0.2717765779283728,1.697200902780566,50.73226751785302,0.0037353754395671,588,170.45,-0.1219300823627164,-0.1873334160565108,-0.7340074700082999,-0.1661155878445455,1.0737225341310883,1.7684772466264713,-0.1219300823627164,168d0cd40f853196,-1,2.0426089763641357,m1_flow_mean_240|signed_sqrt(x_return_efficiency_curve_12_72),-1|1,2,-0.4328999033061272,2,0.029792968335822873,0.09977355430957385,True,False,False
BTC_LONG_af5274f4bac8fb29_1d,849903,1d,5.0,95,4,11.715509483373877,0.0777324363986212,99,73.96785305878927,0.4898665945660316,1.1592380562094975,-0.2289993253762655,2.1391617366607467,70.59478908414384,0.0185669353105106,287,83.19583333333333,0.2221570189036248,0.8126698024137117,-0.4003537333483112,0.5549018290541237,34.69901262030824,1.1247566326848732,0.2221570189036248,af5274f4bac8fb29,1,2.0435945987701416,m1_vwap_gap_mean_240|signed_sqrt(x_volume_surprise_curve_72_288)|(x_flow_std_72*x_volume_surprise_72)|(x_flow_autocorr_72*x_jump_concentration_72),0.5|-1|0.5|-0.5,4,-0.12638656850431595,3,0.028120872782781046,0.12167294657822193,True,False,False
BTC_LONG_6aeebe71ecf3c9f9_1d,517528,1d,5.0,97,2,-59.67098067517907,0.0704330017456786,53,39.59895163753365,0.2197879092026771,0.9128369936834756,-0.1634871618837114,1.3443741188620817,63.16009761978843,-0.0014784014995517,205,59.425595238095234,0.1143609319109331,0.5675266807989067,-0.2982923713801131,0.3833853724847804,28.158065961495204,1.5006860732587932,0.1143609319109331,6aeebe71ecf3c9f9,1,1.1492962837219238,x_flow_sign_bias_72|x_flow_return_corr_72,0.5|0.5,6,-0.17178166034104286,3,0.034984206403124836,0.15890251342334755,False,False,False
BTC_LONG_6adf9a9380376ad6_1d,517259,1d,5.0,97,3,-25.01277575885746,0.0514250491453591,94,70.23210290430497,0.474741534960202,1.1574506533456743,-0.1917617395707718,2.4756843363166996,72.19012888421334,0.0370037279764647,195,56.526785714285715,-0.0314217894310147,0.037788335613854,-0.3616131267199829,-0.0868933871843273,6.959891479080931,0.8048568016154453,-0.0314217894310147,6adf9a9380376ad6,-1,3.7708256244659424,signed_sqrt(x_return_sum_12)|(x_flow_std_12*x_return_sum_288)|(x_flow_mean_72*x_return_sum_12)|(x_flow_return_corr_72*m1_vwap_gap_mean_5),1|-1|0.5|1,4,-0.17083810158170515,2,0.04910186805605039,0.18737775205985788,True,False,False
BTC_LONG_37b2da2f286a3f23_1d,269088,1d,5.0,99,4,70.9519582873125,0.0644779001721841,23,17.18445071062781,1.1708380684906805,2.573918304367554,-0.0758622064999858,15.433746558517232,484.0936571675172,0.0202193126136401,60,17.392857142857142,0.0388440233167937,0.3001765802427863,-0.210704964857916,0.1843526721972938,37.02914691197806,1.012127616747182,0.0388440233167937,37b2da2f286a3f23,-1,10.908280372619627,tanh(x_flow_return_corr_72)|signed_sqrt(m1_trade_intensity_240)|(x_impact_per_flow_72*x_return_sum_72)|(x_flow_autocorr_12*x_trade_surprise_12),1|1|-1|0.5,5,-0.1302849082108435,3,0.08816364178214382,0.36192806023326163,True,False,False
BTC_LONG_8d0941bdd55a997d_1d,682886,1d,5.0,99,4,27.82322273338886,0.0671991881116393,31,23.1616509578027,0.7733277549354483,2.5543089720657672,-0.0426184042880322,18.14539441010016,263.6572385203316,0.0542492994063951,126,36.525,-0.0062319658576105,0.0540044952842022,-0.2264566700437366,-0.0275194625815478,7.615197014200073,1.5769601254480288,-0.0062319658576105,8d0941bdd55a997d,-1,2.294851303100586,x_return_sum_288|(x_flow_return_corr_12*x_return_efficiency_curve_3_12)|(x_flow_std_72*x_return_efficiency_72)|(x_flow_mean_12*x_trade_surprise_288),0.5|0.5|1|-1,4,-0.11693698927866675,2,0.08895207976965996,0.28525882606238884,True,False,False
BTC_LONG_3a7fb1fa941339c5_1d,282753,1d,5.0,99,3,-22.043129991194313,0.0675419698507253,46,34.36890142125562,0.0713814947237516,0.3941571490452501,-0.2699855142670032,0.2643900911408108,35.58918724073087,0.0326155336760627,103,29.857738095238098,0.133409461560763,0.7310494088971891,-0.22440200259885,0.5945110115583555,53.44999251418526,0.8687428710413312,0.0713814947237516,3a7fb1fa941339c5,-1,2.5095772743225098,m1_base_quote_flow_gap|m1_vwap_gap_mean_240|signed_sqrt(x_trade_size_surprise_72)|signed_sqrt(m1_realized_vol_15),0.5|-0.5|1|-0.5,4,-0.06400418739919561,3,0.07857912802894634,0.2581911721325143,False,False,False
BTC_LONG_8b71d1a80a0da5d2_1d,675166,1d,5.0,99,3,-50.693614427077975,0.0592669147974829,32,23.90880098869956,0.6310117346978847,2.0478778054159004,-0.0629812018741381,10.019048794256117,222.3321071155454,0.0239679180473556,71,20.58154761904762,0.0076263768038635,0.131944095531128,-0.1705431944174482,0.0447181538372974,16.84510470568781,0.8608356240354939,0.0076263768038635,8b71d1a80a0da5d2,1,2.174749851226806,x_return_efficiency_288|signed_sqrt(m1_flow_mean_curve_5_15)|(x_flow_std_12*x_return_sum_288),1|1|0.5,4,-0.16064807393622083,2,0.12225488825449175,0.46942386777632983,True,False,False
BTC_LONG_7dcc2ca1ed372d09_1d,609103,1d,5.0,99,2,11.515982430862936,0.0465117386554086,13,9.712950401659198,0.1001345099058401,0.8133401566937866,-0.1007314276968527,0.9940741652862404,111.41238680599233,0.0314767807902782,100,28.988095238095237,-0.0287354909770757,-0.1329215908919427,-0.2455430371019626,-0.1170283275641948,-1.5606945485212351,2.9844788698955362,-0.0287354909770757,7dcc2ca1ed372d09,-1,1.9898773431777952,x_flow_std_72|tanh(x_return_autocorr_288)|signed_sqrt(m1_jump_concentration_240),1|0.5|0.5,3,-0.0712570452627635,0,0.14269073652830605,0.39508648895188414,False,False,False
BTC_LONG_56366fe5280d19f6_1d,417130,1d,5.0,97,3,-200.07441613513768,0.104362454473955,48,35.863201483049345,0.4967175032205768,1.348163177424763,-0.1622616807842616,3.0612126092851084,133.07479425937458,0.0418968680784974,218,63.194047619047616,0.0787922739100572,0.4285978178561168,-0.4235352046228904,0.1860347688929726,21.922780738966985,1.7620860661008229,0.0787922739100572,56366fe5280d19f6,-1,1.6576595306396484,tanh(x_flow_sign_bias_288)|tanh(m1_realized_vol_5)|(x_flow_std_12*x_return_sum_288)|(x_flow_sign_bias_12*x_jump_concentration_72),-1|-0.5|-0.5|0.5,4,-0.18863696576002165,3,0.041061094269385964,0.16127777240971308,True,False,False
BTC_LONG_afe6ca2de1b016ce_1d,852736,1d,5.0,99,1,-34.351128473607886,0.0014029861692842,34,25.403101050493284,0.0171274123852747,0.1859398165170164,-0.1067607103441523,0.1604280482029673,16.49288503649531,-0.0067360138226102,172,49.85952380952381,-0.0661161370445042,-0.3128234765072317,-0.4231230262941697,-0.1562574781702805,-5.760108064094239,1.9627337509077705,-0.0661161370445042,afe6ca2de1b016ce,-1,0.7964450120925903,tanh(x_range_position_3)|(x_flow_mean_72*x_close_location),1|-0.5,4,-0.26141037069222145,2,0.08622845822619363,0.2526432031912946,False,False,False
BTC_LONG_157d76fed365f009_1d,103977,1d,5.0,99,3,-82.06188689734856,0.0642166212219283,26,19.425900803318395,0.2582576564092873,0.8792946618957375,-0.1984782957205695,1.3011884018435902,146.0558739922637,0.0214502387020091,212,61.4547619047619,-0.1180942848706366,-0.5339641305832079,-0.4032403817984231,-0.2928632403926031,-12.203431142578244,3.1635476020892686,-0.1180942848706366,157d76fed365f009,1,2.399566888809204,m1_range_mean_240|signed_sqrt(m1_body_mean_5)|(x_flow_mean_3*x_trade_surprise_288),0.5|-0.5|1,3,-0.16103388774219013,0,0.05420724808965314,0.22963843310477608,False,False,False
BTC_LONG_874f785bcaed10b6_1d,654707,1d,5.0,97,4,81.9912785632875,0.0407953850949498,78,58.27770240995518,0.8643805995868803,2.284788607840744,-0.103068783757601,8.386444159656964,119.03302044113,-0.0161012637937731,287,83.19583333333333,0.0890354153359858,0.427941009097122,-0.4019396336251153,0.2215143964106514,21.09549812936804,1.4275757261000315,0.0890354153359858,874f785bcaed10b6,1,0.8873306512832642,tanh(x_return_sign_entropy_288)|(x_flow_mean_72*x_return_efficiency_3)|(x_flow_sign_bias_72*x_volume_surprise_curve_3_12),-0.5|-0.5|0.5,5,-0.05102446669476418,2,0.03960639885955986,0.16178924653103233,True,False,False
BTC_LONG_23eeab7c3c49c7dd_1d,173570,1d,5.0,95,3,-109.42607752737544,0.0586275899419713,123,91.89945380031394,0.3260555140821564,0.9083315836193748,-0.470045962585949,0.6936673007217595,43.89411081322373,0.0172448863929595,579,167.84107142857144,-0.0301729231806535,0.1054552729652792,-0.6097992750144713,-0.0494800902804246,7.351958770058945,1.8263554840409517,-0.0301729231806535,23eeab7c3c49c7dd,1,2.0567941665649414,m1_flow_mean_curve_60_240|(x_flow_std_12*x_return_sum_288)|(x_flow_return_corr_12*x_volume_surprise_3),1|0.5|1,5,-0.42291791647287175,2,0.023839414201215,0.10147455261479331,False,False,False
BTC_LONG_b9232fd5b077a98f_1d,897429,1d,5.0,99,1,-73.4529138226384,0.002602990058879,28,20.92020086511212,0.0061232193597953,0.1098278249275831,-0.1318437037498089,0.0464430168877457,10.626233991315894,0.0169213288235341,157,45.51130952380952,-0.0495990955020597,-0.2575941183297046,-0.2619563198208753,-0.1893410914307218,-3.6184736825875303,2.1754719190917107,-0.0495990955020597,b9232fd5b077a98f,1,1.7055044174194336,x_return_sign_bias_3|tanh(x_flow_std_72)|tanh(x_flow_std_288)|(x_flow_mean_72*x_return_efficiency_288),0.5|-0.5|-0.5|-1,4,-0.19055816572817896,1,0.07664309263571202,0.2893289737319597,False,False,False
BTC_LONG_73bfdb527e7fad75_1d,560307,1d,5.0,97,4,40.854870610524976,0.0660080948436171,83,62.01345256443949,0.5809813681881402,1.530177563731682,-0.1487979142593188,3.904499408342712,87.75547378145488,0.0238189999161609,329,95.37083333333334,0.1149530156737643,0.5116355492527853,-0.5618938525801269,0.20458137270219,21.279469439994184,1.5379055574148446,0.1149530156737643,73bfdb527e7fad75,1,1.9708877801895144,m1_quote_flow_return_corr_15|signed_sqrt(m1_volume_surprise_curve_5_15)|(x_flow_std_72*x_return_sum_288),-1|0.5|0.5,4,-0.3298120523982891,2,0.031761010100398876,0.13515164754639133,True,False,False
BTC_LONG_73333e96e6c993b2_1d,557722,1d,5.0,99,1,-112.24960511667568,0.0427203677050441,35,26.150251081390145,0.0125999185989,0.1635777273323821,-0.2820434368623687,0.0446736812565809,18.947151444720237,0.0415202739465681,155,44.93154761904762,-0.0673465706859131,-0.194098592090996,-0.3034058370778381,-0.2219686059257834,-4.72856733255871,1.7182071208112875,-0.0673465706859131,73333e96e6c993b2,1,1.2507028579711914,x_range_position_288|(x_flow_sign_bias_72*x_trade_surprise_12),-0.5|1,3,-0.11944968114707799,0,0.044278448179008195,0.17878165098681897,False,False,False
BTC_LONG_a1cae8c28193e536_1d,783725,1d,5.0,99,3,53.11255202499615,-0.0058168249972149,59,44.08185182291482,0.9612027821765348,2.524976546609251,-0.0974810238027096,9.86040918201576,166.5938811673953,-0.0043009967171032,210,60.875,-0.1311577884659682,-0.5756382205513308,-0.4463981198031088,-0.293813487663921,-14.553734503212096,1.3809537821720024,-0.1311577884659682,a1cae8c28193e536,-1,1.3021472692489624,signed_sqrt(x_return_efficiency_curve_12_72)|signed_sqrt(m1_flow_mean_curve_15_60)|(x_flow_mean_72*x_return_efficiency_3),-0.5|-0.5|-1,2,-0.285873834583036,1,0.058831813192910004,0.20747430077276824,True,False,False
BTC_LONG_a7dad690be812564_1d,813511,1d,5.0,99,4,75.25741936413955,0.063891961863188,46,34.36890142125562,1.124447237124611,2.638054948744217,-0.0660783407391994,17.016880638129553,236.9428000265164,0.001852959929883,187,54.20773809523809,0.1768990213435166,0.7685057273752762,-0.2416623152513315,0.7320091308383754,40.91119071536664,1.5772322027643584,0.1768990213435166,a7dad690be812564,-1,3.1115636825561523,m1_volume_concentration_5|(x_flow_mean_3*x_close_location)|(x_flow_std_12*x_return_sum_288)|(x_flow_autocorr_12*x_trade_surprise_72),-1|-1|-1|1,5,-0.17849021191464243,2,0.05398908516609593,0.22074646854377236,True,True,False
BTC_LONG_2eea2c358cbc9c9c_1d,226397,1d,5.0,95,4,45.084989469858506,0.0372076012956765,135,100.86525417107627,1.2737501345255977,2.407331729458283,-0.1405073440720582,9.065363401021685,93.09394743831554,-0.0184823432080824,518,150.15833333333333,-0.2581113918875299,-0.6036718043931221,-0.7402580882796768,-0.3486775706664254,-10.116675043942266,1.48870227480567,-0.2581113918875299,2eea2c358cbc9c9c,-1,2.0483953952789307,x_flow_mean_72|signed_sqrt(x_return_efficiency_curve_12_72),-1|-1,3,-0.5214535417759975,1,0.02862150793192275,0.11661033617967935,True,False,False
BTC_LONG_3f2e0a120eca86b6_1d,305487,1d,5.0,97,4,70.1089585035369,0.0350932884031862,64,47.81760197739912,0.6846153429593038,2.1237217829665447,-0.101744310339867,6.728782579314874,120.91376293512808,-0.0215319542534155,251,72.76011904761904,0.0395076889674226,0.2793159040098016,-0.4415962302144812,0.0894656391161535,14.500104298921634,1.5216178988233025,0.0395076889674226,3f2e0a120eca86b6,1,1.143249750137329,x_flow_sign_bias_72|tanh(x_time_cos_day),0.5|-1,3,-0.1461720688316619,1,0.035571989943891075,0.16584198385349605,True,False,False
BTC_LONG_411e9954169112a6_1d,315002,1d,5.0,99,3,-127.12031690505636,0.0288541683349806,24,17.931600741524672,0.4995793484695225,1.804763752533817,-0.0975424256643883,5.121662138979527,246.31951644552956,0.005819271838793,119,34.49583333333333,0.1093485746751457,0.7096305081119803,-0.2005232218791625,0.5453162663675948,39.00839236346184,1.9237453382201644,0.1093485746751457,411e9954169112a6,1,1.95216703414917,tanh(m1_realized_vol_240)|(x_flow_std_72*x_return_sum_288)|(x_flow_std_72*x_volume_surprise_288),-0.5|0.5|-1,4,-0.02206615594571043,2,0.07104806621327563,0.2778732277871524,True,False,False
BTC_LONG_1172de23554608e7_1d,84388,1d,5.0,95,3,-72.76091920172941,0.0822916030472966,71,53.04765219367715,0.4579321865544339,1.2060012207925304,-0.3119227111171258,1.4680950448089756,88.54342635795535,0.0256678575025438,225,65.22321428571428,0.0598818922853794,0.3490273671881594,-0.4600414357641672,0.1301663016200065,20.140224167911263,1.2295212245696399,0.0598818922853794,1172de23554608e7,1,3.7018728256225586,signed_sqrt(x_vwap_pressure_72)|(x_flow_std_12*x_return_sum_288)|(x_flow_std_72*x_jump_concentration_72)|(x_flow_std_72*x_volume_surprise_72),-1|1|1|-1,5,-0.23848532914183163,2,0.03987839856009272,0.1661397817020618,True,False,False
BTC_LONG_6c14e4f20f049677_1d,523181,1d,5.0,95,3,-12.816034853477325,0.0713220833316759,79,59.02485244085205,0.3144516989427295,1.32784729861737,-0.1763224108763711,1.783390423144838,55.56380729763511,-0.0481652817805544,359,104.0672619047619,-0.0785507348460033,-0.1595038122399424,-0.4389871942903938,-0.1789362784784136,0.7796579461912277,1.7631092260509453,-0.0785507348460033,6c14e4f20f049677,1,1.8119022846221924,signed_sqrt(x_flow_sign_bias_curve_72_288)|(x_flow_mean_72*x_jump_concentration_288),1|-1,3,-0.293915732873784,1,0.028987944297510466,0.130475112929502,True,False,False
BTC_LONG_42b430a46a8e6344_1d,322690,1d,5.0,99,2,-65.36580119661906,0.0689084298422539,36,26.897401112287007,0.1756746081773146,0.7285303126059525,-0.1592860427709111,1.10288764239045,78.17040209321752,0.0427091031638295,94,27.248809523809523,-0.0068766199983166,0.0478062652922633,-0.4121241774041184,-0.016685796115217,8.064328286430962,1.0130647719478738,-0.0068766199983166,42b430a46a8e6344,-1,0.8043460845947266,tanh(x_range_body_gap)|tanh(x_return_sum_288)|tanh(x_price_volume_corr_288)|tanh(m1_volume_surprise_240),-0.5|0.5|-0.5|0.5,3,-0.12781769902069728,1,0.07614102237880947,0.3544870233790466,False,False,False
BTC_LONG_a5f930c24f4c99ba_1d,804294,1d,5.0,99,4,100.97050005924058,0.0228724218218078,27,20.173050834215257,0.3998350951366676,1.9470436315007396,-0.10688435917804,3.7408195007339833,179.71361671959903,0.0042182505774043,136,39.42380952380952,-0.0454239860591615,-0.1812578840940664,-0.3938708089590086,-0.1153271200250053,-2.99817946085,1.954280978509373,-0.0454239860591615,a5f930c24f4c99ba,-1,1.2169067859649658,tanh(x_flow_mean_72)|signed_sqrt(x_time_sin_day),-0.5|-1,4,-0.27986301192114926,2,0.09262017026744551,0.3317229962436208,True,False,False
BTC_LONG_2677aac1f6bce3d2_1d,185861,1d,5.0,95,3,-21.660275824837345,0.0755392163759547,106,79.1979032750673,0.7499633246158663,1.5496876344284098,-0.3496893556907614,2.144655856436982,86.6662437191463,0.0208553019570309,427,123.77916666666668,0.1180122995087091,0.4962409787135293,-0.6329662795476492,0.1864432645496485,18.68535753769484,1.5629096421500117,0.1180122995087091,2677aac1f6bce3d2,-1,1.607585906982422,(x_flow_autocorr_12*m1_return_efficiency_5)|(x_flow_return_corr_12*x_return_sum_72)|(x_flow_std_72*x_return_sum_288)|(x_flow_autocorr_72*x_close_location),0.5|-0.5|-0.5|-1,5,-0.2941305332204028,3,0.031352692986733946,0.11843957761616754,True,False,False
BTC_LONG_60c1a564bd0bbdca_1d,468255,1d,5.0,97,3,-225.5568016980695,0.0690457335945394,82,61.26630253354263,0.1419845444086662,0.5490459549385698,-0.316031340441368,0.4492736201744144,36.86413623594304,0.0598028700643091,157,45.51130952380952,0.0048111466909532,0.1492675937434567,-0.3548270196008681,0.0135591328314432,13.389321833686862,0.7428440699337548,0.0048111466909532,60c1a564bd0bbdca,1,2.9773778915405273,(x_flow_std_72*x_return_sum_288)|(x_flow_return_corr_72*m1_vwap_gap_mean_15),1|1,4,-0.255153883975665,2,0.046029547423348825,0.18371168813210975,False,False,False
BTC_LONG_bc11ad69005d8170_1d,911543,1d,5.0,95,4,43.725520985652246,0.0797863507933354,124,92.6466038312108,1.357803675478031,2.6499329975809776,-0.1155070325235632,11.755160234083943,103.92938550707171,-0.0002829240248742,466,135.0845238095238,-0.0177362737483774,0.1221216481744972,-0.7280547197363123,-0.0243611822952006,8.142239827619633,1.4580623382118678,-0.0177362737483774,bc11ad69005d8170,-1,0.8662646412849426,x_flow_sign_bias_72|tanh(x_downside_share_12),-0.5|-0.5,4,-0.2865305812596008,2,0.022814416755577067,0.09657713438681925,True,False,False
BTC_LONG_14475d5b7d0b36d0_1d,98059,1d,5.0,97,4,2.236988300308335,0.0219944904927455,96,71.72640296609869,0.3412492303474139,0.9705531340251072,-0.2405872111636048,1.4184013717809658,55.71239500541614,0.0021797417861909,375,108.70535714285714,-0.0740821447444193,-0.0669008789877245,-0.4491154542354408,-0.164951225894763,2.9531325277728224,1.515555676118827,-0.0740821447444193,14475d5b7d0b36d0,-1,2.273097276687622,x_flow_mean_288|tanh(x_flow_return_corr_curve_12_72)|(x_flow_mean_72*x_return_efficiency_curve_12_72),-1|1|-1,3,-0.2954461730480074,2,0.03751563360922482,0.15682127455721878,False,False,False
BTC_LONG_cd02c83af8305b00_1d,993666,1d,5.0,97,3,-92.25444881617152,0.0543093179151841,69,51.55335213188343,0.5988287239539016,1.4992821803287455,-0.1757944388514659,3.4064144910742606,108.06956272655324,0.0242281416839819,380,110.1547619047619,-0.0489714026691516,0.010344796494475,-0.4990925549270931,-0.0981208839637076,5.305139248503433,2.136713857577384,-0.0489714026691516,cd02c83af8305b00,1,1.854789972305298,x_return_vol_12|signed_sqrt(m1_flow_autocorr_60),0.5|-1,3,-0.1932906904514745,1,0.030659331298056227,0.13216707551719512,True,False,False
BTC_LONG_3cf8665e78afac77_1d,294659,1d,5.0,99,4,115.59085058441416,0.0186648855492346,38,28.39170117408073,0.5731537578654415,2.056737314110312,-0.1285862849119708,4.4573475177218,174.0122017657093,0.0059104723421634,146,42.32261904761905,0.0614453428628676,0.3909735173146043,-0.2037922273740169,0.3015097467387599,23.979795266037137,1.4906686565951917,0.0614453428628676,3cf8665e78afac77,-1,1.2789742946624756,x_volume_surprise_3|(x_flow_sign_bias_72*x_volume_surprise_3),0.5|1,5,-0.07952001344789617,3,0.060821793874126714,0.2615975371378456,True,False,False
BTC_LONG_9c86daf7344558ce_1d,758099,1d,5.0,99,4,19.264783972406587,0.0629538735935673,56,41.84040173022424,0.3638110641075291,1.5717326437132255,-0.0857391505342894,4.243231497401306,84.42566527430357,0.0206324347789434,209,60.585119047619045,-0.0864329694268507,-0.3096241012783514,-0.3495755772559568,-0.2472511669874613,-6.034457113512601,1.4480051945546735,-0.0864329694268507,9c86daf7344558ce,-1,1.5244605541229248,m1_flow_mean_60|tanh(x_return_sign_bias_12),-1|1,3,-0.25199300621357873,1,0.04935517571937032,0.21415999271452515,True,False,False
BTC_LONG_a7994daa45f5d7fb_1d,812260,1d,5.0,99,3,-7.370172455421024,0.046586155622614,20,14.943000617937226,0.5062695374178001,1.7972729668943177,-0.0639503163478729,7.91660724028051,297.3231928337872,0.0281123484864033,102,29.567857142857143,-0.0255551721365043,-0.0781552484354694,-0.2974226746278231,-0.0859220708995458,0.7056544036323998,1.9787094907407408,-0.0255551721365043,a7994daa45f5d7fb,1,1.9965970516204832,(x_flow_std_72*x_return_sum_72)|(x_flow_mean_72*x_jump_concentration_12),0.5|1,4,-0.14346419127809074,2,0.07505815708789326,0.29233076890754434,True,False,False
BTC_LONG_c0e178c2cde15e72_1d,934860,1d,5.0,97,3,-27.32861379615364,0.0804926034090075,66,49.31190203919285,0.8152137676245457,1.8622794175993096,-0.1916485060579752,4.253692263992587,138.29847140422262,0.0400788378766966,270,78.26785714285714,0.0799304870571893,0.4034758842232154,-0.4222524329757902,0.1892955038621935,20.893052346404183,1.587200126262626,0.0799304870571893,c0e178c2cde15e72,-1,3.1731905937194824,tanh(x_flow_return_corr_3)|(x_flow_price_gap*x_return_efficiency_288)|(x_flow_sign_bias_3*x_return_efficiency_72)|(x_flow_std_72*x_return_sum_288),-1|-1|-1|-1,3,-0.12026986970308728,3,0.03324860235031811,0.14578410041368745,True,False,False
BTC_LONG_4b381d85f38430dc_1d,363939,1d,5.0,99,4,6.271707215703295,0.0489768900130407,19,14.195850587040365,0.2017591705169841,0.7073642034266023,-0.191936873947657,1.0511746199013623,170.39394434546315,0.0190643069049103,47,13.624404761904762,0.0511808889558915,0.42181281493873,-0.2095283336180975,0.2442671502803902,49.4974777492937,0.9597455734243014,0.0511808889558915,4b381d85f38430dc,-1,1.592504620552063,m1_realized_vol_240|tanh(x_return_efficiency_288),-0.5|1,6,-0.15228256990209182,3,0.11671433955819902,0.4728335323470873,False,False,False
BTC_LONG_9b10b6db9d0ac5da_1d,751061,1d,5.0,99,4,51.51442964907771,0.0592268498106813,29,21.66735089600898,0.6229849727915993,1.689211845460151,-0.1249313018986161,4.986620353137456,250.20889239796375,0.0108252391272695,54,15.653571428571428,0.0409398574482269,0.3342920941330735,-0.1640639095901355,0.2495360347714673,38.37411833547195,0.7224497126436781,0.0409398574482269,9b10b6db9d0ac5da,-1,3.831871032714844,m1_realized_vol_curve_60_240|tanh(m1_impact_efficiency_curve_60_240)|signed_sqrt(x_price_volume_corr_72)|signed_sqrt(x_volume_surprise_curve_12_72),1|0.5|-1|-1,4,-0.05862179502196729,2,0.09559703325328804,0.37800000187702004,True,False,False
BTC_LONG_39c4aa3f69b92e78_1d,279315,1d,5.0,99,3,-161.51195499296722,0.0440778121161542,20,14.943000617937226,0.8147908876551406,2.097055766844766,-0.0540883164673763,15.064082982626871,432.6583378306189,0.0466572830494106,117,33.91607142857143,0.1325707326752907,0.917771543334478,-0.1126897916348274,1.176421845777191,44.87377114146486,2.2696961805555556,0.1325707326752907,39c4aa3f69b92e78,1,1.7537811994552612,x_range_position_288|tanh(x_flow_sign_bias_288)|signed_sqrt(m1_flow_autocorr_240)|(x_flow_mean_12*x_return_sum_288),-1|1|0.5|-0.5,6,-0.06010579694014151,4,0.06927894016509609,0.28020744336627096,True,True,False
BTC_LONG_77435018950d1062_1d,577681,1d,5.0,95,3,-7.041547840949498,0.0319086099327793,139,103.85385429466372,0.4935504314919601,1.3451193497959189,-0.2772157871848644,1.7803835651063789,49.28577249609898,-0.0228127303480565,528,153.05714285714285,-0.1322021294546311,-0.2203224399748162,-0.5799297769752163,-0.2279623063057183,-0.1359678663675928,1.4737743138822275,-0.1322021294546311,77435018950d1062,-1,1.0221881866455078,x_flow_mean_72|signed_sqrt(x_flow_autocorr_12),-0.5|-0.5,3,-0.327848572312597,1,0.030209289433462527,0.1194641978468334,True,False,False
BTC_LONG_8bccf01cb8ee68b7_1d,676855,1d,5.0,99,4,66.81564416420642,0.0602991137169881,63,47.07045194650226,0.7916556818585112,1.713531744926449,-0.3171234298952595,2.496364529482989,144.55093405613036,0.037997529999208,164,47.54047619047619,0.1241905927631965,0.6119786976162371,-0.3682739433645218,0.3372234039383863,35.46186574696567,1.0099855477170292,0.1241905927631965,8bccf01cb8ee68b7,-1,7.311367511749268,x_impact_per_flow_72|signed_sqrt(x_flow_autocorr_72)|signed_sqrt(m1_trade_intensity_60)|(x_flow_return_corr_12*x_jump_concentration_12),1|-1|-1|1,5,-0.09619975608988784,2,0.08402575846258561,0.2293929157414755,True,True,False
BTC_LONG_c5f939c61dde6693_1d,959602,1d,5.0,95,4,83.96445059783844,0.075370979112719,104,77.70360321327358,1.2303111726573164,2.025356052770415,-0.2813319525689387,4.373165441830984,120.75973172596686,0.0212407281571242,461,133.63511904761904,0.2192020878497067,0.7663050956858264,-0.2748894330407987,0.7974191129317548,23.913322475121095,1.7198059487773028,0.2192020878497067,c5f939c61dde6693,-1,1.6372077465057373,tanh(m1_quote_flow_return_corr_240)|signed_sqrt(m1_flow_mean_60)|(x_flow_std_72*x_trade_surprise_12),-1|-0.5|-1,5,-0.0404911382223857,4,0.027953063441587506,0.10549627653208768,True,True,False
BTC_LONG_903b20c8d347eeca_1d,698284,1d,5.0,99,3,-216.762929312157,0.0791794267353021,33,24.655951019596426,0.3988236636928146,1.2938011936687568,-0.1374364973906958,2.90187593008183,158.18939939720565,0.0128500709574776,113,32.756547619047616,0.0459961652763836,0.3274524391516263,-0.2023544349642116,0.2273049527405637,24.424549043003097,1.3285452908716795,0.0459961652763836,903b20c8d347eeca,1,2.9795384407043457,m1_range_mean_60|signed_sqrt(m1_flow_return_corr_curve_5_15)|signed_sqrt(m1_trade_size_surprise_curve_5_15)|(x_flow_mean_12*x_trade_surprise_12),1|0.5|-1|0.5,4,-0.06020586497409519,2,0.08790218856036561,0.32588236821954764,True,False,False
BTC_LONG_a0065f48361729d1_1d,775261,1d,5.0,99,1,-208.61716938732255,0.0172591584051484,15,11.20725046345292,-0.0652019609948049,-0.4071601633999429,-0.1165703073722261,-0.5593359275154473,-46.35188421307627,0.0235706350039317,46,13.334523809523809,-0.048723478227345,-0.3139512246527914,-0.3008329735289988,-0.1619618941892628,-25.999373484008075,1.1898122427983537,-0.0652019609948049,a0065f48361729d1,1,2.404923677444458,x_downside_share_288|x_flow_sign_bias_288|(x_flow_mean_72*x_return_sum_288),0.5|-0.5|-1,3,-0.13495890315163955,1,0.14757892060802608,0.6199376407586357,False,False,False
BTC_LONG_61223083c71a5935_1d,470033,1d,5.0,99,3,-3.6453087662035353,0.0812473529542274,43,32.12745132856504,0.3258502404773953,1.2766595148129043,-0.1982808320944186,1.6433774108948156,101.9724275228104,-0.0083060514011201,164,47.54047619047619,-0.0960945463419917,-0.3274624935451692,-0.4912874057846634,-0.1955974144879892,-10.73120542878507,1.479746267585415,-0.0960945463419917,61223083c71a5935,-1,2.130995512008667,signed_sqrt(x_flow_std_288)|signed_sqrt(m1_realized_vol_5)|signed_sqrt(m1_vwap_gap_mean_240),-1|-1|-0.5,3,-0.23753654992553502,2,0.05731904772965535,0.21424527592424278,True,False,False
BTC_LONG_7870b892701aaa05_1d,583289,1d,5.0,99,3,-28.303605309336067,0.0584151426403058,51,38.10465157573993,0.3030651543481797,0.9079350605929818,-0.2121610578978496,1.4284673980749951,92.4046416722897,0.0362817847498362,176,51.01904761904762,0.0606014968250721,0.3551238458262289,-0.3827734231366234,0.1583221121479,22.863217192307744,1.338919147906076,0.0606014968250721,7870b892701aaa05,-1,2.968090057373047,tanh(x_trade_size_surprise_72)|signed_sqrt(m1_flow_surprise_240)|(x_flow_std_12*x_return_sum_288)|(x_flow_return_corr_3*x_volume_surprise_12),1|0.5|-1|1,5,-0.23764192455926725,2,0.07397872344270148,0.2847887698302497,False,False,False
BTC_LONG_c04314a0adf69d43_1d,931827,1d,5.0,97,3,-44.826443797588894,0.082118260479279,104,77.70360321327358,0.6170396623919256,1.4976265353852198,-0.3128831712719746,1.9721088222273293,75.20469955501738,0.0257739157855645,315,91.3125,-0.0202074637260145,0.1048143495684804,-0.4787565773071629,-0.0422082216388011,8.809981547718067,1.1751385550213675,-0.0202074637260145,c04314a0adf69d43,-1,2.381216287612915,(x_flow_mean_12*m1_vwap_gap_mean_5)|(x_flow_std_72*x_return_sum_288)|(x_flow_sign_bias_72*x_return_efficiency_12)|(x_flow_std_3*x_jump_concentration_3),1|-0.5|-1|-0.5,3,-0.1648717727118662,2,0.041672901980449026,0.14559721915970003,True,False,False
BTC_LONG_5e5b7e4b1c4bbeeb_1d,456546,1d,5.0,99,4,98.12018483406742,0.0849755321982099,28,20.92020086511212,0.653326582499071,1.7858725330429508,-0.0758622064999858,8.612016610658335,265.9439399468532,0.0342291072116943,184,53.338095238095235,-0.0021385772670464,0.1081399423370871,-0.3004440000304896,-0.0071180561663053,9.79082230405114,2.5495976631393296,-0.0021385772670464,5e5b7e4b1c4bbeeb,-1,2.0589253902435303,m1_range_mean_240|(x_flow_mean_3*x_return_efficiency_72)|(x_flow_std_3*x_return_efficiency_288),-0.5|-1|0.5,3,-0.15762571239351436,2,0.06766866392580022,0.24641573900875793,True,False,False
BTC_LONG_3abaf40799f0400a_1d,283836,1d,5.0,95,2,-150.66144459306486,0.0256377083809402,66,49.31190203919285,-0.0224441312674382,0.0208007933054498,-0.2723158434747995,-0.0824194838649381,5.999856748252494,-0.0012213660932797,272,78.84761904761905,-0.0528450657108333,-0.123882897484337,-0.392095039163033,-0.1347761650431399,1.4253244530771958,1.5989571642349418,-0.0528450657108333,3abaf40799f0400a,1,1.8369536399841309,tanh(x_time_cos_day)|tanh(x_time_sin_week)|signed_sqrt(x_flow_mean_72)|signed_sqrt(x_flow_mean_curve_72_288),-0.5|1|-1|1,4,-0.24869436214621388,2,0.033443180631370625,0.13920830803566184,False,False,False
BTC_LONG_516d3d5652b3b2aa_1d,393684,1d,5.0,99,2,-216.762929312157,0.0642550136179567,33,24.655951019596426,0.258647953715672,0.9308235444954872,-0.214104163021603,1.208047289064503,115.57762669195492,0.0239677650397322,68,19.71190476190476,0.0384234146719681,0.2991373916894162,-0.1896474371501729,0.2026044498642103,32.40405030234456,0.7994785821174708,0.0384234146719681,516d3d5652b3b2aa,-1,1.413690209388733,m1_range_mean_60|signed_sqrt(x_volume_surprise_curve_72_288),-0.5|-0.5,5,-0.09495917702699835,3,0.14790266901884527,0.4227234782243489,False,False,False
BTC_LONG_4807c43fba172cd6_1d,348542,1d,5.0,97,3,-132.6445929842922,0.0392446802006685,93,69.4849528734081,0.2042664151173054,0.738640337159595,-0.4325789378557233,0.4722061044623347,39.38476886678915,0.0339999132893255,325,94.21130952380952,-0.1588182900731848,-0.3741646894418505,-0.6396072314174657,-0.2483059638353676,-7.795153073454199,1.3558519597106065,-0.1588182900731848,4807c43fba172cd6,1,2.313581705093384,x_range_position_288|signed_sqrt(x_flow_return_corr_12)|signed_sqrt(x_return_sum_288)|(x_flow_mean_72*x_jump_concentration_12),-0.5|-1|-0.5|1,4,-0.4876966982805639,1,0.03434318225094716,0.14222496124286774,False,False,False
BTC_LONG_30a9a3b1ef70bb89_1d,234998,1d,5.0,99,4,111.32738315749012,0.0677628246671324,42,31.380301297668176,0.6100890403683064,1.4562044915932095,-0.1458987468835647,4.181592052022154,177.65393341896765,0.0334364168894095,145,42.032738095238095,0.0894065748968528,0.5557802368627213,-0.1669036155455057,0.5356778797429735,29.356420014677443,1.3394625404174014,0.0894065748968528,30a9a3b1ef70bb89,-1,1.9885634183883667,m1_realized_vol_240|tanh(x_volume_surprise_288)|tanh(m1_trade_size_surprise_60)|tanh(m1_flow_mean_curve_15_60),-0.5|1|-0.5|-1,7,0.004813303032094207,3,0.07335147426926662,0.2545183400267839,True,False,False
BTC_LONG_589428ba02b51198_1d,428657,1d,5.0,99,2,-130.40953383979758,0.0050483256267087,28,20.92020086511212,0.4285980354665206,1.5725230476774337,-0.0644479149642029,6.6503010330835615,188.60369081947053,0.0292800073649313,108,31.307142857142857,0.0070691862385778,0.1229681818695997,-0.2765212190472838,0.0255647152971978,11.25002104407295,1.496502976190476,0.0070691862385778,589428ba02b51198,-1,2.7876198291778564,m1_flow_mean_60|m1_quote_flow_return_corr_240|signed_sqrt(x_price_volume_corr_72)|signed_sqrt(m1_realized_vol_15),-0.5|1|1|-0.5,3,-0.09297138826774182,2,0.07424766483965804,0.30093639943052397,False,False,False
BTC_LONG_4c24a5910b8362c7_1d,368305,1d,5.0,99,4,42.81484644702472,0.0637173987361916,29,21.66735089600898,0.374778458643247,1.5797738637652308,-0.1024308369259784,3.6588440541014062,162.13452538277474,0.0119934697219075,127,36.81488095238095,-0.0123482242630256,0.0322569240919716,-0.2675308547518465,-0.0461562621420974,6.69237063182084,1.6990946945508727,-0.0123482242630256,4c24a5910b8362c7,1,1.9009300470352173,signed_sqrt(x_return_skew_3)|(x_flow_std_12*x_return_sum_288)|(x_flow_mean_72*x_return_efficiency_curve_3_12)|(x_flow_mean_72*x_volume_surprise_72),-1|0.5|-1|0.5,5,-0.09732719704157944,1,0.09032396551199803,0.3260594716457541,True,False,False
BTC_LONG_b8123239aca519b1_1d,892284,1d,5.0,99,3,58.619802256738275,0.0038927074307164,48,35.863201483049345,0.4207556380749297,1.9568307884263505,-0.0604741553005721,6.957610833647301,107.7594561262485,-0.0080963369813515,212,61.4547619047619,0.2177305307509425,1.0145763383599211,-0.2237776253269962,0.9729772153618248,40.87355501691169,1.7135882844650203,0.2177305307509425,b8123239aca519b1,1,1.227623462677002,(x_flow_autocorr_12*x_return_efficiency_curve_3_12)|(x_flow_mean_72*x_return_efficiency_12),0.5|1,5,-0.11800843215078388,3,0.04614570120163796,0.18619243924867993,True,True,False
BTC_LONG_38cfdfbe964a0291_1d,274540,1d,5.0,99,3,-62.48834481594745,0.09243437146212,29,21.66735089600898,0.3317796905023877,1.153829420780373,-0.1472695561180236,2.252873569038909,155.3992695845687,0.0301448763960306,103,29.857738095238098,0.1188359526324509,0.7027744588519429,-0.1915022569683205,0.620545963863546,48.07887855264457,1.3780059333759047,0.1188359526324509,38cfdfbe964a0291,-1,1.643664002418518,x_return_autocorr_12|m1_range_mean_60|(x_flow_sign_bias_72*x_return_efficiency_72),0.5|-0.5|-0.5,5,-0.04213931329959503,3,0.09131956687399735,0.35972844332443,True,True,False
BTC_LONG_3842fe56b332e569_1d,271829,1d,5.0,97,4,70.14310539521213,0.0398643050582896,64,47.81760197739912,0.7749426984878445,1.9503384906928511,-0.2075005933602636,3.7346529276780664,135.53854681718522,-0.0039988420050308,245,71.02083333333333,-0.049935070041046,-0.0479237892122092,-0.4266584810862917,-0.1170375657690176,3.142592461809518,1.4852445625964505,-0.049935070041046,3842fe56b332e569,1,1.9040497541427612,m1_range_mean_240|tanh(m1_jump_concentration_60)|signed_sqrt(x_vwap_pressure_288)|(x_flow_std_3*m1_return_sum_5),0.5|0.5|0.5|0.5,4,-0.2161515525400695,2,0.05370383399323181,0.17676317199291736,True,False,False
BTC_LONG_66839828a010ad14_1d,496138,1d,5.0,97,3,-11.051416877150132,0.0612811700242358,85,63.50775262623321,0.5489669438649833,1.2407488642151836,-0.2056769186855646,2.669074135169415,87.65135107391612,0.0289686120468224,229,66.3827380952381,0.2479519210744445,0.900878977490984,-0.3930672346820159,0.6308129988881751,44.891120354746676,1.045269834785766,0.2479519210744445,66839828a010ad14,-1,3.887126445770264,x_return_vol_12|signed_sqrt(x_return_skew_12)|(x_flow_sign_bias_72*x_return_sum_3)|(x_flow_price_gap*x_trade_surprise_12),-1|-0.5|-1|0.5,5,-0.17255073694905837,3,0.03207809348631902,0.14789979386563543,True,True,False
BTC_LONG_3872f77e98ff3b88_1d,272782,1d,5.0,99,3,-215.65397657530804,0.1117465204845808,30,22.41450092690584,0.3078158465646206,1.1030394663704763,-0.2715111531230879,1.1337134516351677,140.89867937807,0.0784037150683805,122,35.36547619047619,0.2423220527251708,1.3939783467858735,-0.0773524466230359,3.1327005583428567,70.16850451909069,1.5777944958847734,0.2423220527251708,3872f77e98ff3b88,1,0.8919686079025269,x_downside_share_288|signed_sqrt(x_return_sum_288)|(x_flow_sign_bias_12*x_trade_surprise_12),-1|-1|0.5,7,0.026434031087625598,4,0.044677534037432395,0.19283988802055912,True,True,False
BTC_LONG_74c82bdfa44c97c1_1d,565393,1d,5.0,95,4,31.99327262152823,0.0341135476563965,59,44.08185182291482,0.2493939711870056,0.7543527320656899,-0.28962088916258,0.8611049151465289,73.09590737463407,0.0478481368584059,236,68.41190476190476,-0.0083822565671122,0.1178351415296681,-0.5071839018661681,-0.0165270556424798,10.084323152174218,1.551929012345679,-0.0083822565671122,74c82bdfa44c97c1,-1,4.036864280700684,x_vwap_pressure_288|tanh(m1_body_mean_5)|signed_sqrt(m1_flow_return_corr_15)|(x_flow_sign_bias_72*x_jump_concentration_288),1|1|-1|-1,4,-0.320564278675921,3,0.05515045012329498,0.20035082949572278,False,False,False
BTC_LONG_91aa9f3c1d73798e_1d,705311,1d,5.0,99,4,88.45443256929283,0.0723658988433383,46,34.36890142125562,0.677910974145506,1.7969792723373292,-0.2256704538487467,3.00398639956593,169.73254713746996,0.0364511081878781,153,44.35178571428571,0.109835105662768,0.5667892118216338,-0.2472757851628575,0.4441805961324916,34.393148670936235,1.2904627113526568,0.109835105662768,91aa9f3c1d73798e,1,2.482651710510254,signed_sqrt(m1_vwap_gap_mean_15)|signed_sqrt(m1_flow_mean_60)|signed_sqrt(m1_range_mean_240),1|1|0.5,5,-0.12789783812359384,3,0.07972517750643143,0.2476809217789799,True,True,False
BTC_LONG_adac219c241a6db1_1d,841859,1d,5.0,99,3,-148.1380275023103,0.0462446366216456,26,19.425900803318395,0.1385910352761992,0.741003527254691,-0.1933097456227983,0.7169376527277072,82.29518337788254,0.0109767655909862,137,39.71369047619048,-0.058519407776713,-0.2369000521907045,-0.2794341706927641,-0.2094210870189341,-5.929928601797492,2.0443680258784425,-0.058519407776713,adac219c241a6db1,-1,1.972433924674988,tanh(x_range_surprise_12)|(x_flow_mean_12*x_return_sum_12)|(x_flow_std_12*x_return_sum_288)|(x_flow_std_72*x_volume_surprise_12),-1|0.5|-0.5|-1,2,-0.10539224649580642,1,0.10411475631704908,0.33257437423734104,False,False,False
BTC_LONG_176395e3ea0c6eb2_1d,113225,1d,5.0,95,4,5.5908755650047155,0.0160945401163575,150,112.0725046345292,1.4214253213389147,2.015242778516279,-0.2333814013423187,6.090568113669002,95.2175681859629,0.0098655380648804,605,175.37797619047618,-0.282925442183046,-0.6434026104095405,-0.8051100047382875,-0.3514121555041599,-9.514252556130996,1.564861754115226,-0.282925442183046,176395e3ea0c6eb2,1,1.9328758716583252,tanh(m1_volume_concentration_60)|tanh(m1_flow_return_corr_curve_60_240)|(x_flow_mean_72*x_return_sum_3)|(x_flow_mean_12*x_trade_surprise_12),-0.5|-0.5|1|1,3,-0.5174543967129728,1,0.02893781342230564,0.11308180315997646,True,False,False
BTC_LONG_b7c426d6da042156_1d,890810,1d,5.0,97,3,-96.2560795510466,0.0832145141019084,26,19.425900803318395,0.0706073872158981,0.4359314580242304,-0.1997113296392144,0.3535472291104006,51.191520479398605,0.0530436236846811,142,41.16309523809524,-0.1127074438304484,-0.5190552721317985,-0.4461870253180923,-0.2526013474957006,-19.41799392280755,2.118979997625831,-0.1127074438304484,b7c426d6da042156,1,2.6538987159729004,m1_range_mean_240|signed_sqrt(x_return_sum_288)|(x_flow_sign_bias_72*x_return_efficiency_72)|(x_flow_std_12*x_jump_concentration_288),0.5|-0.5|0.5|1,2,-0.1587994616659415,1,0.06449636647002702,0.26977195966009004,False,False,False
BTC_LONG_01c36c58e7dbd012_1d,8347,1d,5.0,97,4,37.075125639872184,0.047411331660278,116,86.66940358403592,0.8446302425135668,1.587709589692616,-0.2318555012070425,3.642916549818363,87.45371466495658,0.0344456331981426,450,130.44642857142856,-0.0122921140159634,0.1375194330766628,-0.6732540221087426,-0.0182577654381662,8.649522889393234,1.5051035680076625,-0.0122921140159634,01c36c58e7dbd012,1,1.7500288486480713,m1_realized_vol_240|tanh(x_jump_concentration_288)|(x_flow_return_corr_3*x_volume_surprise_12),0.5|-0.5|-0.5,4,-0.34658426014089233,3,0.027948937740490152,0.11982759632069383,True,False,False
BTC_LONG_b16e26d3230fb605_1d,860179,1d,5.0,97,4,3.927703346276279,0.0666186943880692,110,82.18650339865475,0.4416662615656779,1.1022237998090036,-0.2396196340018174,1.8431972964382712,59.89196909861161,0.0342175971958524,271,78.5577380952381,0.1668164424253928,0.6389075976325641,-0.3825540105575885,0.4360598446798424,31.342191517205965,0.9558471871492704,0.1668164424253928,b16e26d3230fb605,-1,4.0471954345703125,(x_base_quote_flow_gap*x_return_efficiency_12)|(x_flow_std_12*x_return_sum_288)|(x_flow_mean_72*x_return_sum_72)|(x_flow_sign_bias_72*m1_vwap_gap),1|-1|-1|1,5,-0.38286882737283,3,0.03856029122470464,0.15807848810651323,True,True,False
BTC_LONG_8fc5253dcace3bfd_1d,695945,1d,5.0,99,3,-181.76589329080977,0.0644188199041894,36,26.897401112287007,0.4622269068510025,1.4023678521697027,-0.2147665724743006,2.152229285618056,162.53835278642785,0.0387250658007062,144,41.74285714285714,0.0405338801603265,0.2896374787939157,-0.3623359095498015,0.1118682390897702,20.261551421621604,1.551929012345679,0.0405338801603265,8fc5253dcace3bfd,1,2.9234182834625244,(x_flow_std_72*x_return_sum_288)|(x_flow_sign_bias_72*m1_vwap_gap)|(x_flow_mean_12*x_volume_surprise_72),0.5|-1|1,4,-0.24022331608204694,2,0.06579404001907896,0.2650255521688671,True,False,False
BTC_LONG_8ad3df99c0fa96a0_1d,672061,1d,5.0,99,3,170.72069406600738,0.0481988418905854,28,20.92020086511212,0.9325776091580418,2.364932251102629,-0.0248166848382426,37.5786538466627,339.2509131383364,0.0101593131072901,180,52.17857142857143,0.1630089242062284,0.7683005771853783,-0.263517383302175,0.618588884587194,38.94642063368242,2.494171626984127,0.1630089242062284,8ad3df99c0fa96a0,1,1.589942216873169,tanh(m1_downside_share_15)|signed_sqrt(m1_vwap_gap_mean_240)|(x_flow_mean_72*x_wick_asymmetry),0.5|0.5|-1,4,-0.1404418545330633,3,0.05395957116926031,0.22820920848819548,True,False,False
BTC_LONG_c97cc025264c5362_1d,976420,1d,5.0,97,2,-107.64559367641591,0.0275829908855499,29,21.66735089600898,0.0487659243046094,0.3279297055412835,-0.1873781471182611,0.2602540640656005,40.017365937752785,-0.0048101533422425,130,37.68452380952381,-0.085175054152908,-0.3026941344961917,-0.4367699946733883,-0.1950112306057127,-12.28913797700789,1.7392307896977437,-0.085175054152908,c97cc025264c5362,1,1.636054515838623,tanh(x_time_cos_week)|signed_sqrt(x_flow_autocorr_72)|signed_sqrt(x_return_sign_bias_288),-0.5|0.5|-1,3,-0.22301445823121813,2,0.06992786283520944,0.2615246550802512,False,False,False
BTC_LONG_4b5d552ad847a7a7_1d,364640,1d,5.0,99,3,-32.40437144938638,0.0741892278784791,20,14.943000617937226,0.2066384143549737,0.990789075431417,-0.1127371483720627,1.8329221320465885,145.0420114646251,0.0289330156337674,186,53.917857142857144,-0.0257710157509829,-0.0389467049797781,-0.2794415927470379,-0.092223263894405,3.609245594902829,3.608234953703704,-0.0257710157509829,4b5d552ad847a7a7,1,1.5045183897018433,m1_flow_mean_60|tanh(m1_range_mean_15)|(x_flow_std_72*x_return_efficiency_12),0.5|1|0.5,5,-0.23955822463241921,2,0.07712451474557577,0.26285619013868533,False,False,False
BTC_LONG_61f027271aa554ae_1d,473949,1d,5.0,97,3,-49.438570795666685,-0.004668682744157,124,92.6466038312108,0.2572561336693328,0.7946151701782438,-0.2909789053901165,0.8841057853469777,37.70704545834449,-0.0223614995265274,431,124.93869047619047,-0.0865451984417343,-0.0942801898470396,-0.5917145980002052,-0.1462617260656198,2.4152693240875296,1.348551218389088,-0.0865451984417343,61f027271aa554ae,1,1.2662155628204346,m1_flow_mean_240|tanh(x_range_surprise_72),0.5|1,4,-0.3698914495023658,2,0.03723368502124061,0.13513455217363218,False,False,False
BTC_LONG_792f358172cdd2ff_1d,586955,1d,5.0,95,3,-27.876416650939923,0.0670374290144071,135,100.86525417107627,0.8773112562917951,1.5484986389788522,-0.2747141884951071,3.1935418446995167,78.88444379829158,0.0248220233737769,545,157.98511904761904,-0.2697429601607495,-0.7060493848446195,-0.807026869001457,-0.3342428493050118,-10.896240340307587,1.5662987254229537,-0.2697429601607495,792f358172cdd2ff,1,3.0883259773254395,m1_range_mean_240|(x_flow_mean_3*x_wick_asymmetry)|(x_flow_mean_72*m1_return_sum_15),0.5|-1|1,3,-0.4535746255155027,0,0.022484348449622434,0.10276171133454322,True,False,False
BTC_LONG_6e10338664057707_1d,532818,1d,5.0,99,3,-104.8042119648468,0.0599726942427421,20,14.943000617937226,0.5991787091133518,1.5183035986218687,-0.114555375060188,5.230472239286368,355.96751662578225,0.0239599042634454,35,10.145833333333334,0.0632462642174591,0.5238291175159666,-0.0915185929081037,0.6910755750032831,74.06275437257045,0.6789689429012346,0.0632462642174591,6e10338664057707,-1,2.4237842559814453,x_return_vol_72|m1_flow_surprise_15|tanh(m1_range_mean_60)|(x_flow_std_3*x_return_sum_288),-1|-0.5|1|-0.5,5,-0.03139658933718381,2,0.187629915393178,0.55627282955483,True,False,False
BTC_LONG_7f9008e87125d7ae_1d,617538,1d,5.0,97,4,64.08755259739559,0.0597393048580965,105,78.45075324417044,0.807216652353276,1.545176150160899,-0.2496962001295973,3.232795100343194,93.24590148000895,0.027840974971746,357,103.4875,0.1862690488418126,0.6893502824339891,-0.5124057541895646,0.3635186516131556,26.489387711387348,1.319139660493827,0.1862690488418126,7f9008e87125d7ae,1,1.996071696281433,x_vwap_pressure_288|x_flow_sign_bias_curve_72_288|signed_sqrt(m1_volume_surprise_curve_60_240)|(x_flow_autocorr_3*x_return_efficiency_12),-0.5|0.5|0.5|1,5,-0.21814699650544273,2,0.037732000247765615,0.14521114005410343,True,False,False
BTC_LONG_7d3d66c8ed279e05_1d,606470,1d,5.0,99,2,-448.8575106992426,0.0313030543489329,17,12.701550525246642,0.1042332426526726,0.5336797658026362,-0.1737739721195027,0.5998207981399678,105.3032542133192,0.0183094219004893,58,16.813095238095237,0.0815605809541928,0.5352123479925256,-0.2157727109967363,0.3779930306174188,60.6591798417213,1.3237041575889614,0.0815605809541928,7d3d66c8ed279e05,-1,1.7948744297027588,tanh(x_flow_autocorr_3)|tanh(x_return_sign_entropy_72)|tanh(x_flow_mean_288)|(x_flow_std_12*x_return_sum_288),-0.5|1|1|-0.5,5,-0.10361995634284626,3,0.13206129787589996,0.4420651550383243,False,False,False
BTC_LONG_8a84f7adec6f2c5d_1d,670595,1d,5.0,99,4,0.5632289869863157,0.085006673740573,16,11.95440049434978,0.3520224377716754,1.5132171292791607,-0.0794558818951036,4.430413826838013,275.30624301476786,0.031124224382234,67,19.42202380952381,0.0966018391087752,0.5823518426037348,-0.1921382811329848,0.5027724747985759,61.39597692731137,1.6246756847993828,0.0966018391087752,8a84f7adec6f2c5d,-1,1.7220041751861572,tanh(m1_flow_mean_curve_15_60)|(x_flow_mean_72*x_close_location)|(x_flow_std_72*x_return_sum_288)|(x_flow_return_corr_72*x_return_efficiency_288),-1|-1|-0.5|-0.5,7,0.005976643140555238,4,0.11390731783322075,0.4199407225863079,True,False,False
BTC_LONG_b7ca1e396f4fe8f2_1d,890926,1d,5.0,99,3,-484.48833109933867,0.0732208376268242,19,14.195850587040365,0.2067859292046006,0.9185911379732896,-0.1088119671879085,1.9003969374756344,156.0785193638947,0.0193836252645339,102,29.567857142857143,0.0361921778618943,0.2764737992893554,-0.3137836453720172,0.1153411861825539,23.925959342630325,2.0828520955165692,0.0361921778618943,b7ca1e396f4fe8f2,1,1.6823008060455322,x_flow_autocorr_72|(x_flow_std_12*x_return_sum_288)|(x_flow_std_12*m1_return_efficiency_5)|(x_flow_sign_bias_72*x_volume_surprise_12),0.5|0.5|0.5|1,3,-0.08076321304993023,2,0.09469673316365185,0.3758377678273498,False,False,False
BTC_LONG_9044a6d8eaac417b_1d,698469,1d,5.0,99,4,21.386810405470193,0.0507858655687151,33,24.655951019596426,0.3360567369011857,1.6431162620061468,-0.0769441104237849,4.367543338278743,129.3872400180082,0.0249390766721611,144,41.74285714285714,0.1915262580191836,0.8597516409428422,-0.3870077971928658,0.4948899205866292,53.59250740966087,1.6930134680134676,0.1915262580191836,9044a6d8eaac417b,-1,3.3970847129821777,m1_jump_concentration_60|(x_flow_std_72*x_return_sum_288),-1|-1,5,-0.09477083682269993,3,0.07424676253320482,0.2242740589081447,True,True,False
BTC_LONG_6acdbb3b70568efb_1d,516901,1d,5.0,97,4,31.64645189946615,0.0604471041178426,87,65.00205268802694,0.7563026573693159,1.823163894398633,-0.153423404933377,4.929512923388284,100.41892240516547,1.4829935830870324e-05,351,101.74821428571428,0.2595028969902586,0.8819221702566857,-0.2317829017126369,1.1195946511705543,32.58689656176985,1.5653077107279691,0.2595028969902586,6acdbb3b70568efb,-1,1.0800756216049194,m1_return_efficiency_60|m1_range_mean_60|tanh(m1_volume_surprise_curve_5_15)|signed_sqrt(m1_range_mean_15),-0.5|-0.5|-0.5|0.5,7,0.06247425033871118,4,0.03909387780990499,0.14425681924131217,True,True,True
BTC_LONG_bf446a406a4514a8_1d,927078,1d,5.0,97,3,-46.47182491182412,0.0140179486041539,68,50.80620210098657,0.2669401941962743,0.7890457487859471,-0.2142086408052483,1.246169123676798,67.75835353485633,0.024365765946075,269,77.97797619047618,0.1680067468482329,0.6976477757122889,-0.3695734115540088,0.4545964119599028,29.80921868260034,1.5348121482389252,0.1680067468482329,bf446a406a4514a8,-1,2.0786709785461426,x_volume_surprise_72|x_vwap_pressure_288|tanh(x_range_position_72)|(x_flow_mean_72*m1_vwap_gap),-0.5|0.5|0.5|-0.5,5,-0.2600113396604358,3,0.043120948766243956,0.16840731100027034,False,False,False
BTC_LONG_c0d6b5cf170b9a6c_1d,934641,1d,5.0,97,3,-35.53115320217515,0.0528245480924687,42,31.380301297668176,0.2402297103592192,0.8566555636495323,-0.1172666362661223,2.0485767990653985,86.5640127317504,0.001227841997854,194,56.23690476190476,-0.1076343848599622,-0.4083503903565239,-0.4857757973799443,-0.2215721438583263,-10.915071352747864,1.7921085023515577,-0.1076343848599622,c0d6b5cf170b9a6c,-1,2.9821901321411133,x_flow_sign_bias_72|x_return_autocorr_288|tanh(x_flow_std_288)|signed_sqrt(m1_realized_vol_5),-1|1|1|-0.5,3,-0.17502970766029863,1,0.04749007574422044,0.21910367438573378,False,False,False
BTC_LONG_49e31636dd97b933_1d,357481,1d,5.0,95,2,-92.83349309948164,0.0015877548305854,141,105.34815435645744,-0.0973339287430181,-0.0594863761635743,-0.4614876239333956,-0.2109134106640006,2.774503616906906,0.0147375036257903,579,167.84107142857144,-0.106146257325049,-0.1108078175414242,-0.6831725842321592,-0.1553725365668038,2.5248068738362552,1.5932037201208302,-0.106146257325049,49e31636dd97b933,1,1.3308415412902832,tanh(x_return_sign_entropy_12)|(x_flow_mean_72*x_wick_asymmetry),-0.5|1,4,-0.49979945512775703,2,0.025867218333444943,0.09041050651421166,False,False,False
BTC_LONG_83cd86d69a39af41_1d,637820,1d,5.0,97,3,-10.498786266319652,0.0641775209628571,129,96.3823539856951,0.2315925112194039,0.7525271596987604,-0.2225945328662634,1.0404231776822055,33.28074634888572,-0.0107749055058939,445,128.9970238095238,-0.1226569885242963,-0.2796803930711699,-0.5487021067036766,-0.223540217953886,-1.5506525087784675,1.3383883924298976,-0.1226569885242963,83cd86d69a39af41,-1,2.1493186950683594,x_flow_mean_72|signed_sqrt(x_return_sign_bias_3)|(x_flow_mean_12*x_trade_surprise_288),-1|0.5|1,3,-0.28038670968609297,1,0.025282978255960726,0.10353689177731437,False,False,False
BTC_LONG_0c97d9dc94a4e83c_1d,60933,1d,5.0,97,2,-44.56282410536626,0.0547755820811595,59,44.08185182291482,0.0917385269628192,0.4336223544261486,-0.283033571385454,0.3241259562028548,35.933011023955615,0.0133215855619021,265,76.81845238095238,-0.0265865183166881,0.0500856367407547,-0.3099499140167842,-0.0857768210745444,6.872998874803523,1.742632153693241,-0.0265865183166881,0c97d9dc94a4e83c,1,2.2229013442993164,m1_flow_std_240|tanh(x_flow_mean_curve_72_288)|(x_flow_std_12*x_jump_concentration_3)|(x_flow_mean_72*x_trade_surprise_288),-1|1|-0.5|-1,3,-0.185218558165951,2,0.05271507650018488,0.21213764539432184,False,False,False
BTC_LONG_2b957c72e6ce70f1_1d,210508,1d,5.0,95,3,-41.29258390057456,0.0599873087817469,149,111.32535460363232,0.7042768866249232,1.4592294046222714,-0.3853509551653457,1.827624603454618,61.18829921482824,-0.0088954934227131,548,158.85476190476192,-0.0953166172449135,-0.0680057133917629,-0.6180423819215545,-0.1542234319733298,3.3504687426894133,1.4269414408815977,-0.0953166172449135,2b957c72e6ce70f1,1,2.47009015083313,x_flow_sign_bias_72|(x_flow_mean_72*x_wick_asymmetry)|(x_flow_std_3*x_trade_surprise_3)|(x_flow_return_corr_12*x_trade_surprise_12),1|1|0.5|-1,3,-0.141467378240888,1,0.025368125294644654,0.10723106045482607,False,False,False
BTC_LONG_10cf45df971333e4_1d,81347,1d,5.0,99,4,11.587301587300818,0.0445894166675656,14,10.46010043255606,0.3879216940317618,1.4070113873064134,-0.0533643290468881,7.269307062605762,345.0123195217618,0.037847894823561,60,17.392857142857142,0.0036112599787965,0.0955486819020838,-0.1966946392499963,0.0183597275074012,12.70209839057516,1.6627810846560844,0.0036112599787965,10cf45df971333e4,1,2.845548152923584,m1_quote_flow_return_corr_240|signed_sqrt(x_return_vol_72)|(x_flow_mean_72*x_close_location),-1|1|1,5,-0.16866587674249878,2,0.10293109196431859,0.45983218505783013,True,False,False
BTC_LONG_9c3cd8ce0b149366_1d,756704,1d,5.0,95,4,86.73834160688796,0.0752841787456916,41,30.63315126677131,0.5989736145616227,1.5473339124799417,-0.1011829848120654,5.919706911929315,175.0479148957461,0.017645890545217,281,81.45654761904761,-0.0259296810208294,0.0333654447545697,-0.4530596313202253,-0.0572323800848684,6.088924236673383,2.6590978809093646,-0.0259296810208294,9c3cd8ce0b149366,1,1.705633521080017,x_return_sign_bias_288|m1_range_mean_240|tanh(x_time_cos_day),0.5|0.5|-1,3,-0.1476315965244835,1,0.048840964529086074,0.18418349497487208,True,False,False
BTC_LONG_6527a925d2335fe4_1d,489682,1d,5.0,99,3,-39.24862097704207,0.0469693229841201,36,26.897401112287007,0.3929487784438368,1.382852975196949,-0.135446147975881,2.901143992030023,141.21622690685737,0.0240968156534408,84,24.35,-0.0946266345484153,-0.4432996052210782,-0.4509611807039182,-0.2098332153572729,-28.76757408911328,0.9052919238683128,-0.0946266345484153,6527a925d2335fe4,-1,2.881380081176758,m1_realized_vol_240|signed_sqrt(x_return_autocorr_72)|signed_sqrt(m1_body_mean_5)|(x_flow_autocorr_72*m1_return_sum_15),-1|1|-0.5|-0.5,2,-0.256769395472951,1,0.13715337262630284,0.475618918818439,True,False,False
BTC_LONG_6ef8fe87e65b1c00_1d,537290,1d,5.0,99,3,-55.159188252422645,0.0293527347254811,14,10.46010043255606,0.2588013208311799,1.0196857115327214,-0.0785442331673651,3.2949754602570995,251.88446362198715,0.0235646761624772,46,13.334523809523809,0.0251271055293698,0.2820135442958807,-0.1422952366369653,0.1765843054428873,28.04531540114233,1.2747988315696648,0.0251271055293698,6ef8fe87e65b1c00,-1,4.841336727142334,x_vwap_pressure_288|tanh(x_flow_return_corr_72)|tanh(x_range_surprise_curve_72_288)|(x_impact_per_flow_72*x_jump_concentration_288),1|0.5|1|0.5,5,-0.12277344863240247,3,0.10940515489026119,0.45737544534400226,True,False,False
BTC_LONG_63198055b3aa01e2_1d,479659,1d,5.0,97,4,16.033756029888075,0.0020776457449423,59,44.08185182291482,0.130269236745669,0.6363347281621902,-0.1920584420460351,0.6782791496061618,39.05929552235415,0.0012499969218231,219,63.48392857142857,-0.0003405204999687,0.1199678795949507,-0.3193259720276709,-0.0010663727031238,9.564532687973267,1.4401375156936596,-0.0003405204999687,63198055b3aa01e2,1,1.574004054069519,tanh(x_return_sign_entropy_72)|signed_sqrt(m1_quote_flow_return_corr_240)|(x_flow_mean_72*x_jump_concentration_288),-1|-0.5|-0.5,4,-0.14972930717392846,2,0.04144975395833373,0.15510151855526785,False,False,False
BTC_LONG_643dbcf757f39fd6_1d,485245,1d,5.0,99,3,-43.326987480224055,0.0672201623569097,29,21.66735089600898,0.2961972111922972,1.1418869418859583,-0.135446147975881,2.186826392767118,139.56740165328202,0.0331267435645143,78,22.610714285714284,0.0088180753088125,0.1389548141313964,-0.1351413023588213,0.0652507794056855,16.206533582457528,1.043538473818646,0.0088180753088125,643dbcf757f39fd6,1,2.8505959510803223,m1_realized_vol_60|signed_sqrt(m1_return_efficiency_240)|(x_flow_autocorr_72*x_return_efficiency_288),1|-1|-1,4,-0.04858950342483154,2,0.13374521082825178,0.4499950794636323,True,False,False
BTC_LONG_17839a8fc949daa9_1d,113825,1d,5.0,95,3,-20.550083023804905,0.0366898525708433,98,73.22070302789241,0.5469963859889995,1.287288995142414,-0.2195238110662757,2.491740569426692,75.45084393276902,0.0385824849134496,367,106.38630952380952,0.1112969305917912,0.4810299181366441,-0.5619593808913572,0.1980515574190728,20.239148341419934,1.4529539477828166,0.1112969305917912,17839a8fc949daa9,-1,1.8549249172210691,m1_flow_return_corr_curve_60_240|signed_sqrt(m1_range_mean_240)|(x_flow_mean_72*m1_vwap_gap)|(x_flow_sign_bias_72*x_return_sum_288),0.5|-0.5|-0.5|-0.5,3,-0.2517844156255871,2,0.03367106581983541,0.11947036491716656,True,False,False
BTC_LONG_c12e702b54d89a5b_1d,936296,1d,5.0,99,3,-9.692296709486682,0.022002915966033,16,11.95440049434978,0.1537959484865751,1.2829620560024066,-0.0401795526626553,3.827716793609796,130.18362369098966,-6.127729177873135e-05,59,17.10297619047619,0.0215156825942166,0.217236187652701,-0.2587361197648242,0.0831568573176916,24.42414239569946,1.430684558256173,0.0215156825942166,c12e702b54d89a5b,1,1.8539060354232788,(x_flow_autocorr_72*x_return_sum_288)|(x_flow_mean_72*x_jump_concentration_72),-0.5|1,5,-0.13071999934739542,2,0.09620100065714315,0.3472591723903044,False,False,False
BTC_LONG_b7542b0106e09467_1d,888674,1d,5.0,97,4,62.47370717315526,0.0800405714289834,84,62.76060259533635,0.9458897205200268,1.9718303039109657,-0.1408965655147026,6.713362508622132,121.76631413858748,0.0389278982622655,243,70.44107142857143,0.1363665950392856,0.5705439795220802,-0.3224968649189523,0.4228462657258894,29.731135778903205,1.1223772321428571,0.1363665950392856,b7542b0106e09467,1,3.5321812629699707,x_vwap_pressure_12|signed_sqrt(x_return_vol_12)|(x_flow_sign_bias_12*x_jump_concentration_12)|(x_flow_std_72*x_volume_surprise_12),-1|1|1|0.5,5,-0.14544809824116395,3,0.04815910064171066,0.17083630202458638,True,True,False
BTC_LONG_8bee2c5882156e1e_1d,677447,1d,5.0,99,3,-63.02407912695013,0.0701542401864988,43,32.12745132856504,0.3375801521993145,1.1132556682050223,-0.1171197187783604,2.8823511166224485,109.44099996971568,0.0272372439360836,109,31.597023809523808,0.2227122519762636,1.0526047221899963,-0.2604229784858781,0.8551943199142106,75.6274278979864,0.9834898973585988,0.2227122519762636,8bee2c5882156e1e,-1,3.3108553886413574,m1_range_mean_15|(x_flow_std_3*x_return_sum_12)|(x_flow_sign_bias_72*x_return_efficiency_curve_72_288),-1|-1|-1,6,-0.11492729794732537,3,0.05311891114105316,0.23276407061065416,True,True,False
BTC_LONG_a2d8e0c287bc597d_1d,788912,1d,5.0,99,4,47.58882353710599,0.0737655966129209,46,34.36890142125562,0.7046957584489966,1.7962914257473783,-0.1376237810401266,5.12045050007404,175.21256101598198,0.0351502587952671,95,27.53869047619047,0.0283723019288173,0.2391916081017421,-0.3579338433980826,0.079266888147435,24.77708671573809,0.8012676965915189,0.0283723019288173,a2d8e0c287bc597d,-1,2.0455985069274902,x_downside_share_288|m1_range_mean_240|signed_sqrt(x_return_efficiency_curve_12_72)|(x_flow_sign_bias_12*m1_vwap_gap_mean_5),-0.5|-0.5|-0.5|0.5,4,-0.2151550492181024,3,0.0951126574839195,0.2845173872800377,True,False,False
BTC_LONG_197a2aeb8de14311_1d,123169,1d,5.0,97,3,-9.280366655355698,0.080570810729039,80,59.772002471748905,0.8154056247395285,1.6324138652646245,-0.2793773824785925,2.9186529614723176,119.08715974371816,0.0397311921049103,281,81.45654761904761,0.0698717027697566,0.3773129288859979,-0.3910325969820369,0.1786851104205165,18.77151081731417,1.3627876639660492,0.0698717027697566,197a2aeb8de14311,-1,1.5736902952194214,signed_sqrt(m1_flow_return_corr_curve_5_15)|(x_flow_std_72*x_return_sum_288)|(x_flow_return_corr_72*x_return_efficiency_curve_12_72)|(x_flow_autocorr_12*x_trade_surprise_288),0.5|-0.5|-0.5|0.5,4,-0.2213855269445405,2,0.03195951835998284,0.1297035883459875,True,False,False
BTC_LONG_724dd62221db474d_1d,553298,1d,5.0,95,4,52.154708091513875,0.057831413291457,123,91.89945380031394,0.8295429989388448,1.7045486022322598,-0.2546418096838537,3.2576857664055634,79.32427689094303,0.010140299028825,524,151.89761904761903,0.1366214854586147,0.527875702059388,-0.3262025847816716,0.4188240431940658,17.96827310466885,1.6528674846933653,0.1366214854586147,724dd62221db474d,1,2.7022266387939453,signed_sqrt(x_flow_price_gap)|signed_sqrt(x_flow_mean_288)|signed_sqrt(m1_trade_surprise_15)|(x_flow_mean_72*x_trade_surprise_3),1|1|-0.5|-1,5,-0.0979178528549966,3,0.02853979608651895,0.1115282860742031,True,True,False
BTC_LONG_845287272ef90cce_1d,640364,1d,5.0,99,4,66.9568963745533,0.0507453532174722,35,26.150251081390145,0.6239520355654182,1.6865448859051904,-0.1372609741914523,4.54573515335194,208.4914056322257,0.0259405179180866,119,34.49583333333333,0.1423140465128887,0.7461707447649017,-0.1459966259352235,0.9747762703504615,49.61345956274556,1.319139660493827,0.1423140465128887,845287272ef90cce,-1,1.6089950799942017,m1_realized_vol_240|signed_sqrt(m1_volume_surprise_15)|(x_flow_autocorr_72*x_return_efficiency_288)|(x_flow_autocorr_12*x_trade_surprise_72),-0.5|-0.5|0.5|-0.5,5,-0.04612123168884563,3,0.08540926908784682,0.29672897458726377,True,True,False
BTC_LONG_77c0c603d7ccaac3_1d,580073,1d,5.0,95,3,-20.964767953303102,0.0085179866807071,125,93.39375386210766,0.2848421044269671,0.9437066379475628,-0.2079364182680093,1.3698519326221823,37.22672523968112,-0.0089720441195536,508,147.2595238095238,-0.1414727479644008,-0.2620790445154762,-0.648180423816082,-0.2182613710107095,-1.2286927375109775,1.57675987654321,-0.1414727479644008,77c0c603d7ccaac3,-1,1.1963261365890503,(x_flow_mean_72*x_volume_surprise_curve_3_12)|(x_flow_sign_bias_72*x_volume_surprise_3),1|0.5,4,-0.5180822302404098,2,0.028731149186596826,0.11786091676311829,False,False,False
BTC_LONG_aa62c1c698f202e4_1d,825820,1d,5.0,99,2,-10.201743745783611,-0.0009784788468342,51,38.10465157573993,0.2449318368604103,1.2732133739660412,-0.1009855448271853,2.4254148183243207,66.91140252421806,-0.0095411345789284,206,59.71547619047619,0.0252841643073895,0.2279847006044604,-0.1999696657938794,0.1264399988218785,11.863250878266207,1.5671440026627934,0.0252841643073895,aa62c1c698f202e4,-1,1.173965573310852,signed_sqrt(m1_return_efficiency_curve_5_15)|(x_flow_mean_72*x_volume_surprise_12),0.5|1,4,-0.2047513327777719,3,0.0492281969586002,0.21696127951236813,False,False,False
BTC_LONG_25669db8c42c5400_1d,180588,1d,5.0,99,3,9.633178250243642,0.0504332983455819,19,14.195850587040365,0.2294801517533242,1.2125663092901957,-0.1068783864990736,2.147114671826686,162.29635605542222,-0.0148628566122559,144,41.74285714285714,0.0335903347351764,0.2765260377834069,-0.1890752236050694,0.1776559302414907,16.53217608586684,2.9404970760233917,0.0335903347351764,25669db8c42c5400,-1,2.0034875869750977,m1_flow_mean_240|signed_sqrt(x_jump_concentration_288)|(x_flow_std_72*x_close_location),-1|0.5|-1,3,-0.10501553772644223,2,0.10148213363240163,0.317268521318189,True,False,False
BTC_LONG_51c81ff22ef5bf9a_1d,395466,1d,5.0,99,3,-30.237739996944644,0.0966349902534849,41,30.63315126677131,0.4718411307254262,1.3725742147266424,-0.130399320098693,3.618432445570362,145.7739548118591,0.055839874428741,153,44.35178571428571,-0.0389521503046538,-0.0225546188266785,-0.5410558371059625,-0.0719928473796786,3.690243231934498,1.4478362127371274,-0.0389521503046538,51c81ff22ef5bf9a,1,2.1879591941833496,m1_jump_concentration_240|(x_flow_std_72*x_return_sum_288)|(x_flow_return_corr_3*x_volume_surprise_curve_12_72),-0.5|0.5|-0.5,4,-0.23683733129966528,2,0.05933484547573354,0.21676765019659341,True,False,False
BTC_LONG_7b446c352b5f7046_1d,596872,1d,5.0,99,3,-153.6667247517244,0.0632901023124845,38,28.39170117408073,0.2663387938223589,0.9427333143467184,-0.2353742735517709,1.1315543954882443,103.64540210985191,0.0076290665651562,165,47.83035714285714,-0.0047146344313911,0.0942361776537647,-0.3088533948360187,-0.0152649590719064,9.578860788000725,1.6846597831384014,-0.0047146344313911,7b446c352b5f7046,-1,2.772421598434448,tanh(m1_body_mean_60)|(x_flow_std_12*x_return_sum_288)|(x_flow_return_corr_12*x_jump_concentration_12),-0.5|-1|1,5,-0.26400153251595987,2,0.0830021669314437,0.2536619350516836,False,False,False
BTC_LONG_b0ec8e0db476f279_1d,857714,1d,5.0,99,3,-81.69994927854775,0.065046545511845,30,22.41450092690584,0.3537178309555768,1.383748011566102,-0.1470117295034607,2.4060517630142573,152.35312613316927,0.0252191951164545,135,39.13392857142857,0.0558719580874731,0.3888038696267334,-0.1579867414261881,0.353649664415521,23.06238399859421,1.7459201388888885,0.0558719580874731,b0ec8e0db476f279,1,1.6050010919570925,(x_flow_mean_12*x_return_efficiency_72)|(x_flow_std_12*x_return_sum_288)|(x_flow_std_12*x_jump_concentration_3)|(x_flow_std_72*x_trade_surprise_288),0.5|0.5|1|-0.5,4,-0.12493282395034705,2,0.08059987043075051,0.30606737591853017,True,False,False
BTC_LONG_b55a4a237f8a3cef_1d,878968,1d,5.0,99,3,-50.17806672745762,0.1102053504520683,30,22.41450092690584,0.2796405335117919,1.1212185025345007,-0.0745676934400975,3.750156677924277,127.02208240079985,0.006780058542478,166,48.12023809523809,-0.0631054273806958,-0.2298910529506667,-0.313261857264881,-0.2014462530857579,-4.43112002818414,2.146835133744856,-0.0631054273806958,b55a4a237f8a3cef,-1,1.8379460573196411,tanh(x_flow_mean_curve_3_12)|tanh(x_flow_mean_curve_72_288)|signed_sqrt(x_return_vol_72)|(x_flow_std_12*x_trade_surprise_12),0.5|-1|-0.5|-1,5,-0.19380390269884284,2,0.0839353492014208,0.3145465887459318,True,False,False
BTC_LONG_43d17cb4d724e928_1d,327965,1d,5.0,99,4,52.67064340446159,0.074032372083057,17,12.701550525246642,0.5365032949468778,1.3675615342235892,-0.135446147975881,3.9610081420876817,389.0749911515188,0.0357268130877732,78,22.610714285714284,0.0768983646310748,0.5776958154673211,-0.1443999218665718,0.5325374393355303,42.47337971503613,1.7801538671023964,0.0768983646310748,43d17cb4d724e928,1,2.827822208404541,x_return_vol_72|x_return_skew_72|tanh(x_avg_trade_size_log)|signed_sqrt(m1_body_mean_240),0.5|1|0.5|-1,4,-0.05633225838555256,4,0.08808877185531996,0.33731302137996233,True,False,False
BTC_LONG_0a669d5c24635368_1d,50349,1d,5.0,99,3,-26.737651378004877,0.0519688625821187,22,16.43730067973095,0.6595915672959891,1.6967203307149576,-0.1231131711199298,5.357603587787149,343.21861193615916,0.0125483765021758,102,29.567857142857143,-0.0912863915139788,-0.5010156553704341,-0.3446885696795613,-0.2648373040012409,-22.78998871158352,1.7988268097643096,-0.0912863915139788,0a669d5c24635368,-1,1.895068883895874,x_return_vol_72|tanh(m1_flow_surprise_curve_60_240)|(x_flow_sign_bias_72*x_volume_surprise_12)|(x_flow_return_corr_72*x_volume_surprise_288),-0.5|-1|-0.5|-0.5,2,-0.1396991815254237,1,0.14114897088997339,0.3764712122547593,True,False,False
BTC_LONG_8fe9672a676cc4c3_1d,696611,1d,5.0,95,4,44.975496794199465,0.0381829903707022,108,80.69220333686103,0.9552158797437784,1.9077683131477536,-0.1374364973906957,6.950234456487576,97.45442447438656,0.0177594829326901,507,146.96964285714284,0.0295253993916162,0.2618877689904758,-0.5255727039934909,0.0561775738490062,11.558553454326104,1.8213611325445813,0.0295253993916162,8fe9672a676cc4c3,1,1.9642887115478516,m1_return_autocorr_5|m1_realized_vol_240|signed_sqrt(x_return_skew_3)|(x_flow_return_corr_12*x_volume_surprise_3),0.5|0.5|0.5|1,5,-0.3404627129614032,2,0.029063452358225106,0.10629673026055389,True,False,False
BTC_LONG_5849b9f5f88179ab_1d,427234,1d,5.0,97,3,-93.60013907494633,0.0541698879919997,65,48.56475200829598,0.0340514502250404,0.2565636278019043,-0.3316199749300368,0.1026821446211869,19.63157227394917,0.0266422612731458,413,119.72083333333332,0.0262507346962137,0.2409429446396359,-0.376122592093839,0.0697930282519813,11.55488592196384,2.465179546533713,0.0262507346962137,5849b9f5f88179ab,1,1.9914543628692627,signed_sqrt(x_flow_std_3)|signed_sqrt(m1_range_mean_240)|(x_flow_mean_72*x_close_location),-1|0.5|-1,4,-0.0902337846712798,2,0.02952476878106826,0.13687302675351382,False,False,False
BTC_LONG_61d6b44a228721f3_1d,473511,1d,5.0,97,3,-15.102097257625235,0.0270071196856725,76,56.78340234816146,0.716285038388131,1.5814102310436164,-0.363504811966851,1.9704967164326035,113.01623545026312,-0.0036361406673909,312,90.44285714285714,-0.1210011372621648,-0.2698899050382733,-0.5887364299493524,-0.2055268386781744,-4.130638925981242,1.5927692495126704,-0.1210011372621648,61d6b44a228721f3,-1,1.966247797012329,tanh(x_trade_surprise_288)|(x_flow_std_3*x_return_sum_288)|(x_flow_mean_72*m1_return_sum_5)|(x_flow_mean_72*m1_return_efficiency_5),-0.5|-0.5|1|-1,2,-0.3948305196368657,2,0.04396286236351868,0.16192108817182996,False,False,False
BTC_LONG_3d444a8d38f7026a_1d,296104,1d,5.0,99,3,-93.10349669740842,0.0954439221722377,56,41.84040173022424,0.8302035975161863,1.9494833816913015,-0.1411321705226628,5.882454683731186,162.1276372142235,-0.0085535142633405,223,64.64345238095238,-0.0647193671760503,-0.2173485467527142,-0.505259834756387,-0.128091256664514,-2.0054746869261098,1.5450007578262785,-0.0647193671760503,3d444a8d38f7026a,-1,2.265493631362915,tanh(m1_flow_mean_curve_60_240)|signed_sqrt(x_avg_trade_size_log)|signed_sqrt(m1_range_mean_15)|(x_flow_mean_72*x_volume_surprise_12),1|1|-0.5|0.5,2,-0.20698349895283608,1,0.05643519542918656,0.2302251505187975,True,False,False
BTC_LONG_a7bf067a31beda99_1d,812984,1d,5.0,97,4,42.65159869917638,0.0973783333178453,39,29.13885120497759,0.8884852888436663,2.299678038148468,-0.0529640920569673,16.775238738880386,237.0906188251593,-0.0054961462027218,270,78.26785714285714,0.2677130946935406,1.082453570454314,-0.2326858544361877,1.150534463481788,39.13023578816385,2.6860309829059825,0.2677130946935406,a7bf067a31beda99,-1,2.165249824523926,x_vwap_pressure_72|x_flow_mean_curve_72_288|(x_flow_autocorr_12*x_return_efficiency_3),0.5|-1|0.5,5,-0.13801343489837448,4,0.03597147535863115,0.14901103367146962,True,True,False
BTC_LONG_6b8af929c8ed58e9_1d,520513,1d,5.0,99,3,-5.569970981138262,0.0673778950227957,29,21.66735089600898,0.436578995430523,1.374508037088686,-0.0955443024996551,4.569388064056448,190.91619804708665,0.037566140738233,107,31.017261904761902,-0.0937143335015827,-0.4487507990327059,-0.3711767292179843,-0.2524790110064963,-21.347518298857626,1.4315207269050658,-0.0937143335015827,6b8af929c8ed58e9,-1,1.9970163106918335,x_return_vol_288|x_time_cos_day|signed_sqrt(x_range_position_72),-0.5|1|1,3,-0.23991530697656216,2,0.07815521131699817,0.33797789180907145,True,False,False
BTC_LONG_7f23a3dead14afdf_1d,615492,1d,5.0,99,3,-76.9720080127535,0.0680270257153769,39,29.13885120497759,0.2979079510808162,1.0337497549431531,-0.224258358941365,1.3284140332031402,109.1949721208214,0.0326457300257588,83,24.060119047619047,0.2600094182152548,1.4120004528653876,-0.1254551663261904,2.072528583950188,107.28041512383088,0.8257058206710984,0.2600094182152548,7f23a3dead14afdf,1,2.855231523513794,x_return_sum_288|m1_vwap_gap_mean_240|signed_sqrt(m1_return_autocorr_15)|(x_flow_mean_72*m1_vwap_gap_mean_15),-0.5|0.5|1|-1,6,-3.3380173327324236e-05,4,0.06981122831940237,0.2520998230289277,True,True,False
BTC_LONG_9adf2a378bda9a4f_1d,750165,1d,5.0,95,3,-14.456894391743544,0.0717769353077393,73,54.541952255470875,1.3263508313314625,2.342410569917709,-0.1400213029059864,9.472493140718774,173.62295390856488,0.0011459643055073,220,63.773809523809526,0.0746369235543369,0.3908657039551594,-0.43739751268141,0.170638655663094,23.198036303161995,1.1692615846440049,0.0746369235543369,9adf2a378bda9a4f,-1,2.168240785598755,x_volume_surprise_curve_12_72|tanh(x_return_efficiency_curve_72_288)|signed_sqrt(x_return_sign_entropy_288)|(x_flow_std_72*x_return_sum_288),0.5|-1|1|-0.5,4,-0.1288605526879395,3,0.045504157718319234,0.1914061343078208,True,False,False
BTC_LONG_6739a5949d5fa702_1d,499582,1d,5.0,99,3,-229.66168336977788,0.0410963620031184,37,27.644551143183868,0.3252149598625589,2.072650010857606,-0.0371313563694712,8.758499329422412,110.37892227200965,-0.0167867871578181,205,59.425595238095234,0.118367388985235,0.575047676048934,-0.3377896908832511,0.3504174111285884,28.98242682542141,2.1496314022355687,0.118367388985235,6739a5949d5fa702,-1,2.714393138885498,x_flow_mean_curve_72_288|tanh(m1_trade_intensity_5)|signed_sqrt(x_price_volume_corr_12)|signed_sqrt(x_trade_surprise_12),-1|-0.5|-1|1,4,-0.19147116206722092,2,0.056623248842032715,0.21654762053178728,True,False,False
BTC_LONG_c2b61662b5b39c52_1d,943732,1d,5.0,95,3,-3.516271393587261,0.0620482776749312,61,45.57615188470854,0.3106418334812744,0.9941432817531404,-0.2012441513490713,1.5436067652095165,75.70517608031935,0.0472895327789423,419,121.46011904761905,0.1132743850839301,0.5013815630999721,-0.2978502021993424,0.3803065576169021,17.712267031646704,2.664992853167375,0.1132743850839301,c2b61662b5b39c52,-1,2.797567367553711,x_return_vol_12|signed_sqrt(m1_flow_mean_curve_60_240)|(x_flow_std_72*x_return_sum_12)|(x_flow_mean_72*x_jump_concentration_288),-0.5|-1|-0.5|-1,5,-0.19456410744149216,3,0.027375430683706757,0.11444452888075965,False,True,False
BTC_LONG_5830dd86ca0caf07_1d,426761,1d,5.0,99,3,-66.14923711779971,0.075278881647895,30,22.41450092690584,0.3649170992730461,1.5179086288109889,-0.120634536607964,3.0249803210082953,154.21864989499872,0.0129382256821171,132,38.26428571428571,0.0015632212209557,0.0937982886591526,-0.2638682316969915,0.0059242494289758,9.121013551028067,1.7071219135802467,0.0015632212209557,5830dd86ca0caf07,-1,1.9668924808502195,m1_flow_surprise_curve_60_240|tanh(m1_vwap_gap_mean_5)|(x_flow_std_12*m1_return_efficiency_15)|(x_flow_std_72*x_return_sum_288),-0.5|-0.5|-1|-0.5,3,-0.10192811074550684,2,0.0865421914789983,0.30149618022295327,True,False,False
BTC_LONG_258d5a29dfc444a1_1d,181389,1d,5.0,99,3,-84.96342602127486,0.0606871399279579,38,28.39170117408073,0.4588546290298623,1.4527213878172802,-0.1171853186315814,3.915632387982439,152.23661277627576,0.0354213379139139,125,36.23511904761904,-0.0184493025938193,0.0052023300992186,-0.3155953176624896,-0.0584587335783917,5.285204173986227,1.2762574114684857,-0.0184493025938193,258d5a29dfc444a1,1,1.6230676174163818,m1_realized_vol_60|signed_sqrt(m1_quote_flow_return_corr_5)|(x_flow_std_3*x_return_efficiency_curve_12_72),0.5|-0.5|-0.5,3,-0.16956555971535459,2,0.07847082253887167,0.31747230943772237,True,False,False
BTC_LONG_1feb51b6074ab781_1d,154257,1d,5.0,99,4,5.039891248186934,0.0259156850419247,37,27.644551143183868,0.3758580457996863,1.1611232152319653,-0.1400213029059864,2.684291875587289,138.28096760684127,0.0283607261510575,128,37.1047619047619,0.0086049447119982,0.1489869247563678,-0.2720602763476044,0.0316288170677439,13.753305166882436,1.3422088755422088,0.0086049447119982,1feb51b6074ab781,-1,2.631744861602783,x_flow_return_corr_curve_12_72|m1_realized_vol_curve_60_240|(x_flow_autocorr_72*x_return_sum_72)|(x_flow_return_corr_72*x_close_location),1|0.5|0.5|-0.5,5,-0.14781508752410893,3,0.06649376069710927,0.23114910549440326,True,False,False
BTC_LONG_40e3cf662c434abe_1d,313862,1d,5.0,99,4,8.179095255540265,0.0621568715138143,32,23.90880098869956,0.6229183085008372,1.6860197342356698,-0.2392055980911189,2.6041125854569387,227.6504996209194,0.0439687394715825,115,33.336309523809526,0.0607651212346194,0.3796985402329572,-0.1677685792998224,0.3621960768114087,29.825259053978662,1.3943112220293212,0.0607651212346194,40e3cf662c434abe,-1,2.128154993057251,(x_flow_return_corr_12*x_wick_asymmetry)|(x_flow_std_72*x_return_sum_12)|(x_flow_std_72*x_return_sum_288),1|-0.5|-0.5,4,-0.0563025057018392,3,0.08441243852428627,0.2499032546405231,True,False,False
BTC_LONG_b1bda439a137eee8_1d,861759,1d,5.0,99,3,-30.788626098842258,0.0511186377607961,27,20.173050834215257,0.567552407497931,1.5262413996848765,-0.1686502325832851,3.36526311766368,252.06143948812223,0.0251574996447223,120,34.785714285714285,-0.0054287703654571,0.0826141776714837,-0.2774862899432243,-0.0195641030285422,10.132601782289605,1.7243655692729765,-0.0054287703654571,b1bda439a137eee8,1,2.2248694896698,x_return_vol_72|m1_return_autocorr_5|signed_sqrt(m1_flow_return_corr_5)|(x_flow_return_corr_72*x_volume_surprise_curve_3_12),0.5|-0.5|-0.5|-1,4,-0.14142699897505545,2,0.0812831069572658,0.28482875707146993,True,False,False
BTC_LONG_af5ff7c3df36bb51_1d,850165,1d,5.0,95,3,-61.70703487614239,0.0492049812864029,136,101.61240420197312,0.0815046464802495,0.3928266341670166,-0.3968483720361014,0.205379818145846,19.647893431922572,0.0375681821822109,529,153.34702380952382,-0.2484137356244841,-0.5785388648115837,-0.80199223119067,-0.3097458129434484,-9.040512367590754,1.5091368520787949,-0.2484137356244841,af5ff7c3df36bb51,-1,1.1946640014648438,signed_sqrt(x_range_position_288)|(x_flow_mean_72*m1_return_efficiency_15),0.5|-1,4,-0.6617087328371718,2,0.02308731936546963,0.09788480719565745,False,False,False
BTC_LONG_663acf50cc93ce52_1d,494767,1d,5.0,99,3,-38.89968024895576,0.0411213564780115,25,18.678750772421537,0.1023231943496887,0.8224188717083575,-0.0772107874001677,1.3252447979758128,61.444884161422934,0.0087409451724365,127,36.81488095238095,0.0675072026111778,0.4304113548413724,-0.1991451849419135,0.338984859869287,27.982323733088396,1.970949845679012,0.0675072026111778,663acf50cc93ce52,1,1.8353971242904663,signed_sqrt(m1_volume_concentration_240)|(x_flow_std_72*x_return_sum_288)|(x_flow_price_gap*x_volume_surprise_3)|(x_flow_mean_72*x_trade_surprise_12),0.5|0.5|-1|-1,5,-0.11512077686932676,2,0.07301254056700499,0.2829524539115421,False,False,False
BTC_LONG_584c2cc3dddb4722_1d,427278,1d,5.0,97,3,-64.56159577427573,0.0963337977721623,67,50.059052070089706,0.6572406878873389,1.6883707148644889,-0.1887775106036054,3.4815624265085856,116.65798531079233,0.017607299942533,278,80.58690476190476,-0.0603585134458327,-0.0759663343511834,-0.4966545676082401,-0.1215301688183474,2.3085982568008596,1.6098368113138015,-0.0603585134458327,584c2cc3dddb4722,1,1.0611796379089355,signed_sqrt(x_return_sign_bias_288)|(x_flow_std_12*x_return_sum_288)|(x_flow_return_corr_12*x_trade_surprise_3),0.5|0.5|-0.5,4,-0.3766113109115894,1,0.03627918601122852,0.15765505248432993,True,False,False
BTC_LONG_8ad00ef984b95247_1d,671999,1d,5.0,99,3,-331.341300117482,0.0579311918888188,35,26.150251081390145,0.2194688064082151,0.84238496371982,-0.1400213029059864,1.5673958308727602,96.0570923873075,0.0307674849171145,113,32.756547619047616,0.1071555244799402,0.5878320490601808,-0.2747642178902703,0.3899908266903001,42.80382624913933,1.2526284171075837,0.1071555244799402,8ad00ef984b95247,1,1.7414166927337646,m1_range_mean_60|signed_sqrt(m1_trade_size_surprise_curve_60_240),0.5|1,5,-0.01230699788391304,3,0.08183516360167158,0.32100103496338267,False,True,False
BTC_LONG_397efc9578c811cd_1d,277932,1d,5.0,97,4,60.456767972632086,0.039054793471146,73,54.541952255470875,0.5772952074619562,1.5493652527738304,-0.1843625261107683,3.1313044990233365,98.2744560908713,0.0139575865734915,308,89.28333333333333,0.0938641718361708,0.4570003120779959,-0.3977495546710194,0.235988125527397,19.61961398575828,1.6369662185016065,0.0938641718361708,397efc9578c811cd,-1,1.7254087924957275,x_return_sign_bias_288|tanh(x_return_sign_entropy_12)|(x_flow_std_72*x_volume_surprise_12),0.5|1|-1,5,-0.2128529213220997,2,0.0333295583376073,0.1399354385809457,True,False,False
BTC_LONG_9c3c0f20505d27cc_1d,756689,1d,5.0,97,4,28.075195859938507,0.0479519563584184,101,75.462153120583,0.6347074462089599,1.6299176797505757,-0.1484874985611374,4.274484063367995,77.38595124558182,0.0103337690456465,381,110.44464285714284,0.0004419534169379,0.1545442651705075,-0.3381508869085705,0.0013069710417689,9.28753095678738,1.4635766180784742,0.0004419534169379,9c3c0f20505d27cc,1,1.1632306575775146,tanh(m1_vwap_gap_mean_240)|(x_flow_mean_72*x_trade_surprise_12),0.5|1,4,-0.2374271257935689,2,0.02945072477164704,0.12203448025190408,True,False,False
BTC_LONG_94f51eac99fa4963_1d,721185,1d,5.0,95,3,-3.491174727307686,0.0729699666339871,129,96.3823539856951,0.999327565866324,1.6473989162582303,-0.2153848693589987,4.6397296562214265,89.37391396515912,0.0353100087180411,417,120.88035714285714,-0.1791475768068506,-0.3672912897476035,-0.6348472450175066,-0.282190051564153,-5.919002184989372,1.2541751902095895,-0.1791475768068506,94f51eac99fa4963,-1,4.393571376800537,m1_range_mean_240|(x_flow_mean_12*x_return_sum_3)|(x_flow_autocorr_72*m1_return_efficiency_5)|(x_impact_per_flow_3*x_volume_surprise_curve_12_72),-1|-1|1|-0.5,3,-0.3714826321882508,1,0.03479276237875174,0.12050326258795623,True,False,False
BTC_LONG_02d97d1886377b5f_1d,13629,1d,5.0,99,3,-200.99058291614983,0.0807254712286022,39,29.13885120497759,0.6805321978076497,1.743024717596274,-0.1545864095465218,4.402277016485384,201.486470444028,0.0472811950414071,81,23.48035714285714,0.0333711359400055,0.2610345034954253,-0.4292264743658271,0.0777471519884942,30.44314993802257,0.8058092948717948,0.0333711359400055,02d97d1886377b5f,-1,3.2186636924743652,m1_range_mean_60|tanh(x_flow_mean_curve_3_12)|(x_flow_autocorr_3*x_return_sum_72),-1|-0.5|1,4,-0.09249511952020939,2,0.07660155676537986,0.288328087758164,True,False,False
BTC_LONG_a1c80b161142a390_1d,783656,1d,5.0,95,4,25.689338038742616,0.0721813123797715,137,102.35955423287,1.1707237112858508,1.6722140995152328,-0.2169814556686821,5.395501231559056,95.56336569658292,0.0370988391317632,461,133.63511904761904,0.4831687561906157,1.2406299821609623,-0.6008648546141624,0.8041221790228957,39.70604463177809,1.3055461216995585,0.4831687561906157,a1c80b161142a390,-1,2.721559524536133,tanh(m1_trade_surprise_15)|signed_sqrt(m1_realized_vol_15)|(x_flow_return_corr_3*x_return_efficiency_3)|(x_flow_std_72*x_return_sum_288),-0.5|-1|1|-0.5,5,-0.35384817263949775,3,0.027721944040372978,0.09607187128584534,True,False,False
BTC_LONG_749514cfbadcd79c_1d,564402,1d,5.0,99,3,-37.880210701692896,0.0722623274744457,42,31.380301297668176,0.7274597095086626,1.7918586284457312,-0.1709951874625679,4.254270078027247,196.7732461615637,0.0336206140281391,155,44.93154761904762,0.0974515894923195,0.5072050402706715,-0.3312057630625994,0.2942327711667891,32.0750006336005,1.4318392673427396,0.0974515894923195,749514cfbadcd79c,1,2.2484891414642334,x_return_vol_12|(x_flow_sign_bias_3*x_volume_surprise_curve_3_12),0.5|1,5,-0.12639924976090372,3,0.05339798333356757,0.21963957695530206,True,False,False
BTC_LONG_5caebfeccc5225ce_1d,448462,1d,5.0,97,4,96.59462851843222,0.104996667917118,43,32.12745132856504,1.0931395369426955,2.733287876077053,-0.0680278955815751,16.068989457888858,246.92477015494632,-0.0003501101241938,245,71.02083333333333,-0.0554393301259614,-0.079996297010433,-0.496162147325154,-0.1117363152849101,2.00159740919354,2.210596558283089,-0.0554393301259614,5caebfeccc5225ce,-1,1.8547964096069336,x_flow_sign_bias_curve_72_288|m1_return_sum_240,-1|0.5,3,-0.20592586734712498,1,0.04538905104249936,0.16752844469487216,True,False,False
BTC_LONG_37866cb05e8f6108_1d,268224,1d,5.0,97,3,-38.37186052417597,0.040937709128111,60,44.82900185381168,0.2153923174338874,0.7622890813620641,-0.1389531754108111,1.5501071983212056,58.87354549461536,0.0236710800086579,311,90.1529761904762,-0.0028900916981665,0.1134408192845743,-0.3966793343098191,-0.0072857127866139,8.144556175384665,2.011041345164609,-0.0028900916981665,37866cb05e8f6108,-1,2.5255637168884277,tanh(m1_range_mean_5)|(x_flow_sign_bias_72*x_return_sum_288)|(x_flow_mean_12*x_jump_concentration_72)|(x_flow_std_72*x_volume_surprise_288),-1|-0.5|1|-0.5,4,-0.16829749363703783,3,0.029404495506063662,0.1285471738103562,False,False,False
BTC_LONG_0556d8f7b5033209_1d,25667,1d,5.0,99,3,-84.0311884840124,0.0218604868900936,36,26.897401112287007,0.1657033572942476,0.8411807691437371,-0.1354461479758811,1.22338921977873,70.25344935686965,0.0188330028180148,94,27.248809523809523,0.1087394208362519,0.5821927862564874,-0.2791628277924923,0.3895196996538533,51.83802460658011,1.0130647719478738,0.1087394208362519,0556d8f7b5033209,-1,2.545027494430542,m1_return_sum_240|tanh(m1_flow_autocorr_240)|signed_sqrt(x_return_efficiency_curve_72_288)|(x_flow_mean_72*m1_return_sum_15),0.5|-0.5|-1|1,5,-0.023033842726605747,3,0.09550442409559197,0.2835589547521074,False,False,False
BTC_LONG_3c44602338f74b78_1d,291279,1d,5.0,99,2,-38.661194841070966,0.0162769722020298,22,16.43730067973095,0.0259604915837463,0.2599215364308117,-0.1601982991616567,0.1620522297652456,25.999798977895143,0.0331883059891277,60,17.392857142857142,-0.0354376356193332,-0.1908447363407278,-0.3022903848786953,-0.1172304426207728,-10.2030022625809,1.0581334175084174,-0.0354376356193332,3c44602338f74b78,-1,2.956515073776245,x_return_skew_288|x_return_autocorr_288|(x_flow_autocorr_72*x_volume_surprise_curve_12_72),0.5|-1|-0.5,4,-0.12542987981778148,2,0.13642940551497607,0.4271045636404596,False,False,False
BTC_LONG_5a4dd66de5275f44_1d,436995,1d,5.0,95,3,-9.237581479845588,0.0859906467132566,90,67.24350278071752,1.300756162449125,2.2590531138222225,-0.1828785913804126,7.112675970602668,141.1690456542336,0.0255479337597511,491,142.33154761904763,-0.1380927020742139,-0.2212460469987068,-0.6760023621997129,-0.2042784312540863,-0.7023692663100087,2.116658736282579,-0.1380927020742139,5a4dd66de5275f44,-1,2.913524627685547,m1_flow_surprise_5|m1_realized_vol_240|tanh(m1_flow_std_15)|(x_flow_mean_3*x_return_sum_3),1|-1|-1|-0.5,3,-0.3828133139738218,2,0.031344233657413734,0.1046193607678941,True,False,False
BTC_LONG_114b71bdd58e7799_1d,83691,1d,5.0,97,2,-101.56071491464904,0.0493821898079243,54,40.346101668430514,0.3061216987956323,0.9210255986942932,-0.3161160069205305,0.96838404919049,87.01039103201911,0.0259162633800214,113,32.756547619047616,0.1500983364037478,0.7764573190876315,-0.1988300415830487,0.7549077353134973,54.56683574017928,0.8118887888660263,0.1500983364037478,114b71bdd58e7799,-1,2.1894726753234863,x_return_efficiency_288|m1_flow_autocorr_240|m1_vwap_gap_mean_240|(x_flow_mean_72*x_jump_concentration_72),-1|-0.5|-0.5|0.5,6,-0.1376922019670737,4,0.047351049504174555,0.18912781151304062,False,False,False
BTC_LONG_4cc8dce1c3ee6c28_1d,371376,1d,5.0,99,3,-45.27531470145242,0.0571891802412158,46,34.36890142125562,0.1722182555916203,0.7756928349263341,-0.215236596047593,0.800134636739653,59.55631368074638,0.0333842283912133,135,39.13392857142857,0.0512751822753894,0.332193331666491,-0.373557244691996,0.137261913679834,24.142469537430607,1.1386435688405796,0.0512751822753894,4cc8dce1c3ee6c28,1,2.4459657669067383,x_trade_size_surprise_72|m1_flow_surprise_240|(x_flow_mean_72*x_return_sum_12)|(x_flow_std_72*x_return_sum_288),-1|1|-0.5|0.5,4,-0.14192593366097161,3,0.09051348506030434,0.3099896089891834,False,False,False
BTC_LONG_83aea740c669eba3_1d,637216,1d,5.0,99,4,92.0384805547303,0.0720898194966895,45,33.62175139035876,0.8003542594223141,1.8477011598698805,-0.2429656336147676,3.2941047979291995,197.270224467627,0.0364308428620414,165,47.83035714285714,0.0868858193014845,0.4491811465435071,-0.3081124834476977,0.281993830075481,29.500194235146168,1.4226015946502055,0.0868858193014845,83aea740c669eba3,1,2.273920774459839,m1_range_mean_240|tanh(m1_volume_surprise_curve_60_240)|(x_flow_sign_bias_3*m1_return_efficiency_5),0.5|0.5|-1,5,-0.24125167254170293,3,0.057729705770021934,0.25729612563673854,True,False,False
BTC_LONG_8738e2a0ec5968ef_1d,654296,1d,5.0,99,3,-37.28704514964776,0.0541784096253264,31,23.1616509578027,0.4228990699187587,1.3759635354245037,-0.1426597494552363,2.9643895459907266,173.92028381457678,0.0220253029861199,144,41.74285714285714,-0.0919557814701493,-0.2768822578694325,-0.4654147139327051,-0.1975781571088132,-11.0665175645942,1.8022401433691757,-0.0919557814701493,8738e2a0ec5968ef,-1,2.613140106201172,m1_flow_std_60|tanh(x_avg_trade_size_log)|signed_sqrt(m1_trade_size_surprise_curve_15_60),1|1|-1,4,-0.34500045020362846,3,0.08711595190123615,0.3043888403411104,True,False,False
BTC_LONG_8a7646dc5ccbd0f9_1d,670320,1d,5.0,99,4,186.9806315503969,0.0731046621823858,35,26.150251081390145,0.7500813245789624,1.9592848223933952,-0.130728356156095,5.737709450605609,236.28396574124568,0.0272656416385041,152,44.06190476190476,0.5451220504221299,1.7880513068155437,-0.2353341743283957,2.316374372646118,111.34572684942589,1.6849514991181658,0.5451220504221299,8a7646dc5ccbd0f9,-1,1.5660862922668457,x_flow_mean_288|tanh(m1_realized_vol_curve_5_15)|signed_sqrt(m1_flow_surprise_15),-0.5|1|0.5,7,0.06551099270908906,4,0.04907752550656157,0.19228122150062213,True,True,True
BTC_LONG_4a5320eb6a3bcada_1d,359597,1d,5.0,99,3,-117.34630036201362,0.0762565685150285,49,36.610351513946206,0.51028058341795,1.394860747620452,-0.1423344213415996,3.5850820806956256,132.6599962114629,0.0348353359325825,102,29.567857142857143,0.1318351225415797,0.7179032944184868,-0.2517104554028626,0.5237570379449576,53.55670277533846,0.8076365268329554,0.1318351225415797,4a5320eb6a3bcada,-1,1.773927092552185,m1_realized_vol_60|tanh(x_flow_std_3)|tanh(m1_vwap_gap_mean_60)|signed_sqrt(x_close_location),-0.5|-0.5|-1|-0.5,6,-0.06821222243759617,3,0.07988741165765596,0.2874729913825894,True,True,False
BTC_LONG_5ab4485f186d497e_1d,438885,1d,5.0,99,4,19.12879816859625,0.0656599581909079,31,23.1616509578027,0.9452184366721736,2.078728349087615,-0.0998890519082954,9.462683032970869,316.84224871271107,0.0284174072179465,80,23.19047619047619,0.0991700619889286,0.5733990274564028,-0.2143834652480575,0.4625826057722387,54.22993420014509,1.0012445240939865,0.0991700619889286,5ab4485f186d497e,-1,3.5637075901031494,x_return_vol_288|tanh(x_jump_concentration_3)|tanh(m1_trade_size_surprise_curve_60_240)|signed_sqrt(x_vwap_pressure_3),-1|0.5|-1|1,6,-0.05740149418461293,2,0.09199882221387165,0.3604360991351332,True,False,False
BTC_LONG_4f7dbb4e25c401ae_1d,384390,1d,5.0,99,4,123.0006413374846,0.0743972034115609,59,44.08185182291482,1.1283186002450645,2.7652025017982416,-0.0600915755007361,18.77665198229395,185.3494194301745,-0.0113466078886456,217,62.90416666666667,-0.0345352592860774,-0.0173701936495869,-0.3382958602608052,-0.1020859648103672,4.312673587243978,1.4269855749110691,-0.0345352592860774,4f7dbb4e25c401ae,1,2.268601655960083,x_flow_sign_bias_72|tanh(x_return_sign_bias_3)|(x_flow_price_gap*m1_return_efficiency_15)|(x_flow_autocorr_3*m1_return_efficiency_5),1|-1|-0.5|-1,3,-0.27878090648455234,1,0.06069585766906567,0.20504560967444738,True,False,False
BTC_LONG_3d6009aa7bd17e8f_1d,296650,1d,5.0,99,3,-226.62303898306868,0.0688578130978846,29,21.66735089600898,0.4109545777391234,1.4624313264783566,-0.1412634506559614,2.9091359147100144,178.0864164859234,0.0078724864473083,204,59.135714285714286,-0.064604266420386,-0.1854903221542464,-0.394785377708025,-0.1636440204433459,-2.0175321976286265,2.7292544699872283,-0.064604266420386,3d6009aa7bd17e8f,-1,1.8291497230529783,m1_flow_mean_60|signed_sqrt(m1_return_efficiency_5)|(x_flow_std_3*x_return_sum_72),-1|0.5|-0.5,2,-0.06965680043200295,1,0.061282957603660516,0.2184939426441076,True,False,False
BTC_LONG_b699cd3e8c21896c_1d,885152,1d,5.0,97,4,28.134187015700093,0.0518780103764489,97,72.47355299699555,0.5550658766320555,1.6016969603478242,-0.2878994690100149,1.927985065553375,72.43467677207454,-0.0208786879436256,402,116.53214285714286,0.1181097031264954,0.510383399295621,-0.2628577651948691,0.4493293285018043,18.810237068123033,1.6079264509354714,0.1181097031264954,b699cd3e8c21896c,1,1.943607807159424,x_flow_mean_curve_72_288|tanh(x_flow_autocorr_72)|tanh(m1_body_mean_60)|tanh(m1_flow_return_corr_curve_60_240),1|0.5|-0.5|-1,5,-0.06101178588072831,2,0.037283937765771775,0.1279240444904054,True,True,False
BTC_LONG_3bf312a1be80dfa7_1d,289683,1d,5.0,95,4,27.48651256192039,0.0202994594023941,140,104.60100432556058,0.5975340358801431,1.6312354406007938,-0.2393608204722812,2.4963736116092545,54.56889905122592,-0.0103784212051296,552,160.0142857142857,0.154949669660906,0.5837132956643447,-0.3869557284146251,0.4004325515369465,17.7927353302887,1.529758597883598,0.154949669660906,3bf312a1be80dfa7,-1,1.7197790145874023,x_flow_mean_288|tanh(x_price_volume_corr_12)|tanh(x_price_volume_corr_288)|(x_flow_mean_3*x_return_efficiency_12),-1|0.5|-0.5|0.5,5,-0.1661242817729301,1,0.029868361357045337,0.10592476744113612,True,True,False
BTC_LONG_0162323f5501c525_1d,6528,1d,5.0,95,3,-12.38251560578052,0.0696279608795607,151,112.81965466542606,0.5326876863750578,1.127518060192129,-0.3054411461740872,1.7439945241413235,52.96964284658179,0.0141839135233654,555,160.88392857142856,0.1190080743322152,0.4836007513249453,-0.4295495555876891,0.27705318928661,16.368722895764634,1.4260274865096882,0.1190080743322152,0162323f5501c525,-1,1.4707145690917969,(x_flow_std_12*x_return_sum_288)|(x_flow_sign_bias_12*x_volume_surprise_72),-0.5|-1,5,-0.1463633332010395,3,0.026515501883964974,0.10492010763678333,True,False,False
BTC_LONG_4e3f46e04d62e267_1d,378418,1d,5.0,95,3,-120.92374718556366,0.0793721684647903,96,71.72640296609869,0.5478537665262293,1.278125125038711,-0.2267317244195684,2.416308383525644,76.94741452591715,0.0279211221025256,304,88.12380952380953,-0.2500846137426769,-0.7846588430219684,-0.7413489512379379,-0.3373372462793322,-22.246504579936698,1.2286104681069958,-0.2500846137426769,4e3f46e04d62e267,1,1.3503079414367676,tanh(x_flow_return_corr_curve_3_12)|signed_sqrt(m1_impact_efficiency_curve_5_15)|(x_flow_std_72*x_return_sum_288),0.5|0.5|0.5,3,-0.5153528150837434,1,0.033483216793263555,0.14154143678543835,True,False,False
BTC_LONG_baff2e90c1784c1e_1d,906395,1d,5.0,99,2,-269.836160837508,0.0269579860735239,27,20.173050834215257,-0.1220296402696673,-0.5323153075079285,-0.336416172144992,-0.3627341678956914,-48.83361658646446,0.0126896946966163,93,26.958928571428572,0.0491055300769975,0.3378751386240303,-0.2799810117734171,0.1753887871393852,30.445558546187552,1.3363833161865568,-0.1220296402696673,baff2e90c1784c1e,-1,3.2431893348693848,(x_flow_autocorr_3*x_return_efficiency_curve_72_288)|(x_flow_mean_72*x_return_sum_72)|(x_flow_autocorr_72*x_return_sum_288),-1|1|1,4,-0.0366079145169364,3,0.07241043276034792,0.31286861592097753,False,False,False
BTC_LONG_064b6e8f9f1f68b7_1d,30333,1d,5.0,99,2,-198.5123231695024,0.0653215828426983,24,17.931600741524672,0.4533675655369993,1.3417087905434757,-0.0882898480493948,5.134990891403019,237.53109985786153,0.0212513808228203,153,44.35178571428571,0.0419762188713968,0.3269616996561589,-0.1942445808392994,0.2160998195678064,17.503099123104914,2.4733868634259255,0.0419762188713968,064b6e8f9f1f68b7,-1,1.931025505065918,m1_range_mean_240|tanh(m1_realized_vol_curve_60_240)|(x_flow_std_3*x_trade_surprise_12)|(x_flow_mean_72*x_trade_surprise_288),-0.5|-0.5|-0.5|1,6,-0.08997180481684963,3,0.0598967724179147,0.2506665952052379,False,False,False
BTC_LONG_b0a04f451dd77131_1d,856271,1d,5.0,95,3,-99.58921068543545,0.0642793578389255,114,85.1751035222422,0.8426410134047775,1.7199334559204356,-0.2599314341596083,3.2417818803991296,86.13063141059465,0.0331450936578958,428,124.06904761904762,0.0809931261958147,0.3984444899906972,-0.5946796298415824,0.1361962342940696,16.094570442844166,1.4566351256226986,0.0809931261958147,b0a04f451dd77131,-1,4.003156661987305,x_return_sign_entropy_12|x_flow_mean_curve_12_72|m1_realized_vol_240|signed_sqrt(x_flow_sign_bias_3),0.5|1|-1|-1,5,-0.3677704189371238,3,0.029480541122820517,0.11935796062953387,True,False,False
BTC_LONG_272646e4d2ccb318_1d,189068,1d,5.0,99,4,151.2688497959146,0.0688249243772386,32,23.90880098869956,0.8295945173962862,1.7622004620181304,-0.1432940932900276,5.789453691696731,286.11273748537377,0.0265050514396446,147,42.6125,-0.0826769777150085,-0.2770740111639083,-0.4569993387927709,-0.1809126856362892,-9.475825513627733,1.7822934751157407,-0.0826769777150085,272646e4d2ccb318,1,1.910513162612915,x_return_vol_12|tanh(m1_return_efficiency_5)|tanh(m1_flow_mean_60),0.5|1|1,3,-0.1647955348114586,2,0.06659843411740332,0.2854181664997414,True,False,False
BTC_LONG_b494b3674e36a18b_1d,875268,1d,5.0,97,4,57.818166183259414,0.0570311518800309,26,19.425900803318395,0.2094922027169632,0.9449757484156386,-0.1949697560300792,1.0744856380937535,116.11058449970017,0.0382304453832873,161,46.670833333333334,0.0306056156301732,0.2450563284446363,-0.3283660402507614,0.093205788292848,17.745791927864747,2.4025054902659067,0.0306056156301732,b494b3674e36a18b,1,3.0236077308654785,x_return_vol_72|tanh(m1_return_sum_240)|signed_sqrt(x_return_efficiency_curve_72_288)|(x_flow_sign_bias_72*x_jump_concentration_288),0.5|-0.5|-1|1,4,-0.1685071356126831,2,0.05571729704861592,0.23998403253512993,False,False,False
BTC_LONG_8e42f37d1caee67c_1d,688696,1d,5.0,97,4,95.07590454202445,0.0506474934663286,41,30.63315126677131,0.6391282880209543,1.5079565069698495,-0.1497737675015489,4.267291253218589,188.07660484424616,0.0391812297153138,167,48.41011904761905,0.1020964833272966,0.5514958354945972,-0.2444880092792904,0.4175930084598416,30.06571657076514,1.580317957693466,0.1020964833272966,8e42f37d1caee67c,1,1.3024568557739258,signed_sqrt(x_price_volume_corr_3)|signed_sqrt(x_return_vol_288),-1|0.5,5,-0.10420737730948704,2,0.06433700609376838,0.22680443087851487,True,True,False
BTC_LONG_286fccd727df237f_1d,195193,1d,5.0,99,4,5.7455560911355095,0.0814922298156851,35,26.150251081390145,0.9751105916898042,2.1964321992504505,-0.0720227399493568,13.538926627554831,284.5552414170314,0.027837311986483,118,34.20595238095238,-0.0478586669544196,-0.1824870888525555,-0.3490243752116285,-0.1371212739093104,-4.577647924484429,1.3080544532627867,-0.0478586669544196,286fccd727df237f,1,2.0132484436035156,signed_sqrt(x_range_surprise_12)|(x_flow_std_3*x_close_location)|(x_flow_std_72*x_return_sum_288)|(x_flow_return_corr_72*x_wick_asymmetry),-0.5|-1|0.5|-1,4,-0.17786310502351427,2,0.07055063186782777,0.28148888780980375,True,False,False
BTC_LONG_3fc88102a54ee0ad_1d,308435,1d,5.0,99,4,10.047193177451923,0.0422143377050154,50,37.35750154484307,0.6349290935687841,2.2139852638912596,-0.1246177283004157,5.0950141864098315,143.67795729700214,0.0051317064529825,192,55.65714285714286,0.0147997734747475,0.1814970187749003,-0.3461271848537323,0.042758194450984,12.898960107366262,1.4898518518518518,0.0147997734747475,3fc88102a54ee0ad,-1,0.9152215123176576,x_flow_sign_bias_288|(x_flow_autocorr_12*m1_return_efficiency_5),-0.5|0.5,3,-0.11627297455487562,2,0.04880516525526575,0.20933655062167,True,False,False
BTC_LONG_32f1ca2ce61c4335_1d,245948,1d,5.0,99,3,-161.51195499296722,0.0614201888795383,17,12.701550525246642,0.7963155630719287,2.59369306120063,-0.0161511954992967,49.30381550434457,486.7849528112712,0.0453616927735295,89,25.79940476190476,-0.0631881508992956,-0.2814236709302873,-0.4017493395902602,-0.1572825258748167,-14.179873530718853,2.0312012073347856,-0.0631881508992956,32f1ca2ce61c4335,-1,1.9736526012420657,x_return_sum_72|x_return_autocorr_288|(x_flow_sign_bias_72*x_return_efficiency_curve_72_288),0.5|-0.5|-1,3,-0.19643625428013273,2,0.07412588226897768,0.2985162631751214,True,False,False
BTC_LONG_510b9be392244bfe_1d,391807,1d,5.0,99,2,-212.32746378869683,-0.016710572263072,14,10.46010043255606,0.036755630572502,0.3226329794086685,-0.1205394498009571,0.3049261518382195,49.499232419636385,0.0533107690563427,49,14.204166666666666,0.0203694237908043,0.2193867296114307,-0.1938597488390385,0.1050729917519753,25.320537945937016,1.3579378858024689,0.0203694237908043,510b9be392244bfe,-1,1.7206937074661257,tanh(x_return_sum_288)|(x_flow_autocorr_72*x_return_efficiency_3)|(x_flow_return_corr_72*x_return_sum_288),1|-0.5|-0.5,4,-0.10464170983509857,3,0.08474140710688054,0.37173315844725313,False,False,False
BTC_LONG_85148b200b11ac48_1d,644098,1d,5.0,99,4,44.76453461172147,0.0678577945956461,49,36.610351513946206,0.8415043285407178,2.17574737585167,-0.0962375145560082,8.744036381477615,183.85297937908513,0.0126721923212456,136,39.42380952380952,0.084910780052914,0.463563150889452,-0.38169941860111,0.2224545700491333,32.746120396841235,1.0768487024439404,0.084910780052914,85148b200b11ac48,1,1.4350887537002563,tanh(x_price_volume_corr_72)|(x_flow_autocorr_12*x_return_efficiency_curve_12_72)|(x_flow_std_72*x_return_sum_288)|(x_flow_autocorr_12*x_volume_surprise_12),0.5|-1|0.5|0.5,4,-0.23508133643258644,2,0.06783210699295832,0.2504934057099519,True,False,False
BTC_LONG_a70ab9df53d4b694_1d,809568,1d,5.0,99,4,116.06354372167476,0.0229085486417509,24,17.931600741524672,0.3414262880688914,2.039259587116118,-0.0279492264340761,12.215947689078751,174.79566434712416,0.0151348053901639,183,53.04821428571429,0.101798439586114,0.5545849663964462,-0.3036376080712233,0.3352629479357362,27.820816424879546,2.9583646797839505,0.101798439586114,a70ab9df53d4b694,-1,1.789907693862915,tanh(m1_realized_vol_5)|signed_sqrt(x_return_sum_288)|(x_flow_mean_72*x_wick_asymmetry),1|0.5|1,5,-0.12879877792979588,3,0.038907153448547754,0.1823989717000646,True,True,False
BTC_LONG_5f3c27e21caaec62_1d,460779,1d,5.0,97,3,-9.975768288966014,0.1324176049097832,89,66.49635274982066,0.6387290340471048,1.4996405312299852,-0.1790560621569116,3.56720139130151,89.63323366822463,0.008047436522651,406,117.69166666666666,-0.1653924872985362,-0.4348292899669484,-0.6034485244361012,-0.2740788660525585,-6.349715789496026,1.7698965702593978,-0.1653924872985362,5f3c27e21caaec62,1,2.401780605316162,x_range_position_curve_12_72|signed_sqrt(x_avg_trade_size_log)|signed_sqrt(x_flow_mean_72)|signed_sqrt(m1_realized_vol_curve_60_240),0.5|-0.5|1|-0.5,2,-0.19255716562586545,1,0.03034803386684589,0.13833048613346122,True,False,False
BTC_LONG_110acf71418c051c_1d,82482,1d,5.0,95,4,8.78116805587198,0.0803586205523851,129,96.3823539856951,0.7987137613197421,1.5968179041233974,-0.1625364561273777,4.914059161556963,75.10525281153515,0.0059920946179301,391,113.3434523809524,0.2601030637256787,0.9134624146215166,-0.3608693732558529,0.7207679093932644,29.418543740731057,1.1759772167193034,0.2601030637256787,110acf71418c051c,1,1.8566266298294067,x_flow_return_corr_curve_72_288|tanh(x_return_sign_bias_3)|tanh(x_flow_mean_curve_72_288)|signed_sqrt(x_time_sin_week),0.5|-1|1|0.5,5,-0.24435792746452162,2,0.02530319189808526,0.10697959268205563,True,True,False
BTC_LONG_ba4ac39aaafb9647_1d,903056,1d,5.0,99,4,4.605078496262848,0.05365490585735,23,17.18445071062781,0.725966591279781,1.9635141613251843,-0.0746863027625744,9.72021059320083,345.7302744421244,-0.0022062195381429,56,16.233333333333334,0.0092986113995194,0.137367217013754,-0.2383537836316291,0.0390118052998491,15.05201989248302,0.9446524422973699,0.0092986113995194,ba4ac39aaafb9647,-1,2.47283673286438,signed_sqrt(x_return_sign_entropy_288)|(x_flow_sign_bias_72*x_jump_concentration_72),1|1,4,-0.07832357152756447,2,0.10734121357176483,0.47526761498348447,True,False,False
BTC_LONG_55a0720c34cf5981_1d,414253,1d,5.0,97,4,51.58532085470312,0.0282849072644129,76,56.78340234816146,0.8279067935237574,2.267305516885355,-0.1137475811544098,7.278456254818219,118.12474250543832,0.0060425211043751,233,67.5422619047619,0.2261714276444213,0.86988059329544,-0.2134953237812523,1.0593741522702245,40.80642002138166,1.1894719074886289,0.2261714276444213,55a0720c34cf5981,1,1.7261316776275637,tanh(x_flow_mean_288)|signed_sqrt(m1_return_efficiency_240),1|1,6,-0.08066632609462687,4,0.0503018880366607,0.16657526136247638,True,True,True
BTC_LONG_83ad40e065e4118c_1d,637184,1d,5.0,99,3,69.71689985725821,0.010410070383993,66,49.31190203919285,0.6325033024354583,2.3540689048365193,-0.0912313692221287,6.932958562700612,109.14970575035596,0.0057563635309655,203,58.84583333333333,0.0698671718698116,0.4164881276890894,-0.2593645466965817,0.2693782660725249,20.499803529708338,1.1933393541900486,0.0698671718698116,83ad40e065e4118c,1,1.390462875366211,tanh(x_return_sign_bias_3)|(x_flow_mean_72*m1_return_efficiency_15),-1|1,5,-0.23528491856690215,2,0.048892285933226164,0.21936536611563826,True,False,False
BTC_LONG_35652d2286210bb6_1d,257942,1d,5.0,99,4,45.783497631592326,0.0163338601345485,34,25.403101050493284,0.3306840647327644,1.4388914654465828,-0.1223080321550785,2.7036986770703555,126.24692811818164,0.0015287916958779,206,59.71547619047619,-0.0665595565845268,-0.2484668056360982,-0.4694458126523092,-0.1417832576000066,-3.260017467843148,2.35071600399419,-0.0665595565845268,35652d2286210bb6,-1,2.0819108486175537,tanh(x_flow_std_3)|tanh(x_flow_sign_bias_288)|signed_sqrt(x_return_sum_3)|(x_flow_mean_12*x_volume_surprise_288),1|-1|-0.5|1,2,-0.1419031584686966,1,0.06915028352528738,0.24788599093695246,True,False,False
BTC_LONG_8ab224327a051b5d_1d,671446,1d,5.0,99,3,-18.63796909631544,0.0538087174863664,27,20.173050834215257,0.2159466125425904,0.9018785208045952,-0.22863679351933,0.9444963307024912,117.28022211615064,0.0133693096790975,71,20.58154761904762,-0.0240149840921962,-0.0104683720135241,-0.4609252465585494,-0.0521016895288371,3.938462325400652,1.020249628486511,-0.0240149840921962,8ab224327a051b5d,1,1.6541690826416016,(x_flow_std_3*x_return_sum_288)|(x_flow_mean_72*x_return_sum_3)|(x_flow_autocorr_72*x_return_sum_288),0.5|0.5|-0.5,3,-0.22757167171965204,1,0.08634109750997672,0.36026695928474545,False,False,False
BTC_LONG_54879ac8d9d107ae_1d,408850,1d,5.0,99,4,98.56271178924986,0.0672903523101038,25,18.678750772421537,0.5428428728456474,1.652144757306509,-0.1137156678663231,4.773685834425021,258.09663552276504,0.0506690433145297,58,16.813095238095237,0.1145247733129528,0.7609825535640269,-0.1981344673879691,0.5780153994544559,76.85010981459317,0.9001188271604935,0.1145247733129528,54879ac8d9d107ae,-1,4.917839050292969,x_return_vol_12|tanh(m1_body_range_ratio)|(x_flow_std_12*x_return_sum_288)|(x_impact_per_flow_72*x_jump_concentration_72),-1|0.5|-1|0.5,4,-0.07474044972619681,4,0.0923683307289216,0.3705379627380054,True,False,False
BTC_LONG_ac8c67a4714cadd4_1d,836409,1d,5.0,99,3,-63.69728473369418,0.0316667035562951,30,22.41450092690584,0.2171757161457808,0.930994366865424,-0.1512541902818743,1.4358327246409264,105.8042267664112,0.0128450787770726,63,18.2625,0.0327753866959577,0.2760358295817891,-0.2061406968149963,0.1589952260876094,30.147278636104943,0.8147627314814814,0.0327753866959577,ac8c67a4714cadd4,1,3.9413697719573975,m1_impact_efficiency_5|m1_realized_vol_curve_60_240|signed_sqrt(x_return_skew_288)|(x_flow_return_corr_12*x_return_efficiency_curve_3_12),-0.5|-1|1|1,3,-0.08149758505102017,2,0.11389922483645323,0.37459187919883086,False,False,False
BTC_LONG_a58874e09a151be4_1d,802126,1d,5.0,99,3,-87.78800681963769,0.0040688433811764,29,21.66735089600898,0.6081705809570952,1.51845957873589,-0.1940689215758607,3.1337865744740783,250.3822236808403,-0.0275811458296319,122,35.36547619047619,-0.0353891857473913,-0.0584160086899761,-0.2815783952500239,-0.1256814668468011,1.4217258072436894,1.6322012026394208,-0.0353891857473913,a58874e09a151be4,-1,1.197277307510376,x_price_volume_corr_288|tanh(m1_jump_concentration_15)|(x_flow_std_12*x_return_sum_72),-0.5|-0.5|-0.5,4,-0.23317569888671014,2,0.07840129742681289,0.27971760627204323,True,False,False
BTC_LONG_7e6b601ca3b2c13b_1d,612049,1d,5.0,97,3,-40.14959021534564,0.0476872935281141,72,53.79480222457401,0.4773509817079946,1.6213127860408496,-0.1733787928941268,2.75322589193182,83.84146697081728,0.0131325817870119,278,80.58690476190476,0.0240999825001271,0.2230035832495145,-0.3113284738968941,0.0774101456203731,12.703221966256514,1.4980425883058985,0.0240999825001271,7e6b601ca3b2c13b,1,2.1370251178741455,signed_sqrt(x_flow_sign_bias_288)|(x_flow_sign_bias_72*x_return_efficiency_288)|(x_flow_return_corr_12*x_jump_concentration_72)|(x_flow_autocorr_72*x_volume_surprise_curve_12_72),1|-1|-0.5|0.5,5,-0.10709703882304333,2,0.05196683448675757,0.17142017190963538,True,False,False
BTC_LONG_8c3cdd28c6e50771_1d,678991,1d,5.0,97,3,-126.76123526884952,0.0223814154844196,76,56.78340234816146,0.3606182756238132,0.9624563242552384,-0.3412134224265563,1.0568701344139932,73.55851084331957,0.0058919521890605,357,103.4875,-0.3520561950335453,-1.1784348520599273,-0.7801981948854897,-0.4512394380574245,-31.805458134902235,1.822495583576998,-0.3520561950335453,8c3cdd28c6e50771,-1,2.688513994216919,(x_flow_autocorr_72*x_return_sum_288)|(x_flow_std_3*x_volume_surprise_curve_12_72)|(x_flow_return_corr_12*x_jump_concentration_3),1|-1|1,3,-0.7611989329619802,1,0.051930864591959,0.16868018768358506,False,False,False
BTC_LONG_540e2a1c33cb9a58_1d,406549,1d,5.0,97,3,-261.98232087470797,0.036691163948255,78,58.27770240995518,0.6326845679779518,1.5407361117208664,-0.1751938223519688,3.6113406253952984,99.31833521050278,0.0203430777772999,408,118.27142857142856,-0.1242492807485584,-0.2855799892794945,-0.5764872360199829,-0.2155282424054425,-2.348698346326666,2.0294456315289646,-0.1242492807485584,540e2a1c33cb9a58,-1,1.7556771039962769,x_trade_size_surprise_72|x_flow_mean_288|tanh(x_flow_return_corr_curve_72_288)|(x_flow_return_corr_12*x_jump_concentration_3),0.5|-1|0.5|-0.5,3,-0.40218227703537984,2,0.04025782519885928,0.1415155207234472,True,False,False
BTC_LONG_15f81af95184d3fb_1d,106268,1d,5.0,99,1,-582.4738038750504,0.023887749935969,12,8.965800370762336,0.0517628056327037,0.4278772376191034,-0.0743280740020454,0.6964098872154185,72.11930373454578,0.0511964042213797,77,22.320833333333333,0.1206583963268517,0.7528402187951678,-0.1337493673485428,0.90212311817837,62.3896021686635,2.48955279063786,0.0517628056327037,15f81af95184d3fb,1,1.8711585998535156,tanh(x_range_surprise_curve_72_288)|signed_sqrt(x_range_position_288)|(x_flow_mean_72*x_return_sum_288),0.5|-1|1,5,-0.1007622463871779,4,0.11794888226879631,0.34434853876019517,False,False,False
BTC_LONG_30f7615e4b7e23b2_1d,236394,1d,5.0,99,3,-44.81383217068052,0.0527158501711392,49,36.610351513946206,0.1735489480653571,0.5890464741310172,-0.3018250287136192,0.5749985307879343,72.83383062322923,0.0367031484459149,141,40.87321428571428,0.0869683756252801,0.4575025338805034,-0.3438935984283287,0.2528932670533713,33.14842712096163,1.1164387282690853,0.0869683756252801,30f7615e4b7e23b2,-1,2.5361266136169434,x_vwap_pressure_288|m1_flow_return_corr_15|signed_sqrt(x_time_cos_day)|signed_sqrt(m1_range_mean_15),0.5|1|0.5|-1,6,-0.1787828746521457,3,0.0777433016688782,0.25432772198279013,False,False,False
BTC_LONG_670aa57894cb2960_1d,498636,1d,5.0,97,4,11.82202247208711,0.0416606676575437,115,85.92225355313906,0.6743668589721579,1.384333554084996,-0.1940886445727562,3.4745302099287123,76.72202636123166,0.0223637365698162,339,98.26964285714286,-0.209559823817532,-0.474893261395691,-0.7274735029949312,-0.288065232554583,-12.289897445319578,1.1437042069243155,-0.209559823817532,670aa57894cb2960,1,3.819873571395874,x_flow_return_corr_curve_3_12|m1_realized_vol_60|(x_impact_per_flow_3*x_return_efficiency_12)|(x_flow_autocorr_72*x_return_sum_72),-0.5|0.5|-0.5|-1,2,-0.31746131548332357,1,0.027335400953228766,0.11283697958331443,True,False,False
BTC_LONG_8c7000c082053190_1d,679973,1d,5.0,95,3,-8.97909827779806,0.0630044206252227,44,32.8746013594619,0.0960693165860049,0.5427478744215011,-0.1902448032243942,0.50497735001303,39.33560574831699,0.0144091532337161,224,64.93333333333334,-0.0174195303321276,0.029738568641332,-0.3004191361041597,-0.0579840903546437,6.004630318245043,1.975182379349046,-0.0174195303321276,8c7000c082053190,-1,0.8751505017280579,x_time_sin_week|(x_flow_mean_72*x_jump_concentration_288),-0.5|0.5,3,-0.18085528000113216,2,0.037193180819276105,0.17082260432653323,False,False,False
BTC_LONG_8c1603d14d9ca12a_1d,678220,1d,5.0,99,4,66.85586294248989,0.0755998195399752,34,25.403101050493284,0.5312928930576784,2.006638307777515,-0.0872294790726404,6.0907493510908575,182.322183612964,0.0297087865649957,182,52.75833333333333,-0.0166153994198658,0.0459459311785546,-0.3388542116492936,-0.0490340649419534,7.06027620802679,2.076846178286129,-0.0166153994198658,8c1603d14d9ca12a,1,1.8138145208358765,(x_flow_std_72*x_return_sum_288)|(x_flow_std_3*x_trade_surprise_72)|(x_flow_sign_bias_12*x_volume_surprise_curve_12_72),0.5|-1|1,3,-0.20702846752864384,2,0.07455919161239814,0.2748515533657869,True,False,False
BTC_LONG_6cd94770aa2b4f0d_1d,526946,1d,5.0,99,3,-14.181368528516016,0.0869529852105755,26,19.425900803318395,0.2569404792060505,1.0256390085035347,-0.0758622064999858,3.386936540082029,137.7481322387862,0.031244247167722,165,47.83035714285714,-0.0261160035874815,-0.0023289018030273,-0.4173494947206856,-0.0625758600833095,4.889004496979821,2.462195067663817,-0.0261160035874815,6cd94770aa2b4f0d,1,2.3097681999206543,x_jump_concentration_72|m1_range_mean_60|(x_flow_std_12*x_wick_asymmetry),-0.5|0.5|1,5,-0.26403445512179613,2,0.06356173034417877,0.2513746528524704,True,False,False
BTC_LONG_8ca815bd3ac5e332_1d,681041,1d,5.0,97,4,68.77299008958146,0.0722204068103169,41,30.63315126677131,0.7613361643144843,1.8284040232479537,-0.1400213029059864,5.437288101980188,207.9307645521474,0.0407331893537222,184,53.338095238095235,0.0759049705074719,0.424871869953126,-0.3310803433311635,0.22926450342462,24.208014489220737,1.741188647997591,0.0759049705074719,8ca815bd3ac5e332,-1,3.1289937496185303,x_return_autocorr_288|signed_sqrt(x_flow_return_corr_72)|(x_flow_std_12*x_return_sum_288)|(x_flow_return_corr_12*x_volume_surprise_3),-1|-1|-1|1,6,-0.11535331599093673,3,0.04512439193327558,0.18517631409841637,True,False,False
BTC_LONG_1d304d1a2eea9194_1d,141119,1d,5.0,97,3,-24.81147947511178,0.0894225279682569,79,59.02485244085205,0.0734578363835645,0.3814195950854494,-0.3864288524479206,0.1900940779091139,25.873485552366724,0.0270538703190229,234,67.83214285714286,0.0410712555833019,0.2843417599312218,-0.4876676916496461,0.0842197592470584,17.31405777600774,1.1492132559774964,0.0410712555833019,1d304d1a2eea9194,1,1.9110078811645508,signed_sqrt(m1_base_quote_flow_gap)|(x_flow_std_72*x_return_sum_288),-1|0.5,5,-0.15799838623405132,2,0.03672523724978928,0.1530712273309614,False,False,False
BTC_LONG_67856137165eb145_1d,501009,1d,5.0,99,3,-47.81873853496186,0.0760439918305102,27,20.173050834215257,0.3361395723886162,1.2269230992439388,-0.0729088358395756,4.610409266830679,163.50788476169416,0.0291203223952311,208,60.2952380952381,-0.1483114395399138,-0.6355422235126833,-0.4408367224867153,-0.3364316808801773,-17.667507236032016,2.9889003200731596,-0.1483114395399138,67856137165eb145,-1,2.087836980819702,m1_range_mean_240|(x_flow_mean_3*x_return_efficiency_curve_12_72),-0.5|-1,3,-0.3677972801903719,0,0.05194478292222641,0.20231508862005568,True,False,False
BTC_LONG_2393ab46af204641_1d,171881,1d,5.0,97,4,47.96337623344103,0.0112675344821549,62,46.3233019156054,0.733562913994378,2.0059421201982053,-0.1383200158934487,5.303374997870583,132.81544868247062,-0.0082378255549178,258,74.78928571428571,0.0911996632440363,0.4327660015540871,-0.4064471215349331,0.2243826033251855,22.917952515266204,1.6145067951015533,0.0911996632440363,2393ab46af204641,-1,0.892770528793335,tanh(x_impact_per_flow_3)|signed_sqrt(x_flow_mean_288),-0.5|-0.5,4,-0.15253962236089974,1,0.04697576261136068,0.19319181719174885,True,False,False
BTC_LONG_2cea57b2645d72d7_1d,216866,1d,5.0,99,4,53.30081767677824,0.0899980619743975,21,15.690150648834088,0.4157869310436084,1.904880723285873,-0.04435025790663,9.375073577226058,237.64418031275997,0.0268532962936844,113,32.756547619047616,0.0751048058358834,0.4228610539185609,-0.3256920760716267,0.230600654279861,36.21091106530853,2.0877140285126394,0.0751048058358834,2cea57b2645d72d7,1,1.773409128189087,x_return_sum_288|m1_trade_size_surprise_15|tanh(x_range_position_curve_12_72)|(x_flow_mean_72*x_return_efficiency_72),-0.5|-0.5|-0.5|1,3,-0.17193312384221432,2,0.07418563633257683,0.2828306416108634,True,False,False
BTC_LONG_3f0d561401f5949f_1d,304882,1d,5.0,97,3,-23.28216076373089,0.0025943919176375,86,64.25490265713007,0.0345682045882553,0.260114457774187,-0.2789204618771863,0.1239357068162191,15.64698785380244,-0.0012597332441617,313,90.73273809523808,-0.0544320282157774,-0.1263045365952312,-0.3679815129430681,-0.1479205511723596,1.7798685791035604,1.412074944372667,-0.0544320282157774,3f0d561401f5949f,1,1.5833184719085691,(x_flow_mean_12*x_jump_concentration_72)|(x_flow_mean_12*x_trade_surprise_72),-1|0.5,3,-0.11241776390703856,1,0.03109365297025673,0.1266717334923336,False,False,False
BTC_LONG_112acbae6242f1c5_1d,83060,1d,5.0,97,4,79.33889247892239,0.0606269888557066,110,82.18650339865475,1.80439543727659,2.4679516782724913,-0.1749034534746,10.31652263823727,142.67456187803973,0.0449457362872074,321,93.05178571428571,0.2966412795112518,0.9195572197949226,-0.3694642764711748,0.8028957017022874,39.4261984554948,1.1322027567340067,0.2966412795112518,112acbae6242f1c5,-1,2.39220666885376,m1_range_mean_240|(x_flow_std_3*x_return_sum_72)|(x_flow_autocorr_3*x_return_efficiency_curve_72_288)|(x_base_quote_flow_gap*x_trade_surprise_12),-0.5|-0.5|-1|-0.5,6,-0.20082053158661917,3,0.03368861444819166,0.13972485937800816,True,True,False
BTC_LONG_3327ddfbab14e535_1d,246946,1d,5.0,99,4,141.24729040543414,0.068824901344175,28,20.92020086511212,0.4789778292019178,1.7620258703706315,-0.0951666659459423,5.033042026227882,204.84989302922605,0.0276335502243449,72,20.87142857142857,0.2328741005858516,1.072212472048657,-0.2366543613563122,0.9840262366229164,115.9617513142602,0.9976686507936506,0.2328741005858516,3327ddfbab14e535,1,2.084456443786621,x_price_volume_corr_72|x_vwap_pressure_288|tanh(x_range_body_gap)|signed_sqrt(m1_return_sum_240),1|-0.5|1|-0.5,6,0.0,4,0.10336429105890255,0.37562787426673433,True,True,False
BTC_LONG_3dc89d8a46754556_1d,298654,1d,5.0,99,3,-50.96589726209771,0.0910134794529977,60,44.82900185381168,0.6303664689851474,1.7335831234394063,-0.0843395514185154,7.474150127466294,123.9267433243608,0.005348000086542,177,51.308928571428574,0.0761220256837573,0.4396716258423518,-0.28114699199269,0.2707552556199377,24.022361617596967,1.1445476466049382,0.0761220256837573,3dc89d8a46754556,-1,2.210293769836426,x_avg_trade_size_log|x_range_position_3|m1_flow_std_60|tanh(x_return_efficiency_288),1|1|0.5|-1,4,-0.0923496739432505,3,0.07755679302271393,0.2659789818959029,True,False,False
BTC_LONG_535b76ff51ebe011_1d,403154,1d,5.0,99,3,-185.5575669925713,0.0550195653477788,17,12.701550525246642,0.1853771149313752,0.9185456829726212,-0.0935240047345484,1.9821340569999728,155.07098451428496,0.0442502553420409,72,20.87142857142857,-0.0619763550688953,-0.2400887542916522,-0.4287010489279912,-0.1445677710000319,-16.8670934652932,1.643218954248366,-0.0619763550688953,535b76ff51ebe011,-1,3.103294610977173,m1_range_mean_240|(x_flow_autocorr_3*m1_return_efficiency_5)|(x_flow_return_corr_72*m1_return_sum_15)|(x_flow_sign_bias_72*x_jump_concentration_288),-0.5|0.5|0.5|-1,2,-0.20146526579398066,1,0.08507002097297589,0.35180259675930775,False,False,False
BTC_LONG_a0f4ef91bb443b47_1d,779707,1d,5.0,95,3,-161.4479362092359,0.0126039652346324,96,71.72640296609869,-0.112051839037905,-0.1605634398844892,-0.4867792031988976,-0.2301902757996848,-2.846971227018225,-0.0117889956198071,283,82.03630952380952,-0.1140184755364898,-0.2977148347018117,-0.4926915260925386,-0.2314195992789909,-5.0808263916624155,1.1437393502443414,-0.1140184755364898,a0f4ef91bb443b47,1,1.1242448091506958,(x_flow_sign_bias_72*x_return_efficiency_72)|(x_flow_sign_bias_72*x_return_efficiency_288),0.5|-1,3,-0.35503194924179166,2,0.049597270015218485,0.18538737501887914,False,False,False
BTC_LONG_58aa8f55223a7db7_1d,429071,1d,5.0,99,4,41.432641335276365,0.0320263771261949,34,25.403101050493284,0.3721738988570882,1.5195622409672962,-0.1409316598368316,2.640811151220279,139.17869298878549,0.0418152014281703,117,33.91607142857143,0.1259657606848183,0.7364471734153922,-0.1606897524477853,0.7839066198434137,44.74374445679298,1.3351154003267973,0.1259657606848183,58aa8f55223a7db7,-1,1.9678306579589844,x_vwap_pressure_288|(x_flow_std_72*x_return_efficiency_curve_3_12)|(x_flow_sign_bias_3*x_trade_surprise_3),0.5|-1|0.5,5,-0.08720474056366856,4,0.10863375924399149,0.4082502460299527,True,False,False
BTC_LONG_a797c469d9fc2d55_1d,812217,1d,5.0,97,4,30.900401671216525,0.0742583121584064,108,80.69220333686103,0.4220439850524413,0.9422805078260248,-0.3176775222828778,1.3285295793658003,65.70538909169844,0.0422395375481836,324,93.92142857142856,-0.4082588943759776,-1.325252202566568,-0.8463964480612299,-0.4823494891916694,-44.19466616376273,1.1639467592592592,-0.4082588943759776,a797c469d9fc2d55,-1,3.79918909072876,x_return_vol_288|tanh(m1_volume_surprise_240)|(x_flow_autocorr_3*x_return_efficiency_curve_3_12)|(x_impact_per_flow_3*x_return_efficiency_12),-1|0.5|-0.5|0.5,1,-0.4043372282640941,0,0.02953556222213859,0.1169606196185174,False,False,False
BTC_LONG_ad5e42f96e18b876_1d,840388,1d,5.0,97,4,5.802196385573866,0.03915447658872,113,84.42795349134533,1.0363923225777412,1.5327823559123317,-0.2848814684888811,3.637977324657717,107.92839964127214,0.0208684650516767,315,91.3125,-0.0114864958263,0.1111886561466124,-0.4695448102584638,-0.0244630450073065,8.627982870678919,1.081543448869223,-0.0114864958263,ad5e42f96e18b876,1,5.342028617858887,(x_impact_per_flow_3*m1_return_sum_15)|(x_impact_per_flow_72*x_volume_surprise_3),0.5|1,6,-0.4564785486225224,3,0.030032830019594038,0.12097144466342362,True,False,False
BTC_LONG_9b217049ea470c51_1d,751375,1d,5.0,99,3,-60.005931530004666,0.0512005173538681,45,33.62175139035876,0.3332801698197352,0.907829022948516,-0.2289474049229968,1.455706256779059,113.39380921552244,0.0313064820556055,127,36.81488095238095,-0.0480216100054694,-0.0566608960072351,-0.3457178710689997,-0.1389040429324092,0.9848600592009248,1.0949721364883402,-0.0480216100054694,9b217049ea470c51,1,4.440533638000488,x_return_vol_288|signed_sqrt(m1_flow_surprise_240)|(x_impact_per_flow_3*x_wick_asymmetry)|(x_flow_std_12*x_return_sum_72),1|1|-0.5|1,3,-0.18088198651410559,2,0.08086712117719665,0.2992131098815408,False,False,False
BTC_LONG_6d8e95bfed6d9283_1d,530296,1d,5.0,95,2,-38.13894797894292,0.0076827790237134,140,104.60100432556058,0.0800957471700438,0.3893223792596183,-0.4235119680879839,0.189122747892225,18.993732492449567,0.0075744419701594,541,156.82559523809525,-0.2892677473267142,-0.7491774039748436,-0.7462105156512339,-0.3876489827729968,-12.454894663667629,1.4992742779982364,-0.2892677473267142,6d8e95bfed6d9283,-1,0.8986144065856934,tanh(m1_volume_surprise_curve_60_240)|(x_flow_mean_72*x_return_efficiency_3),-0.5|-1,2,-0.3476685332161094,0,0.02895238481557361,0.1014358482993414,False,False,False
BTC_LONG_94144505e3d507ed_1d,717022,1d,5.0,99,4,10.296426857811518,0.068082271511781,17,12.701550525246642,0.2774553399018051,1.4788558694961198,-0.0729088358395756,3.8055104941231233,209.50208707387944,0.0273679622949433,94,27.248809523809523,0.0250373481817374,0.237166970241527,-0.3108944813134914,0.0805332667082338,18.390660934470908,2.1453136347131445,0.0250373481817374,94144505e3d507ed,1,2.7435081005096436,x_return_vol_72|signed_sqrt(m1_flow_mean_curve_60_240)|signed_sqrt(m1_flow_return_corr_curve_60_240)|(x_flow_std_3*x_jump_concentration_288),0.5|0.5|0.5|1,5,-0.20207761753115555,3,0.11145201866832435,0.3569977320942878,True,False,False
BTC_LONG_743f64123cf5aa59_2d,562709,2d,5.0,95,4,45.796924932874454,0.0615456279907044,98,73.22070302789241,1.8826362618499912,2.740551410672482,-0.1563302148927965,12.042689656257489,161.05537292368157,-0.0077340607380873,327,94.79107142857144,-0.0796326938946182,-0.0251152998437063,-0.6056711202847853,-0.1314784397465989,3.98540292259731,1.2945938444822374,-0.0796326938946182,743f64123cf5aa59,1,1.1511605978012085,tanh(x_avg_trade_size_log)|tanh(x_volume_surprise_3),-0.5|-1,4,-0.7147581005679826,2,0.032639668512931506,0.1339363438211738,True,False,False
BTC_LONG_3fd0b267d5e6a082_2d,308578,2d,5.0,95,3,-230.2771460234704,0.0896201106753033,34,25.403101050493284,0.6823308197516436,1.7953900242631426,-0.1152180377010342,5.922083324506392,228.78912538082065,0.0046614441582154,193,55.947023809523806,-0.0880397808836809,-0.1325213026868627,-0.5053906068986223,-0.1742014585984204,-2.4767303774684084,2.202369848402324,-0.0880397808836809,3fd0b267d5e6a082,-1,1.7791625261306765,x_flow_mean_72|x_return_sum_288,-1|0.5,2,-0.21773485156728306,1,0.054870559557044,0.2309559439027044,True,False,False
BTC_LONG_c5384017ac052099_2d,955790,2d,5.0,97,3,123.41731230515477,0.0405913716354267,66,49.31190203919285,1.2658333509410178,2.4115450386757824,-0.1908295070497659,6.633320865891584,184.0662061568002,0.0055869306572957,310,89.86309523809524,-0.0457495223641437,0.066967837831711,-0.5866286178691013,-0.0779871983237479,7.853163135859214,1.8223408857089411,-0.0457495223641437,c5384017ac052099,1,1.956712245941162,m1_flow_mean_240|tanh(x_return_sign_entropy_12)|signed_sqrt(m1_body_range_ratio),1|-1|0.5,4,-0.45733488468208455,2,0.04005252732377569,0.1521381652449975,True,False,False
BTC_LONG_904f896d222fb0c8_2d,698678,2d,5.0,97,4,20.149014150494654,0.0353940608052177,88,65.7492027189238,0.2810917925030678,0.7804314522465712,-0.2931015537229736,0.959025255692582,57.63446707576384,-0.0139465843860044,320,92.76190476190476,-0.1063708641984437,-0.1053934376192225,-0.5818783704747174,-0.1828060116956445,0.6331682897870415,1.41084455667789,-0.1063708641984437,904f896d222fb0c8,-1,0.9109879732131958,tanh(m1_flow_mean_60)|tanh(m1_trade_surprise_240)|tanh(m1_flow_mean_curve_60_240),-1|-0.5|0.5,4,-0.417372002835396,2,0.057915400243716726,0.17958383068803807,False,False,False
BTC_LONG_c9d2e592c009ee5c_2d,978095,2d,5.0,97,4,2.97769026953293,0.0635098211934288,72,53.79480222457401,0.8602232306694979,1.742092194960564,-0.1660385361243952,5.180864941046114,134.93669887585227,0.0092137806078396,324,93.92142857142856,0.3020035585093779,0.863742183273609,-0.6088168290892866,0.4960499514462128,41.27579816425118,1.7459201388888888,0.3020035585093779,c9d2e592c009ee5c,-1,2.0167739391326904,x_flow_mean_72|tanh(m1_return_autocorr_15)|signed_sqrt(m1_flow_price_divergence),-1|-1|-0.5,5,-0.31387772542339054,3,0.028655316142364242,0.13657524505607116,True,False,False
BTC_LONG_12711bdda6357a58_2d,89216,2d,5.0,95,4,0.9707085294753488,0.049889055022943,94,70.23210290430497,0.3955058910466056,1.0245654525125385,-0.311124322429409,1.271214953425385,64.02137116073855,-0.0215762532332133,374,108.41547619047618,-0.010607218916134,0.1712737531566744,-0.5667412704785226,-0.0187161575637114,11.316143478680232,1.5436740707906487,-0.010607218916134,12711bdda6357a58,-1,1.725959062576294,x_flow_mean_curve_72_288|signed_sqrt(m1_volume_concentration_15),-1|-0.5,4,-0.2675980689355791,1,0.030922912626006573,0.1390188038791028,True,False,False
BTC_LONG_80ff23b2edbc57f7_2d,624381,2d,5.0,99,3,-134.49862473588846,0.0255720484922953,18,13.448700556143503,0.3701274381398556,1.6851190817969215,-0.099841148333552,3.707163272034128,253.02632892023064,0.0131894732800405,101,29.27797619047619,0.154091815507696,0.7509657123580268,-0.2033902721101355,0.7576164479698201,62.32555418408963,2.1770115312071328,0.154091815507696,80ff23b2edbc57f7,-1,1.2821316719055176,tanh(x_flow_sign_bias_288)|signed_sqrt(m1_flow_return_corr_15),-1|0.5,6,-0.054646568254831274,3,0.07859950089414394,0.33213182723079243,True,True,False
BTC_LONG_c3e025d52b46fb1b_2d,949269,2d,5.0,97,3,-57.01756725626252,0.0498597116869346,55,41.093251699327375,0.29785447560207,0.978772293776184,-0.2302279047302994,1.2937375074102846,80.45455414526903,-0.0079598983056479,218,63.194047619047616,0.344643380565006,1.0222232144382424,-0.3357802813715981,1.026395532093796,61.33083521859293,1.5378205667789,0.29785447560207,c3e025d52b46fb1b,-1,1.8955546617507937,x_flow_mean_72|tanh(x_price_volume_corr_72),-1|-1,6,-0.07991726293458057,3,0.04240825318108404,0.17832294076256147,False,True,False
BTC_LONG_618010b07f5aeded_2d,471852,2d,5.0,97,3,-25.686885376901056,0.0138266164668103,34,25.403101050493284,0.340231353717034,1.2286032761832868,-0.1705962575067876,1.994365871147537,133.67332930129376,0.0320160310894107,233,67.5422619047619,0.2760809322279198,0.8596577982565892,-0.3266263675907052,0.8452499847589656,50.2080365227723,2.6588195579157587,0.2760809322279198,618010b07f5aeded,-1,1.1635422706604004,m1_flow_mean_60|signed_sqrt(x_vwap_pressure_288),-0.5|0.5,7,0.014433480910144403,2,0.06568332197025564,0.20446190954097504,True,True,False
BTC_LONG_bdbf1b3c7b72942c_2d,919710,2d,5.0,97,4,14.259790542543763,0.0605687298693367,74,55.289102286367736,0.5917137908092098,1.523016379613909,-0.1936638588429526,3.0553650760880826,99.4913607253724,0.0078101017079849,306,88.70357142857142,-0.1484691645335399,-0.2768163264572083,-0.4764993224436585,-0.3115831598083647,-6.0430994507357205,1.6043590465465465,-0.1484691645335399,bdbf1b3c7b72942c,1,2.271066188812256,tanh(m1_return_autocorr_240)|signed_sqrt(m1_flow_mean_5)|signed_sqrt(m1_flow_mean_240),0.5|1|1,2,-0.2230463595914141,0,0.03988535249770954,0.16012093842469566,True,False,False
BTC_LONG_6eceee78a3b0f50d_2d,536462,2d,5.0,95,4,4.651916987558431,0.0347554614178889,99,73.96785305878927,0.2639916128412622,0.7347848026878238,-0.3753910815878762,0.7032442319210074,51.29244492448147,0.0050958898299577,388,112.47380952380952,-0.0273017708402979,0.1353752052176633,-0.6080391442606019,-0.0449013375175012,9.901747479383667,1.5205769110861702,-0.0273017708402979,6eceee78a3b0f50d,1,0.9130834341049194,x_flow_mean_12|(x_flow_sign_bias_72*x_trade_surprise_12),0.5|-0.5,5,-0.4387982847863602,2,0.022594933428326393,0.1096787336824518,False,False,False
BTC_LONG_6e9ade2c60f40894_2d,535471,2d,5.0,99,3,-88.95262535921343,0.0193892434737949,26,19.425900803318395,0.3577924174862856,1.1429066717110778,-0.1332765288787465,2.6845868548377423,184.8484429252767,0.0075400780803635,121,35.07559523809524,-0.1288453134201752,-0.4034003250814784,-0.4722453497497313,-0.2728355366303923,-24.843368367864397,1.8056097162867994,-0.1288453134201752,6e9ade2c60f40894,1,1.0166290998458862,(x_flow_mean_72*x_return_sum_288)|(x_flow_autocorr_72*x_volume_surprise_12),0.5|-0.5,2,-0.18860310128405344,1,0.12947000872516284,0.3771819976712538,True,False,False
BTC_LONG_3bb854247e6cfa13_2d,288562,2d,5.0,95,3,-69.013456686738,0.0135942946721001,99,73.96785305878927,0.4007112190048072,0.9662335129668934,-0.3343986055422544,1.198304096857765,63.931092189275645,-0.0056237863113164,378,109.575,-0.0739333998315459,0.0489110857081567,-0.6508885339567279,-0.1135884194826838,6.971231831799212,1.4813867845117845,-0.0739333998315459,3bb854247e6cfa13,-1,1.3930765390396118,(x_flow_mean_72*x_wick_asymmetry)|(x_flow_autocorr_72*x_trade_surprise_3),1|0.5,3,-0.19696130667746398,1,0.027972237493641514,0.12989250493089446,False,False,False
BTC_LONG_774a2fa3bbfb3bcf_2d,577815,2d,5.0,95,3,-16.954600690634656,0.0264795027405739,86,64.25490265713007,0.4924000772019459,1.2278692655035106,-0.3104914466454387,1.5858732423126465,78.62478452063546,0.0181417383391286,284,82.32619047619048,0.1613906305185586,0.5727319662821488,-0.6232188819209563,0.2589629987157995,32.81399124350363,1.2812437194946884,0.1613906305185586,774a2fa3bbfb3bcf,-1,1.2397798299789429,x_trade_size_surprise_3|signed_sqrt(x_flow_mean_288),1|-0.5,6,-0.5952347909637805,3,0.035009674625121764,0.14587553654457686,True,False,False
BTC_LONG_a800262f87cb7ffd_2d,814192,2d,5.0,99,3,130.34711369501045,0.0131534492752821,18,13.448700556143503,0.7287587229710577,2.261859091972886,-0.0654715378338961,11.130924170743432,435.228830974982,0.0147118710914806,92,26.669047619047618,0.2331806623849452,0.9853373427717196,-0.2767514926371887,0.8425633414401735,94.39718931661362,1.983020404663923,0.2331806623849452,a800262f87cb7ffd,1,1.354838728904724,x_return_sign_entropy_3|x_flow_sign_bias_288,-1|0.5,6,-0.08516731191924004,3,0.07399647725207399,0.3168155816782404,True,True,True
BTC_LONG_ae8aa8d84b5efcc8_2d,846121,2d,5.0,97,3,-6.691921004277094,0.0587932444750354,58,43.33470179201796,0.6142709846385286,1.4154437381304148,-0.2071725496037203,2.965021117969085,132.7199699690327,0.0118188332514682,265,76.81845238095238,0.1864626148591963,0.6411508816439021,-0.5386826263360533,0.3461455887810143,36.50463080071235,1.7726775356534694,0.1864626148591963,ae8aa8d84b5efcc8,-1,1.85545814037323,x_flow_sign_bias_72|signed_sqrt(m1_quote_flow_return_corr_5),-1|0.5,5,-0.3790251624037107,3,0.039158775295204486,0.18368366644589124,True,False,False
BTC_LONG_923be91acba5cecc_2d,708027,2d,5.0,99,3,10.518525140596177,0.0120962235755211,30,22.41450092690584,0.4321525135606996,1.6482608940849677,-0.087796038008212,4.922232521703066,177.1394629626529,0.0262215909850653,90,26.089285714285715,0.2729440647199206,1.0687395751202102,-0.1812689874059224,1.5057405495883678,109.32516606028476,1.1639467592592592,0.2729440647199206,923be91acba5cecc,1,2.0659234523773193,x_flow_mean_288|signed_sqrt(m1_return_efficiency_240),1|1,5,-0.06460835419360322,3,0.09611916050064899,0.35244885284546434,True,True,False
BTC_LONG_149214ecb27245d8_2d,99534,2d,5.0,97,4,35.488092768879156,0.0694092775795757,56,41.84040173022424,0.7817683244881486,2.164873106852219,-0.1008822056921986,7.749318317577228,152.7242142738813,0.0019457098393979,283,82.03630952380952,0.3289222031043619,0.9632747584367986,-0.2820557197814862,1.1661603719973628,47.587225383238874,1.9606960289902995,0.3289222031043619,149214ecb27245d8,-1,1.282556653022766,tanh(m1_flow_autocorr_15)|tanh(m1_flow_mean_240)|(x_flow_std_72*x_volume_surprise_72),-0.5|-1|-0.5,6,-0.10666624084606824,4,0.03376319991248899,0.1450281485116553,True,True,True
BTC_LONG_b7b1719b2bdf9edc_2d,890441,2d,5.0,95,3,-73.05196753059408,0.0333721585284574,101,75.462153120583,0.099508736752786,0.4369300733125155,-0.4387217700380363,0.2268151332999929,28.105270232587195,0.0189704271793503,401,116.2422619047619,-0.0444032094013121,0.1182534798849312,-0.5287674326024221,-0.083974932387144,9.487066377717849,1.5404047870064783,-0.0444032094013121,b7b1719b2bdf9edc,1,1.6790046691894531,x_flow_mean_288|(x_flow_autocorr_3*x_return_efficiency_12)|(x_flow_mean_12*x_close_location),1|-0.5|1,4,-0.1659015923961773,3,0.0265349766980446,0.11228519658696508,False,False,False
BTC_LONG_790892343612d4b6_2d,586211,2d,5.0,95,3,-12.363199126114438,0.0079185212749146,129,96.3823539856951,1.9054129305656984,2.0992035970991614,-0.3934864094107636,4.842385619922701,133.44223224494905,0.0103397191993411,386,111.8940476190476,-0.1087620263623859,-0.0637788433920808,-0.6214426116264573,-0.1750153985703215,2.594508442091771,1.160939144894248,-0.1087620263623859,790892343612d4b6,-1,2.768178939819336,x_flow_mean_3|tanh(x_flow_autocorr_12)|(x_flow_mean_72*x_return_sum_3),-1|-1|-1,3,-0.37678815714641833,2,0.03855654955420787,0.1441618262039884,False,False,False
BTC_LONG_97dc91972074dd96_2d,735326,2d,5.0,95,3,-98.5968704124393,0.0068723306162111,104,77.70360321327358,0.2094410184588639,0.6458137235395798,-0.4436912709720635,0.4720422333304168,42.32987557603861,0.0066233683796851,395,114.5029761904762,-0.1269280560200031,-0.0932068675756828,-0.624851186662533,-0.2031332559324303,1.4473939772901716,1.4735864420109213,-0.1269280560200031,97dc91972074dd96,1,1.1986534595489502,x_downside_share_3|(x_flow_mean_72*x_trade_surprise_12),-0.5|1,4,-0.39938625067616895,1,0.030796603666735183,0.12807766967197257,False,False,False
BTC_LONG_530dd8923f972441_2d,401667,2d,5.0,95,4,57.048799419560474,0.1102878393818908,69,51.55335213188343,1.729162355932644,2.782129789304693,-0.1383277153354786,12.500476507827816,213.67731844670757,-0.027051352418663,286,82.90595238095239,0.0896515463697524,0.4168323040839506,-0.5410947769908594,0.1656854772620859,23.50927640372003,1.6081583243871893,0.0896515463697524,530dd8923f972441,-1,0.8305104970932007,tanh(x_avg_trade_size_log)|tanh(m1_trade_intensity_15),0.5|-0.5,4,-0.46950590042146934,3,0.034123935721934194,0.13869065847376252,True,False,False
BTC_LONG_6360988c96987bed_2d,480963,2d,5.0,95,4,88.54999134472331,0.0308252287188336,45,33.62175139035876,0.6957060456368862,1.6252577449003585,-0.1687395225241955,4.122958481982956,181.03607462237855,0.024750757283198,169,48.98988095238095,0.341235293009229,1.117808559253312,-0.4019088982649418,0.8490364221403325,74.37793644106439,1.457088906035665,0.341235293009229,6360988c96987bed,-1,2.888110637664795,x_flow_sign_bias_288|signed_sqrt(x_vwap_pressure_72)|signed_sqrt(m1_realized_vol_15),-1|1|-0.5,6,-0.06900079282841282,4,0.05267778839346047,0.18447831763503852,True,True,False
BTC_LONG_b15d23c39f337dcf_2d,859893,2d,5.0,97,4,91.769747144767,0.0234896290483352,93,69.4849528734081,1.7569254377804349,2.386565308409105,-0.1362010235423919,12.899502456628747,166.30091937519276,-0.0107292629927624,266,77.10833333333333,0.0045754890465787,0.1975402129834663,-0.5406911232132172,0.0084622973267761,14.485173025583588,1.1097126808708349,0.0045754890465787,b15d23c39f337dcf,-1,1.1048084497451782,tanh(x_avg_trade_size_log)|tanh(x_return_autocorr_3),0.5|-1,4,-0.2740320942846721,2,0.04902503906440137,0.17432578683613362,True,False,False
BTC_LONG_8f16db3515fd7b2b_2d,692643,2d,5.0,99,3,205.82012549044651,0.0394325559981125,19,14.195850587040365,0.3837044616025711,1.778377492240283,-0.0997090558766858,3.8482408466199254,246.7559816965907,0.0774631756628081,80,23.19047619047619,0.2370067310404398,1.028127454898229,-0.1866967842511819,1.2694740940024485,108.02525191575695,1.633609486679662,0.2370067310404398,8f16db3515fd7b2b,1,0.95882248878479,x_time_cos_week|(x_flow_mean_72*x_return_efficiency_288),1|0.5,5,-0.01863205771443055,2,0.11147316035016336,0.3247135865617195,True,True,False
BTC_LONG_2d24ec694be6b36b_2d,217923,2d,5.0,95,3,-66.97633017513623,0.0514080591599983,103,76.95645318237672,0.4164693732315947,0.9949692015716604,-0.32267791416795,1.2906658774756656,63.534129244034176,-0.0144009195752587,411,119.14107142857142,-0.1448410605428141,-0.1207407330879299,-0.5194802046322329,-0.2788192105324872,0.3967019878388516,1.5481621943545485,-0.1448410605428141,2d24ec694be6b36b,1,1.7108908891677856,tanh(m1_jump_concentration_5)|signed_sqrt(m1_flow_mean_240),1|1,4,-0.4140290322914307,1,0.0425900761824863,0.13459485672598404,False,False,False
BTC_LONG_686d90c08d5e4c4a_2d,505366,2d,5.0,99,4,56.01498678001877,0.008789477800215,24,17.931600741524672,0.4272259823534987,1.6725476363210257,-0.0948808088213234,4.502764970712226,217.03446439069353,0.0171298678389066,80,23.19047619047619,0.122343736143921,0.5649101700916115,-0.3078528408716434,0.3974098007266113,70.061147630992,1.2932741769547325,0.122343736143921,686d90c08d5e4c4a,-1,2.0072901248931885,x_flow_autocorr_72|(x_flow_mean_72*x_return_sum_288)|(x_flow_return_corr_12*x_volume_surprise_curve_3_12),-0.5|-1|0.5,4,-0.287987885175905,3,0.08252471655130103,0.3449513650052158,True,False,False
BTC_LONG_3cd945806cc1e41e_2d,294062,2d,5.0,99,3,-50.85862228923384,-0.0026359508928861,37,27.644551143183868,0.4052314961481724,1.5369702083320789,-0.1318858379281002,3.0725929524676565,138.10132886858756,0.0199113384925727,173,50.14940476190476,0.340365820927627,1.2130656187709248,-0.305986207049335,1.1123567438212956,70.57130317370691,1.8140791833500167,0.340365820927627,3cd945806cc1e41e,1,1.3028936386108398,m1_flow_std_5|(x_flow_mean_72*x_jump_concentration_3),-0.5|1,6,-0.1265346228509286,3,0.05658550518738437,0.22154544783749053,True,True,False
BTC_LONG_19ae923f15850dee_2d,124215,2d,5.0,95,4,48.0232613429092,-0.003144856261337,115,85.92225355313906,1.1182859349129162,1.7698844869260664,-0.2246649662172711,4.977571508997239,105.88109413936871,-0.0057112516104552,403,116.8220238095238,-0.3042479650118842,-0.5307372761008196,-0.7809591855106621,-0.3895824143651492,-16.42604142561103,1.359624765163714,-0.3042479650118842,19ae923f15850dee,1,0.5997787714004517,tanh(x_price_volume_corr_12)|(x_flow_mean_72*x_return_efficiency_3),0.5|0.5,3,-0.6714770467816972,1,0.035625303919351654,0.1275906299788724,True,False,False
BTC_LONG_58f6d93893c24e4c_2d,430545,2d,5.0,99,3,35.37911589519296,-0.0044939535444022,31,23.1616509578027,0.2520289176608035,1.096229147226995,-0.1995870047993295,1.2627521411737228,113.03900377808988,0.0056692494417106,69,20.001785714285713,0.2026529525589018,0.8891645270122771,-0.1693718654406445,1.1964971397798088,110.5209898904447,0.8635734020310634,0.2026529525589018,58f6d93893c24e4c,1,1.3121225833892822,tanh(x_flow_mean_288)|signed_sqrt(m1_jump_concentration_240),1|0.5,6,-0.056707673879454856,3,0.15204514378716508,0.41725720554679746,True,False,False
BTC_LONG_8d60620db04a6e02_2d,684467,2d,5.0,99,2,-181.27540095916788,0.0182035615950262,24,17.931600741524672,0.0784747717335019,0.5147330751369507,-0.1313618334289409,0.5973940046745175,55.88621848878673,-0.0169155206907937,134,38.84404761904762,-0.102283364610716,-0.3046703753900487,-0.5826840420952586,-0.1755382972955942,-14.631278950178745,2.166234246399177,-0.102283364610716,8d60620db04a6e02,-1,1.2772136926651,x_return_sign_entropy_3|x_flow_return_corr_72|x_flow_mean_curve_72_288,0.5|0.5|-0.5,3,-0.3368523612771715,2,0.05711871852768195,0.2452245628469169,False,False,False
BTC_LONG_46ca7f72d5f6f068_2d,342429,2d,5.0,97,2,-363.7091331451675,0.0532608982906226,65,48.56475200829598,0.3859747084313751,1.080859964645406,-0.3096786217336773,1.2463718233779542,85.23559591542923,0.0237527986921815,223,64.64345238095238,0.3437937124340724,1.0231937997398952,-0.3017535024258441,1.139319708537798,59.901992302180815,1.3310775759734095,0.3437937124340724,46ca7f72d5f6f068,1,1.6817665100097656,x_flow_mean_288|x_return_sign_bias_curve_72_288|signed_sqrt(x_price_volume_corr_3),1|-0.5|-0.5,5,-0.15841168667713357,4,0.04383442505470907,0.18125591049919737,False,False,False
BTC_LONG_7befe6e1149ef56c_2d,600059,2d,5.0,99,3,135.70424462546765,0.0122877137568559,34,25.403101050493284,0.6262155691750622,2.416978735675297,-0.10909778014824,5.739947855255829,205.0504170594039,0.0072244442748647,153,44.35178571428571,0.0454409998103793,0.3017638668679272,-0.2500509521135744,0.1817269617503386,22.341702225885655,1.7459201388888888,0.0454409998103793,7befe6e1149ef56c,1,1.5446382761001587,tanh(m1_impact_efficiency_60)|(x_flow_mean_72*x_return_efficiency_72)|(x_flow_autocorr_72*m1_return_efficiency_5)|(x_flow_mean_72*x_trade_surprise_3),-0.5|1|-0.5|1,3,-0.14262371243949085,3,0.056323073697901085,0.22259923233787496,True,False,False
BTC_LONG_6e6fadb75ad48781_2d,534634,2d,5.0,97,3,18.37290566676878,0.0265023104550833,72,53.79480222457401,0.41702170412376,1.2292344718262174,-0.2377825250307055,1.7537945821288123,79.52348068088243,0.0242302732202368,235,68.12202380952381,0.3853746971363352,1.1224286948628086,-0.2869103809984514,1.3431884053662568,61.23265048998259,1.2663309649348422,0.3853746971363352,6e6fadb75ad48781,1,0.8162977695465088,signed_sqrt(m1_flow_autocorr_60)|(x_flow_mean_72*x_return_efficiency_288),0.5|0.5,6,-0.012391226823224633,4,0.03982502201194846,0.1783207948267253,True,True,True
BTC_LONG_0947bb4cbd3cd5f1_2d,44866,2d,5.0,97,3,-9.486959972057145,0.0348721891158294,68,50.80620210098657,0.1222005358356024,0.4919562651729596,-0.2491305045185214,0.4905081217242808,41.825825528402014,0.0250673670127349,286,82.90595238095239,-0.1052403851884185,-0.1400066878371047,-0.6099535025343643,-0.1725383734188645,-0.9495659807481264,1.6318077115105303,-0.1052403851884185,0947bb4cbd3cd5f1,1,1.2528340816497805,tanh(x_flow_std_288)|signed_sqrt(x_flow_mean_288)|(x_flow_mean_12*x_volume_surprise_288)|(x_flow_sign_bias_12*x_trade_surprise_288),-0.5|0.5|-1|0.5,3,-0.33004432968924136,2,0.049283085982916974,0.17525874966047855,False,False,False
BTC_LONG_299b9cde2f81800a_2d,200843,2d,5.0,99,4,44.75898551694398,0.0663554741655575,33,24.655951019596426,0.8119663239073724,2.473175854067713,-0.0663595744680849,12.235857906199817,258.6115794750384,0.009520890819205,136,39.42380952380952,-0.009164756514847,0.101182674662298,-0.3612648923843308,-0.0253685224001704,12.101169690229296,1.5989571642349416,-0.009164756514847,299b9cde2f81800a,1,1.583789348602295,tanh(m1_flow_mean_240)|tanh(m1_realized_vol_curve_5_15),1|-1,4,-0.32068765604601496,2,0.08657645045043735,0.3189205798736398,True,False,False
BTC_LONG_22a764b98e745970_2d,167458,2d,5.0,95,4,21.37925072570962,0.048700749575774,80,59.772002471748905,0.9040664340461062,1.7269333985702264,-0.2292115379373807,3.944244876072042,127.21138085207394,0.0143738871091773,373,108.12559523809524,0.1334732541154939,0.5010725096963579,-0.4497479936546967,0.2967734286725262,24.864936240971225,1.808967255015432,0.1334732541154939,22a764b98e745970,-1,1.6112004518508911,x_flow_mean_72|signed_sqrt(x_trade_size_surprise_288)|(x_flow_sign_bias_12*x_volume_surprise_3),-1|0.5|-0.5,4,-0.25114043357635357,2,0.03805581245594718,0.14896437571539198,True,False,False
BTC_LONG_8087245326c808e7_2d,622123,2d,5.0,95,3,-49.12009294765979,-0.0250574054570264,60,44.82900185381168,0.1725396932568108,0.6168808284047033,-0.219511160338597,0.7860178634683881,54.77461408328938,0.0124178886327107,204,59.135714285714286,0.2048350651021453,0.6964738566688452,-0.4481496529857534,0.4570684451889044,47.366483533709605,1.319139660493827,0.1725396932568108,8087245326c808e7,-1,2.0015790462493896,m1_trade_surprise_5|signed_sqrt(x_flow_std_72)|(x_flow_mean_72*x_return_sum_288),-0.5|0.5|-1,4,-0.2958149260902347,3,0.046233088626064914,0.1720508769430703,False,False,False
BTC_LONG_08933dc41a0e9792_2d,41483,2d,5.0,99,4,148.17017450200865,0.0771003321185022,32,23.90880098869956,0.9216837274501548,2.1930470854609996,-0.119024700476819,7.743634083999732,298.7044236989897,-0.0208842139878462,154,44.641666666666666,-0.0244687162815505,0.0452414943233267,-0.4526669940804018,-0.0540545624079772,7.74844961303349,1.867164592978395,-0.0244687162815505,08933dc41a0e9792,1,0.7494019865989685,tanh(x_avg_trade_size_log)|tanh(x_return_sign_entropy_12),-0.5|-0.5,4,-0.28605992527944163,2,0.06418556301897066,0.2484637443123784,True,False,False
BTC_LONG_bc16b6bea9830967_2d,911643,2d,5.0,99,3,120.48732037081577,0.0313605917484364,19,14.195850587040365,0.5104652284956286,2.1507264768456067,-0.0574115857512332,8.891327801107863,309.0781929524322,0.0126332310287025,91,26.379166666666663,0.2751127597259106,1.3548171454183848,-0.1477252410142069,1.862327370983627,103.9113102392814,1.8582307910981153,0.2751127597259106,bc16b6bea9830967,-1,1.2501596212387085,tanh(x_flow_sign_bias_288)|signed_sqrt(x_return_efficiency_12),-1|-0.5,6,-0.03301662632080443,3,0.07413811405076287,0.3222582743252994,True,True,True
BTC_LONG_b973cc2fef6a3344_2d,898974,2d,5.0,99,3,-92.88814622628846,0.0443434280106685,34,25.403101050493284,0.4650675545558447,1.4030568867554454,-0.1739102454713901,2.6741814623702127,173.04190367482894,0.0064624955553459,175,50.729166666666664,-0.1943247830570801,-0.6625838036456194,-0.6458956301075022,-0.3008609657642937,-30.32238734156586,1.9969674791212781,-0.1943247830570801,b973cc2fef6a3344,-1,1.0048565864562988,m1_flow_mean_60|tanh(x_return_sign_bias_3)|(x_flow_sign_bias_72*x_volume_surprise_12),-0.5|0.5|-0.5,1,-0.3092011566141926,1,0.0657160625783383,0.24217360403421026,True,False,False
BTC_LONG_26b9aae3bc04b3bb_2d,187054,2d,5.0,99,3,-69.8994253435605,0.0333985792327818,23,17.18445071062781,0.2923637811570501,1.614917013673266,-0.0811548159939508,3.6025438241255157,162.1906444009616,0.0575564191775081,153,44.35178571428571,-0.0239288419635477,0.0471757946471686,-0.2944349486440099,-0.0812703861200905,7.881791820487641,2.5809254227053136,-0.0239288419635477,26b9aae3bc04b3bb,-1,1.7301597595214844,m1_flow_mean_240|tanh(x_flow_autocorr_288)|signed_sqrt(x_trade_surprise_72),-0.5|-1|0.5,3,-0.1742810076515126,1,0.06737201266884925,0.3133370369017575,True,False,False
BTC_LONG_31b399471eb8f71e_2d,239934,2d,5.0,95,4,55.96000185808654,0.0994557039267073,14,10.46010043255606,0.4596668035127109,1.7088585625238557,-0.0644874176557146,7.128007605557717,390.9495907664867,0.0310721660686805,86,24.929761904761904,-0.0038771376861364,0.0744041449631069,-0.3570161724845612,-0.0108598376906975,10.678408859074615,2.383319554673721,-0.0038771376861364,31b399471eb8f71e,1,1.1506741046905518,tanh(x_return_vol_288)|signed_sqrt(x_time_sin_week),0.5|1,3,-0.1026884783859573,2,0.11167812889727079,0.42343310321978517,True,False,False
BTC_LONG_25e9a00db8b7a09a_2d,183122,2d,5.0,99,3,-80.78848158827115,0.0414547332981492,29,21.66735089600898,0.5223382083876116,1.7109829608683873,-0.181150070310026,2.883455730895744,214.6935894243136,0.0100961485710475,124,35.945238095238096,0.0106585529611202,0.161454750839995,-0.3119511082444268,0.0341673828988895,15.400115338984572,1.6589585994040017,0.0106585529611202,25e9a00db8b7a09a,1,2.160400152206421,x_flow_autocorr_72|x_flow_sign_bias_288|tanh(x_return_efficiency_curve_72_288)|(x_flow_autocorr_12*x_return_efficiency_3),0.5|1|-1|0.5,4,-0.24042085002077468,3,0.06782102857809119,0.28805416219693236,True,False,False
BTC_LONG_a5f930c24f4c99ba_2d,804294,2d,5.0,99,4,198.24840063285748,0.0312834600203512,23,17.18445071062781,0.6621371247412262,2.1405795684059337,-0.092433262086178,7.163407520161925,318.4245467818677,0.0233691868802736,120,34.785714285714285,0.0697706162284987,0.3838359637686186,-0.3331165241696761,0.2094480794743176,34.974071502498624,2.024255233494364,0.0697706162284987,a5f930c24f4c99ba,-1,1.2169067859649658,tanh(x_flow_mean_72)|signed_sqrt(x_time_sin_day),-0.5|-1,5,-0.23647990577661243,3,0.06928210471650868,0.29028657637507765,True,False,False
BTC_LONG_08115a49150b44a2_2d,39054,2d,5.0,97,3,-12.501805825976469,0.0373834188438921,54,40.346101668430514,0.4454981600295942,1.2207846221618022,-0.2327698890683317,1.9138994386804649,111.65035313513776,0.022263844920553,258,74.78928571428571,0.1692440605008045,0.6200267273196208,-0.5410610287227725,0.3128003155213779,34.15467107408746,1.8536929869684498,0.1692440605008045,08115a49150b44a2,-1,2.0877394676208496,x_flow_mean_288|signed_sqrt(m1_flow_autocorr_5)|(x_flow_mean_3*x_volume_surprise_curve_12_72)|(x_flow_std_72*x_volume_surprise_3),-1|-0.5|-0.5|-1,5,-0.3192963647211971,3,0.04004158898374626,0.16284973643329137,True,False,False
BTC_LONG_ac1d6d98aba0a2cd_2d,834234,2d,5.0,97,3,-15.987726801878924,0.0488693026668109,44,32.8746013594619,0.7333654912268337,2.124802852080936,-0.0970697657960064,7.555035135945543,183.43191853312345,-0.0127552171547343,164,47.54047619047619,0.3385670043718165,1.1187386696524035,-0.2827358230551728,1.1974676597869554,75.81428220532275,1.4461156705948373,0.3385670043718165,ac1d6d98aba0a2cd,1,0.8808938264846802,x_flow_mean_72|tanh(x_return_sign_entropy_288),0.5|-0.5,5,-0.10951401251016102,3,0.05265878274396478,0.22161948818706162,True,True,False
BTC_LONG_b6f845fa5c1e5105_2d,886949,2d,5.0,95,3,-52.23500675785079,0.053615782383703,104,77.70360321327358,0.1781067320398495,0.585478881915418,-0.4120515226155818,0.4322438390939083,39.951905432280554,-0.0045781778091088,392,113.63333333333333,-0.0298551191289021,0.1403998051647218,-0.4074671544107631,-0.073270001779838,10.248470587032736,1.4623946462488127,-0.0298551191289021,b6f845fa5c1e5105,-1,2.3341360092163086,x_flow_std_3|x_flow_mean_curve_72_288|tanh(x_flow_std_3),-0.5|-1|-1,4,-0.46922548051312835,2,0.03330924310634337,0.14223279393866842,False,False,False
BTC_LONG_48df320c21f3e28c_2d,352669,2d,5.0,97,4,15.634315226094673,0.0335618610664717,74,55.289102286367736,1.063975429056077,2.1070045025419915,-0.1569985431888029,6.776976444784995,148.6523336073708,0.0274008522373486,333,96.53035714285714,0.1927704572560558,0.6342191506911506,-0.5647198885164713,0.3413558848838617,31.62228679665079,1.745920138888889,0.1927704572560558,48df320c21f3e28c,1,1.852505445480347,x_flow_mean_288|x_flow_mean_curve_12_72|signed_sqrt(m1_volume_surprise_15)|(x_flow_sign_bias_3*x_trade_surprise_12),1|0.5|0.5|-0.5,5,-0.4334191774664213,2,0.03115770680217656,0.1444204122040832,True,False,False
BTC_LONG_badf975a8a9aa8bf_2d,905791,2d,5.0,95,4,67.21911484999214,0.0702153782662307,104,77.70360321327358,1.2695856802048748,2.1632961931326933,-0.2175074970955722,5.8369743441396045,121.58765348436832,-0.0009615744267994,390,113.05357142857144,-0.056128514372435,0.0849164565677442,-0.5383907956668843,-0.1042523661700248,8.261041028931231,1.4549334490740742,-0.056128514372435,badf975a8a9aa8bf,-1,1.675673246383667,tanh(m1_trade_size_surprise_5)|signed_sqrt(x_flow_mean_72),1|-1,4,-0.37059657129363094,1,0.025315707844157365,0.11569011572202156,True,False,False
BTC_LONG_8fe1057c548131bf_2d,696461,2d,5.0,99,3,-1.6951734448710971,0.0301926699022122,38,28.39170117408073,0.2767174045250389,0.9748064667830124,-0.1308096354050409,2.115420654359343,105.82510706121248,-0.0073062181243373,147,42.6125,0.008630906276005,0.1691186310287484,-0.4657014164333328,0.0185331329719942,15.691050673531857,1.5008787158869394,0.008630906276005,8fe1057c548131bf,-1,0.7714190483093262,tanh(x_flow_return_corr_curve_72_288)|(x_flow_mean_72*x_volume_surprise_72),0.5|-0.5,4,-0.21923396906274017,3,0.06393299933558683,0.24601317603795672,False,False,False
BTC_LONG_b3f70ae50ff9f4ec_2d,872361,2d,5.0,99,2,-118.46625520595178,0.0313839573709585,23,17.18445071062781,0.3717870291283798,1.256880908150224,-0.0984939792290556,3.774718333429896,210.57678271406243,-0.0006627859980892,86,24.929761904761904,-0.1409999259405877,-0.5917226252911795,-0.5147475948274716,-0.2739205143597549,-46.23598857944376,1.4507162506709608,-0.1409999259405877,b3f70ae50ff9f4ec,-1,0.9503003358840942,signed_sqrt(x_return_sum_288)|(x_flow_mean_72*x_volume_surprise_12),0.5|0.5,1,-0.15136134801636641,0,0.08897599871473254,0.33064367113030124,False,False,False
BTC_LONG_978f94cff6100d1d_2d,733847,2d,5.0,97,3,-23.257281671846663,0.018660631427515,87,65.00205268802694,0.3838118840800706,0.994308512542457,-0.2957848111945557,1.2976051154554185,67.51095085967953,-0.0041354586236652,324,93.92142857142856,0.4119182855692778,1.101849894455905,-0.3839131331067796,1.072946586213056,49.24865585453582,1.4448994252873562,0.3838118840800706,978f94cff6100d1d,1,1.6326522827148438,x_flow_autocorr_3|tanh(m1_flow_std_60),1|0.5,5,-0.07990091529222909,3,0.028608580084828975,0.12749903062480947,False,True,False
BTC_LONG_83e9c6c3d6a599d4_2d,638358,2d,5.0,97,4,34.45151634033291,0.048340660970609,74,55.289102286367736,0.656962019641665,1.642693310936468,-0.22474651039503,2.9231244502392633,106.92875601684776,-0.0107858058674122,248,71.89047619047619,0.0106490613986394,0.20791311371835,-0.5556683739373316,0.0191644187398731,15.276115712713864,1.3002648481815149,0.0106490613986394,83e9c6c3d6a599d4,-1,1.0030043125152588,signed_sqrt(x_flow_mean_curve_72_288)|signed_sqrt(m1_flow_autocorr_240),-0.5|-0.5,4,-0.42589782486190036,3,0.04379143779225557,0.19024756242819363,True,False,False
BTC_LONG_714eeb8170324d0c_2d,548517,2d,5.0,99,2,-8.067536593494628,-0.0018562979380616,39,29.13885120497759,0.3318684199282808,1.1479406716836236,-0.2288095110128477,1.4504135709185897,117.32167507420309,-0.0060045636579998,152,44.06190476190476,0.1872586257325499,0.722613861971556,-0.2881559246264413,0.6498517286268108,54.05509002373454,1.512135960747072,0.1872586257325499,714eeb8170324d0c,1,1.46467125415802,tanh(x_flow_return_corr_12)|(x_flow_mean_72*x_return_efficiency_12),-1|1,4,-0.1633602255787826,2,0.06898208915922535,0.23944081236757384,False,False,False
BTC_LONG_2691bb20df1f0e22_2d,186343,2d,5.0,95,4,43.858965938458944,0.052646913565981,91,67.99065281161438,1.0641723384547817,1.7979864655138784,-0.2170782144926141,4.902253047096945,126.97734824986205,0.0281999494426005,335,97.11011904761904,0.2126242924679917,0.6694091003727192,-0.606894944548948,0.350347773330056,33.8304361700092,1.4282863163071495,0.2126242924679917,2691bb20df1f0e22,1,0.903420627117157,signed_sqrt(x_flow_mean_288)|(x_flow_sign_bias_72*m1_return_efficiency_15),0.5|-0.5,5,-0.19971003775234658,3,0.04319229544304588,0.1470032492221568,True,False,False
BTC_LONG_10c7ab50de9ca177_2d,81196,2d,5.0,97,4,104.01109721192456,0.0176138138814619,70,52.30050216278029,1.2548797919715144,2.6896465180490425,-0.1809385848349819,6.935390774256244,170.12105328762132,0.0035031342382179,278,80.58690476190476,-0.0041142914098972,0.1641524504854055,-0.5245668717965822,-0.00784321624392,12.203733334702042,1.5408438051146385,-0.0041142914098972,10c7ab50de9ca177,-1,1.2100906372070312,signed_sqrt(x_flow_autocorr_72)|(x_flow_mean_72*x_volume_surprise_3),-0.5|1,5,-0.5322899242533521,2,0.03804039056757716,0.16783042299923234,True,False,False
BTC_LONG_cb7b3d51ad348881_2d,986239,2d,5.0,99,3,-24.245333183097284,0.0202561514214726,48,35.863201483049345,0.5238339609616622,1.522787577495723,-0.1603537329873051,3.2667400452918236,135.30292140188666,0.0048300933594534,171,49.56964285714286,0.083676577718297,0.4283860901963843,-0.3118844583483742,0.2682935153659709,28.285282261044394,1.3821867766203704,0.083676577718297,cb7b3d51ad348881,-1,1.3410282135009766,tanh(m1_range_mean_5)|(x_flow_mean_72*x_volume_surprise_72),-0.5|-1,5,-0.23370679519404025,2,0.07787909844318883,0.2798349670513508,True,False,False
BTC_LONG_63f9d270f73d012f_2d,483919,2d,5.0,99,3,87.58321750575655,0.0665715328037316,29,21.66735089600898,0.8114763612067462,2.603966872351968,-0.059813212039432,13.56684139737853,291.73779292615524,-0.0038062947897031,153,44.35178571428571,-0.08928228232474,-0.1660073280552968,-0.5125003088981144,-0.1742092263645628,-6.130647621905486,2.046940852490421,-0.08928228232474,63f9d270f73d012f,1,2.1421239376068115,m1_flow_mean_240|tanh(x_flow_autocorr_72)|signed_sqrt(m1_base_quote_flow_gap)|(x_flow_sign_bias_3*x_volume_surprise_3),1|0.5|-0.5|-0.5,3,-0.3632943023848628,1,0.08436309837074914,0.319632471171971,True,False,False
BTC_LONG_2e2c9684414f720e_2d,222876,2d,5.0,95,2,-51.394810521029555,-0.0246173942688772,76,56.78340234816146,0.4305204792506354,1.0048348366003756,-0.3075727196355665,1.399735580453123,85.8160910342609,0.0050348117811714,296,85.8047619047619,-0.2807896694348205,-0.6283251173477233,-0.7146891719383708,-0.3928836205441121,-24.026710336629304,1.5110887751786874,-0.2807896694348205,2e2c9684414f720e,-1,2.074877977371216,x_flow_return_corr_12|tanh(m1_return_efficiency_240)|tanh(m1_flow_std_240)|(x_flow_mean_72*x_return_sum_288),0.5|0.5|0.5|-1,2,-0.8937554375019248,1,0.04115830607356807,0.15972633582026222,False,False,False
BTC_LONG_33e719411d64153b_2d,250594,2d,5.0,99,3,-53.254954882093195,0.0214414568088859,21,15.690150648834088,0.4783926089811985,1.2203286276927583,-0.0992593525720121,4.819622499896191,294.68054585876587,0.0280404799386432,56,16.233333333333334,-0.0204474683347801,-0.0266446925362338,-0.2489465777650549,-0.0821359687622523,2.1030769903908935,1.034619341563786,-0.0204474683347801,33e719411d64153b,1,1.8791203498840332,tanh(x_price_volume_corr_288)|signed_sqrt(m1_range_mean_240)|(x_flow_autocorr_72*x_return_efficiency_3),0.5|1|-0.5,3,-0.13604659567052768,2,0.1180322156244058,0.46071496842914683,True,False,False
BTC_LONG_bc8cc20c800b4673_2d,913913,2d,5.0,95,3,-53.46614693651767,0.0212417741455972,82,61.26630253354263,0.417619178364508,0.9761776476014208,-0.2763306549515802,1.511302386764454,79.52884124315638,0.0280544901593196,319,92.4720238095238,0.1905153268586288,0.6399362865669751,-0.3866246710991223,0.4927655711080702,32.32697442758615,1.5093455943239986,0.1905153268586288,bc8cc20c800b4673,1,1.0962059497833252,tanh(x_volume_surprise_curve_3_12)|signed_sqrt(x_flow_sign_bias_288)|(x_flow_sign_bias_72*x_trade_surprise_12),0.5|0.5|-0.5,5,-0.15701430928384924,3,0.03111518811572619,0.13758548353621672,False,True,False
BTC_LONG_5bc79ccb148e1cf3_2d,444076,2d,5.0,97,3,-204.19123497723217,-0.010357578645755,37,27.644551143183868,0.3606347156406675,1.2127128638491462,-0.2254041098704899,1.5999473827157664,131.0857520417079,0.0289763444554178,160,46.38095238095238,-0.0313756530873108,0.0348338269140673,-0.5030775414214406,-0.0623674294794779,7.197050409031798,1.677761094427761,-0.0313756530873108,5bc79ccb148e1cf3,-1,2.2239561080932617,x_vwap_pressure_288|(x_flow_std_12*x_jump_concentration_3)|(x_flow_mean_72*x_jump_concentration_72),0.5|0.5|-1,4,-0.16647926241590527,2,0.09866405716915144,0.30349624496919064,True,False,False
BTC_LONG_2435c7e18590c059_2d,174919,2d,5.0,99,3,31.306877655228423,0.0923920143852196,32,23.90880098869956,0.3726484213841012,1.6286817010214494,-0.100434998546071,3.710344270211362,146.27889126397253,0.0015665591626017,148,42.90238095238095,0.0900435299775428,0.4618389157745158,-0.3216020025493931,0.2799843572606907,32.53338378807651,1.7944179205246915,0.0900435299775428,2435c7e18590c059,-1,1.7742371559143066,x_flow_mean_72|x_time_sin_week|signed_sqrt(m1_volume_surprise_curve_15_60)|(x_flow_autocorr_3*x_trade_surprise_12),-1|-0.5|0.5|0.5,5,-0.28279220567153185,2,0.06457468435994251,0.282400208513869,True,False,False
BTC_LONG_9fa3366415bbf4eb_2d,773406,2d,5.0,97,3,-134.20346912620872,-0.0107419317230727,38,28.39170117408073,0.3449229592435832,0.9397183247232584,-0.1717031335563588,2.008833223363206,133.6873813921383,0.0022386193376695,78,22.610714285714284,-0.0837993541964984,-0.2065262563091283,-0.5181834495957206,-0.1617175428159226,-18.63704323304247,0.7963846247563352,-0.0837993541964984,9fa3366415bbf4eb,1,2.77524471282959,x_vwap_pressure_288|(x_flow_autocorr_72*x_return_sum_288),-0.5|-1,3,-0.1907149743598915,2,0.13172074035487347,0.4341913727387997,False,False,False
BTC_LONG_77435018950d1062_2d,577681,2d,5.0,95,4,13.29024112978376,0.0262711222817888,97,72.47355299699555,0.8545127204163474,1.5834511264980138,-0.3103593226748308,2.753301280115359,104.35712074244614,0.0043551767302226,363,105.22678571428573,0.0141754725650193,0.238810528614733,-0.6338389261591232,0.0223644714453221,14.39304973635322,1.451933586292478,0.0141754725650193,77435018950d1062,-1,1.0221881866455078,x_flow_mean_72|signed_sqrt(x_flow_autocorr_12),-0.5|-0.5,5,-0.5113618056974624,3,0.036119483728829685,0.14412075602370938,True,False,False
BTC_LONG_8669faca8da753ea_2d,650387,2d,5.0,99,4,91.38849109857809,-0.0060745948793708,33,24.655951019596426,0.8008096470027675,2.206507257396652,-0.0983016315225735,8.14645326429677,259.1302252713813,0.0069644074975242,127,36.81488095238095,-0.0696455886854363,-0.1744938755290385,-0.3012359899467118,-0.231199428387546,-6.622849157912117,1.4931438224841,-0.0696455886854363,8669faca8da753ea,1,1.2298544645309448,(x_flow_mean_72*x_return_sum_12)|(x_flow_mean_72*x_jump_concentration_12),0.5|0.5,4,-0.2928397880670534,2,0.08854203127732314,0.30341033847392734,True,False,False
BTC_LONG_100d31a146d52f58_2d,77663,2d,5.0,99,2,-308.96363373970115,0.0088893405078253,23,17.18445071062781,-0.0082039490618487,0.0703417690148778,-0.177686330150246,-0.0461709634889286,14.004008054345569,0.0018136104980515,119,34.49583333333333,0.0390576313283683,0.2812711638987258,-0.2898250492759899,0.134762786812037,25.682619167891396,2.007386439881911,-0.0082039490618487,100d31a146d52f58,1,2.1457223892211914,tanh(x_range_surprise_3)|tanh(m1_return_efficiency_240)|(x_flow_return_corr_12*x_close_location)|(x_flow_mean_72*x_return_sum_288),-1|-0.5|-1|1,3,-0.3250702182888659,2,0.06959161878987455,0.2597100608927341,False,False,False
BTC_LONG_b7da1ac3b3e9cd0c_2d,891233,2d,5.0,95,4,5.084565875561397,-0.0112647245284682,107,79.94505330596417,0.7832865891536474,1.3892561087996815,-0.2738838624275191,2.8599223853904023,93.37598138246813,-0.0029379954601842,359,104.0672619047619,-0.1898531650727783,-0.2552919825207796,-0.742757000179328,-0.2556060259639977,-5.8212336320552485,1.3017348491404177,-0.1898531650727783,b7da1ac3b3e9cd0c,1,1.372734308242798,signed_sqrt(x_trade_surprise_288)|(x_flow_mean_72*x_return_efficiency_12),0.5|1,4,-0.8851591532547622,3,0.049830053663429234,0.1543029139149546,True,False,False
BTC_LONG_0499858c849813c0_2d,22136,2d,5.0,99,4,175.73077681168684,0.0123528466324291,31,23.1616509578027,0.9024108195610774,3.011817771505094,-0.0362184222663969,24.915795970448016,292.98946181965255,0.0185465753023621,126,36.525,0.123448547016489,0.5711800826448351,-0.3942547779815624,0.3131187087915575,46.604624586325755,1.5769601254480288,0.123448547016489,0499858c849813c0,1,1.5003314018249512,tanh(x_flow_autocorr_72)|(x_flow_mean_72*x_return_efficiency_72)|(x_flow_return_corr_12*x_jump_concentration_3),0.5|1|0.5,5,-0.09803947047503853,2,0.054116418053128196,0.23045821277086234,True,True,False
BTC_LONG_09ea97ee62d22743_2d,48012,2d,5.0,99,3,174.14019261651765,0.0005904814774067,26,19.425900803318395,0.6873374369301519,2.8954556319501705,-0.0358173093883671,19.19009129014553,283.03719138254917,0.0103232752726263,150,43.482142857142854,0.2035755992334289,0.7410525012812035,-0.311903654078784,0.6526874455340865,59.38401101319224,2.238359152421652,0.2035755992334289,09ea97ee62d22743,-1,1.1763569116592407,(x_flow_mean_72*x_return_efficiency_12)|(x_flow_sign_bias_72*x_close_location),-0.5|-1,7,0.003989884207821093,3,0.05641008349075337,0.22394646047477623,True,True,False
BTC_LONG_b8537df0b8a5b34e_2d,893542,2d,5.0,97,3,-36.291718733809496,0.0205653683250931,82,61.26630253354263,0.6196467939662849,1.4092149262542226,-0.3372272432928006,1.837475489571496,96.59162667291362,0.0028477018449126,335,97.11011904761904,-0.2142009175693086,-0.4388480124871861,-0.7760764284013983,-0.2760049264871123,-12.281907582342036,1.5850494485847635,-0.2142009175693086,b8537df0b8a5b34e,-1,1.077160358428955,tanh(x_return_skew_3)|signed_sqrt(m1_flow_mean_60),-1|-0.5,4,-0.6864755461030302,1,0.03885150647017777,0.15227318847564014,True,False,False
BTC_LONG_92b741e5d787f118_2d,710429,2d,5.0,95,3,-53.86694226155818,0.0068318188918547,111,82.93365342955161,0.2260771260197407,0.6645489307465198,-0.2875378754709723,0.7862516395429228,43.84219156465166,0.0086044087662396,355,102.90773809523807,0.0028884326335059,0.2132865298334085,-0.4083904359637255,0.0070727234997307,13.472363433325606,1.2408441427538646,0.0028884326335059,92b741e5d787f118,1,1.416379690170288,m1_flow_autocorr_240|tanh(x_flow_return_corr_curve_3_12)|(x_flow_mean_72*x_volume_surprise_curve_12_72),0.5|0.5|1,5,-0.34269928784698234,2,0.031050441281657692,0.13042127811270324,False,False,False
BTC_LONG_97fd5951c57c0145_2d,735989,2d,5.0,97,3,-6.17158732060628,0.057664471887861,73,54.541952255470875,0.1441825668481582,0.59022671336163,-0.3359118674450181,0.4292273683118919,38.25295538776826,0.0126539293667932,308,89.28333333333333,-0.0963866524214784,-0.0692912242256486,-0.7699629799314279,-0.1251834892504345,2.02654121004975,1.6369662185016065,-0.0963866524214784,97fd5951c57c0145,1,2.2030181884765625,m1_flow_mean_60|m1_volume_concentration_240|tanh(m1_trade_surprise_60)|(x_flow_mean_72*x_return_efficiency_curve_3_12),1|-0.5|-0.5|0.5,2,-0.4165936892339897,1,0.0523835055284744,0.154987613085863,False,False,False
BTC_LONG_66525c595861414a_2d,495201,2d,5.0,95,3,-26.45887461716434,0.0366822821816997,94,70.23210290430497,0.3673940217376104,0.9505972578948364,-0.3820510974283293,0.9616358236126556,61.80575053592782,-0.015376622248321,338,97.9797619047619,0.0083410201110694,0.2152564871108546,-0.5336708984407912,0.0156295202444785,13.56115846869983,1.3950851228001049,0.0083410201110694,66525c595861414a,-1,2.670987606048584,x_flow_std_12|x_volume_surprise_288|(x_flow_std_72*x_return_sum_288)|(x_flow_std_72*x_volume_surprise_288),-1|-1|-0.5|-0.5,5,-0.40544895611207027,2,0.030331167049428263,0.13837173485586632,False,False,False
BTC_LONG_98a3c5cbec5bb4ad_2d,739237,2d,5.0,97,1,-113.6165622890128,-0.0164544134552906,69,51.55335213188343,-0.0374661335139344,0.0953213960286662,-0.4601025666178537,-0.0814299598225293,12.055471131833071,-0.0143289494500818,284,82.32619047619048,-0.4611639669164584,-1.4922847936863504,-0.8952583388195631,-0.5151183149263073,-61.64236092958753,1.596912461978887,-0.4611639669164584,98a3c5cbec5bb4ad,-1,1.169402241706848,tanh(m1_quote_flow_return_corr_240)|(x_flow_mean_72*m1_return_efficiency_5),0.5|-1,1,-0.5407416421933815,0,0.049333024391529035,0.17192784850341739,False,False,False
BTC_LONG_c0eba8626a442f38_2d,935086,2d,5.0,97,4,43.205875241581225,0.0432442532835752,65,48.56475200829598,0.4556535095743752,1.320801744354529,-0.1365440141455789,3.3370449259575143,92.7120133843392,0.0039430232233466,293,84.93511904761904,0.0357550244785416,0.2771651284884359,-0.5306558454782058,0.0673789326608107,16.829864797494565,1.7489046177587844,0.0357550244785416,c0eba8626a442f38,1,2.018357038497925,x_flow_mean_72|signed_sqrt(m1_flow_surprise_5),1|-1,4,-0.4726859636164795,2,0.046111276882001714,0.15871221053762802,True,False,False
BTC_LONG_334b9f2c4b4604e5_2d,247619,2d,5.0,95,4,23.352432880182995,-0.0032916922678419,66,49.31190203919285,0.5326432739126685,1.5900259728913742,-0.1035698605396518,5.142840505310376,100.20873308109128,0.0183673908418357,274,79.42738095238096,0.0017478021627623,0.1890168247191397,-0.4750039342728188,0.0036795530239935,13.902518408961647,1.6107142022072576,0.0017478021627623,334b9f2c4b4604e5,-1,1.6898895502090454,x_flow_return_corr_72|tanh(m1_flow_std_60)|signed_sqrt(x_flow_mean_288)|(x_flow_mean_12*x_trade_surprise_3),0.5|1|-0.5|0.5,3,-0.2012412982043188,1,0.05627506856449147,0.18151747498238868,True,False,False
BTC_LONG_5115271e12cdc605_2d,391993,2d,5.0,99,3,-18.489936239637903,0.0354825829571813,16,11.95440049434978,0.3495558070671065,1.7873338010489674,-0.0637556180815437,5.482745169531931,268.29219656228196,0.0274295956549938,80,23.19047619047619,0.1559258376313372,0.7459817969092798,-0.266232427263818,0.5856756039594887,78.55527045357525,1.9399112654320987,0.1559258376313372,5115271e12cdc605,-1,0.8688804507255554,tanh(x_range_surprise_3)|signed_sqrt(x_flow_sign_bias_288),0.5|-0.5,5,-0.0879170393082821,3,0.10943400838433451,0.3930687907525541,True,True,False
BTC_LONG_a5adbcb4dbca23f6_2d,802828,2d,5.0,97,3,-35.522380702032564,0.0409337196672189,84,62.76060259533635,0.3426180991024112,0.9465839563974572,-0.3286862650142502,1.042386420033575,63.888490338542034,-0.0303057893190768,314,91.02261904761905,-0.2567370661988337,-0.5333900823400252,-0.7484333645838724,-0.3430326310233097,-18.58150106956109,1.450314612727807,-0.2567370661988337,a5adbcb4dbca23f6,-1,1.486103892326355,x_trade_surprise_72|tanh(x_avg_trade_size_log)|tanh(m1_trade_size_surprise_curve_5_15)|(x_flow_mean_72*x_volume_surprise_12),-0.5|0.5|0.5|-1,2,-0.35776955242080793,1,0.034436609088488286,0.1518108754017274,False,False,False
BTC_LONG_394cd095e09a5ac6_2d,276960,2d,5.0,95,3,-58.992165108063666,0.0468023616816644,84,62.76060259533635,0.843575823480798,1.7345540839528644,-0.4159620885310602,2.0280113181944643,114.71923341233736,0.0027708915168726,372,107.83571428571427,0.0243045839206847,0.2630330102731524,-0.5806999096630128,0.0418539481688382,15.32126609774575,1.7182071208112872,0.0243045839206847,394cd095e09a5ac6,-1,0.8809643387794495,x_flow_mean_72|tanh(m1_flow_autocorr_5),-0.5|0.5,5,-0.5516688313170659,2,0.03647752138366449,0.1457325614120901,False,False,False
BTC_LONG_a3eccea9d5b77e13_2d,794297,2d,5.0,99,3,-554.896711095957,0.0188122285363645,22,16.43730067973095,0.0019649615669392,0.1629218801851251,-0.331581831906375,0.005926023014114,34.938635491865405,0.0102274020114056,55,15.94345238095238,0.0329674465523093,0.2810731132411576,-0.2480467937081397,0.1329081745402439,33.27248804485646,0.9699556327160492,0.0019649615669392,a3eccea9d5b77e13,-1,0.7923256158828735,tanh(x_return_vol_288)|signed_sqrt(x_range_position_72),-0.5|0.5,5,-0.21849363752919876,2,0.14383155543878592,0.4661607514248583,False,False,False
BTC_LONG_94798d88e7bde11f_2d,718929,2d,5.0,99,3,-17.021761737483917,0.0447105219613844,30,22.41450092690584,0.5567512689980725,1.6993173553902945,-0.2107029952329234,2.642350994501084,219.852453034187,-0.0145374467521442,60,17.392857142857142,0.0211779860286236,0.2098416323206542,-0.2058203649731859,0.102895483794243,24.808591484995848,0.7759645061728394,0.0211779860286236,94798d88e7bde11f,-1,2.976691246032715,tanh(x_flow_sign_bias_72)|signed_sqrt(x_jump_concentration_3)|signed_sqrt(m1_volume_concentration_15)|(x_flow_return_corr_72*x_jump_concentration_72),-1|0.5|-1|1,4,-0.06776052478385913,2,0.10210934745788444,0.3812953459326407,True,False,False
BTC_LONG_a433633e6f8afaa1_2d,795699,2d,5.0,95,3,-30.275998363046536,0.016384787571587,49,36.610351513946206,0.576759214568672,1.3450218075144726,-0.1691483592275101,3.4097830874783224,149.21313448195133,-0.0129881394402649,104,30.14761904761905,0.0182160821814132,0.2003930239052784,-0.2511265489330384,0.0725374607296915,22.04399496768211,0.8234725371630134,0.0182160821814132,a433633e6f8afaa1,1,2.438557386398315,(x_flow_sign_bias_72*x_return_sum_288)|(x_flow_return_corr_72*x_return_sum_288),1|-0.5,2,-0.18287733956480845,2,0.056261581913283176,0.24843472657867277,True,False,False
BTC_LONG_092f2528d9dd911a_2d,44397,2d,5.0,99,3,-154.53653795721112,0.0072849947295097,22,16.43730067973095,0.1424164433941763,0.6174665064096856,-0.191053270770265,0.7454279260438689,108.64640078719718,0.0037013415361409,119,34.49583333333333,0.0990439598021271,0.4903592729751666,-0.4121858815220433,0.24028954955079,42.41464550302903,2.098631278058361,0.0990439598021271,092f2528d9dd911a,1,1.864435076713562,(x_flow_mean_3*x_return_efficiency_3)|(x_flow_mean_72*x_return_sum_288),1|1,5,-0.3931549620452492,3,0.08340858352244061,0.32331365291709313,False,False,False
BTC_LONG_9d1e3108e19448a4_2d,761047,2d,5.0,99,3,290.70008256072646,0.0664645084736429,15,11.20725046345292,0.5945181666325252,1.5934759654999897,-0.0787689580846155,7.547620040801846,463.9929728492003,0.0336375395316945,64,18.55238095238095,-0.117477435142495,-0.4683181667172788,-0.4640152556923016,-0.2531758033843544,-49.51672288972715,1.6553909465020573,-0.117477435142495,9d1e3108e19448a4,1,2.177119731903076,x_return_autocorr_288|signed_sqrt(x_range_position_288)|(x_flow_return_corr_72*x_return_sum_288)|(x_flow_sign_bias_12*x_volume_surprise_72),1|-0.5|-0.5|0.5,2,-0.11708366764261108,2,0.12797456730593806,0.4768856414426107,True,False,False
BTC_LONG_1e07d38860e4d722_2d,145250,2d,5.0,99,3,90.5356109708258,0.0200347354355226,40,29.886001235874453,0.2953875113732973,1.1083754767828378,-0.1313067860212478,2.2495982144098656,103.05859827031574,0.0012789795555265,163,47.25059523809524,0.2091912365902963,0.9063338543112528,-0.2602679355204217,0.8037533942550612,51.215344646547685,1.5810276813271604,0.2091912365902963,1e07d38860e4d722,-1,1.035503625869751,(x_flow_mean_12*x_volume_surprise_curve_3_12)|(x_flow_mean_72*x_volume_surprise_3),-0.5|1,5,-0.052830248652989575,3,0.05310519570571452,0.2357054350223412,True,True,False
BTC_LONG_2a4c6971460e8657_2d,204197,2d,5.0,95,3,-92.1659890737913,0.0335194456535936,87,65.00205268802694,0.0211676517193175,0.2421237031779212,-0.3760209036847848,0.0562938164125636,18.924812206414177,0.0117584645719128,343,99.42916666666666,0.1047008089168761,0.4451832580213927,-0.4889045360148626,0.2141538914126443,24.57170300607785,1.5296311817085282,0.0211676517193175,2a4c6971460e8657,1,0.7487622499465942,tanh(x_flow_mean_288)|tanh(x_flow_sign_bias_curve_3_12),0.5|0.5,4,-0.32910561356893564,2,0.04704094877663584,0.15314247177348664,False,False,False
BTC_LONG_954a8265f137e39f_2d,722774,2d,5.0,95,4,47.75238573948759,0.0253756476072709,106,79.1979032750673,0.9001703545697708,1.5255288739900918,-0.2263643344919689,3.9766439204746167,101.70294876037951,-0.0129419766285072,366,106.09642857142858,-0.3153722305284451,-0.6294372014035708,-0.8109449926195729,-0.3888947257812234,-21.335954477814788,1.3396368361285813,-0.3153722305284451,954a8265f137e39f,-1,1.8772135972976685,signed_sqrt(x_trade_size_surprise_72)|(x_flow_mean_72*x_volume_surprise_288),-1|-1,4,-0.5790922105917118,2,0.0388805290529217,0.1530954048751775,True,False,False
BTC_LONG_690d80e470b8a00c_2d,508412,2d,5.0,95,4,43.15477604996993,0.005979719410238,107,79.94505330596417,1.3021480481597116,2.022826754758191,-0.2565995292029609,5.074631478102829,122.96290430077512,0.0004145177247825,372,107.83571428571427,-0.0186627088234346,0.1822827553400418,-0.6099840333747575,-0.0305954054570618,12.631505286439102,1.3488728798892349,-0.0186627088234346,690d80e470b8a00c,-1,1.3256686925888062,signed_sqrt(m1_trade_size_surprise_curve_60_240)|(x_flow_mean_72*x_return_efficiency_12),0.5|-1,5,-0.5842976012909358,2,0.040395553036438964,0.1458846610180859,True,False,False
BTC_LONG_71b5a806d530eba6_2d,550454,2d,5.0,99,3,77.28431342354304,-0.0022695193461279,19,14.195850587040365,0.1370180094549393,0.6059270558702133,-0.1925879308087554,0.7114568855875065,121.86555177678262,-0.0028155634356762,82,23.770238095238096,-0.1367053410557538,-0.6138277907769152,-0.3988362453861912,-0.3427605756427245,-47.88383918452097,1.6744497238466536,-0.1367053410557538,71b5a806d530eba6,-1,1.4588375091552734,signed_sqrt(x_return_sign_bias_288)|(x_flow_mean_72*x_return_efficiency_288),1|-1,1,-0.1514954409180569,0,0.14037808610455926,0.456358579836926,False,False,False
BTC_LONG_344c5eb5aff1c855_2d,252495,2d,5.0,95,4,46.34989800428597,0.0536071190450694,104,77.70360321327358,1.6128610308092597,2.200369867367903,-0.2245512670271959,7.1825959931632095,143.6077095325351,0.0052792112596067,347,100.58869047619048,0.0541898279937973,0.3294941807919593,-0.4715866282460283,0.1149095940131837,18.230976153539356,1.294517709817189,0.0541898279937973,344c5eb5aff1c855,1,1.36478590965271,tanh(x_return_skew_3)|tanh(x_flow_sign_bias_72),-1|1,4,-0.1657498495948213,2,0.036002936449676955,0.13905814068042538,True,False,False
BTC_LONG_a62a7f7a22bd70ca_2d,805214,2d,5.0,99,3,-150.266698486394,-0.0034593185549791,24,17.931600741524672,0.279328731299802,1.127366887940693,-0.1517718266839766,1.8404517979573896,158.48466785922315,-0.0059542218036113,46,13.334523809523809,0.0923017186541679,0.532441011118146,-0.2497176289565916,0.3696243594808947,86.93426105011794,0.7436326517489711,0.0923017186541679,a62a7f7a22bd70ca,1,1.3866279125213623,m1_flow_std_60|signed_sqrt(m1_flow_return_corr_60)|(x_flow_return_corr_72*x_return_sum_288),-0.5|-0.5|-0.5,5,-0.10614801420665027,3,0.11154589996802891,0.461291162438695,True,False,False
BTC_LONG_88fcae9510484a32_2d,663029,2d,5.0,97,4,64.81306376374677,0.0467377231298463,79,59.02485244085205,0.5947236137935643,1.6424369366615938,-0.1602467397345154,3.7112993049272456,92.24414776118098,0.0057862017710217,313,90.73273809523808,-0.1453140038988888,-0.2100240247850545,-0.6718078909766017,-0.2163029131551983,-3.972596718084656,1.5371955090639158,-0.1453140038988888,88fcae9510484a32,-1,1.8451327085494995,x_time_sin_day|m1_flow_mean_60|tanh(m1_trade_size_surprise_5)|(x_flow_std_12*x_trade_surprise_288),-0.5|-1|0.5|-0.5,4,-0.3274265186125646,3,0.03519884531142813,0.14620930295248066,True,False,False
BTC_LONG_28e9e4b2c9acdfe4_2d,197451,2d,5.0,97,4,104.52847708207024,0.0191497261674151,67,50.059052070089706,0.936730527371902,2.6035561854939515,-0.1153229143822346,8.122674772744073,144.0546672173493,-0.0126173600500803,304,88.12380952380953,0.1127387990346164,0.4697556313918467,-0.4529789924751723,0.2488830628073677,24.6164865961362,1.7603970886309195,0.1127387990346164,28e9e4b2c9acdfe4,-1,0.9926097989082336,tanh(x_trade_size_surprise_288)|(x_flow_mean_72*x_trade_surprise_3),-0.5|1,3,-0.2579049722414634,2,0.03652281917182783,0.1531805146270088,True,False,False
BTC_LONG_19ec377e06899c5b_2d,125346,2d,5.0,95,4,3.367855674501196,0.1004244151468398,65,48.56475200829598,0.8882717103911026,1.7479152474890156,-0.2516939148126026,3.529174358674745,152.52213095457782,-0.0015524022542933,269,77.97797619047618,0.1366798563726634,0.5514777901621778,-0.3840292447531591,0.3559100204999142,28.3741305308686,1.6056496320037985,0.1366798563726634,19ec377e06899c5b,-1,1.488811492919922,x_flow_mean_72|m1_realized_vol_60|tanh(x_flow_std_72),-0.5|-0.5|-1,5,-0.243600168236428,2,0.039972547124916005,0.16546015728565203,True,True,False
BTC_LONG_3e29d3901d5f53f6_2d,300526,2d,5.0,97,4,117.17890088616168,0.0936752205493643,43,32.12745132856504,0.910622431857949,2.2709461253890604,-0.1317481278859587,6.911843427833636,220.7277540539143,0.044364315612956,198,57.39642857142857,0.1802903825530499,0.7407618720156572,-0.2459732603931371,0.7329674057452149,40.32221012243288,1.7865229328165375,0.1802903825530499,3e29d3901d5f53f6,-1,1.3093093633651731,tanh(x_flow_mean_72)|signed_sqrt(x_return_autocorr_288),-1|-0.5,6,-0.03072307839586602,3,0.04973054648726723,0.19450117235973957,True,True,False
BTC_LONG_54482f601a304a7a_2d,407659,2d,5.0,97,3,-327.60817571285963,0.0433330251109548,59,44.08185182291482,0.4732055290474528,1.2725955027063387,-0.1646619836571647,2.873799516667384,106.58993816960208,-0.0045196589220663,226,65.51309523809523,-0.3627886875080328,-1.0503399050710376,-0.8452261283276172,-0.4292208621447309,-53.3966915364424,1.4861693084327263,-0.3627886875080328,54482f601a304a7a,1,1.278477668762207,x_downside_share_288|signed_sqrt(x_flow_sign_bias_288)|(x_flow_mean_72*m1_return_efficiency_5),0.5|0.5|1,1,-0.5556927201967374,0,0.06505072178452548,0.25523453422353615,True,False,False
BTC_LONG_4631c5bb1bc9541e_2d,339503,2d,5.0,99,4,133.58487585542804,0.0357752173414467,25,18.678750772421537,0.5741896669547695,2.0425477339252023,-0.1113101342152956,5.1584671153497474,262.2567072509773,0.0137771348244969,77,22.320833333333333,0.0469320423597581,0.3427923113574403,-0.1386655781208795,0.3384548854571957,33.120084579558856,1.1949853395061725,0.0469320423597581,4631c5bb1bc9541e,1,2.5821874141693115,x_flow_sign_bias_288|signed_sqrt(m1_range_mean_240)|(x_flow_return_corr_72*x_return_efficiency_72),1|0.5|-1,5,-0.046397172827991495,2,0.057859187826392995,0.25415043302561874,True,False,False
BTC_LONG_174a0d9c47e56af1_2d,112717,2d,5.0,95,4,117.11511796101227,0.0569168079104692,102,76.20930315147986,1.6838634055918489,2.338313457691964,-0.235816829696527,7.140556540255479,148.65832796957295,0.0109819172599374,354,102.61785714285716,-0.118406240677238,-0.104991446100823,-0.7286484353902409,-0.162501193890334,0.8256360992888112,1.3465266430646334,-0.118406240677238,174a0d9c47e56af1,1,2.213460683822632,x_flow_sign_bias_72|m1_volume_surprise_60|tanh(x_return_skew_12)|tanh(m1_volume_concentration_240),1|0.5|-0.5|-1,2,-0.3295831206072687,1,0.03793288787457231,0.1616773090937423,True,False,False
BTC_LONG_36b9d49be942392f_2d,264328,2d,5.0,95,3,-4.274956308550216,0.0156177446121938,119,88.9108536767265,1.0756568045212442,1.682129969398488,-0.2138154798422983,5.030771417086384,101.5659177838918,0.0036815137276342,394,114.21309523809524,0.0384501806385699,0.3031985503411983,-0.6315398652047295,0.0608832201370302,16.426695035946366,1.284579896773524,0.0384501806385699,36b9d49be942392f,1,2.047651767730713,(x_flow_mean_72*x_return_sum_3)|(x_flow_std_12*x_trade_surprise_72),1|1,5,-0.2749037533774353,3,0.023860924698333837,0.11359481973425213,True,False,False
BTC_LONG_00ff531fbe2d25e1_2d,4725,2d,5.0,97,3,-214.00189616477195,0.0868371459325883,79,59.02485244085205,0.4615528266969959,1.0464082638220231,-0.3836084714112171,1.2031872627813391,87.419124157336,-0.0153369290657961,283,82.03630952380952,-0.2707782004375668,-0.6657829200255261,-0.7555814871960929,-0.3583706126024934,-25.037505678652103,1.3898604762462883,-0.2707782004375668,00ff531fbe2d25e1,1,2.0162925720214844,tanh(x_avg_trade_size_log)|signed_sqrt(m1_base_quote_flow_gap)|signed_sqrt(m1_realized_vol_60),-1|-0.5|0.5,3,-0.38857865198032554,1,0.05574423235521399,0.1773527869722481,False,False,False
BTC_LONG_69d60b3a52f5b96b_2d,512187,2d,5.0,95,3,-177.9840576023732,0.0121154332504641,54,40.346101668430514,0.1402444275176992,0.5405907011743992,-0.2925708161287436,0.4793520740496064,53.32660808617363,0.0241879212241411,292,84.6452380952381,-0.0446601794856008,0.0700300707465556,-0.6503740377287035,-0.0686684536817725,8.164942189983494,2.0979781092821215,-0.0446601794856008,69d60b3a52f5b96b,1,1.8254365921020508,x_flow_sign_bias_72|tanh(x_flow_sign_bias_curve_72_288)|(x_flow_mean_72*x_volume_surprise_curve_12_72),1|-1|-1,5,-0.4998424817369004,2,0.03769384150946593,0.16171664931769444,False,False,False
BTC_LONG_87d71b04d1c9b5af_2d,657416,2d,5.0,99,4,139.46921278700952,0.0569112095354777,29,21.66735089600898,0.7353256971963251,2.58028968984628,-0.0789096311922101,9.318579824624948,270.65754457869,0.0553371873983452,155,44.93154761904762,0.0047799436542421,0.1496671934350223,-0.4273365807731549,0.0111854305699598,13.669191341455925,2.073698249255002,0.0047799436542421,87d71b04d1c9b5af,1,1.8366639614105225,x_flow_mean_12|tanh(x_return_sum_3)|tanh(x_flow_return_corr_72)|tanh(x_time_cos_week),1|-1|0.5|1,4,-0.26659849080845766,2,0.059764803304213306,0.2210867141124059,True,False,False
BTC_LONG_5103251e7ada49c0_2d,391634,2d,5.0,95,4,33.693925285168284,0.075639135352244,110,82.18650339865475,1.6641885174800897,2.2893437419670133,-0.3036279502387654,5.481012259152735,137.64703476316748,0.0032415267989915,416,120.5904761904762,-0.1956237092543408,-0.2866576419618717,-0.7584926479878403,-0.2579111475546918,-5.273587590444323,1.4672783389450055,-0.1956237092543408,5103251e7ada49c0,-1,2.0656745433807373,signed_sqrt(x_flow_mean_72)|(x_flow_std_3*x_trade_surprise_12)|(x_flow_sign_bias_12*x_jump_concentration_3)|(x_flow_mean_72*x_jump_concentration_3),-1|-1|0.5|-1,4,-0.5260487523769319,3,0.028303374505078804,0.11620841325432787,True,False,False
BTC_LONG_a67a467959c6c593_2d,806721,2d,5.0,97,4,121.04237300631203,0.0517675773934241,68,50.80620210098657,1.2773838960039838,2.953399805561326,-0.0707193287126404,18.062726545305335,175.40481223501226,-0.0125709286060154,308,89.28333333333333,0.5310688384699223,1.342632101795693,-0.2603925576580501,2.0394931531312297,60.08550099123105,1.7573313816267249,0.5310688384699223,a67a467959c6c593,1,1.189208984375,tanh(x_flow_mean_curve_72_288)|signed_sqrt(x_range_surprise_3),1|-0.5,6,-0.0344155792462546,3,0.03368836419229282,0.1419304175054852,True,True,False
BTC_LONG_5caebfeccc5225ce_2d,448462,2d,5.0,97,4,153.17082078764446,0.0586604693066858,36,26.897401112287007,0.9498350833319608,2.102390190759531,-0.0877177525123307,10.828310759540264,274.11816773623366,0.0105695888353585,202,58.55595238095238,-0.1264123669556731,-0.2500157183855837,-0.611780201696955,-0.2066303659468396,-8.810127794669894,2.1770115312071328,-0.1264123669556731,5caebfeccc5225ce,-1,1.8547964096069336,x_flow_sign_bias_curve_72_288|m1_return_sum_240,-1|0.5,3,-0.37041584371153324,2,0.047692640149114736,0.19517083833780724,True,False,False
BTC_LONG_5ee7921f50cc773d_2d,459210,2d,5.0,99,4,99.31045809035616,0.0178342345975341,36,26.897401112287007,0.535633428296538,1.7138435005329031,-0.1946195011309854,2.752208412742969,178.04861432443764,0.0067706871408472,123,35.65535714285714,0.0947090578381122,0.5094748066933271,-0.3012044498296516,0.3144344576970082,37.81475783802576,1.325606031378601,0.0947090578381122,5ee7921f50cc773d,1,1.5519206523895264,(x_flow_mean_72*x_return_efficiency_72)|(x_flow_return_corr_72*x_jump_concentration_12),1|-0.5,5,-0.1477467797157916,2,0.057054202307481754,0.19171295724249388,True,False,False
BTC_LONG_1ca796f7757131ab_2d,138538,2d,5.0,95,4,92.2846759195538,0.042303591866351,88,65.7492027189238,1.2663686374375924,2.1828854416061856,-0.2352299910831811,5.383533926121624,142.23173478560037,0.0152515607833536,361,104.6470238095238,0.3440566705436312,0.9316214021140512,-0.3849326020597631,0.8938101597593813,40.999297284991194,1.5916090155022444,0.3440566705436312,1ca796f7757131ab,-1,2.399458885192871,x_flow_mean_288|signed_sqrt(x_range_body_gap)|(x_flow_mean_12*x_trade_surprise_12)|(x_flow_sign_bias_72*x_jump_concentration_3),-1|-0.5|0.5|-1,6,-0.057496895918610236,3,0.03392744253227925,0.1331279362823347,True,True,False
BTC_LONG_57d288a43d2da9ee_2d,425055,2d,5.0,97,4,69.4335701966868,0.0357557934002899,74,55.289102286367736,0.8778398571479415,1.880671625279328,-0.1451532898831831,6.047674550500455,131.13069659130318,0.0054752556756256,299,86.67440476190475,0.0192673759727775,0.2465190810766223,-0.535077834864937,0.0360085481351342,16.030933873826378,1.5676580226059391,0.0192673759727775,57d288a43d2da9ee,-1,1.8609987497329712,m1_flow_mean_240|signed_sqrt(m1_vwap_gap_mean_240)|(x_flow_mean_3*m1_return_efficiency_15),-1|-0.5|0.5,5,-0.2172521240547859,2,0.027757642755232986,0.13254193542271916,True,False,False
BTC_LONG_a8c86c905220bdd3_2d,817959,2d,5.0,95,4,58.043349766371584,0.0338209289825686,30,22.41450092690584,0.3607154922775102,1.2826422195103142,-0.1207416829063051,2.9874976362340693,158.3659600403148,-0.0164411350834466,116,33.62619047619047,-0.0350538284265528,-0.0219456482134988,-0.5403475557496802,-0.0648727435768983,3.401144348340142,1.5001980452674895,-0.0350538284265528,a8c86c905220bdd3,-1,4.51637601852417,x_return_sum_288|x_return_skew_288|(x_flow_sign_bias_72*x_return_efficiency_curve_72_288)|(x_flow_return_corr_72*x_trade_surprise_288),1|-1|-1|0.5,4,-0.4675184910271402,3,0.06412930643556668,0.26646348897526073,True,False,False
BTC_LONG_81c364516a41a911_2d,628064,2d,5.0,97,3,-87.5519363933239,0.015987917871439,67,50.059052070089706,0.5990904026601178,1.36476604945371,-0.307040271657372,1.9511785845755312,114.56011040453032,0.0119113555482766,188,54.49761904761905,0.4120705713252617,1.2373893382712762,-0.4021249884096545,1.0247325662474758,77.32889273340706,1.0886666206007003,0.4120705713252617,81c364516a41a911,-1,2.1714184284210205,m1_quote_flow_return_corr_240|tanh(m1_realized_vol_15)|signed_sqrt(x_return_autocorr_288),1|-0.5|-0.5,6,-0.26428184244829317,3,0.07352341537081962,0.2259378475240508,True,True,False
BTC_LONG_a6e96bb64c5fa92d_2d,808914,2d,5.0,99,3,-89.39549510677602,0.0034523754934156,26,19.425900803318395,0.067920260055001,0.394598210301408,-0.2591842925106417,0.262053920772272,53.19780370862512,-0.0234925171283809,75,21.741071428571427,0.0753918115644434,0.4723389894722095,-0.2087094222340075,0.3612285959946417,46.90155395982486,1.119179576210826,0.067920260055001,a6e96bb64c5fa92d,-1,2.062904119491577,signed_sqrt(m1_quote_flow_return_corr_60)|(x_flow_return_corr_72*x_jump_concentration_72),1|0.5,4,-0.026254297761496015,2,0.08713777256349446,0.3343718833925985,False,False,False
BTC_LONG_afd20b9e613a4a3d_2d,852339,2d,5.0,97,3,-11.642461736434614,0.0217338903046188,55,41.093251699327375,0.5588218930003725,1.3299261582535178,-0.303105370391329,1.843655532328235,131.45111521831677,0.0039235708863521,183,53.04821428571429,0.2010513093263946,0.7418773534102,-0.6204163068370263,0.3240587120467283,48.76168050441983,1.2909227693602694,0.2010513093263946,afd20b9e613a4a3d,1,1.570759654045105,m1_flow_autocorr_5|(x_flow_mean_72*x_trade_surprise_288)|(x_flow_return_corr_72*x_jump_concentration_72),0.5|0.5|-0.5,5,-0.34982807491007567,3,0.05050170390983227,0.1833126075960904,True,False,False
BTC_LONG_4b0ad4189308ee4b_2d,363059,2d,5.0,95,4,67.55943150898234,0.0211388677726475,93,69.4849528734081,1.8087996248072873,2.8914382425325047,-0.1399541381740617,12.924231097459032,164.1611060337355,-0.0081970934556007,370,107.25595238095238,-0.1354270272276581,-0.137496290597055,-0.5443620280340318,-0.2487811791662875,-0.4196074963719831,1.5435853079782291,-0.1354270272276581,4b0ad4189308ee4b,-1,0.6034708023071289,(x_flow_mean_72*m1_return_efficiency_15)|(x_flow_mean_72*x_volume_surprise_3),-0.5|0.5,3,-0.5522619736086622,1,0.04152560244264689,0.16002821634407893,True,False,False
BTC_LONG_2c0461b635a42940_2d,212546,2d,5.0,99,4,146.36618144376587,0.0258086959749255,37,27.644551143183868,0.7851955370839048,1.5903665302088816,-0.1829339562567988,4.292235040178455,244.99197079127404,0.0052294404132023,147,42.6125,0.0600464770125559,0.3440948996328514,-0.4390552621621167,0.1367629138912003,30.31193040308301,1.5414430055055055,0.0600464770125559,2c0461b635a42940,-1,1.3091293573379517,signed_sqrt(m1_range_mean_15)|(x_flow_autocorr_72*x_volume_surprise_3),-0.5|1,5,-0.18004773762653986,2,0.05108626232850881,0.23788892267713713,True,False,False
BTC_LONG_4f4a3e3ce0ad9628_2d,383397,2d,5.0,99,3,-136.26174035550832,-0.0178188665427339,15,11.20725046345292,0.0195284238959083,0.201048034593489,-0.1491804729162689,0.1309046922439316,33.325751872597564,0.0035350367846065,45,13.044642857142858,-0.0139959104498212,-0.0134184794036975,-0.2289658266216672,-0.0611266347311623,3.3975480242297205,1.1639467592592592,-0.0139959104498212,4f4a3e3ce0ad9628,-1,4.968574523925781,x_return_skew_288|tanh(x_volume_surprise_3)|tanh(x_vwap_pressure_288)|(x_flow_price_gap*x_return_efficiency_12),-1|1|1|0.5,3,-0.08859580684357848,2,0.1561557282321404,0.5438933516847759,False,False,False
BTC_LONG_a823b5c777da9ae3_2d,814838,2d,5.0,95,3,-65.22576341525915,0.0559348365868381,102,76.20930315147986,1.3309158995635553,1.9851463800328748,-0.1654636602213236,8.043554081804588,131.2207261062198,0.0132847114089811,320,92.76190476190476,0.0544256741854938,0.3355001660003835,-0.6231043688024422,0.087345999980863,19.830155653542235,1.21719922536916,0.0544256741854938,a823b5c777da9ae3,1,2.6217153072357178,x_return_sum_288|tanh(m1_flow_autocorr_5)|signed_sqrt(m1_flow_mean_5)|(x_flow_mean_12*x_return_sum_12),-0.5|0.5|1|1,6,-0.610923532062633,3,0.048089957749420126,0.14156975139076838,True,False,False
BTC_LONG_5aeda04dba5f0217_2d,439942,2d,5.0,99,4,24.61199294532646,0.1072056622603309,37,27.644551143183868,0.6738545388530124,2.017139027400184,-0.0985549895993576,6.837345745683126,204.3062547666705,-0.0182067990052563,75,21.741071428571427,-0.0856946016799562,-0.3819321420152065,-0.3351645375826864,-0.2556792025135268,-27.987139239217,0.7864505130130129,-0.0856946016799562,5aeda04dba5f0217,-1,3.1065196990966797,x_avg_trade_size_log|(x_flow_price_gap*x_trade_surprise_12)|(x_flow_return_corr_72*x_jump_concentration_72),1|-0.5|1,4,-0.19868845055397805,1,0.14406438743027164,0.4187773880059181,True,False,False
BTC_LONG_1bc49e50791f013e_2d,134164,2d,5.0,99,4,24.61199294532646,0.0302339202783215,27,20.173050834215257,0.7514818921527979,2.088993803874151,-0.0987421227705587,7.610550300796878,302.4223269645357,-0.0032090612611622,111,32.176785714285714,0.0203791567061741,0.200675389352491,-0.1970270242260305,0.1034333071122014,17.5038112118078,1.5950381515775034,0.0203791567061741,1bc49e50791f013e,1,2.4064836502075195,m1_flow_mean_5|signed_sqrt(x_return_skew_72)|(x_flow_return_corr_12*x_close_location)|(x_flow_return_corr_72*x_jump_concentration_72),1|0.5|-1|-0.5,4,-0.1048919579066897,2,0.07114911465497363,0.2647326200866972,True,False,False
BTC_LONG_6cdd12992dc6035a_2d,527008,2d,5.0,99,4,0.8715799374844739,0.0087631059494878,47,35.11605145215248,0.4058333147016073,1.1939048789600035,-0.1759817982323845,2.3061096021175045,117.46956142026656,0.0022622914706414,177,51.308928571428574,0.1345567759771391,0.5461663537169935,-0.4875117558868458,0.2760072436250552,40.11321402299418,1.4611246552403467,0.1345567759771391,6cdd12992dc6035a,1,1.4722929000854492,tanh(x_jump_concentration_12)|(x_flow_mean_72*x_trade_surprise_12),1|1,5,-0.4245658178067543,3,0.06275199218099181,0.23185678904598078,True,False,False
BTC_LONG_14809347b098dae5_2d,99207,2d,5.0,97,3,-7.071515099103717,-0.0027658133787761,70,52.30050216278029,0.3779573077099079,1.0427737529706185,-0.2830407395468818,1.3353459587301015,79.81432965251639,-0.014920839724435,300,86.96428571428571,-0.0982932568179165,-0.0580051787021864,-0.5428051668558032,-0.1810838636398394,2.311539637875615,1.6627810846560847,-0.0982932568179165,14809347b098dae5,-1,1.4222490787506104,m1_flow_return_corr_60|(x_flow_mean_72*x_volume_surprise_288),0.5|-1,5,-0.33294718616525915,2,0.05735480496997749,0.18544076029896714,True,False,False
BTC_LONG_1ab3ec9281cba659_2d,129123,2d,5.0,95,3,-120.21288170018124,0.0023781464611341,95,70.97925293520183,0.0866696274179785,0.4174985780603429,-0.5796715316713181,0.1495150661756518,34.08192090795289,-0.003703012271228,255,73.91964285714286,-0.0949706316628857,-0.1054614104769632,-0.4681621445240435,-0.2028584172678839,-0.0276434090999803,1.0414260477582846,-0.0949706316628857,1ab3ec9281cba659,-1,3.0513195991516113,tanh(m1_trade_surprise_60)|signed_sqrt(x_flow_sign_bias_curve_72_288)|(x_flow_sign_bias_72*x_jump_concentration_288)|(x_flow_return_corr_72*x_jump_concentration_12),-1|-0.5|-1|1,4,-0.35849217474026945,2,0.04178329057681491,0.17029827969075206,False,False,False
BTC_LONG_984deb44499cf3e8_2d,737550,2d,5.0,99,4,139.11021089585418,0.0220418299066925,36,26.897401112287007,0.5458929579310412,1.392704126247272,-0.17035492675885,3.2044447925113024,190.48014479787705,0.0215164239473327,61,17.682738095238093,0.1115854842958787,0.6105068996037758,-0.2216913113973394,0.5033372015914646,77.36215133260927,0.6574143732853223,0.1115854842958787,984deb44499cf3e8,1,2.4868459701538086,tanh(m1_realized_vol_curve_60_240)|signed_sqrt(x_flow_sign_bias_3)|signed_sqrt(m1_vwap_gap_mean_240)|(x_flow_std_72*x_return_sum_3),-1|0.5|1|0.5,4,-0.09899251405987752,3,0.09792640531065258,0.38442146710106084,True,False,False
BTC_LONG_1f1f2a694a7d473d_2d,150527,2d,5.0,99,3,-83.02967880514073,0.0005652801717385,42,31.380301297668176,0.7311778716168957,2.0296510542264583,-0.1923694106773928,3.800905086948022,193.12941969220088,-0.0046603968603074,183,53.04821428571429,-0.1006282547617672,-0.2372872273872376,-0.5230918194130402,-0.1923720674406301,-7.566110172408517,1.6904941027336862,-0.1006282547617672,1f1f2a694a7d473d,1,1.6193276643753052,(x_flow_mean_72*x_return_efficiency_3)|(x_flow_mean_72*x_return_sum_12)|(x_flow_mean_3*x_volume_surprise_72)|(x_flow_autocorr_3*x_trade_surprise_3),1|0.5|0.5|-0.5,1,-0.17943066695354742,1,0.050625838713715614,0.21761851032938445,True,False,False
BTC_LONG_cbe15b1817b1eb6b_2d,988046,2d,5.0,99,4,179.9864237045203,0.0266129387390107,16,11.95440049434978,0.6156137741233325,1.8076575075922603,-0.0877177525123307,7.018120693833259,438.1915638663451,-0.0008572503903702,98,28.40833333333333,-0.0123732599345487,0.0441671158293533,-0.3584571856391727,-0.0345180970845533,8.25212011828201,2.376391300154321,-0.0123732599345487,cbe15b1817b1eb6b,1,1.7572662830352783,signed_sqrt(x_flow_return_corr_curve_72_288)|(x_flow_mean_72*x_wick_asymmetry)|(x_flow_std_72*x_return_sum_288),-0.5|-1|0.5,3,-0.1811921221108182,2,0.10251849807941456,0.38377283617011143,True,False,False
BTC_LONG_8058f91c35dd5ad1_2d,621235,2d,5.0,97,3,-129.76982849314544,0.0346291559930876,46,34.36890142125562,0.2967754978329275,0.8814567294321201,-0.2196925721601624,1.3508672364970506,99.93680355140388,0.0023671174825104,172,49.85952380952381,-0.10115608571423,-0.1561202675106402,-0.4833670816227265,-0.2092738408553512,-5.361752317614729,1.4507162506709608,-0.10115608571423,8058f91c35dd5ad1,-1,1.888068437576294,tanh(m1_impact_efficiency_5)|tanh(m1_flow_mean_240)|(x_flow_mean_72*x_return_sum_288)|(x_flow_price_gap*x_trade_surprise_3),0.5|-0.5|-1|0.5,4,-0.38927994875169936,2,0.06896175622430792,0.24376409936445925,False,False,False
BTC_LONG_44b33beec7da27fc_2d,332323,2d,5.0,99,3,-19.48513349082753,0.0039333725977202,33,24.655951019596426,0.9140840097237456,2.3396505488593036,-0.0911436601454963,10.029046543276362,285.31398191620497,0.0078837706267796,105,30.4375,0.1021682897753311,0.4814854611910318,-0.3419086235213399,0.2988175282714224,50.459153795856665,1.2344889870931537,0.1021682897753311,44b33beec7da27fc,1,2.1262593269348145,tanh(m1_volume_surprise_15)|(x_flow_mean_72*x_return_sum_12),-1|1,4,-0.17696466429906904,2,0.08198062751797394,0.27179721973022447,True,False,False
BTC_LONG_a09c8ec180dc7c55_2d,778051,2d,5.0,99,2,-193.1664382266085,0.0087285035729187,29,21.66735089600898,0.0517032365298186,0.3255666617165072,-0.2303684840636248,0.2244371088344658,43.05039875553506,0.0105595612195915,114,33.04642857142857,0.2046716073655072,0.8925427116922672,-0.258858338687926,0.7906703272644227,69.9550181156863,1.5251716155810982,0.0517032365298186,a09c8ec180dc7c55,-1,2.164701223373413,tanh(m1_trade_surprise_5)|(x_flow_mean_72*x_return_sum_288)|(x_flow_mean_72*m1_return_efficiency_15),1|-1|-1,5,-0.09338998589128017,3,0.07976576892802745,0.2807562558786667,False,False,False
BTC_LONG_982dd6639bb0d7b9_2d,736916,2d,5.0,97,3,-61.31720554517051,0.0204656122335833,76,56.78340234816146,1.956457866359258,2.8544578435065957,-0.2046276585902585,9.561062662974711,210.2794966828159,0.0071798127476913,289,83.77559523809524,0.2166489510347977,0.7189929136436354,-0.4570199532991547,0.4740470289553952,36.46580220432294,1.4753535676575698,0.2166489510347977,982dd6639bb0d7b9,-1,1.313584804534912,x_return_efficiency_curve_3_12|(x_flow_mean_72*x_return_efficiency_12),0.5|-1,6,-0.36103667593884475,3,0.02697219703892404,0.12583653286038568,True,False,False
BTC_LONG_b194d79646716cb3_2d,860936,2d,5.0,99,3,43.420817484092765,0.059944806404493,20,14.943000617937226,0.1618775152931033,0.7347522655090292,-0.1664538968045467,0.9725066123455371,125.35498905550192,0.0210899243620389,69,20.001785714285713,-0.0279417451450985,-0.0280868815708723,-0.2348690983759288,-0.1189673113164306,2.0663152765274977,1.338538773148148,-0.0279417451450985,b194d79646716cb3,1,2.534926652908325,x_flow_return_corr_72|m1_range_mean_60|signed_sqrt(x_flow_sign_bias_72)|(x_flow_return_corr_12*x_return_efficiency_curve_72_288),1|0.5|1|-0.5,3,-0.1858813662270679,2,0.09626324810239623,0.39442522949579445,False,False,False
BTC_LONG_3672937698e4183f_2d,263006,2d,5.0,99,4,27.642064888865495,0.0116685099625381,30,22.41450092690584,0.4543917558162325,1.41769058867819,-0.1123642783368099,4.043916470092045,190.5566709256077,-0.0065434008473583,142,41.16309523809524,-0.0310549983525627,0.0167211639537579,-0.3788547349001491,-0.0819707278061276,6.078439550357351,1.83644933127572,-0.0310549983525627,3672937698e4183f,-1,2.7929749488830566,(x_flow_std_12*m1_return_efficiency_15)|(x_flow_mean_72*x_return_sum_12)|(x_flow_std_72*x_return_efficiency_curve_72_288)|(x_flow_mean_12*x_volume_surprise_curve_3_12),-1|-1|-0.5|1,3,-0.449932807225429,2,0.06709126971810439,0.23467336354592003,True,False,False
BTC_LONG_a175fbbb4d53ba01_2d,782128,2d,5.0,99,4,48.872392297961476,0.0280277047797424,30,22.41450092690584,0.4397073387566865,1.9363165142426393,-0.0863002230517073,5.095089250154462,176.13911460056764,0.0072523113253476,138,40.003571428571426,0.0265717575756292,0.2370564177099364,-0.3873158029203668,0.0686048887633238,22.12879694413983,1.7847183641975306,0.0265717575756292,a175fbbb4d53ba01,1,3.809328556060791,x_return_sum_288|(x_flow_sign_bias_3*x_return_efficiency_72)|(x_flow_mean_12*x_return_sum_72)|(x_flow_mean_12*x_jump_concentration_12),-1|1|1|1,6,-0.35293564958527734,3,0.06222137153740917,0.2484530416729304,True,False,False
BTC_LONG_926ef7f217424548_2d,709005,2d,5.0,97,4,68.14408530981056,0.004666549991841,65,48.56475200829598,0.8225808793822895,1.7639800707777529,-0.2361384227732247,3.4834690166972706,143.1259857226807,0.0101014910277945,231,66.9625,0.066499368610849,0.3585261176944131,-0.3395228192303668,0.1958612642342873,23.732607172936444,1.3788292378917382,0.066499368610849,926ef7f217424548,-1,2.6262295246124268,x_flow_sign_bias_72|tanh(x_return_autocorr_12)|tanh(m1_flow_std_15)|(x_flow_sign_bias_72*x_jump_concentration_72),-1|-1|1|-0.5,4,-0.0251118273306295,3,0.03515928125533991,0.17078035869280028,True,False,False
BTC_LONG_986eab606b120088_2d,738194,2d,5.0,99,3,158.0321146195282,-0.0064804709474895,31,23.1616509578027,0.7121054754625356,2.3146037008720426,-0.129153455975339,5.513638563404044,249.95962836953927,0.0058940719891835,104,30.14761904761905,0.3793406621243009,1.426731506080989,-0.1228420400692216,3.0880361634383644,121.36904542605129,1.3016178813221826,0.3793406621243009,986eab606b120088,-1,1.7166045904159546,(x_flow_mean_72*x_return_efficiency_72)|(x_flow_sign_bias_72*x_trade_surprise_12),-1|1,6,-0.08294748199174606,3,0.06949343706706915,0.2592176184277689,True,True,False
BTC_LONG_a8527546f5f2dd79_2d,815756,2d,5.0,97,2,-188.33858526059444,-0.0042648925020243,64,47.81760197739912,-0.1095303172535696,-0.081353519540688,-0.3854522852194221,-0.284160508196802,-1.839499279268856,-0.0235384628858087,292,84.6452380952381,-0.0921267201020147,-0.0401418173903293,-0.4988310595723231,-0.1846852122259595,3.0772764727495137,1.7701690297067902,-0.1095303172535696,a8527546f5f2dd79,1,1.3326287269592283,m1_flow_return_corr_60|(x_flow_mean_72*x_return_efficiency_curve_3_12),-0.5|1,4,-0.2174752996278786,2,0.058155061300520484,0.2083986017799947,False,False,False
BTC_LONG_c12e702b54d89a5b_2d,936296,2d,5.0,99,4,131.63726151800535,0.0010453916967863,16,11.95440049434978,0.3424677819792754,2.3824600718771753,-0.0179851833311349,19.041661998875146,257.89002236749224,-0.0093215925130452,56,16.233333333333334,0.0525872455799969,0.3912822036848278,-0.210573514734525,0.2497334275219508,44.78992019131654,1.3579378858024693,0.0525872455799969,c12e702b54d89a5b,1,1.8539060354232788,(x_flow_autocorr_72*x_return_sum_288)|(x_flow_mean_72*x_jump_concentration_72),-0.5|1,4,-0.06366690481341575,3,0.1356382563613438,0.4420233957473912,True,False,False
BTC_LONG_1982c8528892744d_2d,123340,2d,5.0,99,3,56.492223799031734,0.0303456836377642,23,17.18445071062781,0.6272311384482951,1.5519053062653498,-0.1115158277302483,5.624592949850475,321.7127296919027,0.008398224972993,128,37.1047619047619,0.0876549221634526,0.4470712175185962,-0.3989284141890301,0.2197259434168,37.460596180818584,2.1592055823939877,0.0876549221634526,1982c8528892744d,1,1.7448534965515137,m1_downside_share_5|tanh(x_flow_mean_72)|tanh(m1_realized_vol_curve_60_240)|signed_sqrt(m1_realized_vol_15),1|0.5|-0.5|0.5,4,-0.24772149975715352,2,0.06343476676078318,0.27159305997650257,True,False,False
BTC_LONG_273a0a1b65dac17d_2d,189447,2d,5.0,97,3,-35.64618139820196,0.0359693084187249,83,62.01345256443949,0.2216981255036776,0.7042153328136644,-0.303420209069741,0.7306636765671742,49.7792054381794,0.0036269729726343,329,95.37083333333334,-0.1675345885267606,-0.3048225831569702,-0.4784064598276865,-0.3501929898419507,-6.859271540710112,1.5379055574148446,-0.1675345885267606,273a0a1b65dac17d,-1,2.0487334728240967,x_downside_share_72|m1_flow_mean_60|(x_flow_mean_3*x_volume_surprise_12)|(x_flow_mean_72*x_volume_surprise_12),-0.5|-1|-0.5|-1,2,-0.2844141486773393,1,0.03808676968402421,0.14349625112363815,False,False,False
BTC_LONG_aad29e2812bcd407_2d,827873,2d,5.0,95,4,71.32598795406146,0.0267072031650601,92,68.73780284251124,2.236295048713411,2.753701860653507,-0.2227739647993147,10.0384039523109,191.16130745325785,0.0267568355591403,379,109.86488095238096,0.7397785044997667,1.4739529620966738,-0.4294863392407251,1.722472723597209,64.06719929048803,1.5983181947799248,0.7397785044997667,aad29e2812bcd407,1,2.2402844429016113,x_flow_mean_288|(x_flow_autocorr_12*m1_return_efficiency_5)|(x_flow_mean_72*x_return_sum_3)|(x_flow_std_3*x_volume_surprise_72),1|0.5|1|0.5,7,0.02705307116240674,4,0.030039604284162774,0.12095534259038035,True,True,False
BTC_LONG_2b85669871cbff2f_2d,210193,2d,5.0,97,3,-16.694666365858083,0.053545268066868,52,38.85180160663679,0.5800024702234516,1.6115861510797362,-0.1260247240044033,4.602291136167742,134.97185490264584,-0.0043603179429541,264,76.52857142857142,-0.0721978194447785,-0.0137626426068066,-0.659892478112627,-0.1094084594679319,4.326982847349451,1.969756054131054,-0.0721978194447785,2b85669871cbff2f,1,1.4500586986541748,tanh(m1_flow_mean_240)|signed_sqrt(x_range_position_12)|(x_flow_sign_bias_12*x_return_efficiency_3)|(x_flow_std_72*x_return_efficiency_3),1|-0.5|-0.5|1,2,-0.3726314260138896,2,0.04825150843909351,0.17563796867429252,True,False,False
BTC_LONG_7833ce95dee6dc63_2d,582129,2d,5.0,99,3,36.18552639564317,-0.0020038458556255,33,24.655951019596426,0.4365856502264071,1.5163020372149694,-0.0982611889975321,4.443113854823925,164.85091382441547,0.0190612920882229,167,48.41011904761905,0.0051199650667494,0.1450383306057911,-0.3756519431988234,0.0136295450068778,12.541017490471576,1.96342534137673,0.0051199650667494,7833ce95dee6dc63,1,1.1268876791000366,m1_flow_std_5|(x_flow_mean_72*x_close_location),-0.5|-1,4,-0.22141976486599318,2,0.06513268994457155,0.25311535262318424,True,False,False
BTC_LONG_1a60425057f03292_2d,127535,2d,5.0,97,4,90.8731328097968,0.1891988255923844,58,43.33470179201796,1.3463377653685096,2.712994588261358,-0.1258342376781356,10.69929607562158,214.19037018236625,-0.0450601076795994,149,43.19226190476191,-0.0829375743397945,-0.2449413095912697,-0.4264823524414587,-0.1944689478122755,-8.48570033016603,0.99671302948063,-0.0829375743397945,1a60425057f03292,1,1.2589603662490845,x_avg_trade_size_log|tanh(x_trade_size_surprise_288),-1|1,3,-0.22237421142177477,2,0.07826254708724667,0.3061659650694318,True,False,False
BTC_LONG_aa98a8079f802d35_2d,826843,2d,5.0,95,4,26.838192268683528,0.019026976803793,105,78.45075324417044,0.864820711423878,1.697606408998063,-0.3244891937322699,2.665175691913567,95.3680766312248,-0.0150679712715145,316,91.60238095238095,0.092308808982864,0.4244273667059771,-0.5144457945164347,0.1794334990523771,22.44084829330899,1.1676418283362728,0.092308808982864,aa98a8079f802d35,-1,0.9878507256507874,x_flow_std_12|tanh(m1_trade_intensity_240),-0.5|-0.5,4,-0.41943716099095724,2,0.03348327672537888,0.14418355703643718,True,False,False
BTC_LONG_240cf092e9642eb7_2d,174136,2d,5.0,99,4,24.61199294532646,0.0044135062089018,26,19.425900803318395,0.5841680865861407,2.398154559532471,-0.0477662244115699,12.229731233365872,251.692982848098,0.0391466143577143,67,19.42202380952381,0.1015109871195727,0.6051168805367585,-0.22496983303188,0.4512204403209377,63.93750057021209,0.9998004214150048,0.1015109871195727,240cf092e9642eb7,1,1.5921554565429688,tanh(x_time_cos_week)|(x_flow_std_12*x_return_efficiency_3)|(x_flow_return_corr_72*x_jump_concentration_72),0.5|-1|-0.5,4,-0.05884329875226724,2,0.0916316631751838,0.351112037443217,True,False,False
BTC_LONG_1fde8d9ae8fd55b8_2d,154012,2d,5.0,97,3,-18.39148868158362,0.0171498753547052,93,69.4849528734081,0.7247651351997622,1.591370975001965,-0.2536658641192234,2.857164631576605,94.41180694269217,0.0040762714240632,306,88.70357142857142,0.1398663990086039,0.5320045447881621,-0.4007682129547418,0.3489957399001574,27.864074636239454,1.2765867682198326,0.1398663990086039,1fde8d9ae8fd55b8,-1,2.469090223312378,x_flow_mean_3|tanh(m1_flow_surprise_15)|(x_flow_mean_72*x_return_efficiency_curve_12_72),-1|-1|1,4,-0.2179745932385631,2,0.039825206931156966,0.1527995861306576,True,False,False
BTC_LONG_9ed60bd9b331ec1e_2d,769444,2d,5.0,95,4,90.1766956407272,0.0349246655164398,115,85.92225355313906,3.68010818924171,3.274903722981739,-0.3309701271878772,11.11915513496683,199.3956366064947,0.0085909882701082,380,110.1547619047619,0.021094019702281,0.2488633865599425,-0.4544764015473207,0.0464138943858556,14.038902517961658,1.2820283145464304,0.021094019702281,9ed60bd9b331ec1e,-1,1.790093183517456,m1_flow_mean_15|signed_sqrt(x_return_sign_entropy_12)|signed_sqrt(m1_return_sum_15),-1|0.5|0.5,4,-0.1410680384163701,2,0.03804076298089288,0.14273838682830375,True,False,False
BTC_LONG_c7a3af09c9fcde6f_2d,967545,2d,5.0,99,4,40.9677242349669,0.046329765137037,29,21.66735089600898,0.6877758567467591,1.9085071341449316,-0.195075415552855,3.525692126799077,265.94487784450456,0.0006398856310839,165,47.83035714285714,-0.0404433603246993,-0.0524830319600112,-0.421780634172219,-0.0958871912269583,2.3406043497946953,2.207485233077905,-0.0404433603246993,c7a3af09c9fcde6f,1,2.2894515991210938,m1_flow_mean_15|tanh(x_flow_return_corr_curve_72_288)|(x_flow_return_corr_72*x_volume_surprise_curve_12_72),1|-0.5|1,4,-0.1438654751744735,1,0.08561603147024206,0.3149967991073177,True,False,False
BTC_LONG_82e0c98c217a7f98_2d,633346,2d,5.0,97,4,107.38762465838694,0.0091454592513911,74,55.289102286367736,1.8421997942798476,2.4309618986282677,-0.2213485402762468,8.322620027133453,213.75625855518433,0.0113494756528308,291,84.35535714285714,0.1698127428041456,0.6050805643769028,-0.5112184417469932,0.3321725683913952,31.531554556304716,1.5257139952452452,0.1698127428041456,82e0c98c217a7f98,-1,2.068919897079468,x_jump_concentration_3|(x_flow_mean_72*x_return_sum_288),-1|-1,5,-0.4695385636135948,3,0.0379349988105289,0.1636117781571703,True,False,False
BTC_LONG_549714e5e0af09ac_2d,409156,2d,5.0,99,4,5.44153445078549,0.0469202724084324,15,11.20725046345292,0.151476382506791,1.0871162501604723,-0.0549726854701032,2.7554844958260425,139.030400524005,0.0116624625089551,53,15.363690476190476,-0.0132046336332318,0.0052661106874445,-0.2115231093737944,-0.0624264349759402,5.577440777749421,1.3708706275720162,-0.0132046336332318,549714e5e0af09ac,-1,2.3454315662384033,x_flow_mean_288|tanh(x_flow_return_corr_curve_12_72)|tanh(m1_flow_autocorr_60)|(x_flow_return_corr_72*x_jump_concentration_72),-1|-1|-0.5|0.5,4,-0.1511295792070108,2,0.1633936611672774,0.4754505264064289,False,False,False
BTC_LONG_c0f050f982d166f2_2d,935169,2d,5.0,95,3,-6.687692351943237,0.0730025796121162,52,38.85180160663679,0.3259495585233163,0.958572586883802,-0.3929240873474385,0.8295484268316164,94.3479017050588,0.0068628187742991,185,53.62797619047619,0.0988708131470639,0.4655340391255884,-0.3201184994241167,0.3088569180629343,30.549480892871028,1.3803214773266856,0.0988708131470639,c0f050f982d166f2,-1,1.1150391101837158,x_flow_return_corr_288|m1_flow_mean_240,-0.5|-0.5,6,-0.21233839555887207,4,0.05480687417875627,0.218579027306573,False,False,False
BTC_LONG_c561393b913abfd1_2d,956633,2d,5.0,95,4,19.61100940262431,0.001713882992707,113,84.42795349134533,0.7421737722622794,1.3485043971152444,-0.3425778325753776,2.166438402283307,85.69023679606774,-0.0076208417458984,380,110.1547619047619,0.134192934034349,0.5071527314768304,-0.5949940178602982,0.2255366104636315,24.14226601212228,1.3047190811755707,0.134192934034349,c561393b913abfd1,-1,1.0600566864013672,tanh(m1_return_sum_5)|signed_sqrt(x_trade_surprise_12)|(x_flow_std_72*x_volume_surprise_12),-0.5|-0.5|-0.5,4,-0.5282129412387747,2,0.045516711673612466,0.13694639638921732,True,False,False
BTC_LONG_75283c3f9353a4fc_2d,567325,2d,5.0,99,3,4.200163359954464,0.0097539914019638,42,31.380301297668176,0.2787319892973259,1.1069341503026042,-0.1889861953359748,1.4748801562029612,92.93673155088996,-0.005670992258585,145,42.032738095238095,0.1224598665101861,0.5940349150144809,-0.1934195969742059,0.6331306053052997,39.230977532248744,1.3394625404174014,0.1224598665101861,75283c3f9353a4fc,-1,1.1403924226760864,tanh(m1_return_sum_5)|(x_flow_mean_72*m1_return_efficiency_15),0.5|-1,6,-0.019088801595987026,4,0.10314819236835675,0.2712699279006827,True,True,False
BTC_LONG_23014388991c4fc4_2d,169125,2d,5.0,95,3,-75.3607326859339,0.0640153460697016,68,50.80620210098657,0.0923845189845096,0.4180859284700357,-0.3065446140389624,0.3013738123376957,38.867265374115554,0.0110832764972624,235,68.12202380952381,0.167765170658626,0.6216921576324659,-0.2987272256698162,0.5615998685170304,36.40221878963104,1.3408210216957153,0.0923845189845096,23014388991c4fc4,1,1.97921884059906,x_flow_sign_bias_curve_72_288|tanh(x_time_sin_week)|(x_flow_mean_72*x_return_sum_288)|(x_flow_sign_bias_72*x_return_efficiency_12),0.5|0.5|1|-0.5,5,-0.14223476480613811,2,0.04077749310789248,0.17914202781889593,False,False,False
BTC_LONG_10aa46e47a07fc99_2d,80642,2d,5.0,99,4,264.3517325220159,0.0449105752207801,34,25.403101050493284,1.208194074007375,2.137405044534848,-0.1356851932710181,8.904391443759994,348.16193106963885,0.0016251254770422,93,26.958928571428572,0.1121477240360699,0.5558712850007748,-0.3397790302448706,0.3300607572964341,56.04177608396592,1.0612455746187364,0.1121477240360699,10aa46e47a07fc99,-1,2.6674249172210693,tanh(m1_realized_vol_15)|signed_sqrt(m1_body_mean_60)|signed_sqrt(m1_flow_mean_240),-1|1|-1,5,-0.21420517634128772,3,0.06396819877770658,0.27302842775359937,True,True,False
BTC_LONG_7dd69dcd9bba5097_2d,609278,2d,5.0,97,3,-56.66461259838599,-0.0090503131404485,55,41.093251699327375,-0.0352170039708166,0.0761195814659235,-0.2980295660795035,-0.1181661418163525,11.65657571237112,0.0226045478779878,238,68.99166666666666,-0.2426829816851128,-0.5270097757057974,-0.7278834540140939,-0.3334091197523138,-24.432533029448894,1.6789050224466888,-0.2426829816851128,7dd69dcd9bba5097,-1,1.9391334056854248,x_trade_size_surprise_72|(x_flow_std_3*x_wick_asymmetry)|(x_flow_mean_72*x_return_sum_288),0.5|0.5|-1,3,-0.6524998114441716,1,0.05701197205728266,0.2137763463338158,False,False,False
BTC_LONG_93e9a6ed4e5981ce_2d,716218,2d,5.0,99,4,2.5292589684117184,0.0162078965647503,32,23.90880098869956,0.4538320841959355,1.2856692815290212,-0.1615756501182034,2.808790086030457,183.70044335681092,0.0015915429993446,138,40.003571428571426,-0.2116547495692152,-0.7117658639440579,-0.6500853723578117,-0.3255799292969154,-44.47109659730626,1.6731734664351852,-0.2116547495692152,93e9a6ed4e5981ce,-1,1.8552072048187256,x_return_sum_288|(x_flow_autocorr_3*x_trade_surprise_3)|(x_flow_mean_12*x_volume_surprise_curve_3_12),0.5|-1|1,3,-0.4955557747340874,1,0.06402524142777849,0.2612533322575542,True,False,False
BTC_LONG_713c00a9506e831a_2d,548137,2d,5.0,95,3,-62.944991936700774,0.0350373752319403,87,65.00205268802694,0.6511874274346532,1.2291467793980166,-0.3695451363835171,1.762132317062469,101.97228147072364,0.0482472747568765,291,84.35535714285714,0.029707639084892,0.2521158628474709,-0.4842941091421586,0.0613421442137999,14.84443155539811,1.2977337430821625,0.029707639084892,713c00a9506e831a,-1,3.016080141067505,x_flow_autocorr_288|tanh(x_range_position_curve_3_12)|signed_sqrt(m1_flow_mean_240)|(x_flow_mean_3*x_jump_concentration_288),-1|-0.5|-0.5|1,4,-0.5007500669960792,3,0.034697373058076464,0.15518445617144422,False,False,False
BTC_LONG_86a9cd61a46fd4d7_2d,651606,2d,5.0,97,4,31.79097483161121,0.0023255792953237,92,68.73780284251124,2.3735965294285615,2.5937665375724603,-0.2089912508725058,11.357396635118295,200.43209644143923,0.0071343076037742,303,87.83392857142857,0.0172833983009768,0.2439285767207835,-0.6300671645978528,0.0274310411208432,16.150966552821497,1.2778111161433172,0.0172833983009768,86a9cd61a46fd4d7,-1,1.3404943943023682,signed_sqrt(m1_trade_size_surprise_curve_5_15)|(x_flow_mean_12*x_return_efficiency_72)|(x_flow_autocorr_72*x_volume_surprise_3),-0.5|-0.5|1,5,-0.5967815799107272,2,0.03921453676642551,0.14971505813767277,True,False,False
BTC_LONG_724dd62221db474d_2d,553298,2d,5.0,95,4,67.97448489267494,0.0595389817704792,90,67.24350278071752,1.094321446902733,1.9205537789429548,-0.2178019631243013,5.024387435287692,128.76682549186057,0.0216328361623152,361,104.6470238095238,-0.1937469762535851,-0.2420931265767649,-0.7451202418225891,-0.2600210883812169,-5.592773679128953,1.5562399262688613,-0.1937469762535851,724dd62221db474d,1,2.7022266387939453,signed_sqrt(x_flow_price_gap)|signed_sqrt(x_flow_mean_288)|signed_sqrt(m1_trade_surprise_15)|(x_flow_mean_72*x_trade_surprise_3),1|1|-0.5|-1,3,-0.47201353387673217,1,0.04241592681064115,0.148825811628247,True,False,False
BTC_LONG_ae38531c773c3e54_2d,844490,2d,5.0,95,3,-13.421639420284858,0.0259283072339013,106,79.1979032750673,0.441837384269091,0.9609323167727448,-0.3800219365979174,1.1626628405311703,68.01381333055633,0.0024650939421995,349,101.16845238095236,-0.3936068300911991,-1.0313268020316724,-0.8366889726781148,-0.4704338684318059,-36.14792325395238,1.2774132672373628,-0.3936068300911991,ae38531c773c3e54,1,2.266904354095459,(x_flow_mean_72*x_return_sum_288)|(x_flow_autocorr_3*x_volume_surprise_curve_3_12)|(x_flow_std_12*x_volume_surprise_288),1|0.5|1,1,-0.38064305212572497,0,0.04338542684888684,0.15414168087077892,False,False,False
BTC_LONG_80ccece36b2d79cf_2d,623469,2d,5.0,99,3,-60.44156857282703,-0.0059981030291194,44,32.8746013594619,0.7225058075296715,1.8325522116617223,-0.1325321223554519,5.451552383594269,185.134703502958,-0.0153380861695029,136,39.42380952380952,0.0230999706534416,0.2142989538246129,-0.3635566189893725,0.0635388532263715,18.087101266937267,1.1992178731762062,0.0230999706534416,80ccece36b2d79cf,1,3.7777910232543945,x_return_sum_288|x_time_sin_week|m1_jump_concentration_15|(x_flow_sign_bias_72*x_volume_surprise_72),-1|-1|1|1,3,-0.1447583830995985,2,0.062062657508594944,0.25916173853959307,True,False,False
BTC_LONG_a5c375f05e105f45_2d,803254,2d,5.0,95,4,59.64503646835061,0.039985282396705,96,71.72640296609869,1.7825726328247966,2.5543362078210454,-0.2467075633904061,7.225447847352526,160.81148507992404,0.009840365041587,367,106.38630952380952,0.0499836384320369,0.3283910243428247,-0.4759804214826312,0.1050119630474356,18.777724915857956,1.4832238216949587,0.0499836384320369,a5c375f05e105f45,-1,1.3923166990280151,tanh(x_flow_mean_72)|tanh(m1_trade_size_surprise_5),-1|-1,4,-0.3473594528241331,2,0.03447966286045305,0.1473791109941571,True,False,False
BTC_LONG_7bf06b95c52bd960_2d,600070,2d,5.0,99,3,-183.02098164145443,0.0828777212267977,36,26.897401112287007,0.4924335600783869,1.4121189471899256,-0.1828966309421077,2.692414603494019,171.7138227127788,-0.0090024918848358,174,50.43928571428572,-0.0200766132333533,0.061276252122846,-0.5536585577967055,-0.0362617229529487,8.287068570252007,1.8752475565843623,-0.0200766132333533,7bf06b95c52bd960,1,1.978523015975952,m1_flow_return_corr_5|m1_flow_std_60|m1_range_mean_60,-0.5|1|0.5,3,-0.3577621400199026,2,0.06828531069671848,0.23435861618273585,True,False,False
BTC_LONG_b1b8f10cb54e5e73_2d,861661,2d,5.0,99,3,-25.31518345990913,0.064325972071687,20,14.943000617937226,0.2424687972666195,1.074728528247446,-0.1064729558595223,2.277280604349208,166.75209965495742,0.0427702410675394,56,16.233333333333334,0.1332818970489795,0.933347388404786,-0.1113492192864327,1.1969719940840142,88.46658846478967,1.0863503086419755,0.1332818970489795,b1b8f10cb54e5e73,1,1.6353706121444702,x_return_autocorr_288|(x_flow_return_corr_72*x_jump_concentration_72),0.5|-0.5,5,-0.03996205076392911,3,0.09682280979489999,0.3615544284047426,True,True,False
BTC_LONG_1341bc48fd23c11d_2d,93103,2d,5.0,97,4,32.72269633109692,0.0394912700977469,78,58.27770240995518,0.4063341772294202,1.1023800197493103,-0.2455352206442508,1.6548916125485174,75.26014417488744,0.0032952587331025,286,82.90595238095239,-0.2437116054395077,-0.7021003963223136,-0.7386471639852911,-0.3299431952389665,-22.314495640761063,1.4226015946502057,-0.2437116054395077,1341bc48fd23c11d,-1,0.7651855945587158,signed_sqrt(x_range_position_288)|(x_flow_mean_72*x_trade_surprise_288),0.5|-0.5,2,-0.3506285015237585,0,0.04315653881759867,0.16161138466467254,True,False,False
BTC_LONG_0f2448cf9127d70e_2d,73273,2d,5.0,99,3,-28.69889858628048,0.0139489573303506,28,20.92020086511212,0.5089588844059552,2.02056644198324,-0.1401857135518038,3.63060451390345,212.34160242880304,-0.007678088541396,75,21.741071428571427,0.1231402188426031,0.7656579007187395,-0.1693766212500167,0.7270201633130701,64.97695936038699,1.0392381779100528,0.1231402188426031,0f2448cf9127d70e,-1,1.9013338088989256,(x_flow_return_corr_12*m1_return_efficiency_5)|(x_flow_return_corr_72*x_jump_concentration_72),-1|0.5,5,-0.06499967571575122,3,0.08822312318109163,0.3398556074925695,True,True,False
BTC_LONG_3b005dc5ae5f45f2_2d,285093,2d,5.0,99,4,54.36946187145057,0.045515761808964,30,22.41450092690584,0.8816380403549735,2.0860420849563193,-0.1247928294995632,7.064813290078169,309.80976562309394,0.0113112557222748,127,36.81488095238095,0.013758102081143,0.1895647737023784,-0.4176945115644221,0.0329381921481653,19.256422596641197,1.6424582047325103,0.013758102081143,3b005dc5ae5f45f2,1,2.2117528915405273,x_wick_asymmetry|m1_flow_mean_240|signed_sqrt(x_return_sum_72),-0.5|1|-1,4,-0.1412696160473153,3,0.06757842261572614,0.26031825668278796,True,False,False
BTC_LONG_290035753dfa1e36_2d,197870,2d,5.0,97,4,49.21206078208635,0.000473551023042,78,58.27770240995518,0.5827202035179224,1.3692339957065356,-0.1968634041617473,2.9600229966517633,97.03172747209548,0.0078339455484284,305,88.41369047619048,0.3008238946751747,0.8620335359045618,-0.2629724632084667,1.143936863217127,43.29567783790247,1.5171100921968979,0.3008238946751747,290035753dfa1e36,1,1.1970735788345337,tanh(m1_flow_surprise_60)|(x_flow_mean_72*x_return_efficiency_12),0.5|1,5,-0.12656436649328368,3,0.03771923363654645,0.15129628979174414,True,True,False
BTC_LONG_a1d9fc6ebbe165bb_2d,784035,2d,5.0,99,3,-7.779750156584516,-0.0166329299399536,26,19.425900803318395,0.3659289910664327,1.333599771209996,-0.1078054303125475,3.394346555693327,182.20522785450183,-0.0148029742074886,87,25.21964285714286,0.1103081818861675,0.6512971209882513,-0.2160105601782381,0.5106610611775102,53.33583979808728,1.2982483084045584,0.1103081818861675,a1d9fc6ebbe165bb,1,2.4035494327545166,x_return_sum_288|tanh(m1_quote_flow_return_corr_60)|signed_sqrt(m1_jump_concentration_240),-0.5|-0.5|1,6,-0.10884294693552965,4,0.06849502164540659,0.2847586727138214,True,True,False
BTC_LONG_4719abb5f310e195_2d,343970,2d,5.0,99,1,-61.22171389263664,0.0219793345635838,38,28.39170117408073,0.4134150754705061,1.6241903947989396,-0.1912810748155488,2.161296280194786,136.0161574982643,0.0051921229056256,172,49.85952380952381,-0.3094166285895782,-1.0911301206961344,-0.7805335110181352,-0.396416840816959,-59.942423141983454,1.7561301981806368,-0.3094166285895782,4719abb5f310e195,-1,1.2218201160430908,tanh(x_time_sin_day)|tanh(m1_base_quote_flow_gap)|signed_sqrt(x_time_sin_day)|(x_flow_mean_72*x_volume_surprise_curve_3_12),1|0.5|-1|-1,2,-0.6325717424441266,0,0.06817560446130504,0.20774637105231156,False,False,False
BTC_LONG_8c198db3ea178cb2_2d,678283,2d,5.0,97,3,-18.306117669208746,0.0291044292917295,74,55.289102286367736,0.576977458872501,1.316622072820362,-0.2548503777293576,2.263985103782076,102.28301611555403,0.0065661798756897,300,86.96428571428571,0.2015846153104026,0.678892334301712,-0.3590773434696388,0.5613960863210165,33.69237056367947,1.5729010260260259,0.2015846153104026,8c198db3ea178cb2,-1,1.3454461097717283,signed_sqrt(x_flow_sign_bias_12)|(x_flow_mean_72*x_return_efficiency_curve_3_12),-0.5|-1,5,-0.1549839264946622,2,0.040957625717123046,0.1659348260158145,True,True,False
BTC_LONG_420611e539db5183_2d,319301,2d,5.0,95,4,57.42760794094321,0.0456351223780791,94,70.23210290430497,0.9665070777071814,1.9609049548749968,-0.2333813765281226,4.141320494742718,111.39500996831698,0.00473293139029,374,108.41547619047618,0.0502539060998592,0.3178674827100828,-0.5065911616621332,0.0992001240901547,16.639428311610907,1.5436740707906487,0.0502539060998592,420611e539db5183,-1,1.292033076286316,signed_sqrt(x_flow_sign_bias_72)|(x_flow_mean_72*x_volume_surprise_curve_3_12),-0.5|1,3,-0.17107589964235514,1,0.03186907055159432,0.13582062415860846,True,False,False
BTC_LONG_766117fcd0cb1d3c_2d,573322,2d,5.0,99,4,84.8153421384984,0.0595234357398421,17,12.701550525246642,0.4139593925869909,1.4604351151875616,-0.0877177525123306,4.719220234567684,301.47499143450057,0.012545328988152,113,32.756547619047616,0.1526208636984012,0.7564385871358773,-0.2291433330875426,0.666049767374613,55.5550165129246,2.5789408587509075,0.1526208636984012,766117fcd0cb1d3c,1,2.3967745304107666,x_flow_mean_curve_72_288|signed_sqrt(x_return_vol_12),1|1,5,-0.046631181209608796,3,0.07080269827204813,0.2962357511572574,True,True,False
BTC_LONG_cd395d0178770d67_2d,994698,2d,5.0,99,3,-4.143967577117316,0.0492033844160834,36,26.897401112287007,1.1325459011022605,2.2360925601666857,-0.1370553623929824,8.263419112744248,310.27162595146893,0.0037128831886365,149,43.19226190476191,0.0991676623710575,0.4821265326738809,-0.309480270943912,0.3204329053629076,35.60151218005492,1.6058154363854595,0.0991676623710575,cd395d0178770d67,1,1.735767841339111,x_flow_mean_72|(x_flow_mean_12*x_return_sum_72)|(x_flow_mean_72*x_close_location)|(x_flow_autocorr_72*x_close_location),0.5|0.5|-1|-1,4,-0.10304800683002335,2,0.06461236733679236,0.2740552485900842,True,False,False
BTC_LONG_a883b61663e4010e_2d,816692,2d,5.0,95,3,-28.919510196294272,0.0286428308416314,109,81.43935336775789,0.2807700480810227,0.7594052069799867,-0.3581031567313165,0.7840479560242565,48.80294460037707,-0.0025185820242651,398,115.37261904761904,-0.1884515941105002,-0.264673507194964,-0.7129291235558652,-0.2643342625288798,-4.94969747932838,1.4166691442972021,-0.1884515941105002,a883b61663e4010e,-1,1.953576922416687,m1_flow_mean_60|signed_sqrt(x_flow_std_3)|signed_sqrt(x_return_efficiency_curve_3_12)|(x_flow_return_corr_72*x_return_efficiency_12),-1|0.5|0.5|0.5,3,-0.527941514758601,2,0.027146318915324267,0.12419054967003576,False,False,False
BTC_LONG_9bf33e9f6e490f1f_2d,755312,2d,5.0,95,4,28.529569869087812,0.0528719492639197,66,49.31190203919285,0.6535536979584553,1.5417638156531792,-0.2409785616269616,2.7120823261040377,120.40293348414184,0.0022651851255363,307,88.99345238095238,0.2981474329948912,0.8585008558233245,-0.3345829853983032,0.8911015981280774,42.881122817776806,1.8047053287504673,0.2981474329948912,9bf33e9f6e490f1f,1,1.3292818069458008,x_flow_mean_curve_72_288|tanh(m1_volume_concentration_240)|(x_flow_std_72*x_close_location),0.5|-0.5|1,5,-0.04963289517845104,3,0.030647829633198145,0.13559891768553445,True,True,False
BTC_LONG_5fcd25c8e6a72764_2d,463604,2d,5.0,99,4,3.789279714173406,0.005256098230065,22,16.43730067973095,0.3109222594020311,1.2515723264544376,-0.1062772876394724,2.9255757867737637,186.017676228433,0.012221865153058,111,32.176785714285714,0.1963430438344982,0.8810183156363127,-0.2283300314884712,0.8599089771702323,68.88533466721194,1.9575468223905723,0.1963430438344982,5fcd25c8e6a72764,1,1.908533811569214,(x_flow_mean_72*x_return_sum_288)|(x_flow_sign_bias_12*x_trade_surprise_3),1|-1,5,-0.062314767453782005,3,0.08318877747065764,0.29909015210062384,True,True,False
BTC_LONG_2d335184b7ce7577_2d,218215,2d,5.0,97,3,-84.94646622977037,0.0171122393957522,57,42.5875517611211,0.0553954434832744,0.3292257925292696,-0.3298696152836863,0.1679313307945461,27.589978330981147,0.0243646213149248,171,49.56964285714286,0.0578355513008104,0.3407261070998321,-0.3971543483758243,0.1456248723886086,23.999254160747498,1.1639467592592592,0.0553954434832744,2d335184b7ce7577,1,2.401233434677124,x_flow_sign_bias_288|tanh(x_range_position_curve_12_72)|signed_sqrt(x_return_skew_72),1|0.5|-1,4,-0.24253743067389172,2,0.04824290106347226,0.22361140468661608,False,False,False
BTC_LONG_0777fdef3d9cb3fe_2d,36071,2d,5.0,97,4,44.33869673997282,0.0068247123648243,59,44.08185182291482,0.7302959590959976,1.6906766582740016,-0.2125009257892759,3.4366718939388865,143.98437933374188,-0.0067586181220079,156,45.22142857142857,0.2065652452209703,0.7802491465180383,-0.327818786303761,0.6301202183988454,56.213269041173014,1.0258513810420589,0.2065652452209703,0777fdef3d9cb3fe,1,2.115808486938477,tanh(m1_body_mean_240)|(x_flow_sign_bias_72*x_trade_surprise_3)|(x_flow_return_corr_72*x_jump_concentration_72),1|-1|-0.5,6,-0.10837948313329593,4,0.03950494412431498,0.1857282968041441,True,True,False
BTC_LONG_5302fd0b90db2060_2d,401482,2d,5.0,95,3,-246.0282772861783,0.0262950809756,122,91.15230376941707,0.2343480656361181,0.6695345612843409,-0.5127453574504852,0.4570457093972784,41.30859859624184,-0.0213280689484401,373,108.12559523809524,-0.1920228794484023,-0.3376862367423167,-0.789027215749077,-0.2433666109553674,-7.411232131792317,1.1862080360756933,-0.1920228794484023,5302fd0b90db2060,1,1.576756238937378,tanh(x_return_efficiency_curve_12_72)|(x_flow_std_12*x_return_efficiency_12),1|1,3,-0.5391648054655764,2,0.028433369141368733,0.12956175011487742,False,False,False
BTC_LONG_725a7bb4e7c55762_2d,553546,2d,5.0,97,3,-35.06157039923935,0.0555537678151686,75,56.0362523172646,1.2168348734537338,2.076718270715953,-0.3247297822195713,3.747222891403755,162.51508051865315,-0.0239010586327222,300,86.96428571428571,-0.009066346630154,0.1549865646915289,-0.5158874962359081,-0.0175742709336923,11.438860511997165,1.5519290123456788,-0.009066346630154,725a7bb4e7c55762,1,1.3725812435150146,tanh(x_flow_return_corr_3)|signed_sqrt(x_avg_trade_size_log),-1|-0.5,4,-0.17006193389290053,2,0.04552727374287617,0.16919356771376337,True,False,False
BTC_LONG_53e69e5263d274c7_2d,405801,2d,5.0,95,3,-113.06896364707728,-0.045803720295061,74,55.289102286367736,0.4973561587796413,1.0756033925306954,-0.2138396857044229,2.3258365590150807,97.63992320881252,0.0283033344303159,240,69.57142857142857,0.1788596831253819,0.6104284711914191,-0.6477946584326855,0.2761055232504172,39.80263789381138,1.2583208208208208,0.1788596831253819,53e69e5263d274c7,1,3.0834197998046875,x_flow_autocorr_12|signed_sqrt(m1_flow_std_5)|signed_sqrt(m1_flow_std_60)|(x_flow_mean_72*x_return_sum_288),0.5|-1|-1|1,5,-0.357768892076344,3,0.045589299237959784,0.17214416946983807,True,False,False
BTC_LONG_7615a6586c23c2da_2d,571856,2d,5.0,95,3,-3.160003933138794,0.04469562331701,127,94.88805392390138,1.602023435464942,1.925066777804154,-0.3122749973569839,5.130168758383029,123.06079601952894,0.0025573003760259,390,113.05357142857144,0.1134645394914499,0.4657520619597223,-0.5766417717679306,0.1967678115714339,22.385422456755876,1.1914415645960923,0.1134645394914499,7615a6586c23c2da,-1,1.358416199684143,m1_flow_mean_15|tanh(x_return_efficiency_3)|(x_flow_autocorr_72*x_trade_surprise_3),-0.5|0.5|1,4,-0.42078025354894766,3,0.03620457027322786,0.1311064773784585,True,False,False
BTC_LONG_cd5a30d8ecc5fa58_2d,995318,2d,5.0,99,4,48.412898082823006,0.0383416815312099,23,17.18445071062781,0.6148163799422319,1.4527993471705394,-0.1271055380542547,4.837054225597934,322.1676149828296,0.0267844268520561,35,10.145833333333334,0.1028385052974396,0.6958529069776866,-0.1914589662860794,0.5371307873028919,113.6417936712274,0.5904077764358562,0.1028385052974396,cd5a30d8ecc5fa58,1,3.337109327316284,x_vwap_pressure_12|x_return_vol_72,-0.5|1,6,-0.11484866852361386,3,0.13915232475295763,0.47610377479379495,True,False,False
BTC_LONG_2e1f08874d8f4c3a_2d,222637,2d,5.0,99,3,82.55149695697425,0.0404769727039892,42,31.380301297668176,0.5016326771707895,1.6981379515724162,-0.0892910008762554,5.617953346339805,144.8069116176662,-0.0050024605446935,188,54.49761904761905,-0.0381567443702741,-0.0270888366353882,-0.3864185120855775,-0.0987446076647172,3.7404155390870546,1.736682466196355,-0.0381567443702741,2e1f08874d8f4c3a,1,1.1874842643737793,tanh(x_return_efficiency_72)|tanh(m1_flow_std_5)|tanh(m1_flow_mean_240),0.5|0.5|1,4,-0.21051804412401698,2,0.05215774709529194,0.21669150831597186,True,False,False
BTC_LONG_2c7ad2037b69eb07_2d,214772,2d,5.0,99,4,71.44757326812135,0.0110712003287901,20,14.943000617937226,0.6012152813877554,1.684490556282436,-0.1012250068961744,5.939394817768859,348.92742788992666,0.0024307608508949,52,15.073809523809524,0.0262229944760836,0.2288699577255121,-0.2529817108501382,0.1036556926900447,38.99346253097056,1.0087538580246913,0.0262229944760836,2c7ad2037b69eb07,1,2.435208797454834,(x_flow_std_12*x_return_sum_288)|(x_flow_autocorr_72*x_return_sum_72)|(x_flow_sign_bias_12*x_trade_surprise_72),1|-0.5|-0.5,3,-0.1577599501364334,3,0.11716296979549506,0.4611239801104169,True,False,False
BTC_LONG_9e9a5c1977526593_2d,768256,2d,5.0,97,2,-46.98112525769879,0.0055271601771319,64,47.81760197739912,0.3586350758263938,1.1079145087531683,-0.1755610467492097,2.0427941304013006,79.706532892447,0.0106036956115135,207,60.00535714285714,0.2947656870242061,0.9464468283014792,-0.498410428012498,0.5914115565351186,57.19242499774935,1.254880099826389,0.2947656870242061,9e9a5c1977526593,-1,1.9233911037445068,signed_sqrt(x_return_sign_entropy_12)|(x_flow_mean_72*x_return_sum_288),0.5|-1,5,-0.28974325076162716,3,0.05090607137088255,0.18390679466286355,False,False,False
BTC_LONG_9239276a1c3f69ae_2d,707971,2d,5.0,95,3,-52.367512253833624,0.0104134243420988,84,62.76060259533635,0.443859699093829,0.9821133235265688,-0.3553544132484719,1.2490620139941029,82.14394660353038,-0.0096395250848895,310,89.86309523809524,-0.1757149202915506,-0.3278602519832205,-0.5660274679200132,-0.310435323814323,-8.64681518916207,1.4318392673427396,-0.1757149202915506,9239276a1c3f69ae,-1,3.538806915283203,m1_flow_return_corr_60|m1_flow_mean_curve_60_240|signed_sqrt(m1_impact_efficiency_curve_60_240)|(x_flow_return_corr_72*x_jump_concentration_72),0.5|1|0.5|1,3,-0.31108880279008505,2,0.0497718861638335,0.15517862124099616,False,False,False
BTC_LONG_39d4fb09a096cdaa_2d,279618,2d,5.0,95,3,-83.00629190307885,0.018409724971557,106,79.1979032750673,0.7299224080501521,1.3683259672166117,-0.2228256614457752,3.2757555988576263,88.98816681636563,0.003924420627806,393,113.92321428571428,-0.1819607241651233,-0.2503055950917242,-0.6514778421356151,-0.2793045479008715,-4.46807441103773,1.438462504367575,-0.1819607241651233,39d4fb09a096cdaa,1,1.2583037614822388,signed_sqrt(m1_flow_autocorr_15)|(x_flow_mean_72*x_jump_concentration_3),0.5|1,3,-0.5126980887176641,1,0.033169633055060606,0.13974024591551132,True,False,False
BTC_LONG_a2ffbb453c7250b4_2d,789698,2d,5.0,99,3,-30.271741957918117,0.0328056326038546,15,11.20725046345292,0.273020969705201,1.214505907276983,-0.0811127182012508,3.3659452643147976,239.97792104353852,0.0287727553091821,33,9.566071428571428,0.0464181953745757,0.3738229834627271,-0.2211751285563776,0.2098707737960856,65.07900169840529,0.8535609567901233,0.0464181953745757,a2ffbb453c7250b4,1,0.9917558431625366,signed_sqrt(x_return_sign_bias_288)|(x_flow_std_72*x_return_sum_288),0.5|0.5,4,-0.04831414048715471,2,0.14473082751018104,0.5831444089610991,True,False,False
BTC_LONG_5673ac8389b35973_2d,418301,2d,5.0,99,3,-8.011982289160553,0.0140718133375668,25,18.678750772421537,0.6750476934909253,1.457184164395226,-0.131813624664359,5.121228516474068,321.7110390120604,0.0046365378979361,70,20.291666666666668,-0.0345031838104578,-0.1736940739492364,-0.3399468025337705,-0.1014958327399777,-7.234632572320535,1.086350308641975,-0.0345031838104578,5673ac8389b35973,-1,1.8067119121551511,m1_realized_vol_240|signed_sqrt(x_return_sign_bias_curve_12_72),-0.5|1,2,-0.16577654842479833,1,0.10177906812800992,0.36521940738073827,True,False,False
BTC_LONG_5b52c1ccd3753e62_2d,441826,2d,5.0,97,4,27.00070369152567,0.0009983425767975,57,42.5875517611211,1.21261138697998,2.229613654704437,-0.1661939573096283,7.296362675333731,208.4961795659429,0.0328083133358088,169,48.98988095238095,0.2730681909922712,0.8495497051502217,-0.4781418109457862,0.5711029337763411,67.87412932445719,1.150333346870262,0.2730681909922712,5b52c1ccd3753e62,-1,2.2873435020446777,tanh(x_return_sign_entropy_72)|tanh(x_time_cos_week)|(x_flow_mean_72*x_return_sum_12)|(x_flow_autocorr_72*x_return_sum_288),0.5|-0.5|-1|0.5,5,-0.25484800652154044,2,0.05553252204334338,0.20105698313789339,True,False,False
BTC_LONG_93dd099c0b88d039_2d,715991,2d,5.0,99,4,92.71279249822018,0.0094461489334586,30,22.41450092690584,0.5442980360748138,1.6414385054768712,-0.1407406361086727,3.867383657798269,217.1468994658264,-0.0051075634527751,99,28.69821428571429,-0.10602138804849,-0.4147280288005816,-0.425967229282413,-0.2488956444539039,-26.026085866507465,1.2803414351851852,-0.10602138804849,93dd099c0b88d039,-1,1.7083194255828855,tanh(x_return_vol_288)|signed_sqrt(x_flow_sign_bias_curve_12_72),-1|1,3,-0.1300090913445886,1,0.09489818316921993,0.3824541760155492,True,False,False
BTC_LONG_1f2409413db95611_2d,150624,2d,5.0,95,3,-119.2538725171164,-0.0068229825510806,120,89.65800370762337,0.543410764657468,1.0685150349460495,-0.4894945625737249,1.1101466823252455,69.27731174361787,0.0140991131699197,390,113.05357142857144,0.3104296780518711,0.8102446666777138,-0.3652876676238175,0.849822497625514,38.3838421999841,1.2609423225308642,0.3104296780518711,1f2409413db95611,1,1.683948993682861,signed_sqrt(x_trade_surprise_12)|signed_sqrt(x_range_surprise_curve_72_288)|(x_flow_mean_72*x_jump_concentration_12),0.5|-0.5|1,5,-0.40727600605310377,2,0.03882123952504071,0.13141133681133732,False,False,False
BTC_LONG_2843f501b4f10186_2d,194382,2d,5.0,95,4,2.5777994715786567,-0.0001760532008253,32,23.90880098869956,0.3824013229024861,1.088055225370158,-0.1445573880314257,2.6453253487075656,165.91109846644767,0.0018378868034404,147,42.6125,0.1156068036690216,0.5254489369045374,-0.3731518389612051,0.3098116948608707,39.90063293749307,1.7822934751157407,0.1156068036690216,2843f501b4f10186,-1,2.8919599056243896,x_return_skew_288|m1_range_mean_240|(x_flow_sign_bias_72*x_jump_concentration_3),-0.5|-0.5|1,6,-0.23119186036992545,2,0.05859737205352005,0.23730672496808233,True,True,False
BTC_LONG_c457819f10ae9867_2d,951494,2d,5.0,97,3,-68.09034695215644,0.0297978258777745,22,16.43730067973095,0.2167277298781673,1.1571011549824244,-0.0975122956931344,2.222568224218584,134.24191850944013,0.0087436274593081,114,33.04642857142857,0.1164022705025442,0.6321047299392597,-0.2035456536037512,0.5718730340916454,44.75197307362313,2.010453493265993,0.1164022705025442,c457819f10ae9867,-1,3.174881935119629,x_jump_concentration_288|signed_sqrt(x_flow_mean_288)|signed_sqrt(m1_flow_std_15),-1|-1|-1,5,-0.05123237530163499,3,0.07343716217536107,0.3114103812628207,True,True,False
BTC_LONG_3baab9ec01ff8675_2d,288311,2d,5.0,97,4,36.77829859065719,0.0138698043210581,77,57.53055237905832,1.0094293369906833,1.754537749334398,-0.2610926862260636,3.8661723987039696,144.11567387051468,0.0337604672386223,306,88.70357142857142,0.2158878569933184,0.679341707065515,-0.4924424842684811,0.4384021766806288,36.86007515220874,1.5418515512265512,0.2158878569933184,3baab9ec01ff8675,1,1.3776142597198486,tanh(x_time_cos_week)|signed_sqrt(x_volume_surprise_12)|signed_sqrt(m1_volume_concentration_5)|(x_flow_mean_72*x_trade_surprise_12),0.5|0.5|-0.5|1,5,-0.19129814513632926,3,0.03427044757784581,0.1314201914673907,True,False,False
BTC_LONG_906cd2974297880b_2d,699288,2d,5.0,95,3,-65.92974435529685,0.0352445638864878,104,77.70360321327358,0.6777784204233417,1.3145113721467698,-0.2858840887753076,2.370815470447696,86.69572322498544,-0.0071099208965353,382,110.7345238095238,-0.0917837369139091,-0.0008759259215014,-0.6110778987951513,-0.1501997324643505,4.9656637023930745,1.4250886603751185,-0.0917837369139091,906cd2974297880b,-1,0.7207947969436646,tanh(x_range_position_curve_72_288)|(x_flow_mean_72*m1_return_efficiency_5),-0.5|-0.5,4,-0.3655566849681838,1,0.026071204615647756,0.11554871135958375,True,False,False
BTC_LONG_551de9c781fa9a9e_2d,411763,2d,5.0,99,3,69.27514459543853,0.0115079853943838,47,35.11605145215248,0.6293105863300832,1.972259885056388,-0.0861838629362212,7.301953810028132,153.84637205086491,-0.0149599174185887,184,53.338095238095235,0.0293887342235334,0.2420348317473021,-0.3453823448324274,0.0850904357540114,17.46647080600754,1.518909246125558,0.0293887342235334,551de9c781fa9a9e,1,2.1271395683288574,m1_flow_mean_curve_60_240|signed_sqrt(m1_return_efficiency_curve_60_240)|(x_flow_mean_72*x_jump_concentration_12),-0.5|1|1,4,-0.2074700846815189,2,0.05550113239674027,0.22885879902023604,True,False,False
BTC_LONG_9c86daf7344558ce_2d,758099,2d,5.0,97,4,43.56425153200001,0.0473625928176764,80,59.772002471748905,0.7835046096075708,1.6719049524337195,-0.3289376389495435,2.3819244648003153,114.56522858925906,-0.003871743701423,331,95.95059523809525,-0.1336928055902773,-0.1653814519157853,-0.6665754076272826,-0.200566663667004,-1.7871072925857048,1.605276572145062,-0.1336928055902773,9c86daf7344558ce,-1,1.5244605541229248,m1_flow_mean_60|tanh(x_return_sign_bias_12),-1|1,3,-0.556867623693065,2,0.029072163521560196,0.13689981759288233,True,False,False
BTC_LONG_6d14459a98f6eceb_2d,528032,2d,5.0,99,4,134.5010403037117,0.0048831804619378,45,33.62175139035876,1.2675950629163033,3.022331859642241,-0.1028133584048784,12.329089162952156,260.359388332072,-0.0062630065280583,171,49.56964285714286,0.2168344805835296,0.8444746172225396,-0.3039544906604192,0.7133781116784983,52.18032117558005,1.474332561728395,0.2168344805835296,6d14459a98f6eceb,-1,1.6019139289855957,x_return_efficiency_curve_12_72|(x_flow_mean_12*x_return_efficiency_curve_3_12)|(x_flow_mean_72*m1_return_sum_15),-0.5|1|-0.5,5,-0.12306486729742488,3,0.058567994664205064,0.22876411647414774,True,True,False
BTC_LONG_249e47dd2cdfa2b8_2d,176854,2d,5.0,99,4,111.84954059685988,0.0135582945072868,36,26.897401112287007,0.8526525635647637,2.171973021818269,-0.0704812951276837,12.097572299432072,250.0705935831804,-0.0083644822551085,126,36.525,0.1444460943123779,0.7045470319471159,-0.2599273415666356,0.5557171994364718,48.95896028629312,1.357937885802469,0.1444460943123779,249e47dd2cdfa2b8,1,1.7560110092163086,(x_flow_mean_72*m1_return_sum_5)|(x_flow_mean_72*m1_return_efficiency_15)|(x_flow_std_3*x_jump_concentration_72)|(x_flow_autocorr_72*x_jump_concentration_72),0.5|1|0.5|0.5,4,-0.09553316417695662,3,0.07096057214999464,0.2611096875649993,True,False,False
BTC_LONG_a864e0a32e9d3bfb_2d,816098,2d,5.0,97,4,7.3261616265817056,0.0113222279517938,73,54.541952255470875,0.5443231975201681,1.3864144690143172,-0.2294510156802561,2.3722849772811276,96.450705257904,-0.002181192784894,263,76.23869047619047,0.1495281494798312,0.5601526334084515,-0.4039251139139321,0.3701878004834642,32.04107075484239,1.39779907618806,0.1495281494798312,a864e0a32e9d3bfb,1,0.9982668161392212,(x_flow_mean_72*x_trade_surprise_72)|(x_flow_sign_bias_72*x_trade_surprise_3),0.5|-1,5,-0.12127999165164349,4,0.03210116448707858,0.14359345819509997,True,True,False
BTC_LONG_4efcc77eb10b5c6b_2d,381929,2d,5.0,97,4,28.30836541068077,-0.0008472375380031,44,32.8746013594619,0.7932441184223524,1.7450703503879097,-0.1577059867087279,5.029892237936531,202.60938790780975,0.0188652735050016,145,42.032738095238095,0.101171386259715,0.4801329784879771,-0.4610077216153304,0.2194570318805493,37.92701415298835,1.2785778794893377,0.101171386259715,4efcc77eb10b5c6b,-1,4.435462474822998,tanh(x_range_position_3)|signed_sqrt(m1_flow_std_15)|signed_sqrt(m1_realized_vol_60)|(x_flow_return_corr_72*x_jump_concentration_72),-1|1|-1|1,5,-0.07321250805428164,3,0.047784647460145435,0.21161002297349124,True,False,False
BTC_LONG_7cf9881951e120e7_2d,605186,2d,5.0,99,3,-24.25959300512981,0.0054822420089004,18,13.448700556143503,0.0891433886184682,0.6720980019189856,-0.1114509874857108,0.7998438652676576,75.95662241563839,0.0158699878003575,103,29.857738095238098,-0.0766494933238695,-0.3729056599347619,-0.2733550279140737,-0.2804027198942302,-16.6274333615152,2.2201206704389578,-0.0766494933238695,7cf9881951e120e7,-1,1.2503788471221924,tanh(x_wick_asymmetry)|(x_flow_mean_72*x_jump_concentration_288),1|-0.5,3,-0.11100448585510675,0,0.07999394735043851,0.3002853285725258,False,False,False
BTC_LONG_958256c48911b2b4_2d,723889,2d,5.0,99,3,-60.04267997762232,0.018192775232791,21,15.690150648834088,0.5061715837757079,1.2598464223675323,-0.1639618912176897,3.087129454390541,308.0158561594832,0.0051713038547476,36,10.435714285714283,0.1283520321008673,0.8325690635752787,-0.1076563636126458,1.192238227204903,132.57505553450267,0.6651124338624337,0.1283520321008673,958256c48911b2b4,1,1.391863226890564,tanh(x_range_body_gap)|tanh(x_return_vol_288),1|0.5,5,-0.02066514165898997,3,0.16019071772073884,0.4840230626615351,True,False,False
BTC_LONG_50568b7ab54491af_2d,388432,2d,5.0,99,4,81.81916072676613,0.0796385414823789,32,23.90880098869956,0.768034174719969,2.1160700063684175,-0.0852073122820986,9.013712017780971,259.6603691643972,-0.0082304712338613,155,44.93154761904762,0.0564517121588767,0.3337284243895214,-0.3761498613319457,0.1500777162564447,27.36883970751259,1.8792890383873457,0.0564517121588767,50568b7ab54491af,-1,2.1567234992980957,signed_sqrt(m1_flow_mean_240)|(x_flow_sign_bias_72*x_return_efficiency_3)|(x_flow_autocorr_72*x_volume_surprise_3),-1|1|1,4,-0.29397218166530675,3,0.05888021959471209,0.24209259313097267,True,False,False
BTC_LONG_3916dab256ff75c5_2d,275929,2d,5.0,97,4,10.706434125748858,0.0316232676463383,63,47.07045194650226,0.7702331972275915,1.8049031404469915,-0.1460586417734866,5.273451730587082,138.9433776958736,-0.0154081523367186,282,81.74642857142857,-0.0841620204136494,-0.0511679066393588,-0.7145016096718482,-0.1177912257640718,2.6872493145310212,1.7366824661963551,-0.0841620204136494,3916dab256ff75c5,1,2.229866743087769,m1_flow_mean_240|tanh(m1_flow_return_corr_240)|(x_flow_sign_bias_72*x_return_efficiency_curve_3_12)|(x_flow_std_72*x_trade_surprise_288),1|-0.5|1|-0.5,4,-0.5988792477539832,2,0.033241124709805996,0.14945085742477687,True,False,False
BTC_LONG_858af8887bcdc689_2d,646382,2d,5.0,97,3,-32.610413984473404,0.034987675022344,70,52.30050216278029,0.4513637118893725,1.1684656197420469,-0.2810978352970075,1.6057174948091022,90.17820827405367,-0.0178251048079218,274,79.42738095238096,-0.0421419983527739,0.0316344324009461,-0.4686303017476414,-0.0899258929600065,6.315824693001158,1.5186733906525574,-0.0421419983527739,858af8887bcdc689,1,2.18951153755188,tanh(x_flow_mean_curve_72_288)|(x_flow_std_3*x_return_efficiency_3)|(x_flow_std_72*x_wick_asymmetry)|(x_flow_sign_bias_72*x_return_sum_288),1|-1|1|0.5,4,-0.24409288485034913,2,0.03767539074039115,0.17438700442195343,True,False,False
BTC_LONG_234317c3f71f1454_2d,170378,2d,5.0,97,3,-70.62036964192157,0.011249034397575,73,54.541952255470875,1.4297068915126006,2.117720136751597,-0.31764871805826,4.500905592354312,187.21083112633772,0.0162116743130306,286,82.90595238095239,0.2294142769192755,0.7590173364119682,-0.3482258717015359,0.658808823704823,37.39983937918145,1.5200400600372062,0.2294142769192755,234317c3f71f1454,1,2.2552335262298584,tanh(x_range_position_curve_12_72)|tanh(x_flow_mean_curve_72_288)|signed_sqrt(x_range_position_12)|(x_flow_mean_72*x_return_sum_3),1|0.5|0.5|1,5,-0.15149471723634267,4,0.031415138824657164,0.14500115735900906,True,True,False
BTC_LONG_176395e3ea0c6eb2_2d,113225,2d,5.0,95,4,39.524507577200254,0.0007503788447083,108,80.69220333686103,1.3630220714407062,1.8249151924895304,-0.2039323657653756,6.683696657591194,130.22982484220668,0.006894074947353,399,115.6625,-0.0435364321167414,0.0977789248214564,-0.6497921954006162,-0.0670005463668271,8.451826963524352,1.4333788794581617,-0.0435364321167414,176395e3ea0c6eb2,1,1.9328758716583252,tanh(m1_volume_concentration_60)|tanh(m1_flow_return_corr_curve_60_240)|(x_flow_mean_72*x_return_sum_3)|(x_flow_mean_12*x_trade_surprise_12),-0.5|-0.5|1|1,4,-0.26100388247590955,2,0.022627930326917668,0.10926858930592556,True,False,False
BTC_LONG_af7d8ba7a1b185dd_2d,850748,2d,5.0,99,3,12.670864594373166,0.0124326464148081,45,33.62175139035876,0.5087920837635804,1.385736512742855,-0.2693739286357256,1.8887948300728832,143.8035961797095,-0.0099748291654962,149,43.19226190476191,-0.0617747833661711,-0.0725277761717575,-0.5514587996167404,-0.1120206684689847,0.1436185305913416,1.2846523491083677,-0.0617747833661711,af7d8ba7a1b185dd,1,2.0123894214630127,tanh(x_range_surprise_72)|signed_sqrt(x_return_efficiency_curve_12_72)|(x_flow_std_72*x_trade_surprise_12),1|0.5|1,4,-0.19784559699029453,1,0.06584803394983092,0.3089931146952547,True,False,False
BTC_LONG_14a7dc621742d15a_2d,99952,2d,5.0,99,3,50.77897466968645,0.0061712640667222,30,22.41450092690584,0.2198011664647829,0.913314238639619,-0.1504669174864321,1.4607939747592875,107.409310369085,0.007151987055009,101,29.27797619047619,-0.0103454033011288,0.0614364030889972,-0.2507031441880319,-0.0412655506760203,9.532887315117064,1.3062069187242795,-0.0103454033011288,14a7dc621742d15a,-1,1.3047271966934204,signed_sqrt(x_trade_surprise_3)|(x_flow_return_corr_72*x_trade_surprise_3),0.5|-1,4,-0.07838736332510854,1,0.07930347942202494,0.2856164166108126,False,False,False
BTC_LONG_bb1002b367a66555_2d,906713,2d,5.0,99,3,-76.76593730161389,0.0403891475796662,30,22.41450092690584,0.0966737495270857,0.4875889938170465,-0.1532329593221451,0.6308939666422962,61.2549485325727,0.0388366296082836,109,31.597023809523808,0.1063228961000479,0.5228426521289413,-0.3805819934851792,0.2793692237680405,47.64497595659866,1.4096688528806582,0.0966737495270857,bb1002b367a66555,1,1.9040563106536863,x_time_cos_week|signed_sqrt(x_return_efficiency_72)|signed_sqrt(m1_return_autocorr_240),1|-0.5|1,5,-0.29480489947984423,3,0.07629281914458308,0.2982229185435261,False,False,False
BTC_LONG_82a4fa86f503287b_2d,632245,2d,5.0,99,3,-221.53946668617473,0.0499486673522035,27,20.173050834215257,0.4044158980169363,1.4111449296143368,-0.1102234770612717,3.669054078126449,189.8423669157714,-0.0131605635356467,113,32.756547619047616,0.0402119201967248,0.2828321363186776,-0.3683602332930008,0.1091646615522134,26.43584680455813,1.6237775777320527,0.0402119201967248,82a4fa86f503287b,-1,1.8840540647506712,m1_flow_mean_240|signed_sqrt(x_flow_return_corr_12)|(x_flow_autocorr_3*x_return_sum_288),-1|0.5|0.5,4,-0.18393224412496517,2,0.07413084280846531,0.2979073337623496,True,False,False
BTC_LONG_c1626e74d2f236cc_2d,937280,2d,5.0,95,3,-204.21730959339433,0.0131998690973652,106,79.1979032750673,0.6422036904778543,1.286486900258575,-0.2953177060531019,2.1746196632123973,81.73928694292451,0.0046174571059081,365,105.80654761904762,0.2462131500030353,0.7239835034462198,-0.410843610128293,0.5992867941311074,34.170466380440544,1.3359766261938038,0.2462131500030353,c1626e74d2f236cc,-1,1.8159184455871584,x_range_surprise_12|(x_flow_sign_bias_12*x_trade_surprise_3)|(x_flow_return_corr_12*x_jump_concentration_72)|(x_flow_mean_72*x_volume_surprise_3),1|0.5|0.5|1,6,-0.08098285688183243,2,0.035142775683114726,0.1368241288715319,True,True,False
BTC_LONG_44f5db64773b6543_2d,333573,2d,5.0,95,3,-2.9873978862001622,0.038422707278991,102,76.20930315147986,1.285440848842358,1.9782536392804024,-0.3290485639587152,3.9065383947508696,127.61570256024676,-0.0095158806808524,324,93.92142857142856,-0.09423122568302,-0.0969709867721279,-0.5692806200667475,-0.165526846271302,1.3096450677636802,1.2324142156862743,-0.09423122568302,44f5db64773b6543,1,1.5832269191741943,x_return_autocorr_72|tanh(m1_trade_intensity_15)|tanh(m1_flow_std_60)|(x_flow_sign_bias_72*x_return_efficiency_3),0.5|1|1|-0.5,4,-0.23724920611902306,2,0.03850827529661257,0.16012233467951967,True,False,False
BTC_LONG_5d05df6191ad8877_2d,450103,2d,5.0,99,4,204.72099626749065,0.014538995497975,14,10.46010043255606,0.5436672603649928,1.759810514347823,-0.0877177525123307,6.197915983866186,451.45041331616767,0.034714167211058,74,21.451190476190476,0.1232935168336344,0.6569034432782647,-0.2278693053824944,0.5410711926587819,69.39696035926991,2.050763337742504,0.1232935168336344,5d05df6191ad8877,1,1.6856803894042969,(x_flow_mean_72*x_return_efficiency_72)|(x_flow_std_72*x_return_sum_72),1|0.5,6,-0.09340281341362955,3,0.09006519511397494,0.3618516748885808,True,True,False
BTC_LONG_750b7dc7a072375f_2d,566742,2d,5.0,99,4,147.5838645407161,0.0320550457747198,44,32.8746013594619,1.3256471222207158,2.4285343703641433,-0.2004999516628719,6.61170793921042,281.822334704265,-0.0008892214894814,161,46.670833333333334,-0.1206854220365457,-0.2662973809935004,-0.5978169801798403,-0.2018768720825563,-12.416542865002752,1.4196623351571267,-0.1206854220365457,750b7dc7a072375f,-1,1.1638973951339722,(x_flow_std_12*x_volume_surprise_72)|(x_flow_autocorr_72*x_volume_surprise_3),-0.5|1,3,-0.5207367888757464,1,0.06341081075421622,0.27973385256209554,True,False,False
BTC_LONG_518a764c3b3aa8c3_2d,394261,2d,5.0,97,4,101.85189939174556,0.0540486834041185,57,42.5875517611211,0.6029699419913093,1.334632624472832,-0.2738559905533726,2.20177744066473,135.746363830017,0.0249680075903936,172,49.85952380952381,0.1238507619039948,0.5396402886600964,-0.4519830923796637,0.2740163603287194,37.710147988572054,1.1707534654537577,0.1238507619039948,518a764c3b3aa8c3,1,3.0700764656066895,m1_range_mean_15|signed_sqrt(x_impact_per_flow_72)|signed_sqrt(x_time_sin_week)|(x_flow_sign_bias_12*x_return_sum_288),1|-0.5|1|-0.5,5,-0.16794835635651906,3,0.0403119778777362,0.17803458887039128,True,False,False
BTC_LONG_02a20dfc29f6dd74_2d,12538,2d,5.0,99,3,6.72125240317604,0.0132701716087101,38,28.39170117408073,0.1819795723979436,0.8374174537455678,-0.1454475273759301,1.2511699282971729,73.63652858282425,0.0058111589750316,148,42.90238095238095,0.1176311955921234,0.5535984516132727,-0.3417781265304894,0.3441741482588112,38.69358885308317,1.5110887751786874,0.1176311955921234,02a20dfc29f6dd74,1,1.4863370656967163,tanh(x_flow_autocorr_72)|(x_flow_mean_72*x_jump_concentration_12)|(x_flow_sign_bias_72*x_jump_concentration_3),1|0.5|0.5,6,-0.13787840214610575,3,0.06801140830150726,0.267631412718999,False,False,False
BTC_LONG_03b5ea3c9a0cc7ec_2d,17921,2d,5.0,95,3,-199.1076459604076,0.001426949997933,114,85.1751035222422,1.0966624384951973,1.697261715821657,-0.2368302612143855,4.630584085293336,107.39118552235718,-0.0075112332682711,400,115.95238095238096,-0.0844860275776808,0.0181497301273514,-0.543710748822011,-0.1553878192784049,5.691839413159039,1.3613412388997184,-0.0844860275776808,03b5ea3c9a0cc7ec,1,1.4387717247009275,x_flow_mean_72|signed_sqrt(x_range_surprise_curve_3_12),0.5|-1,3,-0.12698821849356828,1,0.02976935280084175,0.1310014367577295,True,False,False
BTC_LONG_74605c0db716c90e_2d,563348,2d,5.0,95,3,-22.091592667353375,0.0068064628165137,130,97.12950401659197,1.0448339718718629,1.6633369458577991,-0.2246239655448438,4.651480394523051,91.4934389945866,0.0003168294098266,396,114.79285714285714,-0.1294315279364832,-0.1431815827038533,-0.5793412180254855,-0.2234115645657193,-0.0087508187337122,1.1818536324786326,-0.1294315279364832,74605c0db716c90e,1,1.2813047170639038,x_return_efficiency_3|x_flow_mean_3,1|0.5,3,-0.2828527758200382,1,0.03122727299760217,0.13056550129437,True,False,False
BTC_LONG_b961581cdee12afc_2d,898614,2d,5.0,95,3,-23.280066558605817,0.0388169315780404,101,75.462153120583,0.6147570777398708,1.368726184069718,-0.2054600236288499,2.992100686459518,79.60116652144728,0.022422855089095,386,111.8940476190476,0.1565692818927331,0.5367277349379301,-0.4357680795468555,0.3592949764827788,26.98995934418224,1.4827836603104751,0.1565692818927331,b961581cdee12afc,-1,1.6544535160064695,x_flow_mean_288|tanh(m1_return_sum_240)|(x_flow_mean_3*x_jump_concentration_12),-1|0.5|-0.5,4,-0.09989774616659602,2,0.041536447817708246,0.16920812725890938,True,False,False
BTC_LONG_3ff67699d3b71e1f_2d,309268,2d,5.0,95,4,10.79330450124466,0.0341132268806428,112,83.68080346044847,1.2884209176516983,1.952012222605258,-0.2023034624071595,6.368753665019334,117.7964771094236,0.0066739980083687,368,106.67619047619048,-0.1047529034655033,-0.0767017437100103,-0.6095546336146844,-0.1718515415826048,2.1117978216675923,1.274798831569665,-0.1047529034655033,3ff67699d3b71e1f,1,2.5517868995666504,x_return_sum_288|tanh(x_downside_share_288)|tanh(x_range_surprise_curve_3_12)|(x_flow_mean_3*m1_return_efficiency_15),-1|-1|-0.5|1,2,-0.29916684800183396,2,0.032847633625242685,0.1397330564720055,True,False,False
BTC_LONG_3dc89d8a46754556_2d,298654,2d,5.0,97,3,-31.681875930769007,0.0501140613658854,103,76.95645318237672,1.2083265928740865,1.7099749964090316,-0.2708908618266227,4.460566091917295,127.21579620871174,-0.0012729054400922,226,65.51309523809523,-0.051909340504898,0.0204022265759527,-0.4243959630456863,-0.1223134643703243,6.074026650246536,0.8513008659954452,-0.051909340504898,3dc89d8a46754556,-1,2.210293769836426,x_avg_trade_size_log|x_range_position_3|m1_flow_std_60|tanh(x_return_efficiency_288),1|1|0.5|-1,3,-0.21277865290860254,2,0.059530968428012664,0.19680311929332434,True,False,False
BTC_LONG_68a3d0b0c63c3b13_2d,506402,2d,5.0,99,3,13.171321590561096,0.0094833281256075,43,32.12745132856504,0.2218535551047893,0.9009441939052374,-0.2152216255683516,1.030814419874974,77.64071102105574,-0.0112302705236677,182,52.75833333333333,0.1653667797716258,0.689008123883994,-0.3560884850688538,0.4643979985470473,41.12754250293339,1.642157443296009,0.1653667797716258,68a3d0b0c63c3b13,-1,0.6715681552886963,(x_flow_std_3*x_return_efficiency_3)|(x_flow_mean_72*x_jump_concentration_3),0.5|-0.5,5,-0.12293664017568678,3,0.06306124125207373,0.22336482220241968,False,True,False
BTC_LONG_0c7f2f1a3357a313_2d,60475,2d,5.0,99,4,207.69838965166875,0.0334039299586942,31,23.1616509578027,1.272331022619761,2.384434561342626,-0.1549587861526427,8.21077045199907,388.356376753373,0.0118206017650469,93,26.958928571428572,0.1458151573561843,0.7592083251479645,-0.2535873020299046,0.5750096956313249,63.239012462003735,1.1639467592592594,0.1458151573561843,0c7f2f1a3357a313,1,1.6151211261749268,signed_sqrt(x_flow_sign_bias_288)|signed_sqrt(m1_flow_autocorr_60)|(x_flow_mean_72*x_return_sum_12)|(x_flow_return_corr_72*x_return_efficiency_curve_72_288),0.5|0.5|0.5|-0.5,6,-0.0045191278342945895,3,0.07662981914420024,0.3273353750391007,True,True,False
BTC_LONG_7c586d675f481bf9_2d,602134,2d,5.0,95,3,-91.1269623850641,0.0372046975153983,93,69.4849528734081,1.8901908689683808,2.213052006495623,-0.2086495954252122,9.059163834544291,178.38522693040048,0.0026840678894757,259,75.07916666666667,0.0470768211308048,0.317486768398555,-0.5548130317767705,0.0848516859455208,22.019867553336788,1.0805097155847603,0.0470768211308048,7c586d675f481bf9,-1,2.7656362056732178,tanh(m1_range_mean_60)|(x_flow_mean_12*x_return_sum_72)|(x_flow_mean_72*x_wick_asymmetry)|(x_flow_autocorr_72*x_return_sum_72),-1|-1|1|0.5,3,-0.24704298984237544,3,0.04515560719723824,0.16098299293012178,True,False,False
BTC_LONG_97f2603d38f9ccc7_2d,735769,2d,5.0,97,4,54.48378989751834,0.0578976359562055,73,54.541952255470875,1.2073579863347903,1.8686302206007623,-0.1822877413618979,6.623363575161143,171.3296511604361,0.0244926478167306,210,60.875,0.2268488799503245,0.7827569423191983,-0.4480429145080015,0.5063106068744075,47.427358626249216,1.11611333079655,0.2268488799503245,97f2603d38f9ccc7,-1,1.5574290752410889,x_flow_sign_bias_curve_3_12|tanh(x_flow_price_gap)|tanh(x_return_vol_288)|signed_sqrt(x_flow_sign_bias_3),1|-0.5|-0.5|-1,4,-0.23637200903909955,3,0.0409583899650454,0.1705869144122501,True,False,False
BTC_LONG_8144949aec62bc90_2d,625708,2d,5.0,97,4,3.212896679514299,0.0136899922963174,27,20.173050834215257,0.3496204920822459,1.0443347447922462,-0.1460461706068145,2.3939038636178553,180.7872074851446,0.0126293904626554,112,32.46666666666667,0.0048066267283948,0.1411292415958606,-0.268315415728153,0.0179140908298191,15.4219175411576,1.6094078646547783,0.0048066267283948,8144949aec62bc90,1,1.3952505588531494,tanh(x_return_vol_288)|tanh(x_range_position_curve_3_12),0.5|1,4,-0.22642028511147289,2,0.06460781323670374,0.2605203107516606,True,False,False
BTC_LONG_028bee6d04c27cab_2d,12097,2d,5.0,99,4,122.30574929476768,0.0080611358090542,19,14.195850587040365,0.4182331866251252,1.577932223633944,-0.0893974810027017,4.678355384672255,270.0033658273673,-0.0170199922219064,117,33.91607142857143,-0.1166277341307727,-0.3883152546807291,-0.4641354968823102,-0.2512794968585343,-22.644107580538204,2.389153874269006,-0.1166277341307727,028bee6d04c27cab,-1,2.6853444576263428,signed_sqrt(m1_flow_surprise_curve_15_60)|(x_flow_mean_12*x_return_sum_72)|(x_flow_autocorr_72*x_return_sum_288)|(x_flow_mean_12*x_volume_surprise_curve_3_12),-1|-0.5|1|1,3,-0.2854667315515906,1,0.07472680283320338,0.2661603566243442,True,False,False
BTC_LONG_25c65da584322369_2d,182461,2d,5.0,99,4,130.2934888702926,-0.0230756466022362,16,11.95440049434978,0.3684904437027165,2.0918860642282975,-0.0649213841364102,5.675948666289354,277.34821003109886,-0.020384988238401,113,32.756547619047616,-0.2766899915828154,-1.155796573567785,-0.6836939243739524,-0.4046986256842577,-83.81355489351098,2.7401246624228395,-0.2766899915828154,25c65da584322369,-1,3.058434009552002,x_flow_mean_288|(x_flow_std_12*x_return_sum_12)|(x_flow_autocorr_72*x_return_sum_288)|(x_flow_sign_bias_12*x_jump_concentration_12),1|-0.5|1|-1,2,-0.4122251783729926,0,0.09425184848844595,0.3247124270452477,True,False,False
BTC_LONG_4d2362d89fb0683c_2d,373057,2d,5.0,97,4,69.42565796934636,0.011614820104922,39,29.13885120497759,0.7384314267912668,1.7242831445106288,-0.2154362306126966,3.427610224571705,215.1247292133503,0.0211283502503382,141,40.87321428571428,-0.1310292287353061,-0.5004682056792639,-0.6365487100688156,-0.2058432083243729,-22.885295818427537,1.4027050688509022,-0.1310292287353061,4d2362d89fb0683c,-1,2.1159348487854004,(x_flow_mean_72*m1_return_sum_5)|(x_flow_std_72*x_return_sum_288)|(x_flow_sign_bias_72*x_jump_concentration_72),-0.5|-0.5|-1,4,-0.3424482664485757,2,0.052109867167535066,0.22388957137534707,True,False,False
BTC_LONG_5e7e69134c20e509_2d,457215,2d,5.0,99,2,-65.02071448605574,-0.0080103046186642,31,23.1616509578027,0.0262218398114379,0.229804011520238,-0.1511608297287225,0.1734698060237988,29.126612788514446,0.0023090580014211,166,48.12023809523809,0.1448064825616719,0.693463542724647,-0.2040645278015577,0.7096112397471099,38.81138675111847,2.077582387495022,0.0262218398114379,5e7e69134c20e509,1,1.671053171157837,tanh(x_trade_surprise_72)|(x_flow_std_12*x_trade_surprise_12)|(x_flow_mean_72*x_jump_concentration_72)|(x_flow_sign_bias_72*x_jump_concentration_288),0.5|1|-0.5|0.5,5,-0.13756840600778042,3,0.05473068669052543,0.23155861286822502,False,False,False
BTC_LONG_19f7700f001af3a4_2d,125572,2d,5.0,95,4,41.2184841707051,0.0871642076459803,149,111.32535460363232,1.2721251160859426,1.6656027737467858,-0.4554877829070664,2.792885262403394,94.4193996489194,-0.0161155700978673,367,106.38630952380952,-0.1543842683980524,-0.1903574004646585,-0.729141494704163,-0.211734306056318,-2.528457656039775,0.9556341401524567,-0.1543842683980524,19f7700f001af3a4,-1,1.6033053398132324,tanh(x_avg_trade_size_log)|tanh(x_return_efficiency_12)|tanh(m1_range_mean_60)|signed_sqrt(m1_quote_flow_return_corr_5),1|-0.5|-0.5|0.5,4,-0.4933107800385922,2,0.039175263760027584,0.15521673419547102,False,False,False
BTC_LONG_2a93a87837062336_2d,205531,2d,5.0,97,3,-160.2149646417745,0.0203539680940868,45,33.62175139035876,0.2598254212506046,0.7811372167186915,-0.2972870381238109,0.8739883948199425,94.72939424429636,-0.0106006465181004,218,63.194047619047616,0.0057709636097624,0.1671058346954434,-0.3531297294787652,0.0163423329388909,12.6858338944609,1.8795584705075443,0.0057709636097624,2a93a87837062336,1,2.788149356842041,m1_flow_mean_240|tanh(x_jump_concentration_288)|(x_flow_mean_12*x_return_efficiency_288)|(x_flow_mean_72*x_return_sum_288),1|1|-1|1,2,-0.08550777258945069,3,0.045552177635208954,0.16222739583861118,False,False,False
BTC_LONG_8d967f7e7ca4eab1_2d,685476,2d,5.0,99,4,127.6658150494858,-0.011896183939719,29,21.66735089600898,0.6111241823828157,2.1017993589353456,-0.1443455151134989,4.233759406395749,238.08604476669004,-0.002650547708449,121,35.07559523809524,0.1658290397016841,0.7097996770822358,-0.4011357889863468,0.4133987648440124,58.83158954091779,1.6188225042571307,0.1658290397016841,8d967f7e7ca4eab1,1,1.4391112327575684,signed_sqrt(m1_trade_surprise_240)|(x_flow_mean_72*x_return_efficiency_72),0.5|1,6,-0.35023962260685143,3,0.061843151455111524,0.23735552067286517,True,True,False
BTC_LONG_bb12dac6161bd48a_2d,906772,2d,5.0,95,4,49.857006801463825,0.0280056132844091,112,83.68080346044847,1.945027129214926,2.035677901854938,-0.3525434262482836,5.517127776040599,156.30651791703968,0.0083612437774843,288,83.48571428571428,0.289283803547151,0.8117396291213856,-0.5447210361591758,0.5310678023138028,46.0224408355283,0.9976686507936506,0.289283803547151,bb12dac6161bd48a,1,2.645181894302368,tanh(m1_impact_efficiency_curve_60_240)|signed_sqrt(x_return_sum_288)|(x_flow_sign_bias_12*x_return_sum_12)|(x_flow_sign_bias_12*x_return_efficiency_curve_3_12),1|-0.5|1|-0.5,5,-0.3319862176711605,3,0.038003890369967465,0.14552190679226135,False,False,False
BTC_LONG_a7a53d44b1d1b10b_2d,812484,2d,5.0,97,3,-3.366796206188699,0.0416017260213838,78,58.27770240995518,0.5303820606477745,1.2232726232009303,-0.3071327575354124,1.7268820978388193,92.8841952411086,0.0254805653876601,331,95.95059523809525,0.4272385953918438,1.063143943247359,-0.3054077137365548,1.3989122611368634,51.146960104437504,1.6464375098923711,0.4272385953918438,a7a53d44b1d1b10b,1,2.003648281097412,signed_sqrt(x_flow_mean_12)|signed_sqrt(x_flow_autocorr_288)|(x_flow_sign_bias_3*x_close_location)|(x_flow_return_corr_72*x_close_location),1|0.5|0.5|-1,6,-0.0850162593203358,3,0.02924494782007947,0.12148537136856945,True,True,False
BTC_LONG_2f8439d08c70cbb5_2d,229372,2d,5.0,99,3,57.42520154686303,0.0056482746601326,51,38.10465157573993,0.5690600218839144,1.6009161466062107,-0.1481744615961211,3.8404730191293033,135.54873755335657,-0.0146192064188281,188,54.49761904761905,0.0995026866455903,0.4624878329175833,-0.3487161380728538,0.285340068272958,30.337923339546833,1.430209089808763,0.0995026866455903,2f8439d08c70cbb5,1,1.0609245300292969,signed_sqrt(m1_volume_concentration_15)|(x_flow_mean_72*x_return_efficiency_12)|(x_flow_mean_72*m1_return_efficiency_5),0.5|0.5|0.5,4,-0.133620795048422,2,0.06762326793102602,0.24273110281936106,True,False,False
BTC_LONG_81a85d519db52953_2d,627563,2d,5.0,95,4,27.844511511466525,0.0526710273629556,89,66.49635274982066,0.5881743200254019,1.3146760123861536,-0.2990296550393606,1.9669431112040772,87.44443878023674,0.0142785210992911,356,103.19761904761904,-0.0665687209778912,0.0472918827892926,-0.5206685888464675,-0.1278523851906893,6.934126903061812,1.5519290123456788,-0.0665687209778912,81a85d519db52953,1,1.7724339962005615,x_flow_mean_288|tanh(x_return_autocorr_12)|(x_flow_std_12*x_return_efficiency_curve_72_288),1|-1|0.5,3,-0.2873123362343647,2,0.0307318046317496,0.13315353378190614,True,False,False
BTC_LONG_a70ab9df53d4b694_2d,809568,2d,5.0,99,4,252.6244534954816,0.0188298753105637,22,16.43730067973095,0.5994280284331734,2.64115918486154,-0.0431562141940757,13.889726882379298,300.72654076307055,-0.0054845659264408,153,44.35178571428571,0.2677707473989161,0.9669451573908938,-0.3241041987694215,0.8261872213183425,67.68403253290856,2.6982402146464644,0.2677707473989161,a70ab9df53d4b694,-1,1.789907693862915,tanh(m1_realized_vol_5)|signed_sqrt(x_return_sum_288)|(x_flow_mean_72*x_wick_asymmetry),1|0.5|1,4,-0.08943791394519102,3,0.05367034694223924,0.23498403034636392,True,False,False
BTC_LONG_1fc478e669edd568_2d,153524,2d,5.0,99,4,24.61199294532646,-0.0198639914958726,18,13.448700556143503,0.4696631638305195,1.8874194821377632,-0.0344329445899678,13.63993609676234,307.30956607663785,0.0059359188524196,53,15.363690476190476,0.1118464467475877,0.7211798739945796,-0.1398978749968615,0.7994863878389635,82.7794833571225,1.142392189643347,0.1118464467475877,1fc478e669edd568,-1,4.08004903793335,signed_sqrt(x_range_surprise_12)|signed_sqrt(x_jump_concentration_72)|signed_sqrt(m1_volume_surprise_curve_15_60)|(x_flow_return_corr_72*x_jump_concentration_72),-1|-1|-1|1,6,-0.09303584163659062,4,0.1305913596804878,0.4236798930035645,True,False,False
BTC_LONG_445ea5c2f75aeed8_2d,330683,2d,5.0,99,4,24.990238581284306,0.054501242190269,27,20.173050834215257,0.944305319159215,2.16975152202601,-0.0773283105247748,12.211637791526217,359.4027254910791,-4.167118539944625e-05,118,34.20595238095238,-0.0656118882026761,-0.1692873008776107,-0.3515160113978965,-0.1866540529455631,-6.642117937188969,1.695626143118427,-0.0656118882026761,445ea5c2f75aeed8,1,1.5999537706375122,(x_flow_return_corr_72*x_return_sum_288)|(x_flow_return_corr_12*x_trade_surprise_72)|(x_flow_autocorr_72*x_volume_surprise_3),-0.5|0.5|-1,3,-0.21139651731515757,2,0.08919029973757196,0.3442544508196601,True,False,False
BTC_LONG_6e2a45b1c1f2f36d_2d,533332,2d,5.0,99,3,-26.99891367091002,0.0251740826144633,42,31.380301297668176,0.6733630230743646,1.7222820947466777,-0.1898628720237581,3.5465755673921566,185.81595118633817,0.0143070215057065,178,51.59880952380952,0.1356678262390442,0.5617256611106293,-0.4228004757151682,0.3208790766130567,39.16387807843448,1.644305739271017,0.1356678262390442,6e2a45b1c1f2f36d,-1,1.4010097980499268,x_flow_autocorr_72|signed_sqrt(m1_flow_return_corr_curve_5_15)|(x_flow_mean_72*x_trade_surprise_12),-0.5|0.5|-1,5,-0.36969800311767986,3,0.05387787061568916,0.2296224838233235,True,True,False
BTC_LONG_b840662a67543216_2d,893177,2d,5.0,95,3,-41.13697850806753,-0.009295452194756,58,43.33470179201796,0.1858207525895787,0.6564448539279945,-0.2376431780204149,0.7819317774550872,58.233711737834014,0.0123149942134588,195,56.526785714285715,-0.0167931669608668,0.0957230542659295,-0.3795119274740173,-0.0442493785969785,10.114415292788037,1.3044230922733078,-0.0167931669608668,b840662a67543216,1,1.0548418760299685,tanh(x_flow_std_288)|(x_flow_mean_72*x_trade_surprise_12),-1|0.5,3,-0.2687644669023218,3,0.05220534830949237,0.20315996964828348,False,False,False
BTC_LONG_876b239c2d338662_2d,655268,2d,5.0,95,4,0.7417005073219137,-0.0099585981461541,120,89.65800370762337,1.9546378391714176,2.325975778352081,-0.4044826708686946,4.832439013947134,141.03887171304393,-0.0096795227976617,329,95.37083333333334,0.450372541097191,1.107399223712754,-0.4641691887220344,0.9702766836746992,52.75859872303624,1.0637180105452675,0.450372541097191,876b239c2d338662,1,3.378182888031006,tanh(m1_trade_surprise_240)|signed_sqrt(x_return_sign_entropy_3)|signed_sqrt(x_return_sign_bias_curve_12_72)|(x_flow_return_corr_72*x_jump_concentration_72),1|-1|1|-1,4,-0.13049273994816152,2,0.042034691767794244,0.12844083229896391,False,False,False
BTC_LONG_8b2b74f4523fbd8c_2d,673801,2d,5.0,97,4,114.84366953372842,0.0017532171434021,88,65.7492027189238,2.252444278174506,2.66716639435602,-0.1798181230573116,12.5262361761868,201.8940886486695,0.01734324084679,275,79.7172619047619,0.1506635220667347,0.5483457853511312,-0.5424183083229299,0.277762604534058,32.10822554447766,1.2124445408950615,0.1506635220667347,8b2b74f4523fbd8c,-1,2.246622085571289,tanh(m1_realized_vol_5)|(x_flow_mean_72*x_return_efficiency_72)|(x_flow_mean_72*m1_return_sum_15)|(x_flow_autocorr_12*x_trade_surprise_288),-0.5|-1|-1|-0.5,5,-0.3252977322115675,3,0.05419431731055379,0.176559896968886,True,False,False
BTC_LONG_a5c815ef1d70fee7_2d,803317,2d,5.0,99,3,-204.64155522152316,0.0124068669284825,34,25.403101050493284,0.0662384241165219,0.3536752813500162,-0.2957474633739239,0.223969542666117,51.917761277925,0.003969686493235,121,35.07559523809524,0.011874908624164,0.1763729732578209,-0.2562993963057333,0.0463321755545564,18.044063058467216,1.3807603712781409,0.011874908624164,a5c815ef1d70fee7,1,1.5449185371398926,m1_range_mean_60|tanh(m1_flow_return_corr_curve_60_240)|(x_flow_autocorr_72*m1_return_sum_15)|(x_flow_autocorr_3*x_volume_surprise_3),0.5|-0.5|-0.5|0.5,3,-0.1059212890003009,2,0.09494244906200801,0.29049128514535794,False,False,False
BTC_LONG_546aae11ff7d6499_2d,408333,2d,5.0,99,4,24.62262350804256,0.0101947328195988,27,20.173050834215257,0.5364014555529453,1.5748425618521806,-0.1313067860212478,4.085100791867268,239.008229199872,0.0036802976621002,92,26.669047619047618,0.3432253914958521,1.3130097944442105,-0.2041878560118438,1.68092950383858,126.90767422022044,1.322013603109282,0.3432253914958521,546aae11ff7d6499,-1,2.024625301361084,tanh(x_return_sign_bias_288)|(x_flow_mean_12*x_return_sum_288)|(x_flow_mean_72*x_return_efficiency_72),0.5|-1|-1,7,0.003606089182335792,4,0.07252115949523286,0.27861143749440337,True,True,True
BTC_LONG_4b49c42cee93df71_2d,364276,2d,5.0,99,4,55.57375157535998,0.0109871595753788,28,20.92020086511212,0.3961569103228943,1.3430812772334857,-0.1697912685978401,2.333199543147378,182.12718239436296,-0.0126181875800794,97,28.11845238095238,-0.1245057062544536,-0.3930154987048367,-0.482897296214374,-0.2578306137360965,-30.283615111770008,1.3440813767636683,-0.1245057062544536,4b49c42cee93df71,1,1.672935962677002,tanh(m1_flow_return_corr_15)|tanh(m1_range_mean_15)|(x_flow_autocorr_72*x_return_sum_288),-1|1|-0.5,3,-0.17112447028228667,0,0.09065416148603085,0.30021102167335445,True,False,False
BTC_LONG_19fff39e2141f1e0_2d,125737,2d,5.0,97,3,-65.88657504083132,0.0938161052621273,61,45.57615188470854,0.3419630052507623,0.9123957556703732,-0.2257488540653398,1.5147939805346071,87.31890292734015,-0.0190504091763527,227,65.80297619047619,0.0725269210651304,0.3742758441886281,-0.4739158943000365,0.1530375366967828,25.48821718682559,1.4438028106658571,0.0725269210651304,19fff39e2141f1e0,-1,3.3007619380950928,signed_sqrt(x_avg_trade_size_log)|(x_flow_mean_12*x_return_sum_12)|(x_flow_return_corr_12*x_return_sum_288)|(x_flow_return_corr_72*x_wick_asymmetry),1|-1|1|1,5,-0.36202535825271115,3,0.04666687813864826,0.2065137205450571,False,False,False
BTC_LONG_21f85655a3d4dbed_2d,164212,2d,5.0,99,4,78.94824442362503,0.0313946799888844,27,20.173050834215257,0.6083919714815298,1.351291601824399,-0.2368538653159934,2.568638559771262,279.1116881922287,0.038240885113743,90,26.089285714285715,0.2498101609692786,1.000404770385311,-0.2669665395673304,0.935735846799914,102.76768340634176,1.2932741769547325,0.2498101609692786,21f85655a3d4dbed,1,3.1446328163146973,x_flow_autocorr_288|m1_flow_std_5|tanh(x_flow_sign_bias_72)|(x_flow_autocorr_72*x_return_sum_72),0.5|-1|1|-1,5,-0.032692600145431905,3,0.0876069497390902,0.3164293808906297,True,True,False
BTC_LONG_866a7b6ea2ffb98d_2d,650396,2d,5.0,99,4,41.33985208832514,0.0298964905727382,20,14.943000617937226,0.6642993144138631,1.689422640493804,-0.0946552587076557,7.018092005490806,379.5339228958889,-0.0052023291238621,99,28.69821428571429,-0.199825958488593,-0.5521861676876884,-0.6474290818066104,-0.3086453236406854,-55.24237753930844,1.920512152777778,-0.199825958488593,866a7b6ea2ffb98d,-1,1.8132011890411377,(x_flow_autocorr_72*x_close_location)|(x_flow_autocorr_72*x_return_sum_72)|(x_flow_sign_bias_72*x_trade_surprise_12),0.5|0.5|-1,1,-0.293443984767298,1,0.10213877967113395,0.39107344035650804,True,False,False
BTC_LONG_044d4841e5e18788_2d,20728,2d,5.0,99,3,-171.1786023238563,0.0311944044742801,12,8.965800370762336,0.2355650566333473,1.1806870117290968,-0.115139355568228,2.0459125854127147,261.7168067375918,0.0352606881712866,67,19.42202380952381,0.1672297281936636,0.9629925683158566,-0.1798728654018082,0.929710703279776,92.58296865818824,2.166234246399177,0.1672297281936636,044d4841e5e18788,-1,3.6161649227142334,signed_sqrt(x_flow_autocorr_288)|signed_sqrt(m1_return_autocorr_240)|(x_flow_mean_3*x_trade_surprise_12)|(x_flow_return_corr_72*x_jump_concentration_72),-1|-1|-1|1,6,-0.1118520107207977,3,0.08248541600907672,0.30693038162994885,False,True,False
BTC_LONG_c860e9da135c1620_2d,971017,2d,5.0,95,3,-44.76751154276721,0.0170878157125437,113,84.42795349134533,0.3623678775190604,0.874261056120227,-0.3754836320786393,0.9650697036060628,55.85958745497419,-0.0191829062957585,366,106.09642857142858,0.0113842414883718,0.2427178218849173,-0.5682394323268823,0.0200342335303174,14.918660698920432,1.2566504834480499,0.0113842414883718,c860e9da135c1620,-1,2.644141674041748,tanh(x_flow_mean_72)|tanh(m1_jump_concentration_60)|signed_sqrt(x_range_position_curve_12_72)|(x_flow_mean_72*x_jump_concentration_12),-1|-0.5|1|-1,4,-0.40484369168727735,2,0.03262762181570958,0.13717657489604834,False,False,False
BTC_LONG_7b86c995b57ee4c1_2d,598093,2d,5.0,95,3,-37.2167976572126,0.0121496163306252,102,76.20930315147986,0.3146495405357097,0.7851962731691277,-0.2432318120398663,1.2936200158067228,56.64364878842953,-0.0134242385718875,365,105.80654761904762,-0.0594784779998618,0.0640332486326248,-0.4933121962803745,-0.1205696482842625,7.546822911149041,1.388367866436698,-0.0594784779998618,7b86c995b57ee4c1,1,2.0990142822265625,signed_sqrt(m1_return_sum_60)|(x_flow_autocorr_72*x_return_sum_288)|(x_flow_mean_3*x_volume_surprise_288),-0.5|-0.5|1,4,-0.12802010808901598,1,0.04977209957833073,0.1612389542493333,False,False,False
BTC_LONG_308a4bf4581e2f5d_2d,234416,2d,5.0,95,4,105.16642483998078,0.0422379069439459,116,86.66940358403592,1.6381852443636382,2.238792735899031,-0.322989438599973,5.07194678397071,130.35416255494872,-0.0116597409126937,389,112.76369047619048,0.0356849067365847,0.2872318988306374,-0.7029500709179987,0.0507644969577754,15.212580126319969,1.301078417677735,0.0356849067365847,308a4bf4581e2f5d,-1,1.3587055206298828,tanh(x_flow_mean_curve_72_288)|signed_sqrt(x_return_sign_bias_3)|(x_flow_std_12*x_return_efficiency_curve_3_12),-1|0.5|0.5,4,-0.441201240539419,2,0.027613790029622675,0.1266097570894915,True,False,False
BTC_LONG_6f7c8b37833d9643_2d,539658,2d,5.0,99,3,-229.61706630195033,-0.010613862541884,15,11.20725046345292,0.0543029935184031,0.3330689907659157,-0.2094739396350383,0.2592350800916526,83.03043061777478,0.0075698710920574,73,21.161309523809525,0.0353034475062141,0.2693874470389107,-0.3933118375407233,0.0897594329399223,32.581620063832794,1.8881802983539093,0.0353034475062141,6f7c8b37833d9643,-1,2.251424551010132,m1_flow_std_240|signed_sqrt(x_jump_concentration_72)|signed_sqrt(x_time_cos_day),1|1|0.5,5,-0.10003219181514705,3,0.10505695438527037,0.4336985263132845,False,False,False
BTC_LONG_c8da5db13d6377a2_2d,973304,2d,5.0,99,3,-21.071437461323324,0.0586616503948976,50,37.35750154484307,0.931787288532193,1.7345429165856776,-0.2144301698434831,4.3454113253387945,204.01410057701943,0.0351511905289788,147,42.6125,0.2023649147806394,0.7903069152886996,-0.2938366383607458,0.6886987133721366,57.52985567354487,1.140667824074074,0.2023649147806394,c8da5db13d6377a2,1,1.399487018585205,tanh(m1_flow_autocorr_240)|signed_sqrt(x_return_autocorr_288)|(x_flow_autocorr_72*x_trade_surprise_3),0.5|0.5|-1,4,-0.294850816308324,3,0.06448215755588435,0.2602628651403884,True,False,False
BTC_LONG_5740defe528d6e16_2d,422240,2d,5.0,95,3,-1.204560322191196,-0.0048152387128994,66,49.31190203919285,0.4939549209617766,1.046315406313398,-0.24292190677666,2.03338977334767,110.49436145580108,-0.0026612191977423,198,57.39642857142857,0.4577147219964894,1.3094984175207336,-0.2082315423790258,2.1981046520000844,79.91480341824052,1.1639467592592592,0.4577147219964894,5740defe528d6e16,-1,2.830466985702514,(x_flow_sign_bias_72*x_return_sum_288)|(x_flow_return_corr_72*x_return_efficiency_curve_72_288),-1|1,5,-0.03649309628188335,3,0.04102798568376749,0.181442641320554,True,True,False
BTC_LONG_023dd7bb9d6ce9ce_2d,10591,2d,5.0,99,4,38.47890268866128,0.0279281420088878,47,35.11605145215248,0.5030277651377411,1.489264566922769,-0.1709396781524885,2.9427209093549935,133.79631530228886,-0.0027765611395063,170,49.279761904761905,0.132131270960693,0.548127677364817,-0.4053925290843609,0.325934153890628,40.7667418823892,1.4033400643551353,0.132131270960693,023dd7bb9d6ce9ce,-1,1.335514783859253,x_flow_sign_bias_72|signed_sqrt(x_trade_surprise_288)|(x_flow_std_12*x_return_efficiency_3),-0.5|-0.5|-1,5,-0.18343097565198974,3,0.04592216321633622,0.19316313517928965,True,True,False
BTC_LONG_a1cae8c28193e536_2d,783725,2d,5.0,99,3,0.7314360844273837,0.0131874372980924,49,36.610351513946206,0.5096546461914198,1.3648814722694491,-0.1918997339753142,2.655838211099246,133.5010408412261,-0.0072054571275017,174,50.43928571428572,-0.055733975760662,-0.0729391894128941,-0.4924127666418091,-0.1131854808330022,1.0230194924174782,1.3777328987150415,-0.055733975760662,a1cae8c28193e536,-1,1.3021472692489624,signed_sqrt(x_return_efficiency_curve_12_72)|signed_sqrt(m1_flow_mean_curve_15_60)|(x_flow_mean_72*x_return_efficiency_3),-0.5|-0.5|-1,4,-0.3501580257336281,1,0.06130493594950879,0.26027007410126823,True,False,False
BTC_LONG_7a7e47c09730c872_2d,593245,2d,5.0,99,4,63.398101489312225,-0.0029369241069783,42,31.380301297668176,0.4092602844968964,1.502825844338705,-0.1477240034235371,2.770438622107424,124.2090265083412,-0.0108348542416997,174,50.43928571428572,0.0752575553224472,0.400801153320289,-0.3481777318478702,0.216146951509609,26.51147828496791,1.6073550485008818,0.0752575553224472,7a7e47c09730c872,-1,1.423151969909668,tanh(m1_flow_return_corr_15)|(x_flow_mean_72*x_jump_concentration_3),1|-1,4,-0.12303311609553197,3,0.05492277398304165,0.23457808114656814,True,False,False
BTC_LONG_be03be42a73b0dee_2d,921029,2d,5.0,99,4,236.1248185147093,0.0719566153424893,32,23.90880098869956,1.001348019324956,2.368306245622012,-0.1173025388536703,8.536456491995391,313.908474232468,-0.003299931921996,102,29.567857142857143,0.0067193843473496,0.155889051252365,-0.5080885821518955,0.0132248284716243,18.91704376952914,1.236693431712963,0.0067193843473496,be03be42a73b0dee,1,1.5474811792373655,signed_sqrt(x_flow_mean_72)|(x_flow_std_3*x_return_sum_288)|(x_flow_autocorr_72*x_return_efficiency_288)|(x_flow_autocorr_72*x_trade_surprise_3),0.5|0.5|0.5|-1,5,-0.21353291109421701,2,0.08765254379386368,0.35894885054658726,True,False,False
BTC_LONG_1b43b9890bc145e4_2d,131785,2d,5.0,99,3,-202.7345849905591,0.0097036364037857,28,20.92020086511212,0.3245018902895058,0.8794461478582187,-0.2284402825742691,1.4205108076068222,175.6658074944723,-0.0154917007988773,81,23.48035714285714,-0.1859122042420621,-0.5968385454897819,-0.6850029044164934,-0.2714035269681489,-65.67624985179484,1.122377232142857,-0.1859122042420621,1b43b9890bc145e4,1,3.7508544921875,signed_sqrt(m1_range_mean_5)|(x_flow_sign_bias_3*m1_return_sum_5)|(x_flow_mean_72*x_return_sum_12)|(x_flow_autocorr_72*x_return_sum_72),1|-0.5|-1|-1,3,-0.5346034981417536,2,0.11392265924161629,0.44140957006026754,False,False,False
BTC_LONG_670fb1c713591dc5_2d,498754,2d,5.0,95,4,45.12634792944483,0.0509736509076641,97,72.47355299699555,1.233400482299582,1.884520401795755,-0.1546682235719777,7.974491811018934,131.66413632515832,0.0281616802371532,320,92.76190476190476,0.0776245169141931,0.3892066700144113,-0.555273603112629,0.1397950784605335,22.22867963195904,1.2799414534809723,0.0776245169141931,670fb1c713591dc5,1,2.7450156211853027,x_flow_mean_3|x_return_sum_288|(x_flow_std_72*x_return_efficiency_288)|(x_flow_return_corr_72*x_return_efficiency_curve_12_72),1|-0.5|-1|1,3,-0.2426292338964412,2,0.029475134928919695,0.1301139634334138,True,False,False
BTC_LONG_53ca9bf80c991a95_2d,405277,2d,5.0,99,3,47.02307447783908,0.0170436798282931,38,28.39170117408073,0.5144430967159839,1.719108960495375,-0.1186248135313599,4.336724176008796,162.50325317397636,0.0024717321936293,136,39.42380952380952,0.3701588236221855,1.179787678596906,-0.3443865003352557,1.0748354632421444,96.65939742977152,1.3885680636777125,0.3701588236221855,53ca9bf80c991a95,-1,1.3895294666290283,x_flow_mean_288|m1_return_efficiency_5,-0.5|1,7,0.030989643670357725,4,0.04986736709257642,0.22480870790925037,True,True,False
BTC_LONG_a1a84df9ecf8eb4e_2d,783051,2d,5.0,99,3,-249.59764755789408,0.0141478144709916,14,10.46010043255606,0.3867926727121975,1.261737655170468,-0.0874868581689889,4.421151711324137,354.364080553599,0.0166873358676003,40,11.595238095238097,0.0080476911172946,0.1339539022507914,-0.3105684223713465,0.0259127797212815,24.025449649265425,1.1085207231040566,0.0080476911172946,a1a84df9ecf8eb4e,-1,3.410661458969116,m1_realized_vol_240|signed_sqrt(x_return_sign_bias_72)|signed_sqrt(x_flow_autocorr_72)|(x_flow_mean_72*x_trade_surprise_12),-1|0.5|-1|0.5,4,-0.1732390371824366,2,0.12750847267037307,0.5106196246326392,True,False,False
BTC_LONG_aa6969ba7ad88698_2d,825935,2d,5.0,97,3,-100.98895551637436,0.0571678847473321,71,53.04765219367715,0.5233765628981353,1.1185753765457098,-0.3393748112214129,1.5421785754060489,105.50401637172958,0.0221973790585703,254,73.6297619047619,-0.100997641989305,-0.1106576437672356,-0.6883220672639175,-0.1467302107438906,-0.4309153440575359,1.387992849069727,-0.100997641989305,aa6969ba7ad88698,1,2.478005886077881,tanh(x_return_vol_12)|signed_sqrt(x_return_sum_72)|signed_sqrt(x_flow_mean_288)|(x_flow_price_gap*x_return_efficiency_curve_3_12),1|-0.5|1|-1,3,-0.3413706410146643,2,0.04382331458893368,0.1748173500926827,True,False,False
BTC_LONG_32790d4266a3dbf2_2d,243619,2d,5.0,97,4,88.22223203934757,0.0710860896968251,58,43.33470179201796,0.9194077377289458,1.5719018864620744,-0.2415037763037832,3.8070118480153257,181.67847971980643,0.0333317221083234,174,50.43928571428572,0.4162926188501088,1.2854790180138052,-0.36957116037375,1.1264207370215495,83.25876097118703,1.1639467592592592,0.4162926188501088,32790d4266a3dbf2,1,1.979275465011597,x_return_vol_12|signed_sqrt(x_flow_sign_bias_72)|(x_flow_std_72*x_return_sum_3),0.5|0.5|0.5,5,-0.28026365118127167,3,0.038310188140031814,0.16904383644095952,True,True,False
BTC_LONG_0a80f0cece2b6023_2d,50848,2d,5.0,99,3,5.990833331081673,0.0477201490528741,34,25.403101050493284,0.873918949911415,2.3720812728499125,-0.1583178595985939,5.520027570655564,266.95637626676256,0.0077887432093708,180,52.17857142857143,-0.1032957940743861,-0.1578470993755244,-0.4536626679518121,-0.2276929564002789,-5.138037302054952,2.054023692810458,-0.1032957940743861,0a80f0cece2b6023,1,1.9327892065048216,m1_flow_mean_240|tanh(x_flow_return_corr_12)|(x_flow_std_12*x_volume_surprise_curve_12_72),1|0.5|1,4,-0.37330262651489865,2,0.07109102196735044,0.28694900747770424,True,False,False
BTC_LONG_7be76fd0f902faca_2d,599915,2d,5.0,99,3,-144.03988630404746,0.0131637131493324,33,24.655951019596426,0.8225866863468974,1.7118136074290151,-0.1038034148925565,7.924466523556375,276.48956523175036,0.0119732160363262,77,22.320833333333333,0.0609238217846046,0.3743490454100946,-0.2419390089146732,0.2518147943893214,42.76210419277287,0.9052919238683126,0.0609238217846046,7be76fd0f902faca,-1,3.268502712249756,m1_range_mean_240|(x_flow_sign_bias_72*x_return_sum_12)|(x_base_quote_flow_gap*x_trade_surprise_3)|(x_flow_mean_3*x_trade_surprise_72),-0.5|-1|-0.5|-0.5,5,-0.07088980635505976,3,0.08954653093997923,0.32319562898966026,True,False,False
BTC_LONG_16a9431802ec66ed_2d,109606,2d,5.0,97,2,-209.23774222668644,0.0237316142800527,37,27.644551143183868,-0.1937212264573663,-0.4922166522366359,-0.3342699930749748,-0.5795351975069918,-53.5104625137946,0.0059240311900662,188,54.49761904761905,-0.1442578002291633,-0.4130922925940263,-0.5563391345975259,-0.2592983151068892,-16.303709988773413,1.9713692859526193,-0.1937212264573663,16a9431802ec66ed,1,3.172449827194214,x_trade_surprise_3|(x_flow_mean_72*x_return_sum_288)|(x_flow_mean_3*x_jump_concentration_288),-1|1|-1,2,-0.3160938555444687,2,0.058249916448320706,0.2297622227569232,False,False,False
BTC_LONG_ac6867f81c702dfd_2d,835705,2d,5.0,99,4,197.17481602947856,0.0338178769550607,21,15.690150648834088,0.7670600487930141,1.868118583703804,-0.0877177525123307,8.744638648661073,400.2228223437559,0.0133488300936675,90,26.089285714285715,0.1710887637543914,0.8181804771118534,-0.2013420461091194,0.8497418550205259,75.10006368802725,1.6627810846560847,0.1710887637543914,ac6867f81c702dfd,1,1.9046589136123655,x_return_sum_72|tanh(x_flow_mean_curve_72_288)|tanh(m1_return_efficiency_240)|(x_flow_mean_72*x_jump_concentration_3),-0.5|1|1|0.5,5,-0.12603313015861756,3,0.0755573074435127,0.2672640650381627,True,True,False
BTC_LONG_11ffbe1678e62a20_2d,87021,2d,5.0,99,2,-208.79516405441063,-0.0105677299097908,46,34.36890142125562,0.0683917861646674,0.3723327462002452,-0.2182849831583514,0.3133142059298404,35.91245781093148,0.0184765113990866,142,41.16309523809524,-0.0913163398300299,-0.3788352293083537,-0.5004455547389068,-0.1824700788433851,-13.377835853829856,1.1976843464841653,-0.0913163398300299,11ffbe1678e62a20,-1,1.559528350830078,signed_sqrt(m1_flow_std_60)|(x_flow_mean_3*x_close_location)|(x_flow_mean_12*x_wick_asymmetry),0.5|1|-0.5,3,-0.22302349383772468,1,0.0613610604957159,0.2657573215992181,False,False,False
BTC_LONG_465e63d74f8f8242_2d,340372,2d,5.0,99,3,-0.8570835558696088,0.0130201312866134,38,28.39170117408073,0.3393810547634095,1.4136929944539178,-0.1260270560016464,2.692922182987245,116.76379181569884,0.0019482939231071,153,44.35178571428571,-0.021995087371776,0.0667719034173312,-0.4467937382006665,-0.0492287279144844,9.305157336886834,1.5621390716374268,-0.021995087371776,465e63d74f8f8242,-1,1.487053632736206,(x_flow_std_3*x_return_efficiency_3)|(x_flow_mean_72*x_return_efficiency_72),1|-1,5,-0.38652177605992066,2,0.056058490285723135,0.22123092508429223,True,False,False
BTC_LONG_15fde34d0a7a9547_2d,106383,2d,5.0,95,3,-68.76979708924964,0.0537207684076628,66,49.31190203919285,0.098126585162797,0.4402831061070229,-0.2340518796202112,0.4192514297343991,35.898840574216024,0.0184090816599274,272,78.84761904761905,-0.1735905925288047,-0.4330457774834738,-0.5639509684274344,-0.3078114982457756,-12.666621213079148,1.5989571642349418,-0.1735905925288047,15fde34d0a7a9547,-1,1.252702236175537,tanh(x_flow_mean_288)|(x_flow_mean_3*x_jump_concentration_288),-1|0.5,3,-0.5801482022935128,1,0.04889475326646831,0.20104794964219588,False,False,False
BTC_LONG_4190600171a4fda0_2d,317075,2d,5.0,99,4,33.565080007515974,0.0129301394803733,41,30.63315126677131,0.7677544649883632,1.5350359329790584,-0.2549784139599881,3.011056712859,219.357563470227,0.0011354755661266,164,47.54047619047619,0.108065079373435,0.4984699682764945,-0.3981689101237931,0.2714051163357705,35.493566817296355,1.5519290123456793,0.108065079373435,4190600171a4fda0,1,1.1172856092453003,(x_flow_std_12*x_volume_surprise_curve_12_72)|(x_flow_autocorr_72*x_trade_surprise_3),0.5|-1,5,-0.14577525330708763,2,0.06029279153948923,0.26519817765476356,True,False,False
BTC_LONG_1c35cf182c99f199_2d,136348,2d,5.0,99,3,185.82536811774324,0.0433238887335657,28,20.92020086511212,0.4647792555285097,1.767580360694484,-0.0839534949777698,5.536151361555339,199.7027562002621,0.0044633331822124,133,38.55416666666667,0.0597500901174412,0.3535941526020136,-0.3418358602489411,0.1747917555341572,28.64478365293848,1.8429157021604936,0.0597500901174412,1c35cf182c99f199,-1,2.075272798538208,x_flow_mean_72|(x_flow_sign_bias_72*x_trade_surprise_288),-1|1,5,-0.11559567113113367,2,0.061496798312035,0.2837845961138489,True,False,False
BTC_LONG_1ec9b34ebd317ab8_2d,148842,2d,5.0,97,4,3.157607134694114,0.0137289425269642,67,50.059052070089706,1.2800267391954323,1.7203833537336075,-0.1783996281293612,7.175052731989208,199.51723009755975,-0.0122880556826026,218,63.194047619047616,-0.1935881696555923,-0.379052382610775,-0.7639276224687837,-0.2534116635683021,-17.607525941431327,1.2623900175050673,-0.1935881696555923,1ec9b34ebd317ab8,-1,3.164496660232544,(x_flow_price_gap*m1_return_sum_15)|(x_flow_autocorr_12*x_return_efficiency_72)|(x_flow_autocorr_72*x_return_sum_72)|(x_flow_std_72*x_volume_surprise_72),0.5|-1|1|-0.5,5,-0.6314691691974107,1,0.05707654897683594,0.1853982827897282,True,False,False
BTC_LONG_31d286b88d9ef05f_2d,240473,2d,5.0,99,0,-218.6592586908035,0.0066750816021831,36,26.897401112287007,-0.1422056838979308,-0.582181186207142,-0.2543203189056331,-0.5591597419736527,-42.78577541222147,-0.005384300380188,157,45.51130952380952,-0.1411615102352759,-0.7516596763241508,-0.4353954763199413,-0.3242144622824383,-24.807511024177664,1.6920337148491083,-0.1422056838979308,31d286b88d9ef05f,-1,1.6399552822113037,x_volume_surprise_288|m1_flow_mean_240|(x_flow_std_12*x_trade_surprise_3)|(x_flow_mean_72*x_volume_surprise_72),-0.5|-0.5|-0.5|1,0,-0.09739431438483931,0,0.06097860688248414,0.23199489579030522,False,False,False
BTC_LONG_278d6ddbefe7f1e4_2d,191040,2d,5.0,99,4,76.29479327638937,0.0406327885510865,60,44.82900185381168,1.5286963135199114,2.8808502610750755,-0.1642593452602977,9.306601771104251,224.7973990320433,0.0063081398143816,183,53.04821428571429,0.1561358568038522,0.6660494069370345,-0.3612019614060793,0.4322674666440068,39.25913026879232,1.18334587191358,0.1561358568038522,278d6ddbefe7f1e4,-1,1.395617961883545,tanh(m1_flow_surprise_curve_5_15)|signed_sqrt(m1_flow_mean_5)|signed_sqrt(m1_flow_autocorr_60),-1|-1|-0.5,4,-0.23300305652633357,3,0.05351421373294024,0.21478516899824723,True,False,False
BTC_LONG_9e441665a9d94a26_2d,766566,2d,5.0,95,4,11.627880927177268,0.0203128367508674,103,76.95645318237672,0.6858600405196562,1.1635725997340134,-0.2520476912034671,2.721151847274773,95.5886162927196,0.0118919337329474,358,103.77738095238097,0.1504300570061227,0.5428009718324821,-0.4583150801700146,0.3282241050203276,28.142518895973534,1.3485208408246434,0.1504300570061227,9e441665a9d94a26,1,2.247136116027832,m1_range_mean_60|(x_flow_autocorr_72*x_jump_concentration_12),0.5|1,4,-0.21922437027175135,4,0.026221945175281244,0.11146610399872707,True,False,False
BTC_LONG_07ac8463a2121eb2_2d,37090,2d,5.0,99,3,-186.0854502240772,0.0399025965060681,33,24.655951019596426,0.852155152277781,1.7592722244987518,-0.2412990672243656,3.531531066738135,283.72814911181325,0.004693450891115,122,35.36547619047619,0.1070764393261969,0.5621855749310251,-0.2865742872584635,0.3736428705818392,41.08052760787654,1.4343586326225213,0.1070764393261969,07ac8463a2121eb2,1,3.5604403018951416,m1_quote_flow_return_corr_5|m1_flow_mean_60|tanh(x_time_sin_day)|(x_flow_std_72*x_return_sum_288),-1|1|-1|1,5,-0.1692269764129513,3,0.05717475659079711,0.2585947267118492,True,True,False
BTC_LONG_a18389afb4e8507e_2d,782370,2d,5.0,97,4,88.30403530963507,0.0780759279077114,74,55.289102286367736,1.0909631884479176,1.9201101690410665,-0.2191237689953199,4.978753302072029,154.5879768044604,0.0561498175538689,224,64.93333333333334,0.5450247372699177,1.4169626866715297,-0.2381314428124664,2.2887558687457172,81.17974182589134,1.174432766099433,0.5450247372699177,a18389afb4e8507e,-1,2.1008262634277344,tanh(x_vwap_pressure_3)|tanh(x_trade_surprise_12)|signed_sqrt(x_return_autocorr_288)|(x_flow_mean_12*x_return_sum_12),0.5|1|-1|-0.5,5,-0.05868629797150826,4,0.039563762287472465,0.1694533156841063,True,True,False
BTC_LONG_5d47cc6741d7c67e_2d,451351,2d,5.0,95,3,-5.229509791938526,0.0750994929009602,93,69.4849528734081,1.4651507152134888,2.020865719673857,-0.230011798764229,6.369893731909486,152.91360437989889,0.0271082538177874,263,76.23869047619047,0.3831334766421237,1.039443153827855,-0.4418671474969455,0.8670784393283553,57.00155795146599,1.09719712431966,0.3831334766421237,5d47cc6741d7c67e,1,2.7279069423675537,m1_flow_mean_240|signed_sqrt(x_flow_autocorr_3)|signed_sqrt(x_time_sin_week)|signed_sqrt(m1_vwap_gap_mean_60),1|0.5|1|1,6,-0.3214323245119276,3,0.04431831856323301,0.1685658083358778,True,True,False
BTC_LONG_ab90a4571061747f_2d,831447,2d,5.0,99,4,24.61199294532646,-0.0141510133794517,29,21.66735089600898,0.2351659022498786,0.9625127186369006,-0.1665371578358715,1.412092684334407,116.94442189107772,-0.0017720688872721,66,19.132142857142856,0.0868667102193472,0.5442822935610445,-0.1796389827908651,0.4835626926282312,57.21725274782539,0.8829940932311621,0.0868667102193472,ab90a4571061747f,-1,2.0397911071777344,x_price_volume_corr_288|signed_sqrt(x_flow_return_corr_curve_72_288)|(x_flow_autocorr_3*x_volume_surprise_288)|(x_flow_return_corr_72*x_jump_concentration_72),-0.5|0.5|-0.5|0.5,4,-0.08442608454638129,2,0.09365034667323345,0.3596144269187033,False,False,False
BTC_LONG_1b3b64b608c2a16d_2d,131630,2d,5.0,99,3,-209.9956868216876,0.041126278551655,23,17.18445071062781,0.2427972761683032,0.8646820150730592,-0.2027406211017257,1.1975758723086825,156.47885347263122,-0.0060213741738745,125,36.23511904761904,-0.1109424436252358,-0.3717776732878278,-0.4702321664724103,-0.2359312091673872,-19.45036533976924,2.108599201556628,-0.1109424436252358,1b3b64b608c2a16d,-1,1.3534507751464844,signed_sqrt(x_avg_trade_size_log)|signed_sqrt(x_flow_std_288)|(x_flow_mean_72*x_return_sum_3),0.5|0.5|-0.5,3,-0.3416875673687456,1,0.07643037512021487,0.2797850067343849,False,False,False
BTC_LONG_8a2ca602e0142829_2d,668927,2d,5.0,95,3,-20.84557955797895,0.0174490465483236,111,82.93365342955161,0.3745745314364226,0.8763967374014359,-0.3922419726988858,0.9549578003065315,59.01246154431757,-0.0006343990828544,326,94.50119047619047,0.2537052170769134,0.7962003209956198,-0.5966834439773658,0.4251923187038138,36.41638365412136,1.139479409965521,0.2537052170769134,8a2ca602e0142829,1,1.7171117067337036,tanh(x_flow_mean_curve_3_12)|(x_flow_std_12*m1_return_efficiency_5)|(x_flow_return_corr_72*x_jump_concentration_72),1|0.5|-0.5,4,-0.2594610357729445,3,0.025825857774918408,0.09541082591433035,False,False,False
BTC_LONG_9324d8d41e29d4b0_2d,712498,2d,5.0,99,4,24.61199294532646,-0.0087263225138243,18,13.448700556143503,0.2494469820745473,0.9936907208114106,-0.1391909429999854,1.7921207852911332,193.6495889549346,0.0062197011646487,51,14.783928571428572,0.0068717299327516,0.1272230657938042,-0.2548187490536557,0.0269671284325499,19.92598284798159,1.0992830504115227,0.0068717299327516,9324d8d41e29d4b0,-1,5.436627388000488,x_return_skew_288|m1_impact_efficiency_240|tanh(x_trade_surprise_288)|(x_flow_return_corr_3*x_return_sum_72),-1|1|-1|0.5,5,-0.2112038590379836,3,0.12103200522111125,0.43024368702183696,False,False,False
BTC_LONG_15435c0bfcf97b6e_2d,102863,2d,5.0,99,4,139.97530897839823,0.0272187838831841,40,29.886001235874453,0.9871379600334242,2.101515997740158,-0.1271055380542547,7.7662859946516765,254.8360351500162,0.0089146428704726,138,40.003571428571426,0.0444791628670104,0.2934998856704078,-0.2736214878524624,0.162557272881265,25.07691421316132,1.338538773148148,0.0444791628670104,15435c0bfcf97b6e,-1,2.392634630203247,tanh(m1_flow_autocorr_60)|signed_sqrt(x_return_vol_3)|(x_flow_mean_72*x_jump_concentration_12),-0.5|-1|-1,3,-0.22098960202929024,2,0.058450102158555145,0.24784230076718972,True,False,False
BTC_LONG_8ce402eb075584dc_2d,682190,2d,5.0,99,4,20.18605078047886,0.0146765588826457,28,20.92020086511212,0.7737509033129133,1.7495674398157877,-0.1271055380542547,6.0874680612471765,309.35939183103415,-0.0139387144598228,80,23.19047619047619,0.082895232142327,0.5022479249598326,-0.2908498934518069,0.2850103576058645,47.262878423866304,1.1085207231040564,0.082895232142327,8ce402eb075584dc,-1,3.1504950523376465,x_return_vol_12|tanh(x_return_efficiency_288)|signed_sqrt(x_trade_surprise_72)|(x_flow_autocorr_12*x_volume_surprise_curve_3_12),-1|1|-1|0.5,3,-0.08203001980883329,1,0.12877017193929155,0.38278562591174664,True,False,False
BTC_LONG_c99b01c8d206f81e_2d,976980,2d,5.0,97,3,-19.14961723749671,0.0462043072212123,60,44.82900185381168,1.207448507968647,2.199662112823467,-0.2254340365957409,5.356105609437768,198.48423833704172,0.0033920700231243,158,45.80119047619048,0.0095724161789596,0.1872478537625078,-0.5540671731113856,0.0172766347538789,17.880883169435016,1.0216865997942386,0.0095724161789596,c99b01c8d206f81e,1,2.8079848289489746,signed_sqrt(m1_flow_mean_15)|(x_base_quote_flow_gap*x_return_sum_72)|(x_flow_return_corr_72*x_return_sum_288)|(x_flow_sign_bias_3*x_jump_concentration_3),0.5|0.5|-1|0.5,4,-0.22382418391140346,2,0.06410953643787343,0.2457003506932516,True,False,False
BTC_LONG_5a2d1c10ea759668_2d,436391,2d,5.0,99,3,4.591392656433162,0.00482314462856,53,39.59895163753365,0.6239350426665278,1.5735347148359349,-0.2819063462045938,2.2132706519976892,142.11170868737273,-0.0156645955698779,173,50.14940476190476,0.0913985030138948,0.4289508867533156,-0.3586740925793528,0.2548232640852751,32.27117250841942,1.2664326374330304,0.0913985030138948,5a2d1c10ea759668,-1,1.0037354230880735,signed_sqrt(m1_volume_concentration_5)|(x_flow_mean_72*x_jump_concentration_12),-0.5|-0.5,5,-0.21984033827868954,2,0.0636600008030095,0.233641658694421,True,False,False
BTC_LONG_54c24918a2d046b4_2d,409980,2d,5.0,99,3,46.34199572274392,0.0457484945178551,22,16.43730067973095,0.3183257137406099,1.19259201452733,-0.1327834210368589,2.3973302634840756,192.3704608067256,0.0287384409456078,91,26.379166666666663,0.2241582388500338,0.9301245702895335,-0.3119631338597664,0.7185407970378879,93.45600933021582,1.6048356832210997,0.2241582388500338,54c24918a2d046b4,-1,1.6824448108673096,x_flow_mean_288|signed_sqrt(m1_flow_surprise_60)|(x_flow_std_12*x_return_efficiency_288),-1|-0.5|0.5,5,-0.10265750572236526,3,0.07816932378289294,0.33629496790823016,True,True,False
BTC_LONG_5b55989455e686eb_2d,441884,2d,5.0,99,3,-87.5434474624213,0.0162721101317173,34,25.403101050493284,0.3977643690885453,1.6272616700926512,-0.1283051931462896,3.1001423974712123,146.19899955698165,0.0191000208792569,178,51.59880952380952,0.210404712000054,0.8212607527523642,-0.2970933704261684,0.7082107274835416,49.40764062649005,2.0312012073347856,0.210404712000054,5b55989455e686eb,-1,1.252689003944397,(x_flow_price_gap*x_close_location)|(x_flow_mean_12*m1_return_efficiency_5)|(x_flow_mean_72*x_return_efficiency_288),0.5|-1|-0.5,6,-0.19458779202945176,4,0.05123028000524684,0.23358318992578161,True,True,True
BTC_LONG_1343c3fb7dfbd96a_2d,93154,2d,5.0,97,3,-149.2503485073827,0.0083304082590817,46,34.36890142125562,0.6690912897693015,1.4081196789415802,-0.1832868016482117,3.65051538764646,179.67380768727023,-0.0054480597625646,203,58.84583333333333,0.1300255428801187,0.5412673976555303,-0.3518335000129702,0.3695655555122674,34.273663576544735,1.7121825516639826,0.1300255428801187,1343c3fb7dfbd96a,1,1.6144052743911743,m1_range_mean_240|tanh(m1_jump_concentration_15),0.5|1,4,-0.1933908429141888,2,0.057097642279556514,0.21299883372833234,True,False,False
BTC_LONG_99a54df2de88d401_3d,744123,3d,5.0,97,4,149.01346491145227,0.0837952550872049,64,47.81760197739912,3.012073635236563,2.9314485158150685,-0.2373845704318217,12.688582201266737,321.6554091663371,5.747844576128574e-05,218,63.194047619047616,0.0066698089368228,0.1980852286590519,-0.4716770680597884,0.0141406258401721,16.405342707590496,1.3215645495756172,0.0066698089368228,99a54df2de88d401,-1,1.804031252861023,tanh(x_avg_trade_size_log)|signed_sqrt(x_volume_surprise_3),1|1,4,-0.3026660036301377,2,0.06395363529022048,0.20804369843029658,True,False,False
BTC_LONG_662f23dc21b57300_3d,494554,3d,5.0,99,3,151.87724456411237,0.0281774243339421,14,10.46010043255606,0.4118501440474973,1.7150223989079536,-0.0683806049329319,6.022908753899471,355.3826026566058,-0.0123490369403446,37,10.725595238095238,0.0814968457478735,0.5499005271272562,-0.279313698374542,0.2917753272472566,91.11575747780498,1.025381668871252,0.0814968457478735,662f23dc21b57300,-1,2.791687488555908,x_flow_return_corr_72|x_return_sign_entropy_288|tanh(x_flow_mean_288)|(x_flow_mean_72*x_return_efficiency_288),1|0.5|-1|-1,6,-0.3119216717408761,3,0.12001377234125346,0.4765983169599723,True,False,False
BTC_LONG_b15d23c39f337dcf_3d,859893,3d,5.0,99,4,279.6636951798176,0.0308734970573291,18,13.448700556143503,0.5767878703571665,1.824056027833435,-0.1222084024916458,4.719707144495203,369.4668198100639,-0.0089133339024727,120,34.785714285714285,0.0732116765675889,0.3893501583569425,-0.4281673385187161,0.1709884663806245,37.83138262304075,2.586548353909465,0.0732116765675889,b15d23c39f337dcf,-1,1.1048084497451782,tanh(x_avg_trade_size_log)|tanh(x_return_autocorr_3),0.5|-1,5,-0.25502031847214734,2,0.08713412042244129,0.30825451321007463,True,False,False
BTC_LONG_99b78550f9fca803_3d,744492,3d,5.0,95,4,24.986837314012796,0.0429064745278632,75,56.0362523172646,0.9068003789577904,1.738353633842119,-0.2296501445541461,3.948616626034773,135.36673504527658,-0.0060656769241516,297,86.09464285714286,-0.0630585173592308,0.1021519192111194,-0.7646998758346986,-0.0824617857958981,10.626697775975888,1.5364097222222222,-0.0630585173592308,99b78550f9fca803,1,1.718930721282959,tanh(m1_return_efficiency_60)|signed_sqrt(m1_flow_mean_240),1|1,5,-0.5923219430590938,3,0.038791670622860756,0.1541345987147883,True,False,False
BTC_LONG_5b63e02125b3be15_3d,442165,3d,5.0,97,4,5.6417382878809486,0.0728210361396013,23,17.18445071062781,0.4742024492488188,1.243217158488981,-0.1456599223303862,3.2555451194957485,263.61320819060506,-0.0028034914813026,146,42.32261904761905,-0.2226496514885486,-0.5493940954334467,-0.5930345990806226,-0.3754412505336465,-39.94791583871347,2.462843867418143,-0.2226496514885486,5b63e02125b3be15,1,2.1645050048828125,x_return_sum_288|x_flow_mean_curve_72_288,-0.5|1,2,-0.29778265337978366,1,0.08004214385799109,0.2845075804404261,True,False,False
BTC_LONG_232e51fa60679b62_3d,169982,3d,5.0,95,4,89.69114819270182,0.0632676005609239,52,38.85180160663679,1.6137799934235924,2.5764611860483195,-0.1484875038853575,10.86811988347208,272.1902274856506,0.0102724529651449,183,53.04821428571429,0.1039555935636009,0.4551429614122502,-0.5776307457098243,0.1799689409466157,38.215697948185614,1.365399082977208,0.1039555935636009,232e51fa60679b62,1,1.4689908027648926,tanh(x_return_sign_entropy_288)|signed_sqrt(x_flow_sign_bias_72),-0.5|1,4,-0.12314459204063194,2,0.04188015090560359,0.1885087814308666,True,False,False
BTC_LONG_12711bdda6357a58_3d,89216,3d,5.0,95,3,-69.70543945022987,0.0336042768730159,73,54.541952255470875,0.3527667832158108,0.8636165005275501,-0.3258314749659752,1.082666379153973,81.16983178592754,-0.0156907451303703,285,82.61607142857143,-0.2680170825664718,-0.4344010720112323,-0.6771014060139268,-0.3958300487725751,-19.44159319290718,1.5147252346524607,-0.2680170825664718,12711bdda6357a58,-1,1.725959062576294,x_flow_mean_curve_72_288|signed_sqrt(m1_volume_concentration_15),-1|-0.5,2,-0.3202480999774987,1,0.05818345582019552,0.17009034996722264,False,False,False
BTC_LONG_5244410a719c78fe_3d,397816,3d,5.0,95,4,77.29201078769566,0.0465174663662851,23,17.18445071062781,0.6400246391468587,1.6549456542609462,-0.164406647610263,3.8929364989187056,324.4387607747722,0.0682409972900395,117,33.91607142857143,0.0567227581786697,0.3372710184778705,-0.4866262673451579,0.1165632888831236,37.81704778335438,1.9736488526570046,0.0567227581786697,5244410a719c78fe,-1,1.6409791707992554,tanh(m1_realized_vol_240)|signed_sqrt(x_time_cos_week),-1|-1,5,-0.13236491942314804,3,0.07698513760883316,0.32342996654754613,True,False,False
BTC_LONG_80ff23b2edbc57f7_3d,624381,3d,5.0,97,4,63.68993825741504,0.0194677136934419,39,29.13885120497759,0.5997311132218259,1.7882844510931268,-0.1524707392139345,3.933417758146579,179.88024066956672,0.0124601106945403,172,49.85952380952381,0.1799689806250517,0.6590525217675439,-0.3419995184592268,0.5262258304802485,49.44938500858576,1.7111012187401076,0.1799689806250517,80ff23b2edbc57f7,-1,1.2821316719055176,tanh(x_flow_sign_bias_288)|signed_sqrt(m1_flow_return_corr_15),-1|0.5,4,-0.10644830412319195,2,0.04086430331097712,0.1873488525532825,True,False,False
BTC_LONG_b264df2711ca7a4b_3d,864910,3d,5.0,97,3,12.35445489998488,0.0300248808431015,60,44.82900185381168,0.555672295221082,1.3668416107731614,-0.2214774864321668,2.508933545221857,119.51453585785023,0.0186929069818666,241,69.86130952380952,-0.1208695452282427,-0.1136282004081886,-0.6976102896994554,-0.1732622740990759,-1.588097933603838,1.5583953832304525,-0.1208695452282427,b264df2711ca7a4b,1,1.4663922786712646,signed_sqrt(x_time_sin_day)|(x_flow_mean_72*x_wick_asymmetry),0.5|-1,3,-0.3709347322161349,0,0.03524788502109006,0.15793439223286035,True,False,False
BTC_LONG_c9d2e592c009ee5c_3d,978095,3d,5.0,95,3,-41.9051057983906,0.0531278694920302,80,59.772002471748905,0.5594637539982492,1.1396784121017318,-0.2667500032481978,2.0973336351853593,99.46008865718484,0.0119724343438841,303,87.83392857142857,0.5077565094402692,1.1353491913997007,-0.4582379416585143,1.10806300238372,63.07162895290397,1.4694827835648148,0.5077565094402692,c9d2e592c009ee5c,-1,2.0167739391326904,x_flow_mean_72|tanh(m1_return_autocorr_15)|signed_sqrt(m1_flow_price_divergence),-1|-1|-0.5,4,-0.14468590513613638,3,0.03379744783357037,0.13461296408816031,True,False,False
BTC_LONG_320570d1aa69db6b_3d,241423,3d,5.0,99,4,161.71519205577152,0.0850940193182325,16,11.95440049434978,0.4663804809062797,2.053382453616152,-0.0448396471795773,10.40107383179182,340.4891070853237,0.0096165417381739,84,24.35,-0.1821866160438116,-0.6559123741557352,-0.5355213718561809,-0.3402041928080873,-63.62162461972087,2.036906828703704,-0.1821866160438116,320570d1aa69db6b,-1,2.485616445541382,tanh(x_avg_trade_size_log)|signed_sqrt(x_range_position_12)|signed_sqrt(m1_realized_vol_curve_60_240),1|0.5|1,2,-0.3368331405148103,1,0.10904552373622585,0.33989474656358004,True,False,False
BTC_LONG_6eceee78a3b0f50d_3d,536462,3d,5.0,95,3,-15.646550077764228,0.019958494188316,78,58.27770240995518,0.1734124062303983,0.5714033232013428,-0.4022115242733723,0.4311472838668207,51.30976853088769,0.0132594542463071,298,86.38452380952381,-0.0740247610755304,0.0801552641260096,-0.5994711455474108,-0.1234834430737017,9.47464118926072,1.4822911720481164,-0.0740247610755304,6eceee78a3b0f50d,1,0.9130834341049194,x_flow_mean_12|(x_flow_sign_bias_72*x_trade_surprise_12),0.5|-0.5,5,-0.5007542272868435,3,0.04085326683905215,0.1710176375449445,False,False,False
BTC_LONG_972c3301178d451c_3d,731970,3d,5.0,99,4,90.82541581955832,0.0910995871538194,17,12.701550525246642,0.2571069468780047,0.9677531975413088,-0.1217554150848666,2.1116674498525967,211.7317938983537,0.0032527055936742,78,22.610714285714284,-0.0423631605670118,-0.0744103383764738,-0.3739705766971332,-0.1132793947084249,-2.5048532787745144,1.7801538671023964,-0.0423631605670118,972c3301178d451c,1,1.8524178266525269,x_avg_trade_size_log|x_trade_size_surprise_3|signed_sqrt(m1_range_mean_15)|(x_flow_std_72*x_return_sum_288),-0.5|-0.5|0.5|0.5,3,-0.2358450027009698,3,0.10389851763945182,0.386786411444087,False,False,False
BTC_LONG_ca017532b635a65d_3d,979001,3d,5.0,95,3,-18.53450561586,0.0243176898805113,39,29.13885120497759,0.414039149916289,1.250514364853871,-0.1572666630887176,2.6327203857738133,140.36451272185533,-0.0176996094091246,101,29.27797619047619,0.0505899680313932,0.3141247159442689,-0.4996042740590418,0.1012600785425119,36.20862526511577,1.0047745528648306,0.0505899680313932,ca017532b635a65d,1,2.9099183082580566,x_return_skew_288|tanh(x_flow_return_corr_12)|signed_sqrt(x_return_sign_entropy_288),0.5|-0.5|-1,5,-0.4813149689057533,3,0.07816528937933526,0.2592985790253354,True,False,False
BTC_LONG_25e9a00db8b7a09a_3d,183122,3d,5.0,99,3,-66.32275407626993,0.0483804603171669,27,20.173050834215257,0.5703380081392662,1.785961138190064,-0.1522908347513104,3.7450579942688145,246.3535633751687,0.0163503830412601,110,31.886904761904763,0.2567065765324681,0.976960601473345,-0.3617393422736263,0.7096451685874147,88.29193185533626,1.5806684385002285,0.2567065765324681,25e9a00db8b7a09a,1,2.160400152206421,x_flow_autocorr_72|x_flow_sign_bias_288|tanh(x_return_efficiency_curve_72_288)|(x_flow_autocorr_12*x_return_efficiency_3),0.5|1|-1|0.5,6,-0.23684929246112757,4,0.05896571856900223,0.23905764563303927,True,True,False
BTC_LONG_774a2fa3bbfb3bcf_3d,577815,3d,5.0,97,4,40.58296206964929,0.0330008253335147,46,34.36890142125562,0.7134254417318888,1.566766882351824,-0.3513051954321448,2.0307853427965834,183.62164466037677,0.0238574073475037,177,51.308928571428574,0.5339399345457987,1.3251353895201647,-0.3259143713505851,1.638282878822306,101.8060372177272,1.4928882347020933,0.5339399345457987,774a2fa3bbfb3bcf,-1,1.2397798299789429,x_trade_size_surprise_3|signed_sqrt(x_flow_mean_288),1|-0.5,5,-0.1508119948953715,3,0.06163539195679575,0.18381843177469442,False,True,False
BTC_LONG_3225f06f185df2f6_3d,242020,3d,5.0,95,3,33.57890679763814,0.0137187734828705,74,55.289102286367736,0.7052177201080858,1.3404258735907275,-0.2715134592225243,2.5973582382526033,121.83939168223974,0.0090934836382002,291,84.35535714285714,-0.433559989961235,-0.9353504974651844,-0.878976480149715,-0.4932555076870626,-48.44584340049234,1.5257139952452452,-0.433559989961235,3225f06f185df2f6,-1,1.98209547996521,x_flow_mean_72|signed_sqrt(x_price_volume_corr_3)|(x_flow_std_12*m1_return_efficiency_5),-1|-1|0.5,2,-0.7663720553996519,1,0.0528692123036001,0.19919214992269058,True,False,False
BTC_LONG_b7b1719b2bdf9edc_3d,890441,3d,5.0,99,3,25.85688444601386,0.0341695487560136,35,26.150251081390145,0.2079108969201561,0.8028117131409688,-0.1606887537743053,1.2938733547723973,92.45258192257624,0.020380409871014,157,45.51130952380952,-0.2729057106250644,-0.7540924352117382,-0.6669337230914172,-0.4091946488476741,-51.64518333428769,1.7403775352733686,-0.2729057106250644,b7b1719b2bdf9edc,1,1.6790046691894531,x_flow_mean_288|(x_flow_autocorr_3*x_return_efficiency_12)|(x_flow_mean_12*x_close_location),1|-0.5|1,2,-0.34740278005622355,1,0.1074627142672079,0.2725258940016184,False,False,False
BTC_LONG_2aef2192c0c46e6d_3d,207291,3d,5.0,97,4,26.010743046241217,0.1105962606111821,20,14.943000617937226,0.2930030343758407,1.1803610514396494,-0.1194976559390198,2.451956333983333,195.71226303986072,0.0464941611458001,90,26.089285714285715,0.0640959973070007,0.3560171965944723,-0.2784436560520886,0.230193778575477,45.59049838456987,1.745920138888889,0.0640959973070007,2aef2192c0c46e6d,1,2.726205825805664,x_return_sum_288|tanh(x_range_surprise_12)|tanh(m1_realized_vol_curve_60_240)|signed_sqrt(x_return_autocorr_288),-0.5|-0.5|-1|1,4,-0.09821390329258989,3,0.10494522235915552,0.3336357449500864,True,False,False
BTC_LONG_bdbf1b3c7b72942c_3d,919710,3d,5.0,95,4,19.19880453309261,0.0400374723577644,74,55.289102286367736,0.2680496353078943,0.7348411266462764,-0.3806097675013342,0.7042636794836187,68.27283009207949,0.0163178632353849,296,85.8047619047619,0.0198120512806341,0.2582876384943325,-0.6391904047234532,0.0309955392543882,17.795355298027708,1.551929012345679,0.0198120512806341,bdbf1b3c7b72942c,1,2.271066188812256,tanh(m1_return_autocorr_240)|signed_sqrt(m1_flow_mean_5)|signed_sqrt(m1_flow_mean_240),0.5|1|1,4,-0.4455454328589441,2,0.03328716856016961,0.13240513998136025,False,False,False
BTC_LONG_66e59e989980542d_3d,497927,3d,5.0,99,4,243.4925005181145,0.0618224528582178,16,11.95440049434978,0.627881950946442,1.6403485082090603,-0.1372555626650622,4.574546479246385,452.9302204097287,0.0098173909447311,37,10.725595238095238,-0.0200661978261037,-0.0743917186750388,-0.2112903002852835,-0.0949698012592647,-4.662656124936146,0.8972089602623458,-0.0200661978261037,66e59e989980542d,-1,3.0531842708587646,m1_range_mean_240|signed_sqrt(x_flow_sign_bias_curve_72_288),-1|-1,3,-0.11705305167741381,2,0.1690192842048325,0.5091595595237621,True,False,False
BTC_LONG_51e59d93968f66de_3d,395989,3d,5.0,99,3,182.82838036150255,0.0225827215651613,32,23.90880098869956,0.6988637364551891,1.8594390145579016,-0.1064448438195583,6.565501074339299,245.81745837102537,0.0046669402709427,149,43.19226190476191,-0.1409506022143176,-0.2016259128074104,-0.4933283340898242,-0.2857135754717337,-12.81262788381826,1.8065423659336421,-0.1409506022143176,51e59d93968f66de,-1,1.775092363357544,m1_flow_mean_240|tanh(x_return_efficiency_curve_3_12)|tanh(m1_trade_size_surprise_5)|signed_sqrt(m1_return_efficiency_240),-1|-0.5|0.5|-0.5,3,-0.21346122175830567,0,0.0668465860403409,0.24706310803434334,True,False,False
BTC_LONG_58f6d93893c24e4c_3d,430545,3d,5.0,99,2,-8.202051538103374,-0.0019036761494567,27,20.173050834215257,0.0836661186902099,0.474674192764058,-0.1528251729580442,0.5474629412863753,56.435722073789144,-0.0015522050087446,66,19.132142857142856,0.1467245299201915,0.6663908666678192,-0.2202552471358978,0.6661567968442645,93.19720999126844,0.948401063100137,0.0836661186902099,58f6d93893c24e4c,1,1.3121225833892822,tanh(x_flow_mean_288)|signed_sqrt(m1_jump_concentration_240),1|0.5,5,-0.032860095516497156,3,0.10340923330911805,0.34175533005234765,False,False,False
BTC_LONG_3e354f9afed7c638_3d,300745,3d,5.0,95,4,46.59365238837026,0.0041110886804215,79,59.02485244085205,0.7564550829059995,1.358388838360257,-0.3077071674846356,2.458360294593302,121.96783443176626,0.008308771121873,290,84.06547619047619,0.0001195524395447,0.209878690533117,-0.4564513780816512,0.0002619171401063,15.643612007120302,1.4242386505704014,0.0001195524395447,3e354f9afed7c638,-1,1.3218004703521729,tanh(m1_trade_intensity_240)|(x_flow_mean_72*x_volume_surprise_72),-0.5|-1,3,-0.2712164940668244,2,0.054613939382033426,0.16175413804799726,True,False,False
BTC_LONG_08933dc41a0e9792_3d,41483,3d,5.0,99,4,233.0058453894384,0.0913459651367415,27,20.173050834215257,0.9713836446583612,2.5413054050641506,-0.0485174990371169,20.02130497112455,360.2021927037415,-0.0142578527957113,127,36.81488095238095,-0.1068631218288405,-0.2394523389642619,-0.5067869280113293,-0.2108640059998776,-13.944553191238594,1.8249535608139003,-0.1068631218288405,08933dc41a0e9792,1,0.7494019865989685,tanh(x_avg_trade_size_log)|tanh(x_return_sign_entropy_12),-0.5|-0.5,3,-0.3952895777150223,1,0.06654960270183273,0.2601984987394162,True,False,False
BTC_LONG_826f188c2b45ca85_3d,631252,3d,5.0,99,3,-41.4976111763618,0.0673128827273362,19,14.195850587040365,0.0633989647314279,0.4042726293750503,-0.1347868131323641,0.4703647430937363,62.592440373419514,0.0262577269652304,43,12.464880952380952,-0.0391512641784274,-0.1166071444240717,-0.3313560777584082,-0.1181546584063944,-12.552692769834431,0.8780650990903184,-0.0391512641784274,826f188c2b45ca85,1,1.5718237161636353,signed_sqrt(x_flow_sign_bias_288)|(x_flow_autocorr_72*x_return_sum_288),1|-0.5,4,-0.31757845573982413,3,0.1071184853642598,0.44007521366502605,False,False,False
BTC_LONG_36168df7ff2fd342_3d,261282,3d,5.0,97,4,27.08166231012795,0.016217989154369,67,50.059052070089706,1.1542014262201934,2.081915507293622,-0.2124269014126208,5.433405178651347,174.98294785339667,-0.0271918399543578,254,73.6297619047619,0.007789989060722,0.2257307980785706,-0.434243897519888,0.0179392021516324,17.775551833123714,1.4708580937903077,0.007789989060722,36168df7ff2fd342,1,1.5443766117095947,signed_sqrt(x_trade_size_surprise_288)|(x_flow_mean_72*x_wick_asymmetry),0.5|-1,4,-0.11945134225632814,2,0.03024848259323008,0.14535432979682034,True,False,False
BTC_LONG_9d731ebe50ebbe65_3d,762668,3d,5.0,95,4,77.02093041788012,0.0615641380176351,53,39.59895163753365,0.5847646786004845,1.3296682161383968,-0.1821560476077496,3.210240265311984,142.1385247105927,0.0460396362879575,205,59.425595238095234,0.351555795160924,1.0126625722971236,-0.3011482525965738,1.167384476349187,66.33314975053919,1.5006860732587932,0.351555795160924,9d731ebe50ebbe65,1,1.6783571243286133,x_flow_mean_72|tanh(x_return_autocorr_288)|(x_flow_return_corr_72*x_return_efficiency_288),1|0.5|-0.5,5,-0.04091495774066656,4,0.04694761641998365,0.18058667592714966,True,True,False
BTC_LONG_a800262f87cb7ffd_3d,814192,3d,5.0,99,3,215.66045996264077,-0.0003447321751972,15,11.20725046345292,0.8110180596022578,2.1325453955716216,-0.0672243093435289,12.06435688997267,571.83260630704,0.0133160278852423,84,24.35,0.4541595651958063,1.5395221268993249,-0.2095312092577449,2.1675031934605187,172.71832541375622,2.1727006172839505,0.4541595651958063,a800262f87cb7ffd,1,1.354838728904724,x_return_sign_entropy_3|x_flow_sign_bias_288,-1|0.5,6,-0.007080708555297466,4,0.05863777230986155,0.27730890758262705,True,True,False
BTC_LONG_27cd54206caf7f3f_3d,192199,3d,5.0,97,3,-36.20299428929441,0.0360195531462135,50,37.35750154484307,1.158499607953467,1.9736034996518872,-0.2424496438906612,4.778310206452279,235.82849830560147,0.0232713967002816,198,57.39642857142857,0.1719154960150926,0.6145815057458514,-0.3871385660146882,0.4440670889104084,43.89354557669071,1.5364097222222222,0.1719154960150926,27cd54206caf7f3f,-1,0.93680739402771,tanh(x_flow_sign_bias_72)|signed_sqrt(x_flow_autocorr_72),-0.5|-0.5,5,-0.20908805540047848,3,0.055360843396382725,0.19882611937924824,True,True,False
BTC_LONG_bc8cc20c800b4673_3d,913913,3d,5.0,97,3,-149.43788896192933,0.0132206181599171,45,33.62175139035876,0.5465783073969837,1.214301756304889,-0.3071252602127242,1.779659240722847,161.80199606882897,0.0292047201290086,195,56.526785714285715,0.4680511063685613,1.2320638223848377,-0.2476532661171961,1.889945219406341,84.42942527795343,1.6812564300411523,0.4680511063685613,bc8cc20c800b4673,1,1.0962059497833252,tanh(x_volume_surprise_curve_3_12)|signed_sqrt(x_flow_sign_bias_288)|(x_flow_sign_bias_72*x_trade_surprise_12),0.5|0.5|-0.5,7,0.023072407349334967,4,0.0461432026716009,0.1843515847011169,True,True,False
BTC_LONG_cbe15b1817b1eb6b_3d,988046,3d,5.0,99,4,292.2234304810277,0.0777862375071346,14,10.46010043255606,1.0939428867222705,2.103554058488832,-0.0453874332145156,24.1023298575168,773.8055682071396,-0.0152380022363711,86,24.929761904761904,-0.1507610114421095,-0.5551191761628756,-0.4894071492274096,-0.3080482409791206,-48.83553570462615,2.383319554673721,-0.1507610114421095,cbe15b1817b1eb6b,1,1.7572662830352783,signed_sqrt(x_flow_return_corr_curve_72_288)|(x_flow_mean_72*x_wick_asymmetry)|(x_flow_std_72*x_return_sum_288),-0.5|-1|0.5,3,-0.31053001735078145,1,0.08792052751270286,0.40274347836532476,True,False,False
BTC_LONG_a2de1bf5c7d3fcf9_3d,789024,3d,5.0,99,3,161.7343523627357,0.0209962723173072,22,16.43730067973095,0.3953021364592595,1.7734601640003904,-0.0495746889182022,7.97387023671503,219.04606898464243,0.0191284740314966,74,21.451190476190476,0.0594801865619907,0.3473610999358259,-0.3822851457926043,0.155591152877961,50.076224398447344,1.3050312149270482,0.0594801865619907,a2de1bf5c7d3fcf9,1,1.031304955482483,x_flow_mean_288|signed_sqrt(x_return_efficiency_72),0.5|0.5,5,-0.35385167514608773,3,0.1026611177982305,0.34197938488388563,True,False,False
BTC_LONG_7befe6e1149ef56c_3d,600059,3d,5.0,99,3,142.69694746504024,0.0165104881683519,31,23.1616509578027,0.6846747399821702,2.1869974778487538,-0.1098574459762481,6.232392660304529,243.71581908182185,-0.0056449956241329,138,40.003571428571426,-0.0824196132216567,-0.1564106503099853,-0.3746035706452573,-0.2200182264138281,-6.174017331163967,1.7271468040621267,-0.0824196132216567,7befe6e1149ef56c,1,1.5446382761001587,tanh(m1_impact_efficiency_60)|(x_flow_mean_72*x_return_efficiency_72)|(x_flow_autocorr_72*m1_return_efficiency_5)|(x_flow_mean_72*x_trade_surprise_3),-0.5|1|-0.5|1,4,-0.3025840409494509,2,0.051773752883153,0.23578802517018535,True,False,False
BTC_LONG_c324ca4bc5fc5706_3d,945827,3d,5.0,97,4,104.17570512559143,0.0738340005300686,71,53.04765219367715,2.4195925366641133,2.764356541731718,-0.1704953058634986,14.19154928876036,258.35453514129745,-0.0040524624747316,230,66.67261904761905,0.1468328850348312,0.5477089422755245,-0.5429316339577186,0.2704445198090374,36.98216474118469,1.2568439184489655,0.1468328850348312,c324ca4bc5fc5706,-1,2.838735818862915,x_flow_sign_bias_3|signed_sqrt(x_avg_trade_size_log)|(x_flow_sign_bias_72*x_return_efficiency_curve_72_288),-1|1|0.5,4,-0.13450094620031366,2,0.03504100672067228,0.1593783259492092,True,False,False
BTC_LONG_8ca691af1e55030b_3d,681013,3d,5.0,99,4,10.238217978879032,0.0528518488078595,15,11.20725046345292,1.2382869661966698,2.24791168803151,-0.0387197111555495,31.98079038405203,784.2513624380706,9.710428127410647e-05,36,10.435714285714283,-0.0764492621156566,-0.3068324719163799,-0.4260974762818421,-0.1794173079426766,-52.37093926437005,0.9311574074074072,-0.0764492621156566,8ca691af1e55030b,-1,2.3835229873657227,tanh(x_return_skew_3)|(x_flow_std_72*x_return_sum_288)|(x_flow_autocorr_72*x_return_sum_288),-0.5|-0.5|1,3,-0.216126678355393,2,0.14060066078745137,0.46671648837881496,True,False,False
BTC_LONG_af7d8ba7a1b185dd_3d,850748,3d,5.0,95,3,-9.82846715341305,0.0113166018960465,87,65.00205268802694,1.2598803612060705,2.0384421143168128,-0.3022947624995059,4.167721434499314,145.51819051236976,-0.0172204495811027,283,82.03630952380952,-0.0690225546504608,0.0470404110695354,-0.6337585719976238,-0.1089098557403332,7.458590329585421,1.2620572140627215,-0.0690225546504608,af7d8ba7a1b185dd,1,2.0123894214630127,tanh(x_range_surprise_72)|signed_sqrt(x_return_efficiency_curve_12_72)|(x_flow_std_72*x_trade_surprise_12),1|0.5|1,5,-0.4860791135485044,2,0.03891395134298796,0.1524700621494252,True,False,False
BTC_LONG_61f027271aa554ae_3d,473949,3d,5.0,95,4,20.494157432808468,-0.001465051579643,86,64.25490265713007,1.1322302954598529,1.5968036954218705,-0.2852320679569716,3.9695056154438224,147.93869898561653,-0.0173887539778776,303,87.83392857142857,-0.0016206766279138,0.2333687630580379,-0.7162367259531486,-0.0022627667210964,17.538912383990063,1.366960728897502,-0.0016206766279138,61f027271aa554ae,1,1.2662155628204346,m1_flow_mean_240|tanh(x_range_surprise_72),0.5|1,5,-0.8262213597016279,3,0.031272335421756205,0.13077106723004892,True,False,False
BTC_LONG_c12e702b54d89a5b_3d,936296,3d,5.0,99,4,40.89581553876786,0.0220197084430363,15,11.20725046345292,0.4737638581866685,2.2635946027814793,-0.0105159045725646,45.052126036088985,364.4779804330568,-0.0127069851578717,56,16.233333333333334,-0.012779286186981,0.0150002893267722,-0.2467315451926225,-0.0517942939845991,6.634073545920846,1.4484670781893003,-0.012779286186981,c12e702b54d89a5b,1,1.8539060354232788,(x_flow_autocorr_72*x_return_sum_288)|(x_flow_mean_72*x_jump_concentration_72),-0.5|1,2,-0.05702785250152481,2,0.12354185663427901,0.465170118219065,True,False,False
BTC_LONG_34120713d7453066_3d,251399,3d,5.0,97,4,137.14416377556364,0.0254808772918861,55,41.093251699327375,1.54251639543978,2.1058325300783096,-0.2467502747132575,6.2513259498182965,262.17340135537574,0.0125216137910029,224,64.93333333333334,0.3193643144384832,0.8783621986415538,-0.5259885195622038,0.6071697433706345,61.15717874698743,1.5801459034792367,0.3193643144384832,34120713d7453066,-1,1.088001012802124,x_flow_sign_bias_72|signed_sqrt(x_flow_autocorr_3),-0.5|-0.5,6,-0.2179663701114271,3,0.03430816690567289,0.14553727414743528,True,False,False
BTC_LONG_b973cc2fef6a3344_3d,898974,3d,5.0,99,3,-78.75904493141113,0.0264492169562466,32,23.90880098869956,0.7012966035095853,1.7783313116340298,-0.1959961094996721,3.5781149192186303,249.2205981299867,0.0014531222589849,158,45.80119047619048,-0.2197134635127151,-0.5876412519771627,-0.6893846674921962,-0.3187095302133366,-37.108991483343885,1.9156623746141976,-0.2197134635127151,b973cc2fef6a3344,-1,1.0048565864562988,m1_flow_mean_60|tanh(x_return_sign_bias_3)|(x_flow_sign_bias_72*x_volume_surprise_12),-0.5|0.5|-0.5,2,-0.8109957231991023,2,0.06456624958025133,0.2529941666267878,True,False,False
BTC_LONG_10aa46e47a07fc99_3d,80642,3d,5.0,99,4,365.6132368905492,0.0419534732832916,31,23.1616509578027,2.4242952124167214,3.128973326137481,-0.1095238343635164,22.13486431063338,572.697267522159,-0.0118230019268473,85,24.639880952380953,0.1047356275915896,0.5101176566789496,-0.4597390451907821,0.2278153850259259,60.37115646857559,1.0638223068498607,0.1047356275915896,10aa46e47a07fc99,-1,2.6674249172210693,tanh(m1_realized_vol_15)|signed_sqrt(m1_body_mean_60)|signed_sqrt(m1_flow_mean_240),-1|1|-1,5,-0.3290483332537367,3,0.06401581505259224,0.24986093943941096,True,False,False
BTC_LONG_1a60425057f03292_3d,127535,3d,5.0,95,4,88.46148664587253,0.2163343086945665,55,41.093251699327375,1.1135476314086057,1.9580838721597975,-0.2364110372298872,4.7102184587337455,208.5659300169038,-0.0406939339888074,145,42.032738095238095,-0.0444340680464693,-0.0486508254988684,-0.4157040876023021,-0.1068886964830106,2.037171546102891,1.0228623035914701,-0.0444340680464693,1a60425057f03292,1,1.2589603662490845,x_avg_trade_size_log|tanh(x_trade_size_surprise_288),-1|1,4,-0.24138095368669193,1,0.06084421767626864,0.19373123902700884,True,False,False
BTC_LONG_319f0082c38c3193_3d,239522,3d,5.0,97,3,-33.8404761248124,0.0055543675332246,23,17.18445071062781,0.3017299144156651,1.0927526899937057,-0.1416725710720444,2.1297694545419597,180.1056746261014,-0.0032384957760824,86,24.929761904761904,-0.0162493192312741,0.0862700506040343,-0.2884396806527177,-0.0563352420669137,15.138725761876222,1.4507162506709608,-0.0162493192312741,319f0082c38c3193,1,2.486438274383545,x_return_skew_288|m1_body_mean_240|tanh(m1_flow_mean_60),0.5|-0.5|1,4,-0.18742785710190107,1,0.13556765140783203,0.39101027452472964,True,False,False
BTC_LONG_8d60620db04a6e02_3d,684467,3d,5.0,99,2,-266.455398033101,0.0115606462195465,24,17.931600741524672,0.0552583014075018,0.3756985374578624,-0.1531255460149018,0.3608692530123241,45.18558149899293,-0.0166321425765529,118,34.20595238095238,0.027535439306612,0.24220158524366,-0.3954675469382951,0.0696275573553154,25.993042408702117,1.9075794110082305,0.027535439306612,8d60620db04a6e02,-1,1.2772136926651,x_return_sign_entropy_3|x_flow_return_corr_72|x_flow_mean_curve_72_288,0.5|0.5|-0.5,3,-0.275136830727443,3,0.06205863377080482,0.24067365568635593,False,False,False
BTC_LONG_a69416f2ccb193a7_3d,807193,3d,5.0,97,4,83.13070869600912,0.0793956996407512,77,57.53055237905832,0.9610883930215296,1.6177279415618442,-0.2709870753218899,3.5466207821162983,142.325284202743,0.0117137906137511,226,65.51309523809523,0.0620281359936452,0.3508842213284557,-0.5416648908895547,0.1145138572518127,27.663404558753452,1.1387531064614398,0.0620281359936452,a69416f2ccb193a7,1,1.2699451446533203,x_time_sin_day|signed_sqrt(x_avg_trade_size_log),1|-0.5,4,-0.3596850130416423,1,0.053381550723598944,0.20505973594050464,True,False,False
BTC_LONG_299b9cde2f81800a_3d,200843,3d,5.0,99,3,-49.00207477364064,0.0561778455295303,32,23.90880098869956,1.032774542096731,2.183564978769594,-0.1670764757002717,6.181447973259178,327.21164237497396,0.0086209827901654,118,34.20595238095238,0.0168940980555618,0.2002831666563211,-0.3742494451428175,0.0451412774950538,22.038833854153857,1.430684558256173,0.0168940980555618,299b9cde2f81800a,1,1.583789348602295,tanh(m1_flow_mean_240)|tanh(m1_realized_vol_curve_5_15),1|-1,4,-0.17840729240300252,1,0.06738787861899931,0.2830731491366254,True,False,False
BTC_LONG_9c3cd8ce0b149366_3d,756704,3d,5.0,97,4,216.1210246239528,0.0697551029499354,19,14.195850587040365,0.8385885440035927,2.238077565863649,-0.0807460439531124,10.38550624833761,461.7693091265142,0.0248065713375391,125,36.23511904761904,0.102072775741238,0.4690201759834635,-0.3573917504853298,0.2856047337484024,44.08949841897616,2.5525148229369714,0.102072775741238,9c3cd8ce0b149366,1,1.705633521080017,x_return_sign_bias_288|m1_range_mean_240|tanh(x_time_cos_day),0.5|0.5|-1,5,-0.28348033903524594,3,0.08450814292201919,0.2893373196814596,True,False,False
BTC_LONG_b4a87840d7cf26ce_3d,875648,3d,5.0,99,4,204.0465419783316,0.0954522524190786,18,13.448700556143503,0.5920491680157927,1.966630608134736,-0.0658046857731455,8.997067018248778,372.6493378092574,0.0441361487716082,49,14.204166666666666,0.0949096734771273,0.5353851824222005,-0.3551532523062317,0.2672358280849733,83.89257838159294,1.0561739111796982,0.0949096734771273,b4a87840d7cf26ce,-1,1.4048458337783811,x_flow_mean_288|(x_flow_std_72*x_return_efficiency_288),-0.5|1,5,-0.17690452409498275,2,0.12409605318895217,0.434671010592678,True,False,False
BTC_LONG_13ea5183446add0e_3d,96251,3d,5.0,97,4,69.12937344179157,0.0187635747507184,64,47.81760197739912,0.8754085793252211,1.4689109848056887,-0.2734627670628019,3.20119842539361,164.03547573525807,-0.0093624746885282,230,66.67261904761905,0.3435959173627216,0.9029859469471602,-0.320821285359444,1.07098853175456,62.56791534145458,1.3943112220293212,0.3435959173627216,13ea5183446add0e,-1,1.476494073867798,tanh(x_flow_mean_72)|tanh(m1_jump_concentration_15),-1|-1,5,-0.21506703150603468,3,0.05525223692657191,0.17003864788687154,True,True,False
BTC_LONG_ca381cb3a0956ae2_3d,980024,3d,5.0,99,4,161.8054891286581,0.018380288356248,17,12.701550525246642,0.5481090894050515,2.278822697251106,-0.0320060457255921,17.125173603272742,364.05033218963206,0.0162416640430765,69,20.001785714285713,0.0800310284213183,0.4381474216533745,-0.353586352858187,0.2263408295438835,57.613060221828135,1.5747514978213508,0.0800310284213183,ca381cb3a0956ae2,-1,2.859109878540039,x_return_sign_bias_72|x_return_skew_288|tanh(m1_range_mean_5)|(x_flow_std_12*x_trade_surprise_12),-1|-0.5|-0.5|-1,6,-0.33385334273731704,3,0.11003143806041198,0.35731413773363757,True,False,False
BTC_LONG_c92d60203cfcb310_3d,974904,3d,5.0,99,4,153.8297279166211,0.0025630848229046,33,24.655951019596426,0.6657146541463561,2.308582535655669,-0.083172884530675,8.003986610574186,222.493148906606,0.0068415342158381,124,35.945238095238096,0.0184549276539498,0.2046337491700652,-0.4540186733399051,0.0406479485043854,20.989858762368467,1.4578727085671528,0.0184549276539498,c92d60203cfcb310,1,1.502301573753357,x_flow_return_corr_12|(x_flow_mean_72*x_return_efficiency_72),-0.5|1,4,-0.29555002552087023,3,0.053905770402268315,0.234369026801069,True,False,False
BTC_LONG_c385b056128256c9_3d,947653,3d,5.0,97,3,-198.09112126234223,0.022414398424566,61,45.57615188470854,0.6371846760179622,1.5557030754434171,-0.3339215135520812,1.908186954592794,127.08418929659048,0.0054828400615716,201,58.26607142857143,-0.0780905283766559,-0.0299935034580419,-0.4356304389992039,-0.1792586591425,3.0742204726496305,1.2784333257437765,-0.0780905283766559,c385b056128256c9,-1,2.772042989730835,x_flow_sign_bias_72|(x_flow_return_corr_72*x_return_efficiency_12)|(x_flow_return_corr_12*x_jump_concentration_72),-1|1|1,3,-0.21869668514606266,1,0.04968150112352274,0.19717106778189744,True,False,False
BTC_LONG_790892343612d4b6_3d,586211,3d,5.0,99,4,48.3609934725588,0.0045131333577439,40,29.886001235874453,1.498802245714994,2.4085997154349115,-0.2399120144663856,6.2472996571207275,337.7094641140438,0.0170963635260572,150,43.482142857142854,0.1146206337885065,0.4894675941963272,-0.567434482760685,0.2019980055333501,42.66497304988712,1.454933449074074,0.1146206337885065,790892343612d4b6,-1,2.768178939819336,x_flow_mean_3|tanh(x_flow_autocorr_12)|(x_flow_mean_72*x_return_sum_3),-1|-1|-1,5,-0.5977909813010527,3,0.06546712648432981,0.2528377473617987,True,False,False
BTC_LONG_9ea8430a2d66da1d_3d,768520,3d,5.0,99,4,217.25273754820157,-0.0025051792544937,32,23.90880098869956,0.8351484312363542,2.182136682957357,-0.1095866287482484,7.620897191343727,276.65125877812085,0.010046577420572,133,38.55416666666667,0.2056890024556472,0.7717405567762358,-0.4212068771829224,0.4883324883755882,65.31484430817648,1.6125512393904322,0.2056890024556472,9ea8430a2d66da1d,-1,1.293156623840332,tanh(m1_return_efficiency_240)|(x_flow_mean_72*x_return_efficiency_12),-0.5|-1,5,-0.40282472786811435,2,0.05691458780983441,0.23237170248722694,True,True,False
BTC_LONG_1ab3ec9281cba659_3d,129123,3d,5.0,95,3,-65.50549428040644,-0.0044840297416446,74,55.289102286367736,0.3473089802256326,0.8177398280687864,-0.5028246740633642,0.6907158660671969,86.6802103439784,0.0007949652109667,210,60.875,-0.1037527360541387,-0.0964588372811701,-0.5098767847539547,-0.203485899253494,-0.9960414327815464,1.1010307182182182,-0.1037527360541387,1ab3ec9281cba659,-1,3.0513195991516113,tanh(m1_trade_surprise_60)|signed_sqrt(x_flow_sign_bias_curve_72_288)|(x_flow_sign_bias_72*x_jump_concentration_288)|(x_flow_return_corr_72*x_jump_concentration_12),-1|-0.5|-1|1,2,-0.39864561803818005,1,0.03349309644784027,0.16127523330459487,False,False,False
BTC_LONG_b0aea27198432854_3d,856543,3d,5.0,99,3,-267.40839991958956,0.1420470019103081,23,17.18445071062781,0.4006158945564197,1.4072485937338757,-0.1359302049566456,2.9472176157182615,221.04201264234416,-0.0048491594584473,136,39.42380952380952,-0.0414536611650667,0.0092151442949015,-0.5199377178056814,-0.0797281284766484,5.703121734416133,2.294155931293612,-0.0414536611650667,b0aea27198432854,1,5.317271709442139,x_return_sign_entropy_288|m1_trade_intensity_15|m1_realized_vol_curve_15_60|(x_flow_sign_bias_72*x_trade_surprise_72),-1|-0.5|-1|-0.5,3,-0.25970504929994814,1,0.09227039320353086,0.25238342953598303,True,False,False
BTC_LONG_1256d8247651efdf_3d,88671,3d,5.0,99,3,-5.9903089383001,0.0410377383219289,20,14.943000617937226,0.4124010024880857,1.5793968641741944,-0.081565973707767,5.056042167358018,253.31505877737905,0.0088611191554645,89,25.79940476190476,-0.066876968103256,-0.096295448755658,-0.5191869706897294,-0.1288109522748834,-5.548418409369587,1.7265210262345678,-0.066876968103256,1256d8247651efdf,-1,1.1364283561706543,tanh(x_return_sign_entropy_288)|signed_sqrt(x_flow_std_3)|(x_flow_mean_72*x_jump_concentration_288),0.5|-0.5|-0.5,4,-0.4537739555388457,2,0.08420602637006322,0.32736663460984694,True,False,False
BTC_LONG_75f5bae4988b5892_3d,571219,3d,5.0,99,3,-71.4566722636023,0.0334750695757453,17,12.701550525246642,0.3047958652573004,1.2059610137010484,-0.1113909909152062,2.736270346040095,236.97221067412855,0.0101514544706175,102,29.567857142857143,0.3397418992376864,1.1638475056014126,-0.2615495913262685,1.2989578668998083,117.48828860666768,2.327893518518519,0.3047958652573004,75f5bae4988b5892,1,1.8473721742630005,tanh(x_impact_per_flow_3)|tanh(x_flow_sign_bias_288)|tanh(m1_realized_vol_5),-0.5|1|1,6,-0.08889811091045002,4,0.06149846635775707,0.27328328578999556,True,True,True
BTC_LONG_05d9f1a7582281d0_3d,28170,3d,5.0,99,4,210.7429878781075,0.0345880759373977,34,25.403101050493284,1.1431006429652637,3.136790113399705,-0.0974794104984621,11.72658551298172,317.45216283761727,0.0012276488939013,153,44.35178571428571,0.1152139326270682,0.4997121158127181,-0.3562016200144671,0.3234514560107527,41.148107517741046,1.7459201388888888,0.1152139326270682,05d9f1a7582281d0,-1,0.8142073154449463,(x_flow_mean_72*x_wick_asymmetry)|(x_flow_autocorr_72*x_trade_surprise_3),0.5|0.5,5,-0.10341146542553337,3,0.05322962675565386,0.22627666962734005,True,False,False
BTC_LONG_2554d325f76e8b1e_3d,180276,3d,5.0,97,3,-51.71803729042638,0.0207275741066214,70,52.30050216278029,1.7800733684348065,2.4983802753788007,-0.2863670308002961,6.216055540542224,219.2629951677592,-0.0406056802607399,189,54.7875,-0.0571542969253695,0.0318073696330184,-0.5848818243911088,-0.0977193931182081,7.170750276708251,1.0475520833333334,-0.0571542969253695,2554d325f76e8b1e,-1,0.865962028503418,tanh(x_return_sign_entropy_288)|signed_sqrt(m1_flow_return_corr_60),0.5|0.5,4,-0.2834432261854849,2,0.0469179637170295,0.19351536709388514,True,False,False
BTC_LONG_5402a5b166196a23_3d,406367,3d,5.0,99,4,59.86595917297658,0.0116877054069415,31,23.1616509578027,0.7843569951063101,1.989762102893172,-0.1210748375890742,6.478282446831796,275.3134907081026,0.0013420608102898,74,21.451190476190476,0.1205876139043862,0.5894889921608939,-0.2473235276355464,0.4875703296699009,71.95280094816268,0.9261511847869375,0.1205876139043862,5402a5b166196a23,1,3.255039930343628,x_return_skew_288|x_flow_mean_288|(x_flow_autocorr_3*m1_return_efficiency_5)|(x_flow_return_corr_72*x_jump_concentration_12),0.5|1|-1|-1,5,-0.10592051431604221,3,0.1067370539799851,0.33648666477962874,True,True,False
BTC_LONG_7100aae72b598e68_3d,547001,3d,5.0,95,3,-277.69210402013124,0.0553920509356959,48,35.863201483049345,0.1699351397631929,0.5718439774981288,-0.3566016690090484,0.4765405059247802,75.9905533383069,-0.0087317987222123,153,44.35178571428571,-0.252761319674546,-0.6902200693662984,-0.6340062112864833,-0.3986732545753134,-47.63195126613602,1.2366934317129628,-0.252761319674546,7100aae72b598e68,-1,1.7094634771347046,tanh(x_return_autocorr_72)|tanh(x_flow_std_288)|tanh(x_vwap_pressure_288),-1|0.5|-1,2,-0.489855923885428,1,0.09108288640869913,0.2809891691797516,False,False,False
BTC_LONG_5740defe528d6e16_3d,422240,3d,5.0,99,3,-362.8968281880128,0.0047114260950014,23,17.18445071062781,0.2176914944125016,0.7291114852748416,-0.2336471893266722,0.9317103066373196,153.2007952749301,0.0034373113334045,58,16.813095238095237,-0.0654731114731883,-0.215351395398661,-0.3134328013598061,-0.2088904262385362,-21.98149564865472,0.9783900295222757,-0.0654731114731883,5740defe528d6e16,-1,2.830466985702514,(x_flow_sign_bias_72*x_return_sum_288)|(x_flow_return_corr_72*x_return_efficiency_curve_72_288),-1|1,3,-0.23436930489239316,1,0.10794728166620221,0.3895347276359959,False,False,False
BTC_LONG_2c591a8e83647cb4_3d,214161,3d,5.0,99,4,27.522491887007337,-0.015352580863252,14,10.46010043255606,0.4156338898413676,1.2501653573967848,-0.1119521702782798,3.712602344449644,378.87262098656953,0.0145731074919618,65,18.842261904761905,0.0455110761996544,0.3101417674550847,-0.4166339393760334,0.1092351628093801,43.48812410980541,1.8013461750440916,0.0455110761996544,2c591a8e83647cb4,-1,2.8688976764678955,(x_flow_mean_72*x_return_sum_12)|(x_flow_std_3*x_volume_surprise_288)|(x_flow_sign_bias_72*x_jump_concentration_288),-1|-0.5|-1,5,-0.31808858027061726,3,0.08408720994610858,0.31769023202821506,True,False,False
BTC_LONG_9932f10738193a4b_3d,741963,3d,5.0,97,4,24.967776086103413,-0.0053843414729641,46,34.36890142125562,0.9484250866513866,1.7135585986169264,-0.2404169921329867,3.944917030351852,227.59396053310604,0.0144152701570968,140,40.583333333333336,0.2816940908462244,0.9764389540525406,-0.4154633968662037,0.6780238475182484,76.9676234758636,1.1808155528717124,0.2816940908462244,9932f10738193a4b,1,2.183845281600952,x_trade_surprise_3|x_flow_sign_bias_288|signed_sqrt(x_price_volume_corr_288),-1|1|0.5,5,-0.18905985228985134,3,0.047595507187187,0.19340229187363073,True,True,False
BTC_LONG_a2a3ae325bca3b40_3d,787943,3d,5.0,97,4,67.36936354128478,0.079971280939234,72,53.79480222457401,1.7233782443853318,2.3200861095653247,-0.2866865972601309,6.011366631212235,212.3781932237062,-0.0186896630887781,235,68.12202380952381,0.1000142522625902,0.438179633851464,-0.5354516127550005,0.186784855774358,30.851696257171607,1.2663309649348422,0.1000142522625902,a2a3ae325bca3b40,1,1.8266923427581787,x_return_sign_entropy_3|tanh(m1_flow_mean_5)|signed_sqrt(x_avg_trade_size_log),-1|0.5|-1,5,-0.5232394992058123,2,0.046145672010963805,0.18583657411946977,True,False,False
BTC_LONG_2691bb20df1f0e22_3d,186343,3d,5.0,97,4,86.90838191276042,0.0592727535459063,53,39.59895163753365,1.05308213569374,1.789622407842933,-0.2562674407575263,4.109309136505326,212.52645345229664,0.0298106102048023,216,62.614285714285714,0.0734667253873739,0.3734215881143363,-0.3931801780276167,0.186852566566094,28.328246491952175,1.5812106918238993,0.0734667253873739,2691bb20df1f0e22,1,0.903420627117157,signed_sqrt(x_flow_mean_288)|(x_flow_sign_bias_72*m1_return_efficiency_15),0.5|-0.5,3,-0.1941044504612977,3,0.046484464211432486,0.18125456843815888,True,False,False
BTC_LONG_152ded1a53d207aa_3d,102466,3d,5.0,99,4,215.95503240996,0.1458732502351778,16,11.95440049434978,0.6857209862326865,1.9448934291485855,-0.0834481783711557,8.217327203750077,473.9770918791491,-0.0048454399644847,53,15.363690476190476,-0.1051834278086207,-0.3245231004907338,-0.3907639468840973,-0.2691738289761382,-47.477771384109424,1.2851912133487655,-0.1051834278086207,152ded1a53d207aa,1,2.5171544551849365,signed_sqrt(x_vwap_pressure_288)|(x_flow_std_72*x_return_sum_288)|(x_flow_autocorr_72*x_volume_surprise_curve_3_12),1|1|1,2,-0.15503907353936447,1,0.14760448503487497,0.5311077289052809,True,False,False
BTC_LONG_249e47dd2cdfa2b8_3d,176854,3d,5.0,99,4,186.23366110236927,0.0050118627600704,32,23.90880098869956,1.2385414272027493,2.922331529613972,-0.0491770203274489,25.185369486720138,358.77333125636983,-0.0193483170509534,112,32.46666666666667,0.0006569410167223,0.1390279931444454,-0.433977244988084,0.0015137683468642,16.604497750731767,1.3579378858024693,0.0006569410167223,249e47dd2cdfa2b8,1,1.7560110092163086,(x_flow_mean_72*m1_return_sum_5)|(x_flow_mean_72*m1_return_efficiency_15)|(x_flow_std_3*x_jump_concentration_72)|(x_flow_autocorr_72*x_jump_concentration_72),0.5|1|0.5|0.5,4,-0.2350084490793226,1,0.058028995418718164,0.2454147431174369,True,False,False
BTC_LONG_334b9f2c4b4604e5_3d,247619,3d,5.0,95,3,-152.71019367853845,-0.0155359980158878,55,41.093251699327375,0.3311107483253388,0.9394757072551874,-0.3280734801548677,1.0092578899368438,92.92101503843466,0.0104907955160744,226,65.51309523809523,-0.2389143963235412,-0.5080089317734019,-0.6608523564552019,-0.3615246189104523,-25.116329370254743,1.5942543490460155,-0.2389143963235412,334b9f2c4b4604e5,-1,1.6898895502090454,x_flow_return_corr_72|tanh(m1_flow_std_60)|signed_sqrt(x_flow_mean_288)|(x_flow_mean_12*x_trade_surprise_3),0.5|1|-0.5|0.5,3,-0.4025373639208419,0,0.04771180460019305,0.20498942912663687,False,False,False
BTC_LONG_50afcaad88f94fdc_3d,390122,3d,5.0,99,3,44.75127387381395,0.0148635776421022,27,20.173050834215257,0.1926733018567812,0.8153533128236604,-0.2115026527657503,0.9109734527546398,108.55836775961218,0.0052395964755193,145,42.032738095238095,-0.1723231751194023,-0.5085611570125099,-0.5876592147469439,-0.2932365745232254,-29.98389921999117,2.0836083962048466,-0.1723231751194023,50afcaad88f94fdc,1,1.4662487506866455,m1_downside_share_5|tanh(m1_trade_size_surprise_15)|(x_flow_mean_72*x_wick_asymmetry),-0.5|-0.5|-1,2,-0.2439612420959022,1,0.06391084214534952,0.3017056786515275,False,False,False
BTC_LONG_34ff7cb9c27d3ef8_3d,255981,3d,5.0,95,3,-5.93375301317847,0.0051024672164146,74,55.289102286367736,0.628795259696346,1.2194054724948036,-0.4173508636241038,1.5066346196965923,115.0526638247029,0.0048182681393015,280,81.16666666666667,-0.0427081350166714,0.1282357742209201,-0.689570997946947,-0.0619343550465811,12.122037836607143,1.468040957624291,-0.0427081350166714,34ff7cb9c27d3ef8,1,0.9099664092063904,(x_flow_mean_72*m1_return_efficiency_15)|(x_flow_mean_72*x_volume_surprise_3),0.5|-1,4,-0.9054158289185819,2,0.04681444231665827,0.1705451747129144,False,False,False
BTC_LONG_27aaff3027f9742f_3d,191587,3d,5.0,97,4,103.87485763646808,0.0756646122146931,51,38.10465157573993,1.590575152056711,2.714451302676813,-0.0823290942185261,19.319721262022465,272.57979190666487,-0.0156263154080553,206,59.71547619047619,0.1644315604205368,0.5918041719095246,-0.5439023308573724,0.3023181756940398,42.51182927433012,1.5671440026627934,0.1644315604205368,27aaff3027f9742f,-1,2.1921143531799316,tanh(m1_flow_surprise_15)|tanh(m1_trade_intensity_240)|signed_sqrt(x_avg_trade_size_log),-1|-1|1,5,-0.49753437228799813,2,0.05029941221836443,0.17042948691295692,True,False,False
BTC_LONG_7e8a41a51ae079da_3d,612605,3d,5.0,97,3,-128.8999204404355,0.0001872674419526,51,38.10465157573993,0.7705131600629627,1.8011522935668376,-0.2424995273029054,3.1773800494898157,170.53333904661804,0.0047888867085114,162,46.96071428571428,0.2840633521069109,0.8476306864765472,-0.2955894846904023,0.961006283442174,73.71110183619422,1.2324142156862743,0.2840633521069109,7e8a41a51ae079da,-1,2.0768308639526367,x_return_efficiency_72|(x_flow_std_3*x_return_efficiency_288)|(x_flow_std_72*x_return_efficiency_curve_12_72)|(x_flow_return_corr_72*x_return_efficiency_72),-0.5|-0.5|-0.5|1,7,0.020909882775898836,3,0.04642854148113817,0.18110432273852622,True,True,True
BTC_LONG_7a3785599f7a17b9_3d,591984,3d,5.0,95,4,41.457195708243134,0.0808293537931315,86,64.25490265713007,2.181148934863601,2.2738360193106977,-0.3656272119213893,5.96549945886564,210.83161149631485,0.0168491703593432,257,74.49940476190476,0.3897160632719267,0.9723982098275716,-0.5300138517735128,0.7352941097065167,61.45187128633978,1.1594353377117426,0.3897160632719267,7a3785599f7a17b9,1,2.552527666091919,x_time_sin_day|signed_sqrt(x_flow_mean_72)|signed_sqrt(x_flow_return_corr_288)|(x_flow_autocorr_72*x_volume_surprise_12),1|1|1|-1,6,-0.10309095523134193,3,0.04344992425966408,0.16008118500206892,False,False,False
BTC_LONG_92167c4633676675_3d,707286,3d,5.0,97,3,-61.40107710487591,0.0238381408250063,69,51.55335213188343,0.1333297314915948,0.4954418109217668,-0.3513727466700609,0.3794538214905766,53.30145045181961,-0.0036019006376141,225,65.22321428571428,-0.1662279457566063,-0.2559286186570074,-0.7041852017502132,-0.2360571414216829,-10.558979320438883,1.2651595209339774,-0.1662279457566063,92167c4633676675,-1,3.2696752548217773,(x_flow_std_3*x_return_efficiency_12)|(x_flow_return_corr_12*x_return_sum_288)|(x_flow_return_corr_12*x_jump_concentration_12)|(x_flow_sign_bias_72*x_jump_concentration_288),-1|0.5|1|-1,4,-0.577197868850525,1,0.03613307246858444,0.15234084315346275,False,False,False
BTC_LONG_81ba71a9739d6458_3d,627897,3d,5.0,97,3,-174.7540020593625,-0.0296975736620182,52,38.85180160663679,0.2082918967195883,0.6623922409097283,-0.5426712587868272,0.3838270285130575,75.89524980073355,0.0102690365321502,206,59.71547619047619,0.0653556882124553,0.3544927401168867,-0.5416301297110819,0.1206647943446527,27.732251081119912,1.5370066179962012,0.0653556882124553,81ba71a9739d6458,1,1.851007103919983,tanh(x_vwap_pressure_72)|(x_flow_mean_72*x_wick_asymmetry)|(x_flow_std_72*x_wick_asymmetry),-1|-1|0.5,4,-0.12614435640668836,2,0.042156893125144826,0.19883380437507797,False,False,False
BTC_LONG_2c0461b635a42940_3d,212546,3d,5.0,99,4,104.83634292142072,0.0372862052987136,32,23.90880098869956,1.1586170845467936,2.0952513662682506,-0.1446954339977624,8.007281588199325,357.6410075729798,0.0060822053325363,133,38.55416666666667,-0.0668655337950688,-0.0665796419805688,-0.5201804891598729,-0.1285429484351888,-0.3624530651823718,1.6125512393904322,-0.0668655337950688,2c0461b635a42940,-1,1.3091293573379517,signed_sqrt(m1_range_mean_15)|(x_flow_autocorr_72*x_volume_surprise_3),-0.5|1,4,-0.37996615533917844,1,0.05451766790411647,0.2461239853768495,True,False,False
BTC_LONG_13594f82187029b2_3d,93582,3d,5.0,95,4,21.503332993375984,0.0880125336190172,42,31.380301297668176,1.2518757995284018,2.1627661965622007,-0.1056123014354116,11.85350364033114,288.8142778898965,0.0123415722044278,248,71.89047619047619,-0.0829522985471959,0.0021249831974708,-0.6028395258230255,-0.1376026205878679,5.122846485077125,2.2909428277483834,-0.0829522985471959,13594f82187029b2,1,1.9152458906173704,x_flow_mean_72|signed_sqrt(x_range_position_curve_12_72)|(x_flow_std_72*x_return_sum_288)|(x_flow_std_12*x_volume_surprise_12),1|-0.5|0.5|-0.5,5,-0.2573852246260777,3,0.02879912589384179,0.1393995212398227,True,False,False
BTC_LONG_c1626e74d2f236cc_3d,937280,3d,5.0,97,3,-48.95521031968729,0.0198919342295671,69,51.55335213188343,1.2085461433793632,1.9176766997739785,-0.2752937104600141,4.390024535467554,179.53612688978384,0.0114932109349371,222,64.35357142857143,0.2395468653967782,0.7164790677142483,-0.5689391194043583,0.421041298140244,52.39535116917485,1.2482907273215245,0.2395468653967782,c1626e74d2f236cc,-1,1.8159184455871584,x_range_surprise_12|(x_flow_sign_bias_12*x_trade_surprise_3)|(x_flow_return_corr_12*x_jump_concentration_72)|(x_flow_mean_72*x_volume_surprise_3),1|0.5|0.5|1,6,-0.49005121269596813,3,0.035712660978251834,0.16236512347148996,True,False,False
BTC_LONG_a6579e2cc5cb07fa_3d,806089,3d,5.0,99,3,-657.2031322485775,0.0422406502791686,24,17.931600741524672,0.2966613559179683,0.8497268320954782,-0.2494617759755385,1.1892056598966008,190.3738740804536,0.0011262535074516,116,33.62619047619047,-0.3455324979711703,-1.5468093848374198,-0.7848417337463436,-0.4402575488969149,-111.20222014069677,1.8752475565843618,-0.3455324979711703,a6579e2cc5cb07fa,-1,3.3194382190704346,x_return_sum_288|(x_flow_mean_72*m1_vwap_gap_mean_5)|(x_flow_mean_3*x_volume_surprise_curve_12_72)|(x_flow_sign_bias_12*x_trade_surprise_72),1|-0.5|1|-1,1,-0.33192236786703855,0,0.07222804579669433,0.2965305838953005,False,False,False
BTC_LONG_7e72197d3c060626_3d,612155,3d,5.0,95,3,-238.80890634248087,0.0913548387772041,48,35.863201483049345,1.1513123859904764,1.7872774738541295,-0.2534445311381099,4.542660205846343,251.3447635978894,0.0136792981617864,170,49.279761904761905,0.1567397512128205,0.5987138942249024,-0.5200322914227341,0.3014038816397401,46.03030559614615,1.3741038130144032,0.1567397512128205,7e72197d3c060626,1,2.005871057510376,x_flow_sign_bias_72|tanh(x_flow_return_corr_288)|(x_flow_std_12*x_return_sum_288)|(x_flow_return_corr_12*x_volume_surprise_curve_3_12),0.5|1|1|0.5,5,-0.5048046227698456,3,0.04613730565365269,0.20634478710548954,True,False,False
BTC_LONG_3dd5f4ce2d7961dc_3d,298919,3d,5.0,99,3,-86.10250120847779,0.0273046755240918,23,17.18445071062781,0.1810058451498073,0.8567251842540944,-0.2555809835088434,0.7082132741833835,115.99166295183144,0.0359834611922319,140,40.583333333333336,-0.0717626390047551,-0.14406441649847,-0.3890452929008245,-0.1844583145311279,-4.527147009546016,2.3616311057434247,-0.0717626390047551,3dd5f4ce2d7961dc,1,2.296550750732422,x_flow_mean_12|tanh(m1_flow_return_corr_240)|signed_sqrt(x_volume_surprise_12)|(x_flow_sign_bias_72*x_return_sum_288),1|0.5|-1|0.5,3,-0.18492755468428385,1,0.0782930115021224,0.2835267552940072,False,False,False
BTC_LONG_19f7700f001af3a4_3d,125572,3d,5.0,95,4,72.79347526974293,0.1004861569946883,108,80.69220333686103,1.2330876230142418,1.547162979385044,-0.3721598006720411,3.313328362675251,129.87920952912927,-0.0090162572888549,286,82.90595238095239,-0.1575791429291299,-0.1656692602791334,-0.6899057091858849,-0.2284067820152978,-3.8689615527580257,1.0274344850251487,-0.1575791429291299,19f7700f001af3a4,-1,1.6033053398132324,tanh(x_avg_trade_size_log)|tanh(x_return_efficiency_12)|tanh(m1_range_mean_60)|signed_sqrt(m1_quote_flow_return_corr_5),1|-0.5|-0.5|0.5,3,-0.49648949046226276,1,0.0417045411844974,0.160305128639585,False,False,False
BTC_LONG_7a9714924ee03981_3d,593674,3d,5.0,95,4,1.681906766640723,0.0234996483842762,83,62.01345256443949,1.866577741290278,2.4448320916760573,-0.2122646171287758,8.793635823712766,192.5671778448092,0.0085709232326736,300,86.96428571428571,0.2012194713733024,0.6221383829879784,-0.4519500241437268,0.4452250483989611,37.85856753177914,1.4023454930834447,0.2012194713733024,7a9714924ee03981,-1,2.095177173614502,x_flow_mean_72|tanh(x_volume_surprise_72)|signed_sqrt(m1_flow_surprise_240),-1|-0.5|-1,5,-0.41117969234447566,3,0.04636273534830807,0.16129140712713247,True,False,False
BTC_LONG_273a0a1b65dac17d_3d,189447,3d,5.0,95,3,-47.449212806536565,0.016925063492497,83,62.01345256443949,1.044432745688797,1.627994905783576,-0.4669308953850192,2.2368036812547705,141.74613605774297,-0.0066622470066275,307,88.99345238095238,-0.3874201692291333,-0.7708910735740647,-0.815738367267281,-0.4749318957829442,-36.59886642209392,1.4350668879220585,-0.3874201692291333,273a0a1b65dac17d,-1,2.0487334728240967,x_downside_share_72|m1_flow_mean_60|(x_flow_mean_3*x_volume_surprise_12)|(x_flow_mean_72*x_volume_surprise_12),-0.5|-1|-0.5|-1,3,-1.0354728061629892,0,0.03238512532110346,0.1305220730612994,False,False,False
BTC_LONG_8833280f40ae4727_3d,659186,3d,5.0,95,3,-195.53021500807785,0.0327284381253314,54,40.346101668430514,0.5812854211935765,1.07932622438159,-0.2858047637942748,2.0338549066732554,157.35183691333583,0.0241450734687335,191,55.367261904761904,-0.2259707131794508,-0.4770971251755334,-0.8162552233236757,-0.2768383058663074,-27.948552963447497,1.3723075988797437,-0.2259707131794508,8833280f40ae4727,1,2.8074984550476074,signed_sqrt(x_trade_surprise_288)|signed_sqrt(m1_realized_vol_240)|(x_flow_autocorr_72*x_return_sum_72),-0.5|1|-1,2,-0.45080316165151,2,0.06256022265735689,0.18991805080892174,True,False,False
BTC_LONG_63f9d270f73d012f_3d,483919,3d,5.0,99,3,155.74576643126662,0.0490712046732936,27,20.173050834215257,1.024422188912685,2.9310414335341215,-0.0427662968210655,23.953960596562123,369.5144453379909,0.0015382391934158,143,41.45297619047619,-0.1229689589086756,-0.2409860233420096,-0.5825844217623899,-0.2110749177547167,-13.823703109340224,2.0548689700502973,-0.1229689589086756,63f9d270f73d012f,1,2.1421239376068115,m1_flow_mean_240|tanh(x_flow_autocorr_72)|signed_sqrt(m1_base_quote_flow_gap)|(x_flow_sign_bias_3*x_volume_surprise_3),1|0.5|-0.5|-0.5,4,-0.3844433307635178,1,0.07185826157213102,0.24254339169407732,True,False,False
BTC_LONG_a5adbcb4dbca23f6_3d,802828,3d,5.0,99,3,-40.21615306865263,0.0384917890650298,41,30.63315126677131,0.399376769204691,1.0451172680705156,-0.2566343736166497,1.5562091842040775,140.0508791885644,-0.0350873036309998,145,42.032738095238095,-0.2094144431489658,-0.4733841820217351,-0.5804280779752395,-0.360793095812121,-35.39039222440359,1.3721323584763627,-0.2094144431489658,a5adbcb4dbca23f6,-1,1.486103892326355,x_trade_surprise_72|tanh(x_avg_trade_size_log)|tanh(m1_trade_size_surprise_curve_5_15)|(x_flow_mean_72*x_volume_surprise_12),-0.5|0.5|0.5|-1,3,-0.4328468663886671,1,0.11733660031196465,0.31582295706310426,True,False,False
BTC_LONG_602ab8f4e1838d89_3d,465424,3d,5.0,95,3,-27.076832542303027,0.1202047380196813,64,47.81760197739912,1.4880027179556534,2.3369438745893887,-0.2576433150282107,5.775436936109615,214.1604992880651,-0.0282383807773037,229,66.3827380952381,-0.0766055221886321,0.0110343815592668,-0.5763101471750709,-0.1329241252546625,5.684064860117284,1.3882489993248457,-0.0766055221886321,602ab8f4e1838d89,1,1.6645268201828003,tanh(m1_trade_intensity_15)|signed_sqrt(x_avg_trade_size_log)|signed_sqrt(m1_trade_size_surprise_curve_5_15),0.5|-1|-0.5,5,-0.4711914434233997,2,0.05703112479557571,0.19668219023113503,True,False,False
BTC_LONG_27cc831049cac765_3d,192182,3d,5.0,97,3,-8.803289392909898,0.0600645946387997,52,38.85180160663679,0.7462384866384408,1.488161443067827,-0.1926867852135043,3.8728057339873097,171.84923036100156,0.0059704542581157,189,54.7875,0.0446935663966792,0.3019631489199637,-0.403413606605399,0.1107884455677183,24.32843142167448,1.4101662660256409,0.0446935663966792,27cc831049cac765,-1,2.9034247398376465,x_flow_sign_bias_12|(x_flow_autocorr_72*x_return_sum_288)|(x_flow_sign_bias_72*x_volume_surprise_288),-1|1|-1,3,-0.16405827090334235,2,0.03837820997984982,0.16330364413032436,True,False,False
BTC_LONG_ac6867f81c702dfd_3d,835705,3d,5.0,99,4,238.7000807009237,0.0335203152951137,20,14.943000617937226,1.257262648727691,2.4161276978992916,-0.0299935236102433,41.917804158838926,588.9905958272035,0.0033119035449967,82,23.770238095238096,0.095341631321399,0.5028675129964599,-0.3207637037654086,0.2972332287044777,54.79947807775507,1.590727237654321,0.095341631321399,ac6867f81c702dfd,1,1.9046589136123655,x_return_sum_72|tanh(x_flow_mean_curve_72_288)|tanh(m1_return_efficiency_240)|(x_flow_mean_72*x_jump_concentration_3),-0.5|1|1|0.5,5,-0.17058321548245042,3,0.1009846230828734,0.2947709722136772,True,False,False
BTC_LONG_3dc89d8a46754556_3d,298654,3d,5.0,99,4,135.70508759598707,0.1009700905071896,39,29.13885120497759,1.7470650331612534,2.5055637846142274,-0.1129383105943204,15.469197511168645,382.02990454151256,0.0024146530215429,115,33.336309523809526,0.0346678129429649,0.261401326798129,-0.3168379197427278,0.1094181307941776,27.733912986018023,1.1440502334599558,0.0346678129429649,3dc89d8a46754556,-1,2.210293769836426,x_avg_trade_size_log|x_range_position_3|m1_flow_std_60|tanh(x_return_efficiency_288),1|1|0.5|-1,3,-0.1831400440713779,1,0.0694021485565149,0.2796418811882829,True,False,False
BTC_LONG_9a9b4f29ef828dbc_3d,748904,3d,5.0,97,4,7.604952979069332,0.0557504199501409,56,41.84040173022424,0.7044080715565637,1.3675107056792537,-0.3393832985769631,2.075553141566342,158.03421607653644,0.0187832608929078,247,71.60059523809524,-0.0586180584326796,0.0336561820057243,-0.5050925915621145,-0.1160540847597662,6.79771196022924,1.711278866291887,-0.0586180584326796,9a9b4f29ef828dbc,1,3.463621139526367,m1_flow_mean_60|tanh(x_return_sign_entropy_12)|signed_sqrt(m1_flow_mean_240)|signed_sqrt(m1_volume_concentration_240),1|-1|1|-1,2,-0.2289123634813895,1,0.038139115244244945,0.15735389432855118,True,False,False
BTC_LONG_69792d932b6ba695_3d,510467,3d,5.0,97,4,65.7228861630383,0.0080170154024885,56,41.84040173022424,0.563762925901214,1.2599284059887852,-0.2975935136645343,1.894405959858124,133.93198094687034,-0.0099659641513239,180,52.17857142857143,-0.1451051018712612,-0.2806656865950855,-0.5367787344720927,-0.2703257274414348,-13.481160329319872,1.2470858134920635,-0.1451051018712612,69792d932b6ba695,-1,1.2312484979629517,tanh(x_flow_return_corr_72)|signed_sqrt(x_volume_surprise_3),1|0.5,2,-0.3941228013676893,1,0.05988290789730608,0.1862303868282957,True,False,False
BTC_LONG_25b726f17bdbc7e5_3d,182174,3d,5.0,95,3,-91.9006907271238,0.0150854573433686,73,54.541952255470875,1.0571372183291787,1.728996011140598,-0.3037546987471601,3.4802333023632355,158.80155641716027,0.0022013681605237,263,76.23869047619047,0.2545902076675546,0.7293244214855693,-0.4285132898278531,0.5941244150673396,47.9707893983773,1.39779907618806,0.2545902076675546,25b726f17bdbc7e5,1,1.9590122699737549,(x_flow_mean_72*x_wick_asymmetry)|(x_flow_mean_72*x_return_sum_72)|(x_flow_return_corr_12*x_jump_concentration_3)|(x_flow_std_72*x_trade_surprise_3),-1|0.5|-0.5|0.5,6,-0.36444153318786243,3,0.03881452739397755,0.14408946531398406,True,True,False
BTC_LONG_7b20145f30142563_3d,596196,3d,5.0,95,3,-62.70182921988165,-0.0258985436610967,50,37.35750154484307,0.360883803128899,0.9854842363410736,-0.2576867205943712,1.400474973240751,106.9254500624864,-0.0159554030627843,149,43.19226190476191,0.0098623007495028,0.1955005900199307,-0.4662749619533247,0.0211512552769027,20.54470418085091,1.1561871141975308,0.0098623007495028,7b20145f30142563,-1,4.899037837982178,x_return_skew_288|tanh(m1_range_mean_15)|(x_base_quote_flow_gap*x_wick_asymmetry)|(x_flow_std_72*x_return_efficiency_curve_12_72),-1|-1|-0.5|1,4,-0.15129307528131597,1,0.08665790843565074,0.26432811439237397,False,False,False
BTC_LONG_77435018950d1062_3d,577681,3d,5.0,95,3,-123.17068567003142,0.018087408156516,75,56.0362523172646,0.3707348411359212,0.8734660329865,-0.3586089428720888,1.0338137085113286,83.4137882644776,0.0141746409792378,281,81.45654761904761,0.0619125741683095,0.356655697833692,-0.5590938961183827,0.1107373459058479,24.32165447459709,1.4536401748971193,0.0619125741683095,77435018950d1062,-1,1.0221881866455078,x_flow_mean_72|signed_sqrt(x_flow_autocorr_12),-0.5|-0.5,3,-0.3697605201381493,1,0.044836892206177946,0.15390768296742804,False,False,False
BTC_LONG_25669db8c42c5400_3d,180588,3d,5.0,97,3,-193.43582914826797,0.0502803018948313,35,26.150251081390145,0.5123316419915731,1.661302909085405,-0.1261036518759813,4.062781960473545,176.7041223095306,0.0056562930595113,182,52.75833333333333,0.0069241101483428,0.1790761473695966,-0.4629115784906512,0.0149577380866541,15.636796821695306,2.0175077160493826,0.0069241101483428,25669db8c42c5400,-1,2.0034875869750977,m1_flow_mean_240|signed_sqrt(x_jump_concentration_288)|(x_flow_std_72*x_close_location),-1|0.5|-1,5,-0.3293034990902152,2,0.048110253897231475,0.20943269529009742,True,False,False
BTC_LONG_09b199c348e92915_3d,46978,3d,5.0,95,3,-64.02974663189025,0.024121409582301,56,41.84040173022424,0.6019411889908766,1.3842064817226245,-0.2493123032897394,2.414406272968117,135.9066575142135,0.005735911766273,217,62.90416666666667,-0.0612212404651802,0.0367703918400303,-0.5400211420182219,-0.1133682289481816,7.31289627023645,1.5034312307098765,-0.0612212404651802,09b199c348e92915,-1,1.755000114440918,x_flow_mean_288|tanh(x_price_volume_corr_72)|signed_sqrt(m1_flow_mean_240),-0.5|-1|-0.5,3,-0.4919299448561879,2,0.04741758678014403,0.1860881604873904,True,False,False
BTC_LONG_7136b9a58516d21f_3d,548026,3d,5.0,99,3,-419.0970768706886,0.0405048230456277,29,21.66735089600898,0.3868306495838183,1.5225241936856602,-0.1129216694945193,3.4256547154803907,167.85397868721972,-0.0018292329484171,134,38.84404761904762,-0.2102629050292088,-0.7508158631134495,-0.6423170234791971,-0.3273506653930662,-46.41634045107592,1.792745583226905,-0.2102629050292088,7136b9a58516d21f,-1,2.07088303565979,tanh(x_return_vol_288)|signed_sqrt(m1_flow_return_corr_240)|(x_flow_mean_72*x_trade_surprise_72)|(x_flow_autocorr_72*x_volume_surprise_3),-1|0.5|-1|1,3,-0.36512845248630166,1,0.08046518641419892,0.2663060694011157,True,False,False
BTC_LONG_520a6926a9c0b599_3d,396692,3d,5.0,95,3,-175.168850472766,0.055386780285429,70,52.30050216278029,0.582329319889378,1.1932906599990458,-0.3874604613942849,1.5029386941672789,114.76715340741552,-0.0150760282645802,211,61.164880952380955,-0.1770505060836207,-0.280450869776021,-0.6441747043345405,-0.2748485851621903,-13.430114019541143,1.1694893628747796,-0.1770505060836207,520a6926a9c0b599,1,1.2657248973846436,tanh(x_flow_return_corr_curve_72_288)|signed_sqrt(x_flow_mean_72),-1|0.5,3,-0.2913126227127534,1,0.04450808301263691,0.19370964735698534,False,False,False
BTC_LONG_b15427d66441d08a_3d,859704,3d,5.0,95,4,2.355334743410228,0.0607049330359913,63,47.07045194650226,0.5229154423732703,1.1297579856285382,-0.2738808836542203,1.9092805434112028,116.96516470847264,0.0117253231382993,265,76.81845238095238,0.2968053210161474,0.8689162175456057,-0.3550558971499589,0.8359397024485721,48.2659670436714,1.6319888423476387,0.2968053210161474,b15427d66441d08a,-1,0.5919816493988037,tanh(x_flow_mean_72)|(x_flow_sign_bias_72*x_trade_surprise_3),-0.5|-0.5,5,-0.16443094040452544,3,0.03194689193368252,0.13869180945956563,True,True,False
BTC_LONG_0947bb4cbd3cd5f1_3d,44866,3d,5.0,97,3,-84.70106643252934,0.0236135825198272,57,42.5875517611211,0.0520055689891387,0.3247712452556411,-0.3769424849269653,0.1379668545433798,34.75639370028469,0.0170952092734678,232,67.25238095238095,-0.0462188681596709,0.0859139747636866,-0.5244320991725386,-0.0881312723469752,10.213901835562432,1.5791558371236731,-0.0462188681596709,0947bb4cbd3cd5f1,1,1.2528340816497805,tanh(x_flow_std_288)|signed_sqrt(x_flow_mean_288)|(x_flow_mean_12*x_volume_surprise_288)|(x_flow_sign_bias_12*x_trade_surprise_288),-0.5|0.5|-1|0.5,5,-0.20834626101053516,2,0.05467667186326419,0.2016702446556205,False,False,False
BTC_LONG_3f2e0a120eca86b6_3d,305487,3d,5.0,97,4,114.12915838740528,0.0291211877542562,49,36.610351513946206,0.9939873919640958,1.8917926192101504,-0.2573427255658324,3.862504330668628,215.18776069685345,-0.00640121712024,184,53.338095238095235,-0.0708331192761904,-0.0088755535679686,-0.7083707994951149,-0.0999944087569336,4.3825501757295005,1.456912950365331,-0.0708331192761904,3f2e0a120eca86b6,1,1.143249750137329,x_flow_sign_bias_72|tanh(x_time_cos_day),0.5|-1,3,-0.31863073995123353,1,0.06350941971479379,0.19922175876629536,True,False,False
BTC_LONG_7959fffc20283c3d_3d,587821,3d,5.0,97,3,-13.304132884938332,-0.0309602548585962,34,25.403101050493284,0.6351557781910206,1.345432842126802,-0.1673930918693466,3.7943965972429226,232.5525230938272,-0.0100434648654961,76,22.03095238095238,0.1374208403435384,0.6126288619925193,-0.3394645076867507,0.4048165190522565,79.37842502184657,0.8672544480755265,0.1374208403435384,7959fffc20283c3d,-1,5.29988431930542,x_return_skew_288|(x_base_quote_flow_gap*x_return_sum_72)|(x_flow_sign_bias_72*m1_return_efficiency_5),-1|-0.5|0.5,5,-0.13553773635158933,3,0.09189484195602576,0.334146565760597,True,True,False
BTC_LONG_36b9d49be942392f_3d,264328,3d,5.0,99,3,-48.43930697597665,0.0266747863754805,38,28.39170117408073,0.8668828575722105,1.609405178767662,-0.2057531958374799,4.213216976016949,258.0590127881857,0.0045841755557644,156,45.22142857142857,-0.186338363518254,-0.4715879791974072,-0.7059227212464421,-0.2639642526156941,-28.824891587639573,1.5927692495126704,-0.186338363518254,36b9d49be942392f,1,2.047651767730713,(x_flow_mean_72*x_return_sum_3)|(x_flow_std_12*x_trade_surprise_72),1|1,3,-0.5907387797392005,2,0.06395262597990406,0.24490629594148017,True,False,False
BTC_LONG_7a9b78f367d3267e_3d,593756,3d,5.0,97,3,-210.70432512701797,0.0109245797554389,36,26.897401112287007,0.2156111941772478,0.6871814463248332,-0.3753624472755057,0.5744080041629608,104.188701816371,-0.0027619997512105,145,42.032738095238095,0.1690982659651236,0.6135023841554919,-0.3116949181813613,0.5425121043094228,57.23085199883777,1.5627062971536352,0.1690982659651236,7a9b78f367d3267e,1,3.3307785987854004,signed_sqrt(x_return_efficiency_curve_3_12)|(x_flow_autocorr_72*x_return_sum_288)|(x_flow_mean_12*x_jump_concentration_288),1|-1|1,4,-0.19152307164532717,3,0.06587685754923155,0.2158779456869729,False,False,False
BTC_LONG_ccad9117f0d9c762_3d,992033,3d,5.0,95,4,88.15727387008157,0.0074192252485398,74,55.289102286367736,0.7262989060423233,1.2070285774220766,-0.3365557529070038,2.158034440858339,133.87032385654095,0.0296507002311047,254,73.6297619047619,0.0570162682627173,0.3512564356312312,-0.6188348201791777,0.0921348741271682,26.69543736663262,1.3317228687020355,0.0570162682627173,ccad9117f0d9c762,1,2.789346218109131,signed_sqrt(x_return_skew_72)|signed_sqrt(m1_flow_return_corr_15)|(x_flow_mean_72*x_return_sum_3)|(x_flow_sign_bias_72*x_jump_concentration_288),-0.5|1|1|1,4,-0.43763596164759083,2,0.034530240263125615,0.146529153206081,True,False,False
BTC_LONG_7833ce95dee6dc63_3d,582129,3d,5.0,99,2,-51.55635797470739,-0.0138009435767463,29,21.66735089600898,0.1658621903076935,0.6284799266951645,-0.2676105907787447,0.619789335784641,100.53238579192148,0.0144056359920583,147,42.6125,-0.1016218070230484,-0.2052577046923003,-0.5462103557218028,-0.1860488472225281,-9.5155128566772,1.9666686621966791,-0.1016218070230484,7833ce95dee6dc63,1,1.1268876791000366,m1_flow_std_5|(x_flow_mean_72*x_close_location),-0.5|-1,3,-0.3057203269576232,2,0.05800358025749576,0.2611086199783427,False,False,False
BTC_LONG_1a28b83cfc06f06b_3d,126453,3d,5.0,95,3,-9.927038213133835,0.0433125538122553,75,56.0362523172646,0.2828552486634681,0.7758439619735762,-0.2890185837247611,0.9786749523789708,67.6992754018593,0.0118749115189736,284,82.32619047619048,0.0023085881369013,0.2109848755427806,-0.4401968782855369,0.0052444445900952,15.555196588281706,1.4691594650205761,0.0023085881369013,1a28b83cfc06f06b,1,1.7821853160858154,x_flow_mean_72|tanh(m1_flow_autocorr_5),1|1,4,-0.3232647395794769,2,0.030928233488076957,0.14592551385839492,False,False,False
BTC_LONG_1982c8528892744d_3d,123340,3d,5.0,99,3,56.82620869651512,0.0370568983949836,20,14.943000617937226,0.5205007052063308,1.438573232965915,-0.1628646984129739,3.195908691560058,319.4310936092404,-0.0006287515315935,112,32.46666666666667,-0.0599851034555216,-0.072247925712279,-0.5135522365389351,-0.1168042882254566,-1.2909228121908505,2.172700617283951,-0.0599851034555216,1982c8528892744d,1,1.7448534965515137,m1_downside_share_5|tanh(x_flow_mean_72)|tanh(m1_realized_vol_curve_60_240)|signed_sqrt(m1_realized_vol_15),1|0.5|-0.5|0.5,3,-0.284796006377691,2,0.06073213343444678,0.22660233454774592,True,False,False
BTC_LONG_c0eba8626a442f38_3d,935086,3d,5.0,95,3,-34.41620431741546,0.0380647412633208,71,53.04765219367715,0.7660491610240177,1.439784602486031,-0.2909843825162205,2.632612631646358,132.50802154733745,0.0113605314010281,292,84.6452380952381,0.35465847619471,0.9028128701608112,-0.5809335619605365,0.6104974809818311,52.25526093855764,1.5956453225525997,0.35465847619471,c0eba8626a442f38,1,2.018357038497925,x_flow_mean_72|signed_sqrt(m1_flow_surprise_5),1|-1,4,-0.3389220556844337,3,0.045357461227591385,0.14528946414926736,True,False,False
BTC_LONG_a1079e0a77d7f501_3d,780052,3d,5.0,97,4,93.02634585503486,0.0328899928728159,36,26.897401112287007,1.238405463428912,1.8482069731020192,-0.218821604682212,5.659429585243243,348.72133502435787,0.0035487877809495,99,28.69821428571429,0.2760446271072421,0.9615206562448124,-0.291260932598138,0.9477571353110704,105.50767503890954,1.0669511959876545,0.2760446271072421,a1079e0a77d7f501,-1,5.85706901550293,signed_sqrt(x_flow_mean_curve_3_12)|(x_flow_std_72*x_return_sum_288)|(x_flow_autocorr_72*x_return_sum_288)|(x_impact_per_flow_72*x_return_sum_72),0.5|-0.5|1|-0.5,6,-0.07496512909305575,3,0.07750847596959513,0.2606514055578407,True,True,True
BTC_LONG_132f8b1bcdc21aea_3d,92745,3d,5.0,95,4,86.94754287076108,0.0367540657375769,79,59.02485244085205,1.8341490025849485,2.3877874302318403,-0.206306171902152,8.89042235466837,200.66239813283644,0.0056289170420989,284,82.32619047619048,-0.0573382092964467,0.0992908783280368,-0.6160915679857937,-0.0930676741509451,10.39965390909154,1.3947716440068758,-0.0573382092964467,132f8b1bcdc21aea,1,0.8236701488494873,tanh(x_flow_price_gap)|tanh(m1_flow_mean_60),0.5|0.5,3,-0.2076991976563482,1,0.03151469255647633,0.12258673928342781,True,False,False
BTC_LONG_caabcc29447313f5_3d,982296,3d,5.0,99,4,214.14774408064417,0.0115021466929143,34,25.403101050493284,1.1487259375322516,2.503034642796908,-0.136698570658632,8.40335002771087,326.22150872441364,-0.0171114768025705,140,40.583333333333336,0.0092947548074442,0.1856330383689992,-0.4806062864641718,0.0193396446722033,19.7126407367672,1.5975739832970226,0.0092947548074442,caabcc29447313f5,1,0.7403049468994141,tanh(x_trade_size_surprise_72)|(x_flow_mean_72*x_return_efficiency_12),0.5|0.5,4,-0.3556825753804718,2,0.10307466840281694,0.2730845979701655,True,False,False
BTC_LONG_53f9753a97033ec9_3d,406173,3d,5.0,95,4,24.762198707218435,0.0741494896155524,27,20.173050834215257,1.0708167572685214,2.172176121130033,-0.0916920926410201,11.678398064932717,396.13587788147464,0.0201245040998114,90,26.089285714285715,0.1140933272883042,0.5231452975951254,-0.2741448081436844,0.4161790553717354,60.849477836946726,1.2932741769547325,0.1140933272883042,53f9753a97033ec9,-1,4.92045783996582,x_return_skew_288|tanh(x_return_autocorr_72)|signed_sqrt(x_return_efficiency_288)|(x_flow_std_72*x_return_sum_288),-1|-1|-0.5|-1,4,-0.06580926152616179,3,0.09249791020652662,0.3268643868997139,True,False,False
BTC_LONG_2c9ff4e314aec9a8_3d,215449,3d,5.0,99,3,-140.3264794749054,0.0294625210758584,17,12.701550525246642,0.465794950183219,1.2295042705229666,-0.1875643863833871,2.4833869540197275,356.6527326784369,-0.001212512325083,43,12.464880952380952,-0.0336504431714255,-0.104613883448008,-0.2925559561463722,-0.1150222460505622,-9.719607162918903,0.9813668754538852,-0.0336504431714255,2c9ff4e314aec9a8,1,1.3196625709533691,tanh(x_flow_return_corr_288)|(x_flow_autocorr_72*x_return_sum_288),1|-0.5,4,-0.268755755468555,1,0.11985407678311129,0.43807693633948785,True,False,False
BTC_LONG_6e5a21d160135d0d_3d,534205,3d,5.0,99,1,-223.9967753923754,-0.0069109781495957,32,23.90880098869956,-0.0841602532220129,-0.2160740442171418,-0.2242302620944072,-0.3753295939447241,-18.185050499624904,0.0153685695251926,148,42.90238095238095,-0.1755725195293391,-0.45118615058991,-0.5771727134294933,-0.3041940747442955,-28.171639920486108,1.7944179205246915,-0.1755725195293391,6e5a21d160135d0d,1,1.6687533855438232,signed_sqrt(x_flow_std_12)|(x_flow_mean_72*x_volume_surprise_curve_12_72),-1|-1,2,-0.3545362456210618,1,0.06734604453811253,0.28502853284063967,False,False,False
BTC_LONG_91c6f0a00016821f_3d,705809,3d,5.0,99,4,211.14097205673133,0.0825738274682764,29,21.66735089600898,0.7490250220310357,1.8197382080090367,-0.1101517685911502,6.799936411472319,286.65154335489484,0.0232425195826327,106,30.72738095238095,0.2018011598764677,0.7852413742384509,-0.4167434986778633,0.484233492584025,78.29447531552495,1.4181420285227755,0.2018011598764677,91c6f0a00016821f,-1,2.4862585067749023,x_return_autocorr_288|(x_flow_sign_bias_12*x_wick_asymmetry)|(x_flow_autocorr_72*x_return_sum_288),-1|1|0.5,5,-0.19833030179688882,3,0.05532114145033842,0.22291651608729082,True,True,False
BTC_LONG_8a571728e559120e_3d,669749,3d,5.0,99,3,74.3204400566269,0.0669998364536126,30,22.41450092690584,0.4862821294977424,1.5345565725179666,-0.0994830437502328,4.888090584749565,198.5579584486261,0.0064455375376938,72,20.87142857142857,0.1246231100580272,0.5488580212316676,-0.534542843610603,0.2331396099445513,83.21472392082568,0.9311574074074073,0.1246231100580272,8a571728e559120e,1,2.1263861656188965,x_return_efficiency_288|tanh(x_flow_mean_3)|tanh(x_return_sign_entropy_288)|(x_flow_sign_bias_72*x_trade_surprise_3),0.5|1|-1|-1,6,-0.5455249668504742,3,0.07127208374080406,0.28443684269002817,True,False,False
BTC_LONG_984deb44499cf3e8_3d,737550,3d,5.0,99,3,-29.911412638802975,0.0071413897803356,30,22.41450092690584,0.4587699095041335,1.191764722984942,-0.3065532119869026,1.4965424975672226,204.04316106050365,0.0216442930227179,54,15.653571428571428,0.0236573515950899,0.2166495704233181,-0.1940491371980502,0.1219142323263453,33.87392857060276,0.6983680555555555,0.0236573515950899,984deb44499cf3e8,1,2.4868459701538086,tanh(m1_realized_vol_curve_60_240)|signed_sqrt(x_flow_sign_bias_3)|signed_sqrt(m1_vwap_gap_mean_240)|(x_flow_std_72*x_return_sum_3),-1|0.5|1|0.5,4,-0.12478257781221741,2,0.10312981800089349,0.4219767624494298,True,False,False
BTC_LONG_ce3504f41317d4e5_3d,999458,3d,5.0,99,4,105.633509629016,0.0389502680484884,26,19.425900803318395,1.0820826979630165,2.6895120952842957,-0.0511712760703566,21.14629106523031,402.1949310323276,-0.0058011755826275,125,36.23511904761904,-0.1597486983295788,-0.4489399506586485,-0.5815346872983811,-0.2747019254719245,-31.09219379271166,1.8652992936847097,-0.1597486983295788,ce3504f41317d4e5,1,2.090930938720703,x_return_efficiency_72|(x_flow_autocorr_72*x_return_sum_72)|(x_flow_std_12*x_volume_surprise_72),0.5|-0.5|1,3,-0.48273884844464876,1,0.05283147057571637,0.25032801165587387,True,False,False
BTC_LONG_390525226936063e_3d,275602,3d,5.0,99,2,-386.3372920127534,-0.0058277202630892,20,14.943000617937226,0.0869906737629155,0.6320407880778995,-0.0991507754301534,0.8773574728540166,68.15118659309216,-0.0067401093845045,114,33.04642857142857,0.069740306298214,0.3942736657490795,-0.2242544090983312,0.3109874475985631,34.7405524590583,2.2114988425925923,0.069740306298214,390525226936063e,1,2.858940839767456,x_return_skew_288|(x_flow_mean_3*x_return_efficiency_curve_3_12)|(x_flow_autocorr_72*x_trade_surprise_12),0.5|-1|-1,5,-0.10878976308666416,3,0.09092078569408467,0.27422613072080704,False,False,False
BTC_LONG_7253f5dc949683e8_3d,553412,3d,5.0,99,4,111.28365817563692,0.0525310488474195,21,15.690150648834088,1.0867827406946993,2.383512777201799,-0.056523790158601,19.22699694491959,506.0417481556598,0.0067002956423565,72,20.87142857142857,0.1406468579547568,0.6763118686510788,-0.1965189822723437,0.7156909542704779,80.91070025937852,1.3302248677248676,0.1406468579547568,7253f5dc949683e8,-1,1.8392953872680664,signed_sqrt(x_return_efficiency_3)|(x_flow_std_72*x_return_sum_288)|(x_flow_sign_bias_72*x_volume_surprise_288),-0.5|-0.5|-1,5,-0.13843407150326692,3,0.10239764593446503,0.37568015929095905,True,True,False
BTC_LONG_4631c5bb1bc9541e_3d,339503,3d,5.0,99,4,96.72822248636162,0.0490840510942198,25,18.678750772421537,1.068716517768197,2.434782592035745,-0.1022511110819504,10.45188171023062,419.5947987365128,0.0300313759346439,73,21.161309523809525,0.0977852905537264,0.5300679706356753,-0.2125705977986774,0.4600132453235016,60.781443719406,1.1329081790123454,0.0977852905537264,4631c5bb1bc9541e,1,2.5821874141693115,x_flow_sign_bias_288|signed_sqrt(m1_range_mean_240)|(x_flow_return_corr_72*x_return_efficiency_72),1|0.5|-1,7,0.010310407877444028,3,0.07452998190982656,0.2905423451031787,True,False,False
BTC_LONG_054e6e66152193eb_3d,25538,3d,5.0,99,4,137.13408446013943,0.0200883579677742,16,11.95440049434978,0.717341022469137,1.6389398697913602,-0.0979685524139667,7.322155985708639,507.1964630209065,-0.0080234475847794,93,26.958928571428572,-0.1246536814411499,-0.4435644209272544,-0.5867794515383988,-0.2124370257246348,-33.79716904744697,2.255146846064815,-0.1246536814411499,054e6e66152193eb,1,2.01946759223938,x_return_sum_72|(x_flow_mean_72*x_jump_concentration_12),-0.5|1,3,-0.3703836504353574,2,0.07261920838575243,0.28426477341565787,True,False,False
BTC_LONG_b811208aa5b71c91_3d,892267,3d,5.0,99,3,54.6169846088034,0.028395457833695,33,24.655951019596426,0.4727854580743258,1.4428212613707705,-0.1867770733356685,2.5312820767067814,179.75778073405178,-0.0032509552805925,148,42.90238095238095,0.0789413239770711,0.4032508864615517,-0.4305353298597136,0.1833562044787206,32.96576412054553,1.7400416199027309,0.0789413239770711,b811208aa5b71c91,1,1.4200613498687744,x_flow_mean_72|signed_sqrt(m1_trade_size_surprise_5),0.5|-1,4,-0.268191088868713,2,0.04932860679549959,0.22901792297450804,True,False,False
BTC_LONG_48df320c21f3e28c_3d,352669,3d,5.0,99,3,15.608752015967786,0.0331466566343328,29,21.66735089600898,0.3566995645458526,1.4925277151399416,-0.0700486006393129,5.092172595745821,156.53511876605054,0.024269769650053,158,45.80119047619048,0.1724206821435703,0.6161098544323808,-0.5287055134138141,0.326118562733084,54.28907761676433,2.113834344401873,0.1724206821435703,48df320c21f3e28c,1,1.852505445480347,x_flow_mean_288|x_flow_mean_curve_12_72|signed_sqrt(m1_volume_surprise_15)|(x_flow_sign_bias_3*x_trade_surprise_12),1|0.5|0.5|-0.5,5,-0.30403980730973384,2,0.07003636276153948,0.22170846905169195,True,False,False
BTC_LONG_138df3e8dc1f974b_3d,94539,3d,5.0,95,3,-17.121000751526864,-0.0073684393573994,84,62.76060259533635,1.1688118341225815,1.7332161300001894,-0.3238732881895717,3.6088553046660783,149.50331841759143,-0.0047770905357616,272,78.84761904761905,-0.2026425366935819,-0.2610113439203778,-0.7772090249522534,-0.2607310648586857,-10.157388233812178,1.2563234861845973,-0.2026425366935819,138df3e8dc1f974b,1,2.110841989517212,(x_flow_mean_12*x_wick_asymmetry)|(x_flow_mean_72*x_jump_concentration_72),-1|1,3,-0.4711927423780498,3,0.03709111702588536,0.14631303990169384,True,False,False
BTC_LONG_866a7b6ea2ffb98d_3d,650396,3d,5.0,99,4,190.39141133883777,0.0322057095444035,18,13.448700556143503,1.253193039742254,2.4393951748327156,-0.0453456212683184,27.636473041727204,651.9663223947188,-0.0002270122876061,88,25.50952380952381,-0.1961345155625391,-0.6209679423066911,-0.6081866845670092,-0.3224906439741847,-64.17010601096531,1.8968021262002743,-0.1961345155625391,866a7b6ea2ffb98d,-1,1.8132011890411377,(x_flow_autocorr_72*x_close_location)|(x_flow_autocorr_72*x_return_sum_72)|(x_flow_sign_bias_72*x_trade_surprise_12),0.5|0.5|-1,1,-0.3784493360318021,0,0.07040512581775549,0.3270568526756129,True,False,False
BTC_LONG_7be10caf55152fe7_3d,599794,3d,5.0,99,3,-202.36840569646083,0.0210106621403698,19,14.195850587040365,0.4870489552369272,1.7526453127504202,-0.0485337213332992,10.0352691254021,303.58517589688233,-0.007422830453925,63,18.2625,0.0182399560620143,0.1927940458502323,-0.4332243189548918,0.0421027981670473,28.45300033042697,1.286467470760234,0.0182399560620143,7be10caf55152fe7,-1,1.2296462059020996,x_range_position_72|signed_sqrt(m1_realized_vol_240),1|-0.5,3,-0.2094698405182377,2,0.13271441997271308,0.4414790621864606,True,False,False
BTC_LONG_605fe2df4b80b7a6_3d,466415,3d,5.0,99,4,121.68430335097014,0.0264174999343424,10,7.471500308968613,0.1931321243737116,2.1396221694065116,-0.0115457200647425,16.727594579699222,245.99168887056467,-0.0149249951522968,80,23.19047619047619,0.008358957765568,0.1618303314115199,-0.4105260072043122,0.0203615790933506,22.50151601259287,3.103858024691358,0.008358957765568,605fe2df4b80b7a6,1,2.7741682529449463,(x_flow_std_12*x_close_location)|(x_flow_autocorr_72*x_return_sum_72)|(x_flow_return_corr_72*x_return_efficiency_curve_12_72)|(x_flow_return_corr_12*x_jump_concentration_288),1|-0.5|-0.5|-1,4,-0.23667572629555061,2,0.06813991168453046,0.28267133548720924,False,False,False
BTC_LONG_6efe56498a6defbb_3d,537373,3d,5.0,95,4,56.46008502299707,0.0829336839951026,64,47.81760197739912,0.8022116232191892,1.4154750838501138,-0.2421770322148921,3.312500842389375,152.97868231825714,0.0215555667190367,213,61.74464285714286,0.0212397781461692,0.2672708067831859,-0.6623406547064163,0.0320677554597397,23.59437637746158,1.2912534360532408,0.0212397781461692,6efe56498a6defbb,1,1.36217999458313,x_return_autocorr_288|tanh(x_range_position_288)|tanh(x_flow_sign_bias_curve_72_288),0.5|-0.5|1,3,-0.2508790491923233,2,0.03517761786479819,0.161893218639071,True,False,False
BTC_LONG_4d2362d89fb0683c_3d,373057,3d,5.0,99,3,-204.92259791689145,0.0575857495245976,21,15.690150648834088,0.805302205481139,1.841978206967644,-0.1836229027541376,4.385630514508316,419.0557633757449,0.0147815492179959,57,16.523214285714285,-0.0968661748177116,-0.3647205425314219,-0.5534827430496039,-0.1750120957412223,-42.260018844764545,1.0530946869488536,-0.0968661748177116,4d2362d89fb0683c,-1,2.1159348487854004,(x_flow_mean_72*m1_return_sum_5)|(x_flow_std_72*x_return_sum_288)|(x_flow_sign_bias_72*x_jump_concentration_72),-0.5|-0.5|-1,2,-0.18895253877934282,1,0.08662072351014749,0.35492600159876386,True,False,False
BTC_LONG_96d3f2f665df8513_3d,730302,3d,5.0,99,3,-561.6489430935754,0.0074404883538095,15,11.20725046345292,0.0743703193921376,0.3727756819742053,-0.286645847112448,0.2594501896375391,114.28325074875218,0.0282787403361878,32,9.276190476190475,0.0805102989666073,0.6535081513416878,-0.0997521987550752,0.8071030009502531,97.54807994833943,0.8276954732510287,0.0743703193921376,96d3f2f665df8513,-1,1.3330140113830566,x_flow_mean_288|(x_flow_sign_bias_72*x_return_sum_288),-0.5|-0.5,5,-0.05804738541695442,3,0.12388157478963209,0.5715666404118485,False,False,False
BTC_LONG_73333e96e6c993b2_3d,557722,3d,5.0,97,4,53.73998064406822,0.0356372908244592,60,44.82900185381168,1.0589935929584438,1.7608690489264944,-0.2128356312418816,4.975640529639173,190.274344473492,-0.0068651205711196,216,62.614285714285714,-0.2274522596445106,-0.3986192336292786,-0.6811044369399182,-0.3339462310162204,-21.77306287425415,1.396736111111111,-0.2274522596445106,73333e96e6c993b2,1,1.2507028579711914,x_range_position_288|(x_flow_sign_bias_72*x_trade_surprise_12),-0.5|1,3,-0.49591244242190863,1,0.04007993476059384,0.18373033742459005,True,False,False
BTC_LONG_c9320e607702169a_3d,974992,3d,5.0,97,3,-216.5060569152004,-0.0150515578353362,34,25.403101050493284,0.0202524696711574,0.2233542721539188,-0.3108020315759122,0.0651619603915326,34.726376913413375,-4.1495762851233546e-05,109,31.597023809523808,0.0107130966430719,0.1746005044888443,-0.4435220129182716,0.0241545996163353,20.123641341791465,1.2438254584241104,0.0107130966430719,c9320e607702169a,-1,4.701399803161621,x_return_skew_288|signed_sqrt(x_return_sign_bias_curve_12_72)|signed_sqrt(m1_flow_return_corr_curve_5_15)|(x_flow_std_3*m1_return_efficiency_5),-1|0.5|1|-1,3,-0.28358469287238286,2,0.08488346304406354,0.2808695223680284,False,False,False
BTC_LONG_9a1cd8e56e9e3066_3d,746449,3d,5.0,97,4,76.82798206200047,0.0082484768580897,67,50.059052070089706,1.119469405341225,1.8378481911026376,-0.2096240950287541,5.3403660737935095,176.60373851227985,-0.001080633586111,255,73.91964285714286,-0.0647942942639507,0.0502391554183955,-0.4593948466994338,-0.1410427102730289,7.863407679515376,1.4766488736871202,-0.0647942942639507,9a1cd8e56e9e3066,1,1.2541007995605469,signed_sqrt(x_flow_sign_bias_curve_3_12)|(x_flow_mean_72*x_jump_concentration_3),0.5|1,5,-0.20136309439522432,1,0.053004749182029506,0.1780016256024159,True,False,False
BTC_LONG_839c8d8d3cb77fb0_3d,636868,3d,5.0,99,4,36.227614218280465,0.0312081393153346,20,14.943000617937226,0.4682137297362627,1.3522941685095802,-0.2337707718137653,2.002875406978882,294.8951987694947,-0.0007456933489409,94,27.248809523809523,-0.2431029849632001,-0.9480887624458034,-0.6914415200302833,-0.3515886418746634,-84.7403187351391,1.8235165895061727,-0.2431029849632001,839c8d8d3cb77fb0,1,1.5295950174331665,m1_range_mean_60|tanh(m1_flow_autocorr_240)|signed_sqrt(x_return_sign_bias_curve_3_12),0.5|-0.5|-0.5,2,-0.3304472694280496,0,0.14668616767579212,0.3806404591056551,True,False,False
BTC_LONG_a92d11c420091618_3d,819888,3d,5.0,97,4,98.92464213636116,0.0338532049130283,56,41.84040173022424,1.2631477077965183,1.736336346669946,-0.3133390924108024,4.031248377206863,236.1658885925249,-0.0047956068682163,151,43.77202380952381,0.156618844214414,0.5854050877765111,-0.2956774155264849,0.5296949851091522,52.74501707774192,1.046166432429453,0.156618844214414,a92d11c420091618,-1,3.3690264225006104,tanh(m1_body_mean_15)|(x_flow_sign_bias_72*m1_return_sum_15)|(x_flow_autocorr_72*x_return_sum_288),-1|-1|1,5,-0.046084568097147616,3,0.062499734387997816,0.20952783285419757,True,True,False
BTC_LONG_301412f1a92aaecd_3d,232167,3d,5.0,99,3,-349.2051352852715,0.0781725370316949,35,26.150251081390145,2.1372278900397705,2.742689014909987,-0.1720943816680188,12.418928900088217,478.87607192110926,0.0368050126330336,113,32.756547619047616,0.2990487114468381,1.0647435006420298,-0.3347703726144221,0.8932950341793624,96.73941418357872,1.2526284171075837,0.2990487114468381,301412f1a92aaecd,-1,1.5869884490966797,tanh(x_return_sign_bias_72)|(x_flow_autocorr_3*m1_return_efficiency_15)|(x_flow_mean_72*m1_return_sum_15)|(x_flow_std_72*x_return_sum_288),-1|-0.5|-0.5|-0.5,6,-0.2685854891643021,3,0.056917570931769856,0.23207450499551666,True,True,False
BTC_LONG_1c1b5bb63d919588_3d,135858,3d,5.0,95,4,87.55770040438316,0.0144984227300012,71,53.04765219367715,1.3625290263702063,1.959856580526332,-0.3657698306975168,3.7250995353331544,190.62965282293536,-0.0140767695265296,224,64.93333333333334,-0.248872939031882,-0.5273043402996107,-0.6474638967065541,-0.3843811837197728,-27.027704348404814,1.2240566857937751,-0.248872939031882,1c1b5bb63d919588,-1,2.1434860229492188,m1_flow_return_corr_240|tanh(m1_realized_vol_curve_60_240),1|1,2,-0.4214579605183014,0,0.054480452376630344,0.19188114701017372,False,False,False
BTC_LONG_4b49c42cee93df71_3d,364276,3d,5.0,99,4,115.7695494205722,0.031375433323628,26,19.425900803318395,0.6140589722163439,1.6137640897127223,-0.175046238910935,3.507981525548698,278.5951464016834,-0.0169832853743053,90,26.089285714285715,-0.1918754866934687,-0.5937562994937685,-0.5488325469771159,-0.3496066108875813,-60.18177561204674,1.3430154914529915,-0.1918754866934687,4b49c42cee93df71,1,1.672935962677002,tanh(m1_flow_return_corr_15)|tanh(m1_range_mean_15)|(x_flow_autocorr_72*x_return_sum_288),-1|1|-0.5,2,-0.4595342508364117,0,0.10282116053956543,0.3168729110794553,True,False,False
BTC_LONG_1343c3fb7dfbd96a_3d,93154,3d,5.0,99,3,-471.02381325000687,0.0153270730925734,25,18.678750772421537,0.5643545459573547,1.366915851472564,-0.1463217893019619,3.856941257003803,280.44205915479904,-0.0162667851553422,65,18.842261904761905,0.0762061326489904,0.4376263721451633,-0.2059444237046558,0.3700325130350574,57.33533939592202,1.008753858024691,0.0762061326489904,1343c3fb7dfbd96a,1,1.6144052743911743,m1_range_mean_240|tanh(m1_jump_concentration_15),0.5|1,5,-0.12043660561340208,2,0.09693710749499852,0.38579365629367723,True,False,False
BTC_LONG_8bec658634b454c1_3d,677411,3d,5.0,99,4,88.407898873105,0.0453509276839427,16,11.95440049434978,0.5791292670459889,1.941098697126721,-0.0779112489338003,7.433191932760106,411.6914766214777,0.0359538819520928,50,14.49404761904762,0.0941803331301145,0.5548899888356208,-0.2229244570176978,0.4224764496012101,79.99282294632076,1.212444540895062,0.0941803331301145,8bec658634b454c1,1,1.571711540222168,tanh(m1_vwap_gap_mean_15)|(x_flow_std_72*x_return_efficiency_288)|(x_flow_sign_bias_72*x_return_efficiency_288),0.5|-0.5|1,4,-0.17112459096964405,3,0.1042494463322611,0.4488546172215888,True,False,False
BTC_LONG_6e8b26a4673f0603_3d,535180,3d,5.0,95,4,54.23619134313363,0.0939713810792455,69,51.55335213188343,1.6427544631069768,2.03648549105555,-0.3909346013351445,4.202120911007974,222.11993475890688,0.0342900842658586,176,51.01904761904762,0.090289088666239,0.4134934161365216,-0.4331094605337645,0.2084671356635034,37.32205643599342,0.989635891930578,0.090289088666239,6e8b26a4673f0603,1,1.8850998878479004,tanh(x_return_autocorr_288)|(x_flow_std_3*x_return_sum_288),1|1,4,-0.09637659236524498,2,0.053795993298306866,0.20190292651822467,False,False,False
BTC_LONG_1d8683ac071daf98_3d,142765,3d,5.0,97,4,71.7438019573012,0.0282189814685856,63,47.07045194650226,0.631438142410953,1.1744464375366117,-0.3245490675650735,1.9455860623735943,139.22384948336438,-0.00790946743707,207,60.00535714285714,-0.3271277390439808,-0.8333934312093384,-0.7479743269469561,-0.4373515604195058,-48.50122774411932,1.274798831569665,-0.3271277390439808,1d8683ac071daf98,1,2.8853888511657715,signed_sqrt(m1_trade_surprise_5)|(x_flow_return_corr_12*x_wick_asymmetry)|(x_flow_autocorr_72*x_return_sum_288),-1|-1|-1,2,-0.5645856985446123,0,0.059261485447733506,0.20415846005901153,True,False,False
BTC_LONG_38c8f7b3ba2bd853_3d,274407,3d,5.0,97,3,-338.3092713928907,0.0347445960268623,19,14.195850587040365,0.2278845603825321,0.7551474201407966,-0.1638810229377475,1.3905488036225966,186.17564247859073,-0.0080436167859587,93,26.958928571428572,-0.1697938681261545,-0.6718693937255251,-0.6207419470323334,-0.2735337428667604,-53.47330656919315,1.8990710282651073,-0.1697938681261545,38c8f7b3ba2bd853,1,3.13333511352539,x_return_vol_288|m1_realized_vol_60|(x_flow_std_72*x_jump_concentration_288),0.5|0.5|1,3,-0.27360470282112437,2,0.07811348989680816,0.31951842424468313,False,False,False
BTC_LONG_27971542ee0fe931_3d,191211,3d,5.0,99,3,-174.9854483029237,0.0099340527959271,44,32.8746013594619,0.3689213027677727,1.210857046852775,-0.1912890395358688,1.928606592739966,113.36946124191056,-0.0044720445421556,155,44.93154761904762,0.0479389752998267,0.3045130630776789,-0.4087499689595004,0.1172819056643808,28.01639092550275,1.366755664281706,0.0479389752998267,27971542ee0fe931,-1,0.6348073482513428,tanh(x_flow_sign_bias_12)|tanh(m1_flow_mean_60),0.5|-1,5,-0.2357915097881016,3,0.07841886697210532,0.30025877084906427,True,False,False
BTC_LONG_9ece420d6d3c0c66_3d,769308,3d,5.0,99,3,7.037550924948594,0.0895767495722969,20,14.943000617937226,0.1934001421714173,0.9956268351119648,-0.1003179465943533,1.927871818922412,135.9547392135607,0.0387505017023882,66,19.132142857142856,0.0467918140469785,0.311662988683218,-0.4087230587987114,0.114482931754586,44.35378702329439,1.2803414351851852,0.0467918140469785,9ece420d6d3c0c66,1,2.9648003578186035,tanh(m1_body_mean_5)|signed_sqrt(x_return_skew_288)|signed_sqrt(x_return_autocorr_288)|(x_flow_std_12*x_return_efficiency_3),-0.5|-1|1|1,3,-0.11344074960245548,2,0.07223110408706483,0.29660792498422067,False,False,False
BTC_LONG_be03be42a73b0dee_3d,921029,3d,5.0,97,3,-85.61757058709091,0.0966431667046019,59,44.08185182291482,1.4431975871959706,2.0025517548067917,-0.2187183053166238,6.5984307308286345,235.11636174137993,0.0094264682922203,188,54.49761904761905,0.0837490772685189,0.401445679468239,-0.6555691534993839,0.127750179857414,32.80904355562419,1.236282433563507,0.0837490772685189,be03be42a73b0dee,1,1.5474811792373655,signed_sqrt(x_flow_mean_72)|(x_flow_std_3*x_return_sum_288)|(x_flow_autocorr_72*x_return_efficiency_288)|(x_flow_autocorr_72*x_trade_surprise_3),0.5|0.5|0.5|-1,3,-0.37419792504892224,1,0.040893561213512473,0.17840257184991193,True,False,False
BTC_LONG_376357fe6535a581_3d,267515,3d,5.0,97,4,66.1075685090211,0.0433631864742935,32,23.90880098869956,0.6166444413203744,1.4533473920891025,-0.2605362476616433,2.366827828583785,233.24717192176303,0.011371175665078,163,47.25059523809524,-0.2387010443990935,-0.6292568822035685,-0.6458520581053545,-0.3695909015128593,-40.21036688582896,1.9762846016589506,-0.2387010443990935,376357fe6535a581,1,2.5314180850982666,x_return_sum_288|(x_flow_std_3*x_jump_concentration_3)|(x_flow_mean_72*x_jump_concentration_288)|(x_flow_mean_72*x_volume_surprise_288),-0.5|0.5|1|-1,2,-0.3386313321025886,1,0.05290492508348066,0.2082555139356336,True,False,False
BTC_LONG_4719abb5f310e195_3d,343970,3d,5.0,99,1,-334.21520770057276,0.0272380159177105,32,23.90880098869956,0.1324351148854226,0.5978187813153251,-0.2946692592831423,0.4494364807771416,72.50479837064533,0.0052101848292481,148,42.90238095238095,-0.2803461422859178,-0.9519889543851776,-0.7954697984944938,-0.3524283923996875,-60.98269032005196,1.7944179205246915,-0.2803461422859178,4719abb5f310e195,-1,1.2218201160430908,tanh(x_time_sin_day)|tanh(m1_base_quote_flow_gap)|signed_sqrt(x_time_sin_day)|(x_flow_mean_72*x_volume_surprise_curve_3_12),1|0.5|-1|-1,1,-0.5679481685945834,1,0.05095035146555961,0.20699688158638102,False,False,False
BTC_LONG_69d60b3a52f5b96b_3d,512187,3d,5.0,95,2,-135.64891070240424,0.0088956914049537,48,35.863201483049345,0.237695961354464,0.7368345625238526,-0.3710301553816323,0.6406378508775814,85.36502895048208,0.024961938779568,237,68.70178571428572,-0.0760285097626459,-0.0320297202463355,-0.7174421477379664,-0.1059716243356448,3.289699230456242,1.9156623746141976,-0.0760285097626459,69d60b3a52f5b96b,1,1.8254365921020508,x_flow_sign_bias_72|tanh(x_flow_sign_bias_curve_72_288)|(x_flow_mean_72*x_volume_surprise_curve_12_72),1|-1|-1,4,-0.6173034350942791,2,0.035739941757018064,0.1656041848036418,False,False,False
BTC_LONG_69d7c8d06b8ae442_3d,512218,3d,5.0,95,4,67.26307477469015,-0.0061910137116887,74,55.289102286367736,1.1403903061161325,1.76460642724738,-0.2263154197410816,5.038942142876554,164.464412076765,0.0083232442382939,290,84.06547619047619,0.5277507104487911,1.1499628734066594,-0.3952619444331685,1.335192314569064,67.43704081343527,1.5204709918251584,0.5277507104487911,69d7c8d06b8ae442,-1,1.021852731704712,(x_flow_return_corr_12*x_return_efficiency_3)|(x_flow_mean_72*x_trade_surprise_3),-0.5|1,5,-0.26807744484394247,3,0.03398953297099984,0.13687689146576967,True,True,False
BTC_LONG_67de978ede6b323a_3d,502701,3d,5.0,95,3,-154.47231184048815,0.0067933109905831,86,64.25490265713007,0.9286527973519894,1.5196120220980252,-0.3167788953421031,2.931548821612934,128.55491466610707,-0.0179431523059525,302,87.54404761904762,0.1840342859648658,0.6040605896764226,-0.4572060920714503,0.4025193214969359,34.355354789719925,1.3624493073499855,0.1840342859648658,67de978ede6b323a,-1,1.2667042016983032,x_trade_size_surprise_12|(x_flow_mean_72*x_jump_concentration_3),-0.5|-1,4,-0.23654778654796432,2,0.03229744069444678,0.14472386499955392,True,False,False
BTC_LONG_970a926f957406f9_3d,731323,3d,5.0,99,4,61.261467728359605,0.0418302729209563,17,12.701550525246642,0.4822624549413241,1.3496070694611997,-0.175046238910935,2.7550575090431,355.1898376301361,-0.0112007640895878,63,18.2625,-0.0998835769251684,-0.2927031428645217,-0.4761203029913481,-0.2097864264506769,-34.993444076239875,1.4378165849673203,-0.0998835769251684,970a926f957406f9,-1,2.419506549835205,signed_sqrt(x_return_skew_3)|(x_flow_autocorr_72*x_return_sum_288)|(x_flow_mean_12*x_jump_concentration_12),1|1|-0.5,2,-0.29615600352673965,2,0.08201334300146175,0.3868902255478414,True,False,False
BTC_LONG_68a3d0b0c63c3b13_3d,506402,3d,5.0,95,3,-43.17923909664807,0.0076145506950338,90,67.24350278071752,0.7434386048950214,1.24857665303149,-0.3833720929541965,1.9392089788440705,112.02654062671088,-0.0181679514450168,305,88.41369047619048,0.2076937596994879,0.6425495170824614,-0.5954501148267854,0.348801275754066,38.75020233636632,1.3148287465706447,0.2076937596994879,68a3d0b0c63c3b13,-1,0.6715681552886963,(x_flow_std_3*x_return_efficiency_3)|(x_flow_mean_72*x_jump_concentration_3),0.5|-0.5,4,-0.36691538124791806,2,0.03507628506913762,0.1233343593882547,False,False,False
BTC_LONG_cccf9f9336356528_3d,992681,3d,5.0,95,3,-83.2463660935502,0.0056859203218754,87,65.00205268802694,0.1917306982167161,0.5978274186188388,-0.4207729436847058,0.4556630864563955,53.46283164900923,-0.0115361467606501,298,86.38452380952381,0.1107374152134739,0.4614192599545307,-0.6184186814376074,0.1790654431008586,29.152716180928557,1.3289507059741734,0.1107374152134739,cccf9f9336356528,-1,1.354764699935913,(x_flow_std_3*x_return_efficiency_3)|(x_flow_mean_72*x_return_efficiency_12),1|-1,5,-0.38805898097053204,2,0.030838063944955477,0.13131029188619797,False,False,False
BTC_LONG_007d19353782f7c1_3d,2314,3d,5.0,99,4,10.238217978879032,0.089372472373593,14,10.46010043255606,0.3713104985152933,1.571832134972075,-0.0509396896532807,7.289217917160574,327.789330375059,0.0205501080143732,44,12.754761904761905,-0.0127109026315997,0.0161829740106844,-0.230307104634129,-0.0551911008207611,7.217676896272638,1.219372795414462,-0.0127109026315997,007d19353782f7c1,-1,1.520254611968994,signed_sqrt(x_return_efficiency_288)|(x_flow_autocorr_72*x_return_sum_288),-1|0.5,4,-0.2422167856031559,2,0.0973923422087679,0.42635335032293237,True,False,False
BTC_LONG_1ec688cfddf62cd0_3d,148785,3d,5.0,99,3,-100.0004065942397,0.0148858724338957,33,24.655951019596426,0.3896577760736108,1.450053972095304,-0.1793544995317066,2.172556457133802,150.95774412372282,0.0013258418120406,131,37.97440476190476,0.1875725105446237,0.6823323263927016,-0.2977259226055652,0.6300173962114967,64.31164232349674,1.5401719743733628,0.1875725105446237,1ec688cfddf62cd0,-1,2.2356491088867188,x_flow_autocorr_3|m1_flow_surprise_curve_60_240|(x_flow_autocorr_72*x_return_sum_72)|(x_flow_sign_bias_72*x_jump_concentration_72),-1|0.5|0.5|-0.5,5,-0.2414183062986222,3,0.06734934325463746,0.26621899634087115,True,True,False
BTC_LONG_c65a0bd4b04dbfc2_3d,961335,3d,5.0,95,3,-27.947912698672756,0.0400805605442444,68,50.80620210098657,0.235280907964817,0.7023789130280563,-0.3711986140016974,0.6338410195781097,65.92656083724569,0.0056359557066808,264,76.52857142857142,-0.2571718476983644,-0.488712842736092,-0.7307939213594786,-0.3519074805930976,-22.019936726724065,1.5062840413943355,-0.2571718476983644,c65a0bd4b04dbfc2,1,1.6995267868041992,m1_flow_mean_240|(x_flow_return_corr_72*x_return_efficiency_3),1|-1,3,-0.5126468764618112,1,0.049966252923682,0.17681582896672898,False,False,False
BTC_LONG_494b050c8828963a_3d,354684,3d,5.0,99,3,-32.78744416924067,0.0726309821901926,20,14.943000617937226,0.4380936060494922,1.4645783254096238,-0.1065425755252753,4.1119111668702075,271.43157367760205,0.0228314816835803,69,20.001785714285713,0.2221051420689521,0.9854170276590014,-0.1985270931088125,1.1187648929469616,117.8364893225195,1.338538773148148,0.2221051420689521,494b050c8828963a,1,2.7036890983581543,m1_downside_share_240|signed_sqrt(m1_flow_autocorr_15)|(x_flow_std_72*x_return_sum_288),-1|1|1,5,-0.06372378192457612,3,0.12107594111902689,0.3873499226353595,True,True,False
BTC_LONG_827c25071970ec2f_3d,631473,3d,5.0,95,2,-212.22859497138003,-0.0247910109662783,66,49.31190203919285,-0.147306791849882,-0.0825448295217304,-0.4745692926621264,-0.3104010186237615,-2.990418699174141,0.0202096239523873,238,68.99166666666666,-0.3347202312795378,-0.7915650694167249,-0.8507716823358148,-0.3934313262055868,-41.78133892071988,1.399087518705574,-0.3347202312795378,827c25071970ec2f,1,2.0956733226776123,(x_flow_mean_12*x_jump_concentration_72)|(x_flow_mean_72*x_jump_concentration_288),-1|1,1,-0.5510059649476267,1,0.047243051125026754,0.18377395581261116,False,False,False
BTC_LONG_0213d65de00a0c6a_3d,9841,3d,5.0,99,4,117.28114584862028,0.0146964191649849,28,20.92020086511212,1.2855191106697426,2.0080861880778658,-0.1728018975006561,7.439265015390595,446.9191396945715,0.0014581977472902,126,36.525,-0.023262587432364,0.0555716022848262,-0.4088249084854403,-0.0569011010570373,9.260929947453954,1.7459201388888888,-0.023262587432364,0213d65de00a0c6a,-1,0.7880797386169434,x_range_surprise_3|tanh(m1_flow_autocorr_240),0.5|0.5,3,-0.4143108114064882,2,0.07684581483638728,0.31208597254697973,True,False,False
BTC_LONG_c2efca35b64f90f0_3d,944832,3d,5.0,99,3,-61.77838658505019,0.0199150536770538,21,15.690150648834088,0.3209078001518748,1.2731080222310982,-0.1163950461185495,2.757057201773234,200.20394339297496,-0.0224575723905854,50,14.49404761904762,-0.0171848254356673,0.0157147088503343,-0.3019220220070017,-0.0569180920339385,7.1623847986372,0.9237672692533804,-0.0171848254356673,c2efca35b64f90f0,-1,2.828183889389038,signed_sqrt(x_trade_size_surprise_288)|(x_flow_return_corr_72*x_jump_concentration_72),-1|1,2,-0.11933158081088274,1,0.09832930090950891,0.4142020116214953,True,False,False
BTC_LONG_0c7f2f1a3357a313_3d,60475,3d,5.0,99,4,277.0968113453828,0.0290768620690869,29,21.66735089600898,1.686379225968094,2.5898874148465545,-0.1100059447790262,15.32989175590099,497.47321065059697,0.0153218425067112,89,25.79940476190476,0.1190793969615626,0.5981342388783661,-0.3583351427318854,0.3323129181629294,59.01255159777988,1.1907041560238398,0.1190793969615626,0c7f2f1a3357a313,1,1.6151211261749268,signed_sqrt(x_flow_sign_bias_288)|signed_sqrt(m1_flow_autocorr_60)|(x_flow_mean_72*x_return_sum_12)|(x_flow_return_corr_72*x_return_efficiency_curve_72_288),0.5|0.5|0.5|-0.5,5,-0.07108245949635861,3,0.06622408814992761,0.25945941007229945,True,True,False
BTC_LONG_4ac0e06b7a1cfbfe_3d,361680,3d,5.0,95,3,-46.39766217814971,0.0222155441512669,82,61.26630253354263,0.5940179703450315,1.125321952725037,-0.4438976251801385,1.338186862576641,104.25915990995132,0.0071891745991477,284,82.32619047619048,0.0585321804801151,0.3521840444020357,-0.4791906749713355,0.122147995646235,24.066954839446147,1.3437434131285757,0.0585321804801151,4ac0e06b7a1cfbfe,-1,1.154886245727539,tanh(x_flow_mean_72)|tanh(x_flow_return_corr_curve_12_72),-0.5|1,5,-0.5027947586937542,2,0.02702867090749484,0.12588504050406496,False,False,False
BTC_LONG_a2ca04b676f5d3c2_3d,788633,3d,5.0,97,3,-154.18954926664452,0.0336541435488436,47,35.11605145215248,0.261822082611961,0.7498676887515972,-0.3299960326551311,0.7934097889158062,97.69419872681628,-0.0044489135161649,128,37.1047619047619,-0.0622344996949496,-0.0228331435490577,-0.6548166180444288,-0.095041112244233,2.9293226367144327,1.0566325190438663,-0.0622344996949496,a2ca04b676f5d3c2,-1,1.8560816049575808,x_return_vol_12|signed_sqrt(x_return_autocorr_12)|(x_flow_std_3*x_return_sum_288),-0.5|-0.5|-0.5,3,-0.42506019872155915,2,0.06635297444074699,0.24994614211332952,False,False,False
BTC_LONG_3c96fb55812958f5_3d,292806,3d,5.0,99,4,38.583441689876985,0.0572406622328942,19,14.195850587040365,0.7593958283451396,2.30203896100231,-0.0485129978881108,15.653450856543468,425.25403684970826,0.0101210322040372,101,29.27797619047619,0.3345251283184061,1.1481154710481742,-0.2215204549342623,1.5101320030138017,117.21171488535744,2.0624319769330732,0.3345251283184061,3c96fb55812958f5,-1,1.865634799003601,signed_sqrt(x_flow_mean_curve_72_288)|(x_flow_std_12*x_return_efficiency_288)|(x_flow_std_72*x_volume_surprise_curve_3_12),-1|0.5|1,5,-0.10476492663613007,4,0.061696909749627896,0.24874983850850765,True,True,False
BTC_LONG_654292b67ae52665_3d,490152,3d,5.0,97,3,-10.275548971116288,0.0065123746078727,49,36.610351513946206,0.4509649192230243,1.0437139630544052,-0.2331976847618594,1.9338310313138312,134.01070638843208,0.0232655785309133,244,70.73095238095237,-0.1774299573972471,-0.2502325547265493,-0.6388144715137536,-0.2777488070625636,-9.815644697945295,1.9319932602670695,-0.1774299573972471,654292b67ae52665,-1,0.9751642942428588,x_flow_sign_bias_288|tanh(x_range_surprise_288)|tanh(m1_volume_concentration_15),-0.5|-0.5|0.5,3,-0.6708800620533821,2,0.035076381394456346,0.15950291657089097,True,False,False
BTC_LONG_51b1512aa2a01b28_3d,395010,3d,5.0,97,3,-67.2388730326271,0.0069759290279523,63,47.07045194650226,0.4999155605876215,1.1336770461981809,-0.2703838888793844,1.8489103128871296,111.57828197178787,0.006698667651979,215,62.32440476190476,-0.2064494688231952,-0.4411454190080133,-0.6705013525045418,-0.3079031355448262,-21.001662064288553,1.3240664192631786,-0.2064494688231952,51b1512aa2a01b28,-1,1.2410566806793213,(x_flow_mean_72*x_return_efficiency_3)|(x_flow_mean_72*x_jump_concentration_288)|(x_flow_autocorr_72*x_trade_surprise_288),-1|-0.5|0.5,2,-0.4688674605066932,1,0.040028074223991676,0.15401152221653136,True,False,False
BTC_LONG_c404bede27dc4883_3d,949953,3d,5.0,99,4,139.01592253417653,0.1209332606642949,23,17.18445071062781,0.7393616322221366,2.1492384819907757,-0.0541008439064338,13.6663604268511,347.63463861817746,-0.0150371569968628,110,31.886904761904763,-0.1327767554564318,-0.4236037091862584,-0.5289186871132974,-0.2510343436362465,-28.97194020408833,1.8555672973698336,-0.1327767554564318,c404bede27dc4883,1,0.8796612024307251,tanh(x_return_sign_entropy_288)|signed_sqrt(x_avg_trade_size_log),-0.5|-0.5,3,-0.5524649689989647,2,0.053947691131605975,0.23984990044446036,True,False,False
BTC_LONG_5d05df6191ad8877_3d,450103,3d,5.0,97,4,167.8879628795364,0.0092627234584793,31,23.1616509578027,0.8836690101678359,1.9522650576004956,-0.1975132403651641,4.473973534807596,304.7115263184748,0.0271722182871973,145,42.032738095238095,0.0595306255026915,0.3415527272643339,-0.4587931693393529,0.129754820867132,30.480369793005075,1.8147556999203505,0.0595306255026915,5d05df6191ad8877,1,1.6856803894042969,(x_flow_mean_72*x_return_efficiency_72)|(x_flow_std_72*x_return_sum_72),1|0.5,4,-0.47827791326376223,2,0.058647010556331675,0.23096610997698278,True,False,False
BTC_LONG_afb091065a3a5484_3d,851679,3d,5.0,97,3,-3.5567879015768744,0.0088472017115171,52,38.85180160663679,0.2191261060230336,0.6968681261245193,-0.2863961176707411,0.7651154904095266,76.97637411621498,-0.004977019996558,237,68.70178571428572,0.0747226967255052,0.3838272917041004,-0.6078485923748025,0.1229297849215563,26.199789567123116,1.7683037304131055,0.0747226967255052,afb091065a3a5484,1,2.54591703414917,x_flow_sign_bias_288|signed_sqrt(x_price_volume_corr_3)|signed_sqrt(x_flow_return_corr_12)|(x_flow_mean_72*x_volume_surprise_288),1|-0.5|-1|-1,5,-0.4446095132836968,2,0.030260171976224406,0.13029199277876832,False,False,False
BTC_LONG_36031e51122f0a3a_3d,260932,3d,5.0,99,3,-43.87093486655487,0.0632877640828916,30,22.41450092690584,0.2552370990471371,0.9023093886801318,-0.1503662182126844,1.6974364460381568,125.32200289652688,-0.0043248913321512,78,22.610714285714284,0.0107351929854717,0.1691388682548346,-0.4565419198951117,0.0235141451806618,23.442260714725663,1.008753858024691,0.0107351929854717,36031e51122f0a3a,1,3.2874410152435303,x_return_sum_288|(x_flow_sign_bias_12*x_return_sum_12)|(x_flow_return_corr_72*m1_vwap_gap_mean_15),-1|1|-0.5,5,-0.28453082682575637,3,0.07236031608459759,0.28574438855391415,False,False,False
BTC_LONG_2b72eff8d94ad9c4_3d,209804,3d,5.0,95,2,-155.49469021115618,0.0066413613305733,82,61.26630253354263,0.319669631895203,0.8110183437603291,-0.4406955194456358,0.725375271110823,69.9226734095115,-0.0150510840091972,272,78.84761904761905,-0.288174342346309,-0.627649316361688,-0.8275318977277648,-0.3482335159980871,-27.33123432413794,1.286965522433002,-0.288174342346309,2b72eff8d94ad9c4,-1,1.9450502395629885,x_price_volume_corr_72|signed_sqrt(x_trade_surprise_12)|(x_flow_mean_72*x_return_efficiency_curve_3_12)|(x_flow_mean_72*x_jump_concentration_72),0.5|-0.5|-1|-1,2,-0.5309498784261419,1,0.035882503990406066,0.1420928153475433,False,False,False
BTC_LONG_1150e04c909782a8_3d,83794,3d,5.0,95,4,97.53471831901028,0.041860976301348,55,41.093251699327375,0.8569691779864541,1.8687364165531684,-0.1696506143726406,5.051376802586202,171.67886794187157,0.0057205464920689,212,61.4547619047619,-0.0088985949706388,0.1792684549326321,-0.4649379807755649,-0.0191393160778025,16.792563067452168,1.4954952300785633,-0.0088985949706388,1150e04c909782a8,1,2.7494804859161377,m1_realized_vol_240|(x_flow_autocorr_3*x_jump_concentration_288)|(x_flow_return_corr_12*x_jump_concentration_72),0.5|-0.5|-1,4,-0.3339857527066365,2,0.04362533113244273,0.1776434783834761,True,False,False
BTC_LONG_8a63ddf27c503bd6_3d,669979,3d,5.0,95,3,-70.28207634073652,0.0122810663239981,88,65.7492027189238,0.5566233287382343,1.1592298195626456,-0.4022258587670102,1.3838576426799525,89.10993068145747,-0.0073111158014786,289,83.77559523809524,-0.3393782019710684,-0.7003769264728539,-0.8979084826174113,-0.3779652476183072,-32.33105428448425,1.2741689902497193,-0.3393782019710684,8a63ddf27c503bd6,-1,1.141557693481445,tanh(x_return_efficiency_12)|(x_flow_std_12*x_return_efficiency_curve_12_72),-1|-0.5,3,-0.6547160545073618,1,0.03418132225068002,0.14131153007799055,False,False,False
BTC_LONG_14a7dc621742d15a_3d,99952,3d,5.0,99,3,119.36426336007472,0.017099096298821,30,22.41450092690584,0.5383595283545533,1.4923751479760423,-0.1777584791216536,3.028601116608974,220.21625807477815,0.0062683805299702,89,25.79940476190476,0.0524289818905834,0.3316366437061245,-0.2560444870851394,0.2047651269021459,36.616934901254005,1.1510140174897117,0.0524289818905834,14a7dc621742d15a,-1,1.3047271966934204,signed_sqrt(x_trade_surprise_3)|(x_flow_return_corr_72*x_trade_surprise_3),0.5|-1,5,-0.05482023269709557,3,0.06478843572854545,0.2542450316186951,True,False,False
BTC_LONG_7a160a0e08d4534f_3d,591366,3d,5.0,95,2,-174.53069373777993,0.0049751181285462,47,35.11605145215248,0.0517501605912966,0.3575459813935575,-0.5061845073980553,0.1022357654865979,57.893390554371656,0.0042621011631387,164,47.54047619047619,0.1825728366564161,0.6534923263576736,-0.517409684394464,0.352859334030605,52.70128495789577,1.353810415024954,0.0517501605912966,7a160a0e08d4534f,1,2.5335440635681152,x_volume_surprise_12|x_return_skew_288|(x_flow_std_12*x_volume_surprise_72)|(x_flow_autocorr_72*x_volume_surprise_3),-0.5|0.5|0.5|-1,5,-0.346124598891836,3,0.05398223379906425,0.21676797060178032,False,False,False
BTC_LONG_c8b7bf433090f4e1_3d,972646,3d,5.0,95,4,72.44401527240267,0.0017480964679355,90,67.24350278071752,0.9177375744288716,1.580548262137417,-0.3018294864128842,3.040582897767195,119.15413799490868,-0.0075873950221861,291,84.35535714285714,-0.2677180101136258,-0.4649331674241123,-0.797258261642342,-0.3357983516685422,-19.7999761832892,1.2544759516460906,-0.2677180101136258,c8b7bf433090f4e1,-1,1.979266881942749,(x_flow_mean_72*x_return_efficiency_curve_3_12)|(x_flow_autocorr_72*m1_return_efficiency_5)|(x_flow_return_corr_12*x_trade_surprise_3)|(x_flow_sign_bias_72*x_volume_surprise_3),-1|1|-1|1,5,-0.8354514231284056,1,0.03435073467182125,0.15547146557096472,True,False,False
BTC_LONG_338a0d721e89cd62_3d,248890,3d,5.0,97,3,-118.87803635135128,0.0536129004901781,67,50.059052070089706,0.7391616564824255,1.5676188868187284,-0.3311871706253081,2.23185473968339,131.68911318000488,0.0041129936983557,196,56.81666666666666,-0.2530144629689456,-0.5466898250125566,-0.7386726815729534,-0.3425258159407878,-32.58182557533608,1.1349928597751981,-0.2530144629689456,338a0d721e89cd62,1,2.1578752994537354,x_return_efficiency_288|tanh(m1_flow_return_corr_60)|(x_flow_autocorr_72*x_close_location)|(x_flow_std_12*x_volume_surprise_12),1|-1|0.5|1,4,-0.7318438105351076,1,0.04192647150248865,0.1941101997264134,True,False,False
BTC_LONG_cc32ec9302efe55e_3d,989617,3d,5.0,99,3,-365.6559061616129,0.0462670915911036,22,16.43730067973095,0.5169364092858819,1.3751248971605834,-0.111592119827135,4.632373774121839,290.7292358850772,0.0194521687789915,125,36.23511904761904,-0.1556937999362434,-0.5134595200177613,-0.5166132897711596,-0.3013739735677531,-32.115686625570135,2.2044446198092023,-0.1556937999362434,cc32ec9302efe55e,1,2.3596854209899902,tanh(x_volume_surprise_288)|signed_sqrt(m1_flow_mean_15)|signed_sqrt(m1_range_mean_60),-0.5|1|1,2,-0.321027566064217,1,0.08223445861719537,0.3302944862434323,True,False,False
BTC_LONG_acd4a00330fd999c_3d,837754,3d,5.0,97,3,-106.0299326181878,0.0236705133576197,54,40.346101668430514,0.3272226598019536,0.8465216255421995,-0.2947021794102799,1.1103503219988042,100.15790509044332,0.0186603799922719,227,65.80297619047619,0.0576502066991715,0.339893093051836,-0.5992359185846345,0.0962061934393693,24.856009533024388,1.6309624342706903,0.0576502066991715,acd4a00330fd999c,1,1.905548095703125,(x_flow_price_gap*x_return_efficiency_curve_3_12)|(x_flow_std_3*m1_return_efficiency_5)|(x_flow_mean_12*x_jump_concentration_72)|(x_flow_mean_72*x_jump_concentration_288),0.5|1|-0.5|1,4,-0.3779520170797538,2,0.035396353683729974,0.15470432948504784,False,False,False
BTC_LONG_945c75fa3a01a4e0_3d,718397,3d,5.0,99,4,125.66605428371814,0.0311491101749766,15,11.20725046345292,0.4243756848672528,1.5416179198244029,-0.1073333907207159,3.95380861461359,345.8942467345179,0.003445723974313,70,20.291666666666668,-0.0323458206043288,-0.0041772926112523,-0.4114896852032178,-0.0786066377055226,4.479712313457483,1.8105838477366254,-0.0323458206043288,945c75fa3a01a4e0,-1,2.942365884780884,x_downside_share_72|signed_sqrt(x_close_location)|(x_flow_std_3*x_return_sum_288)|(x_flow_sign_bias_72*x_jump_concentration_288),0.5|1|-1|-1,5,-0.2412134684960064,3,0.11271412753141255,0.4082570701573616,True,False,False
BTC_LONG_992b3dd7341831d5_3d,741803,3d,5.0,95,3,-87.4214392626017,0.0065024695903472,58,43.33470179201796,0.4077308854340327,0.9585051985213806,-0.297152992883541,1.3721244449785128,109.13120457302578,-0.0082509252819864,241,69.86130952380952,-0.2242292851409377,-0.4046852513158983,-0.7733192568075634,-0.2899569397335415,-18.87170825920661,1.6121331550659854,-0.2242292851409377,992b3dd7341831d5,-1,3.934288263320923,x_flow_return_corr_12|m1_range_mean_60|m1_vwap_gap_mean_240|(x_flow_mean_12*x_volume_surprise_288),1|-1|-0.5|1,1,-0.2724867628913606,1,0.032002311263071216,0.1432895107295374,False,False,False
BTC_LONG_2f04dbac1486849e_3d,226927,3d,5.0,99,4,192.04427420394336,0.0116388494851574,30,22.41450092690584,0.8773265971417881,2.441899264243079,-0.065972414360361,13.298385478960462,301.87588219970917,0.0036450121641806,92,26.669047619047618,0.2481307215768013,1.0065727635924753,-0.2242266738232269,1.106606619747745,99.6099978018637,1.1898122427983537,0.2481307215768013,2f04dbac1486849e,1,2.585275888442993,tanh(m1_return_efficiency_240)|(x_flow_sign_bias_72*m1_return_efficiency_15)|(x_flow_return_corr_72*x_return_efficiency_72)|(x_flow_mean_12*x_volume_surprise_288),1|1|-1|0.5,7,0.06558990010951016,4,0.08049088373978172,0.2889545471455861,True,True,True
BTC_LONG_3baab9ec01ff8675_3d,288311,3d,5.0,97,4,42.42381616977571,0.0166674903983254,64,47.81760197739912,1.2368097099761195,2.1565880176451655,-0.1744428873647321,7.090055253385876,190.48999451059436,0.0358953125062729,255,73.91964285714286,0.1738689145344882,0.5895573366020727,-0.4878892573840455,0.3563696308189588,38.8854391804696,1.545866789641204,0.1738689145344882,3baab9ec01ff8675,1,1.3776142597198486,tanh(x_time_cos_week)|signed_sqrt(x_volume_surprise_12)|signed_sqrt(m1_volume_concentration_5)|(x_flow_mean_72*x_trade_surprise_12),0.5|0.5|-0.5|1,4,-0.13685441638158635,3,0.042509784726643476,0.15815736530215943,True,False,False
BTC_LONG_af5a1d8b361eaac6_3d,850060,3d,5.0,95,4,25.448532301746337,0.0737602884184633,27,20.173050834215257,0.5629409878326193,1.58240773487433,-0.1409889965139575,3.992800869228751,248.79945700583076,0.0162689458343728,131,37.97440476190476,-0.0444790038282469,0.0199371706346475,-0.6813526444951342,-0.0652804449907211,6.6749960132901816,1.8824324131229992,-0.0444790038282469,af5a1d8b361eaac6,-1,2.692650079727173,m1_range_mean_240|signed_sqrt(x_flow_std_288)|(x_flow_sign_bias_72*x_jump_concentration_288),-0.5|-0.5|-1,3,-0.28723371492905625,2,0.04273739574385787,0.18914284320056082,True,False,False
BTC_LONG_9d93134d13cf4041_3d,763230,3d,5.0,95,4,102.20389438281217,0.032187196042764,93,69.4849528734081,2.3132016637202235,2.288858237158922,-0.2121038805937618,10.90598463943548,202.69143790590311,-0.0022132767420279,260,75.36904761904762,-0.0123167559151896,0.2069037412733786,-0.6161969218483565,-0.0199883437882878,17.86079699012491,1.0846815677684853,-0.0123167559151896,9d93134d13cf4041,-1,1.630598783493042,x_return_sign_bias_curve_12_72|signed_sqrt(x_return_sign_entropy_288)|(x_flow_std_3*x_return_efficiency_72),-0.5|0.5|1,5,-0.3051782699404994,2,0.03961271302618352,0.16100508413768613,True,False,False
BTC_LONG_c3acdad01e0b9b6e_3d,948370,3d,5.0,99,3,-241.2785447119271,0.0534510215323654,29,21.66735089600898,0.7326770301262058,1.557506232350429,-0.1576196631574835,4.648385965614972,293.70125752759725,0.0063449569128144,96,27.82857142857143,-0.1585466295706488,-0.528071848143841,-0.6235290131229618,-0.2542730590459034,-44.42491971734245,1.2843550446998722,-0.1585466295706488,c3acdad01e0b9b6e,-1,3.045159101486206,m1_volume_surprise_curve_15_60|tanh(m1_volume_surprise_5)|(x_flow_std_72*x_return_sum_288)|(x_flow_return_corr_12*x_jump_concentration_12),-0.5|-1|-1|1,3,-0.5371179958378289,2,0.0659680394053768,0.2817136417627284,True,False,False
BTC_LONG_617986d40c95d48d_3d,471709,3d,5.0,99,4,11.210220632847076,0.0134388655524057,23,17.18445071062781,0.464889632275419,1.6856170214659796,-0.103906763135038,4.474103689201106,243.5404351467767,-0.0188869108953437,76,22.03095238095238,-0.0077091622896494,0.0715704613414637,-0.3143681670816151,-0.0245227192091877,11.901673353281405,1.2820283145464304,-0.0077091622896494,617986d40c95d48d,-1,3.1505494117736816,x_return_sign_entropy_288|tanh(m1_return_efficiency_15)|(x_flow_mean_12*x_return_sum_72)|(x_flow_std_72*m1_return_efficiency_15),0.5|-1|-1|-1,4,-0.2527226459545341,2,0.07921833538724364,0.34256334522490967,True,False,False
BTC_LONG_8a742b6a48881c25_3d,670278,3d,5.0,97,4,79.55141106974749,0.0333650049285105,48,35.863201483049345,0.6054433554295795,1.2787671636763616,-0.258061341967317,2.346121859299088,164.44384293694603,-0.0086355185188058,168,48.7,0.0102072351063891,0.2027987729565099,-0.4131068595198799,0.0247084619177036,19.275902509713266,1.357937885802469,0.0102072351063891,8a742b6a48881c25,1,1.3988558053970337,x_flow_return_corr_72|tanh(m1_range_mean_60),-0.5|1,3,-0.2805922764692053,3,0.0455264179928996,0.18855920882181595,True,False,False
BTC_LONG_334b4ed8fb8a6555_3d,247613,3d,5.0,99,4,7.008257216992442,0.0687450779957924,26,19.425900803318395,0.6122668567930498,1.7388419757625475,-0.0761097284560882,8.044528199128965,272.18280191044477,0.0331835837763338,67,19.42202380952381,0.0333509936030227,0.2549784411588697,-0.4407106265130844,0.0756754922541732,39.19382852151314,0.9998004214150048,0.0333509936030227,334b4ed8fb8a6555,1,2.468106746673584,x_return_vol_12|tanh(x_return_sign_bias_288)|tanh(m1_return_efficiency_curve_15_60)|(x_flow_std_12*x_return_efficiency_288),0.5|0.5|-1|-1,3,-0.24370366691410844,3,0.10062705371947814,0.358361352908231,True,False,False
BTC_LONG_845129c09cfc1174_3d,640335,3d,5.0,95,3,-14.684589703650165,0.0501638027644459,34,25.403101050493284,0.5041219655493074,1.4472228019621791,-0.1920268300488551,2.625268382658036,185.12986968960743,0.0243367711275751,104,30.14761904761905,0.1280224361057027,0.5453969956649245,-0.323965091736081,0.3951735522480198,60.37416347042673,1.1867692447349312,0.1280224361057027,845129c09cfc1174,-1,1.0292587280273438,tanh(x_return_sign_entropy_288)|signed_sqrt(x_return_sign_bias_288),0.5|-0.5,4,-0.18715466297078098,2,0.06880699322830822,0.2737211675033972,True,False,False
BTC_LONG_38914ddec2fa78ec_3d,273369,3d,5.0,99,4,140.34748021822892,0.0752828888543758,27,20.173050834215257,0.720135455836322,1.5653946548665856,-0.1162769865481522,6.193275876977617,308.36482820648433,0.0266680392525123,95,27.53869047619047,-0.0283574100618626,0.0225462183465011,-0.3256198622844903,-0.0870874702265155,7.163159784869039,1.365122742341106,-0.0283574100618626,38914ddec2fa78ec,-1,2.321958541870117,signed_sqrt(x_downside_share_288)|(x_flow_return_corr_12*x_return_sum_3)|(x_flow_std_72*x_return_sum_288)|(x_flow_sign_bias_3*x_volume_surprise_72),1|-0.5|-1|0.5,3,-0.18729959979399907,1,0.09179972014662172,0.3142227860319182,True,False,False
BTC_LONG_1ab93698b0cb29d5_3d,129210,3d,5.0,97,3,-138.25376183410987,0.0087566861265504,45,33.62175139035876,0.2621735358986223,0.7528113379937537,-0.2585155215034815,1.0141500764591094,104.07695542730306,-0.0017956861475118,171,49.56964285714286,0.2739396077782448,0.9185950677658752,-0.3116148415603454,0.8790967927154884,63.742695852531455,1.474332561728395,0.2621735358986223,1ab93698b0cb29d5,1,2.7294955253601074,signed_sqrt(x_flow_sign_bias_curve_72_288)|(x_flow_sign_bias_72*x_return_sum_288)|(x_flow_mean_12*x_jump_concentration_12),1|1|0.5,4,-0.16303132872721282,2,0.04436324149715088,0.18797225408093318,False,False,False
BTC_LONG_bb8916520fb2b562_3d,908890,3d,5.0,99,4,1.2602354216978462,0.0272837051800378,26,19.425900803318395,0.2707165973363028,1.0067474074836529,-0.1415644435554015,1.912320569609397,147.26690490857413,-0.0052487183837017,145,42.032738095238095,-0.1034421533888735,-0.180161014021285,-0.5545215142089659,-0.186543083971116,-8.706760793267836,2.163747180674264,-0.1034421533888735,bb8916520fb2b562,1,1.7147886753082275,(x_flow_mean_72*x_wick_asymmetry)|(x_flow_std_12*x_volume_surprise_curve_3_12),-1|-1,2,-0.18324835179230503,1,0.06047228573487398,0.25096982554904607,True,False,False
BTC_LONG_5b6ba8a58a6b17c2_3d,442290,3d,5.0,99,3,45.46525971357714,-0.0136570022741584,37,27.644551143183868,0.6405811889853523,1.567650216507549,-0.2296934485469548,2.788852677504218,205.71848449586204,0.0017800670321992,146,42.32261904761905,-0.0328111766004112,0.0226947333347121,-0.5453422825130962,-0.0601662068989181,6.5174615812587104,1.530956998665332,-0.0328111766004112,5b6ba8a58a6b17c2,-1,1.224042296409607,(x_flow_mean_12*x_trade_surprise_3)|(x_flow_sign_bias_72*x_volume_surprise_12),1|0.5,3,-0.43429113801198693,3,0.06760904151279604,0.26880389960873774,True,False,False
BTC_LONG_af2b6dbffcf57cfe_3d,849143,3d,5.0,99,3,-113.84451757764148,0.0227018328786129,25,18.678750772421537,0.5962800939344852,1.524355618486986,-0.1751246058195643,3.4048904272701055,286.29998888319466,0.0278601547946515,92,26.669047619047618,-0.1838145035109963,-0.5229842750004722,-0.5509352528029463,-0.3336408454093634,-53.91821348616356,1.4277746913580243,-0.1838145035109963,af2b6dbffcf57cfe,-1,1.3990654945373535,x_flow_std_72|x_return_efficiency_288|tanh(x_volume_surprise_12)|(x_flow_autocorr_72*x_volume_surprise_288),0.5|-0.5|0.5|0.5,3,-0.4253599731849867,2,0.09284023597308892,0.34365250614135334,True,False,False
BTC_LONG_c611255ebd68916b_3d,960039,3d,5.0,97,4,6.550589702058093,0.026149695091818,47,35.11605145215248,0.349660684490757,0.8529598436796332,-0.323580059114309,1.080600224401451,124.41259873607048,0.0027789887826655,210,60.875,-0.1656263646156351,-0.3272310089401731,-0.6631401184565472,-0.2497607368426586,-14.23101952461879,1.7335377265563434,-0.1656263646156351,c611255ebd68916b,1,1.564171314239502,tanh(x_range_surprise_12)|tanh(m1_return_efficiency_15)|(x_flow_std_72*x_trade_surprise_12),1|-0.5|1,3,-0.3802007645780616,2,0.043199482856756996,0.19584196042674237,False,False,False
BTC_LONG_1085cb11a7f91ad3_3d,79928,3d,5.0,99,4,301.2988271201276,0.0244489407654167,17,12.701550525246642,0.5953966560314257,1.7868719250452134,-0.103710702648143,5.740937442603337,402.1820254706726,0.044217313814627,55,15.94345238095238,0.145575733214623,0.6709919647726678,-0.3541648291963449,0.4110394969058813,109.26126191534432,1.255236701161946,0.145575733214623,1085cb11a7f91ad3,-1,1.265384078025818,x_flow_mean_72|tanh(m1_flow_std_240)|signed_sqrt(x_flow_return_corr_72)|(x_flow_std_12*x_return_efficiency_288),-0.5|0.5|-0.5|0.5,4,-0.20685692816455847,2,0.08340246298378116,0.3659819621759294,True,False,False
BTC_LONG_18736382b197243b_3d,118218,3d,5.0,97,4,21.06301128484567,0.0646281556817107,63,47.07045194650226,0.6590173821825602,1.350531501683054,-0.2746802850025706,2.399216173000523,133.44026095998248,0.0632307546767138,244,70.73095238095237,0.5098503349820365,1.2197061095137975,-0.4181037582992746,1.219434948530385,74.88770134723505,1.5026614246521652,0.5098503349820365,18736382b197243b,1,0.6715489625930786,tanh(x_flow_mean_12)|tanh(x_time_cos_week),0.5|0.5,6,-0.1925150578066061,4,0.035710278804099105,0.14201518793339105,True,True,False
BTC_LONG_6e133e86c2c01d4b_3d,532860,3d,5.0,99,4,4.686534336521856,0.0522595521665128,32,23.90880098869956,1.1005339573593758,2.4455530626641457,-0.1385649566428505,7.942368575887398,336.41716095788496,0.0191270160100206,131,37.97440476190476,0.4906994873668917,1.4742301785027176,-0.2458599518117742,1.9958496036091395,121.60983060921012,1.5883023485725307,0.4906994873668917,6e133e86c2c01d4b,-1,2.0905404090881348,x_flow_mean_72|tanh(x_return_sign_bias_3)|tanh(x_time_sin_day),-1|1|-1,6,-0.11528894785558425,4,0.06505670812045825,0.23431561482248225,True,True,True
BTC_LONG_986dd8ab14e316e8_3d,738175,3d,5.0,99,4,145.86238813449282,0.0174272199465575,19,14.195850587040365,0.5654998473130732,2.1021653420098527,-0.0823009993188512,6.871117629109322,337.98868292371975,0.0187428204217099,82,23.770238095238096,0.035672784719811,0.2689439183880123,-0.3185936578820225,0.1119695381162324,32.09313731849065,1.6744497238466536,0.035672784719811,986dd8ab14e316e8,-1,2.1630706787109375,x_time_sin_day|(x_flow_mean_72*x_return_efficiency_curve_72_288)|(x_flow_return_corr_72*x_return_efficiency_288)|(x_flow_return_corr_12*x_jump_concentration_288),-1|-1|0.5|0.5,4,-0.15717185118340088,2,0.08769589617210569,0.3296326097491201,True,False,False
BTC_LONG_5673ac8389b35973_3d,418301,3d,5.0,99,4,93.19132854435864,0.0286102500542214,20,14.943000617937226,0.7569088846416248,2.0674084896741416,-0.0662897449981911,11.41818971640754,408.41815707655286,-0.0041530010837406,64,18.55238095238095,-0.0946760657232858,-0.3880136886089584,-0.4091753514591727,-0.2313826221097106,-37.331066009789225,1.241543209876543,-0.0946760657232858,5673ac8389b35973,-1,1.8067119121551511,m1_realized_vol_240|signed_sqrt(x_return_sign_bias_curve_12_72),-0.5|1,2,-0.20088295715409998,1,0.1209367632540106,0.3944907609607678,True,False,False
BTC_LONG_665a553ed9e4f0c9_3d,495350,3d,5.0,97,4,19.32610106268362,0.0788357855982539,52,38.85180160663679,1.314249154362518,2.1452003426029997,-0.2187609445712074,6.007695555249011,243.93877710985836,0.0487897613578359,154,44.641666666666666,0.4330096307135933,1.15503687778018,-0.3854110863938353,1.1235007139133486,100.12239775585152,1.1490243649097815,0.4330096307135933,665a553ed9e4f0c9,-1,1.976186990737915,signed_sqrt(x_return_sign_bias_72)|(x_flow_std_3*x_return_sum_72)|(x_flow_mean_72*m1_return_sum_5)|(x_flow_std_72*x_return_efficiency_288),-1|-0.5|0.5|1,5,-0.1267213092632396,3,0.061962230909867425,0.2262374343823755,True,True,False
BTC_LONG_ad3c541b70ce7c4c_3d,839706,3d,5.0,97,3,-4.9557240748541105,0.0375465742228104,78,58.27770240995518,0.5719093966475166,1.1466131845431256,-0.3188535584730421,1.7936428226999683,104.7445882421304,0.0281615553457566,236,68.41190476190476,0.3881561318418611,0.9957853705008244,-0.2906366448400846,1.335537478611598,65.22974639153131,1.173895022158911,0.3881561318418611,ad3c541b70ce7c4c,-1,1.1796739101409912,x_flow_mean_3|signed_sqrt(x_time_sin_day),-0.5|-0.5,6,-0.17188476403068714,3,0.033861818229513056,0.14960352062260301,True,True,False
BTC_LONG_2d335184b7ce7577_3d,218215,3d,5.0,97,4,1.0009859737003524,0.0377014174733797,53,39.59895163753365,0.2043159613416545,0.716261297285355,-0.2402771185899809,0.8503346575014826,66.70556536613735,0.0230288521416107,145,42.032738095238095,0.1386973377286533,0.5547578024860504,-0.4062437748566734,0.3414140629664714,48.77487118708701,1.061460881085488,0.1386973377286533,2d335184b7ce7577,1,2.401233434677124,x_flow_sign_bias_288|tanh(x_range_position_curve_12_72)|signed_sqrt(x_return_skew_72),1|0.5|-1,4,-0.1990447925912589,2,0.061110348540755276,0.24906095416660107,False,False,False
BTC_LONG_2eab65f9093f074a_3d,225195,3d,5.0,99,4,91.21552611406652,0.005273382303614,17,12.701550525246642,0.4773580293962023,1.3526781085640525,-0.0938634335233616,5.085665540643073,350.27322515851324,-0.0146389484486377,119,34.49583333333333,0.0027863043565812,0.142077368453843,-0.2798620308424661,0.0099559927732734,15.909537318810624,2.715875771604938,0.0027863043565812,2eab65f9093f074a,-1,2.163259506225586,signed_sqrt(m1_volume_concentration_240)|(x_flow_std_72*x_return_sum_72)|(x_flow_std_72*x_trade_surprise_288),-1|-0.5|-0.5,4,-0.08808737529872301,2,0.06158320707620145,0.2725101308963699,True,False,False
BTC_LONG_246d6ab6bc31a2a0_3d,175934,3d,5.0,97,4,136.6591118481107,0.0514111030251806,78,58.27770240995518,1.9718004271559435,2.447388326907167,-0.2730982535121495,7.220113647003687,212.509060088999,0.0178134992980373,258,74.78928571428571,-0.0520151094230544,0.0725807080342641,-0.4978785286896361,-0.1044734938860543,8.943094757257466,1.2833259140550806,-0.0520151094230544,246d6ab6bc31a2a0,-1,1.6868391036987305,x_flow_sign_bias_72|signed_sqrt(x_flow_sign_bias_3)|(x_flow_autocorr_3*x_close_location)|(x_flow_sign_bias_72*x_trade_surprise_12),-0.5|-0.5|1|-0.5,4,-0.37231703879825134,2,0.03770748293873826,0.15742488907104402,True,False,False
BTC_LONG_3ebd17aa694e737f_3d,303345,3d,5.0,99,4,147.2748579532429,-0.0028277746402243,19,14.195850587040365,0.3773175472278895,1.1838200969635118,-0.1987161055690692,1.8987768814578667,265.5893604655869,0.027352006668021,70,20.291666666666668,0.4102774758201839,1.4195861893377022,-0.2510141977725818,1.634479162775861,191.49136507428295,1.4294083008447045,0.3773175472278895,3ebd17aa694e737f,-1,1.1102731227874756,tanh(m1_return_efficiency_5)|tanh(m1_flow_std_240)|signed_sqrt(x_flow_sign_bias_288),0.5|0.5|-0.5,7,0.004017471849371457,4,0.06193557977240882,0.25756333330346404,True,True,False
BTC_LONG_5e7e69134c20e509_3d,457215,3d,5.0,99,3,91.5241980695155,0.0035450220168792,28,20.92020086511212,0.3905206274518409,1.296213514087711,-0.1900715952306403,2.0545975161515737,181.5812235245569,-0.003887170657851,144,41.74285714285714,0.0435919247308349,0.2911498225339188,-0.4057806904084442,0.1074273018929434,26.76178844976753,1.9953373015873013,0.0435919247308349,5e7e69134c20e509,1,1.671053171157837,tanh(x_trade_surprise_72)|(x_flow_std_12*x_trade_surprise_12)|(x_flow_mean_72*x_jump_concentration_72)|(x_flow_sign_bias_72*x_jump_concentration_288),0.5|1|-0.5|0.5,4,-0.16529120925639307,2,0.10883768349035562,0.2821214148708541,True,False,False
BTC_LONG_335aefd95fcd5708_3d,247947,3d,5.0,99,4,28.08426475926706,0.029012075529755,30,22.41450092690584,0.9248204759600488,2.218964713500023,-0.1158326937755082,7.984105746106664,318.74344197515643,-0.0096547673666385,63,18.2625,0.0684316838514427,0.4010366792861002,-0.391051088747368,0.174994229195592,56.61503524266893,0.8147627314814814,0.0684316838514427,335aefd95fcd5708,1,1.8394641876220703,m1_range_mean_60|signed_sqrt(m1_trade_size_surprise_curve_60_240)|(x_flow_std_12*x_return_sum_12)|(x_flow_mean_72*x_return_sum_288),0.5|-0.5|0.5|-0.5,5,-0.2730696214307891,3,0.07825816070872431,0.3351480701022648,True,False,False
BTC_LONG_b51d66cd59e094b5_3d,877842,3d,5.0,99,3,112.01899229898096,-0.0078026616179859,28,20.92020086511212,0.4876523206607068,2.156020486809795,-0.0806064275223892,6.049794484754416,203.4696022094104,-0.0148977651157141,138,40.003571428571426,-0.1823338080365527,-0.5998313184913002,-0.6763981132286473,-0.2695658140828037,-35.909707142252415,1.9121982473544972,-0.1823338080365527,b51d66cd59e094b5,-1,1.7021127939224243,signed_sqrt(x_flow_mean_3)|(x_flow_mean_72*x_wick_asymmetry)|(x_flow_mean_72*x_jump_concentration_72),0.5|1|-0.5,3,-0.5629065219133883,2,0.05816073512396807,0.2514451529448566,True,False,False
BTC_LONG_3a220bae3b68d3db_3d,281113,3d,5.0,95,4,34.20466716347775,0.0030109392960892,71,53.04765219367715,0.6944866371446863,1.393251783069171,-0.2747678375535354,2.527539770768744,123.3026363522513,-0.0063554188687933,293,84.93511904761904,-0.3603975931537335,-0.7545119133568428,-0.8600257708574237,-0.4190544113514486,-35.35318032911085,1.6011098613284644,-0.3603975931537335,3a220bae3b68d3db,-1,0.9901062846183776,(x_flow_mean_72*x_close_location)|(x_flow_return_corr_12*x_trade_surprise_3),1|-0.5,3,-0.494962793744072,1,0.050638093219035084,0.17464326368835342,True,False,False
BTC_LONG_7ecf710edf22bb81_3d,613914,3d,5.0,97,4,26.85005393164463,0.0054445407117057,56,41.84040173022424,0.1490600715163559,0.5362001576113229,-0.3201110089100401,0.4656511877673219,60.02062425141056,0.0034548849515397,219,63.48392857142857,0.2711428927726611,0.8272374567069566,-0.4262027917153973,0.6361828172953885,53.543329645837325,1.517287739748677,0.1490600715163559,7ecf710edf22bb81,1,1.223823070526123,tanh(x_return_sign_bias_curve_72_288)|(x_flow_mean_72*x_volume_surprise_curve_12_72),0.5|-1,5,-0.3055997687688601,3,0.0438425725186977,0.17854636610557997,False,False,False
BTC_LONG_40eac27ee3a52e32_3d,313996,3d,5.0,99,4,100.08332213917144,0.0335836148680194,18,13.448700556143503,0.8542039613440364,1.8262722079075897,-0.1417894802184822,6.024452307941326,510.6154136367022,0.0166821077832623,119,34.49583333333333,0.035424460759369,0.2630427871859288,-0.3257556325467911,0.1087455049738263,26.8946798536733,2.5649937842935526,0.035424460759369,40eac27ee3a52e32,-1,2.5780036449432373,x_flow_std_12|signed_sqrt(x_return_sum_72)|(x_flow_std_3*x_wick_asymmetry)|(x_flow_std_72*x_return_sum_72),-0.5|-1|1|-1,4,-0.08915114317523631,2,0.05817956470773132,0.25879231581686624,True,False,False
BTC_LONG_b95b931dcfbb0fc6_3d,898504,3d,5.0,99,3,-448.19585894748826,0.0325617974584814,9,6.724350278071752,-0.0291721075428832,-0.1103201498175698,-0.1744486948227802,-0.1672245675011712,-20.463132242325926,0.0127204783986151,60,17.392857142857142,-0.062894169265343,-0.1535624490893568,-0.3665138823073697,-0.1716010560620405,-15.655660947141104,2.586548353909465,-0.062894169265343,b95b931dcfbb0fc6,-1,2.2710330486297607,(x_flow_sign_bias_72*x_return_efficiency_288)|(x_flow_return_corr_12*x_jump_concentration_288),-1|1,3,-0.12496691865063159,1,0.08923173437721005,0.3646144334393461,False,False,False
BTC_LONG_156e4ac4dc73bcab_3d,103660,3d,5.0,99,4,31.87400383118738,-0.0250368297693355,20,14.943000617937226,0.5704796049262175,1.640727563408122,-0.079270451714043,7.196623616882396,334.30045864853497,-0.0094035770736997,47,13.624404761904762,0.1057258681791886,0.5887549906887086,-0.2979000486231887,0.3549038298846347,93.92036001213305,0.9117582947530863,0.1057258681791886,156e4ac4dc73bcab,1,5.211653709411621,x_return_sum_12|x_return_skew_288|tanh(x_return_efficiency_curve_12_72)|(x_flow_autocorr_72*m1_vwap_gap),-0.5|1|0.5|1,5,-0.0564803735242842,3,0.14224090100250522,0.43669348991526447,True,False,False
BTC_LONG_c2fd33ab591fc8c9_3d,945078,3d,5.0,97,3,-48.827965415344394,-0.0514458671336761,55,41.093251699327375,0.8466601158686866,1.6459634594934556,-0.340015891381684,2.4900604275529887,175.70268870013896,-0.0391108490893011,192,55.65714285714286,-0.1233591851600336,-0.158458594348423,-0.8151878513510924,-0.1513260838659189,-5.6720354478041175,1.3544107744107743,-0.1233591851600336,c2fd33ab591fc8c9,-1,1.2860866785049438,x_time_cos_week|tanh(m1_trade_intensity_5)|(x_flow_mean_3*x_volume_surprise_curve_3_12)|(x_flow_sign_bias_72*x_jump_concentration_288),0.5|-0.5|-0.5|-0.5,3,-0.7068229043013587,2,0.03955972186931623,0.17525757138172182,True,False,False
BTC_LONG_b1b4fab7d01943e0_3d,861590,3d,5.0,99,3,-116.51917268197894,0.0002955186525533,23,17.18445071062781,0.0796154856056381,0.4874834371627832,-0.1449491092564894,0.5492650904446571,60.97251464918989,-0.0217811191632648,105,30.4375,0.0696135356597831,0.3777406690153482,-0.3826252449168531,0.1819365987597357,40.67353086451956,1.7712233293075683,0.0696135356597831,b1b4fab7d01943e0,1,2.9950950145721436,x_flow_return_corr_12|x_jump_concentration_72|(x_flow_autocorr_72*x_return_efficiency_curve_3_12)|(x_flow_return_corr_12*x_jump_concentration_288),-1|0.5|-1|-0.5,5,-0.2610588327435286,2,0.07341576792596469,0.28304105639966326,False,False,False
BTC_LONG_44d3698016ad47d0_3d,332926,3d,5.0,97,4,162.55009201020047,0.0562671688834153,57,42.5875517611211,1.241463952548743,2.061941128953933,-0.1275133018981999,9.735956438018237,215.9435285979788,9.49274871009508e-05,206,59.71547619047619,0.134478871034497,0.52120826606186,-0.5009744315576405,0.2684345997786203,38.08950834441803,1.4021814760667097,0.134478871034497,44d3698016ad47d0,-1,1.1836328506469729,x_flow_mean_curve_72_288|(x_flow_std_3*x_return_sum_72),-0.5|-0.5,4,-0.30778410042325866,3,0.04162351268088409,0.1686111268196274,True,False,False
BTC_LONG_721f882d099afd18_3d,552410,3d,5.0,99,4,165.70874915884576,0.0244720292308842,25,18.678750772421537,0.7760527548826219,1.8214793302269576,-0.0933101360731568,8.316918049226532,342.0725021411542,0.0252039160906565,86,24.929761904761904,0.1718282157559891,0.7264082026058497,-0.3874630850459528,0.4434699004567376,82.64241799691507,1.3346589506172835,0.1718282157559891,721f882d099afd18,-1,1.7784202098846436,(x_flow_sign_bias_72*x_return_sum_72)|(x_flow_mean_72*x_trade_surprise_3)|(x_flow_mean_72*x_volume_surprise_288),-0.5|1|-1,5,-0.35370540851129606,2,0.06939925085421428,0.29869275398070433,True,True,False
BTC_LONG_00e1ec97134d3b59_3d,4160,3d,5.0,95,4,61.19321469658371,0.0192889553279954,84,62.76060259533635,1.131982457159232,1.6095909331322429,-0.3760051696071655,3.010550249460346,151.92668945906954,0.0126201745942957,267,77.39821428571429,-0.246654594194394,-0.4091768405147361,-0.671720818480873,-0.3671980790355948,-18.618474836823363,1.2332293044532627,-0.246654594194394,00e1ec97134d3b59,-1,2.8876218795776367,tanh(x_flow_mean_curve_72_288)|(x_flow_sign_bias_3*m1_return_efficiency_5)|(x_flow_return_corr_72*x_close_location)|(x_flow_sign_bias_72*x_jump_concentration_288),-1|1|-0.5|-1,2,-0.23224433867189653,0,0.04606204151396436,0.1753733250925664,False,False,False
BTC_LONG_767ec9f7759aa3be_3d,573918,3d,5.0,95,3,-57.64569300752515,0.0396273520774819,75,56.0362523172646,1.0037178079198674,1.6102999824770792,-0.3501398985918799,2.8666193483130935,150.9871124859714,-0.0028633280309324,258,74.78928571428571,-0.3114747622224747,-0.6541559010637269,-0.819644364637889,-0.3800120828746029,-32.4822893577415,1.334658950617284,-0.3114747622224747,767ec9f7759aa3be,1,1.8452472686767576,tanh(m1_downside_share_240)|(x_flow_mean_72*x_wick_asymmetry)|(x_flow_std_72*x_trade_surprise_288)|(x_flow_autocorr_72*x_trade_surprise_3),0.5|-0.5|1|-1,3,-0.7385242591396495,1,0.039468760218505115,0.17284370446801242,False,False,False
BTC_LONG_32790d4266a3dbf2_3d,243619,3d,5.0,95,3,-155.72495892666947,0.0614929591164342,63,47.07045194650226,0.6368359302975393,1.169604017119363,-0.4421509060942048,1.4403135253597217,140.07714214236492,0.0250731783969939,212,61.4547619047619,-0.1152843778888226,-0.0966250666353843,-0.6350434828301021,-0.1815377702563802,-1.3790578207170352,1.305591073878111,-0.1152843778888226,32790d4266a3dbf2,1,1.979275465011597,x_return_vol_12|signed_sqrt(x_flow_sign_bias_72)|(x_flow_std_72*x_return_sum_3),0.5|0.5|0.5,4,-0.46045835032452437,1,0.04677995129509594,0.19065357391277074,False,False,False
BTC_LONG_5830dd86ca0caf07_3d,426761,3d,5.0,99,4,10.77710417485156,0.0440574357636766,22,16.43730067973095,0.5879957972878258,1.723364188233348,-0.1838827306178742,3.1976673139020164,310.71474502538456,-0.0016217441432471,91,26.379166666666663,-0.0355528114331629,-0.0033363340992319,-0.4185366201693347,-0.0849455214188395,4.668639078803276,1.6048356832210997,-0.0355528114331629,5830dd86ca0caf07,-1,1.9668924808502195,m1_flow_surprise_curve_60_240|tanh(m1_vwap_gap_mean_5)|(x_flow_std_12*m1_return_efficiency_15)|(x_flow_std_72*x_return_sum_288),-0.5|-0.5|-1|-0.5,3,-0.10831892554468786,1,0.07538835771083476,0.30616537490668666,True,False,False
BTC_LONG_56eb83020db30df8_3d,420551,3d,5.0,95,3,-35.135730197797066,-0.0187536631046854,75,56.0362523172646,0.2000430626779452,0.6021320707702201,-0.4122589384223454,0.4852364473732959,65.68538177097058,-0.0046053551747093,207,60.00535714285714,-0.2204137173796005,-0.4581909349231067,-0.6422033161505867,-0.3432148539823438,-24.149842336440777,1.0708310185185186,-0.2204137173796005,56eb83020db30df8,1,2.352013111114502,(x_flow_return_corr_12*x_return_efficiency_72)|(x_flow_autocorr_3*x_jump_concentration_288)|(x_flow_sign_bias_72*x_jump_concentration_288),-1|0.5|1,2,-0.36619160518646304,1,0.03553114739685382,0.1706820511352311,False,False,False
BTC_LONG_508558d09cb3eda5_3d,389329,3d,5.0,97,4,120.11208933187288,0.0128806753029956,70,52.30050216278029,1.5791010787576396,2.207967247118112,-0.2517664877888637,6.272086061278754,207.6972866079567,0.0106524290639229,255,73.91964285714286,0.1223131721343393,0.4820276457577065,-0.6473786975544432,0.1889360471643462,32.50073088390108,1.4133639219576721,0.1223131721343393,508558d09cb3eda5,-1,1.2793638706207275,signed_sqrt(m1_flow_mean_curve_15_60)|(x_flow_mean_72*x_return_efficiency_12),-0.5|-1,4,-0.3795407466174933,2,0.04075865894874258,0.16627641556112674,True,False,False
BTC_LONG_7633d7a44ab2b4b5_3d,572438,3d,5.0,99,3,88.55898806352374,0.0281285304083637,34,25.403101050493284,0.4612918597475588,1.4909133372678278,-0.1208943014003409,3.8156625614634456,169.47814772587108,0.0625488734544576,133,38.55416666666667,0.1777990207582989,0.6794822262520667,-0.3799695670760609,0.4679296348033782,59.464949954559735,1.5176952841321714,0.1777990207582989,7633d7a44ab2b4b5,-1,1.2621179819107056,signed_sqrt(x_time_cos_week)|(x_flow_mean_72*x_return_efficiency_curve_3_12),-0.5|1,5,-0.1724974643699681,3,0.09381821314958938,0.24971494753413195,True,True,False
BTC_LONG_a49edce42a2f9101_3d,797758,3d,5.0,99,4,17.61493325762854,0.0127097856295385,22,16.43730067973095,0.1929295259056849,0.9114676624809062,-0.1312730377369002,1.4696812782862363,126.57565552177216,-0.0072105325666211,57,16.523214285714285,-0.0079639692815262,0.0776577296868058,-0.2558176338920752,-0.031131432029764,15.53318260702538,1.0052267466329965,-0.0079639692815262,a49edce42a2f9101,-1,0.8186755180358887,tanh(x_return_sign_entropy_288)|(x_flow_return_corr_72*x_return_efficiency_288),0.5|0.5,3,-0.16637248730512455,1,0.07837898332629939,0.37824768123640595,False,False,False
BTC_LONG_73fcc5ca180ce55b_3d,561484,3d,5.0,99,3,-215.9799542324592,0.0206906388354854,28,20.92020086511212,0.6845127938282007,1.6700010356007324,-0.1551159728361445,4.412909781710747,281.11978554786054,0.0171040972410584,102,29.567857142857143,-0.0572360616219087,-0.0313007853934641,-0.4414674279833606,-0.129649568674557,1.7079131300053092,1.413363921957672,-0.0572360616219087,73fcc5ca180ce55b,-1,2.7630462646484375,m1_trade_size_surprise_60|tanh(m1_quote_flow_return_corr_60)|signed_sqrt(m1_volume_surprise_curve_15_60)|(x_flow_autocorr_72*x_return_sum_288),1|-1|-0.5|1,3,-0.26621198163238824,1,0.07352102767413932,0.27512084756953725,True,False,False
BTC_LONG_4a6830304265beb5_3d,359988,3d,5.0,99,3,-89.0654588421691,0.0457442862688193,22,16.43730067973095,0.3441210163945325,1.0507727112880514,-0.1334132410568631,2.579361790992409,216.2483026576094,-0.0016197265452698,105,30.4375,-0.1475226691862273,-0.4100596226158662,-0.5486163259835093,-0.2688995244933008,-33.603686574885735,1.8517334806397305,-0.1475226691862273,4a6830304265beb5,-1,1.678305745124817,tanh(m1_flow_surprise_curve_60_240)|(x_flow_sign_bias_72*x_wick_asymmetry)|(x_flow_autocorr_72*x_return_sum_288)|(x_flow_std_12*x_volume_surprise_curve_3_12),1|0.5|0.5|0.5,3,-0.2669453135625769,1,0.0768376542877991,0.33132167928975836,True,False,False
BTC_LONG_08ab8999277fe00a_3d,41919,3d,5.0,99,3,-3.499503581871344,0.03221985469274,22,16.43730067973095,0.5507699918575939,1.5014678059443038,-0.1620246904070498,3.3992966780180898,302.1198849272889,-0.0139845680845404,97,28.11845238095238,-0.0337615934382119,0.0251892739209204,-0.4600126460348882,-0.0733927506759268,7.564062698279966,1.7106490249719415,-0.0337615934382119,08ab8999277fe00a,1,1.682789325714111,tanh(m1_volume_concentration_240)|tanh(m1_realized_vol_curve_60_240)|tanh(m1_flow_return_corr_curve_60_240)|(x_flow_autocorr_72*x_return_sum_288),1|-1|-1|-0.5,5,-0.5225154004193443,1,0.06765912045053891,0.24808959364419225,True,False,False
BTC_LONG_435b40576df96ddc_3d,325836,3d,5.0,99,3,-1150.6728615599766,0.0694017104918115,15,11.20725046345292,0.5217849709258013,1.6660450078557194,-0.1150672861559976,4.534607431502413,411.170432088184,0.0750946966047168,44,12.754761904761905,0.0605645071728038,0.4149184820392847,-0.1817535243530224,0.3332232890030156,63.20101323907903,1.1380812757201646,0.0605645071728038,435b40576df96ddc,1,0.8814617991447449,x_downside_share_288|tanh(m1_flow_return_corr_60)|signed_sqrt(x_return_sum_288),-1|0.5|-1,5,-0.06445217733171205,2,0.1491728428116249,0.525141081756142,True,False,False
BTC_LONG_882a17966ab42df1_3d,659008,3d,5.0,95,3,-8.606540484889422,0.01561932423756,66,49.31190203919285,0.1155157828414568,0.4745653233401547,-0.3924353629954302,0.2943562016423121,57.82691159773294,-0.0232088725482437,192,55.65714285714286,-0.3068270974058515,-0.7513891250079108,-0.8049652921371799,-0.3811681079953481,-46.95350145724965,1.128675645342312,-0.3068270974058515,882a17966ab42df1,-1,3.6204991340637207,m1_return_sum_60|(x_flow_price_gap*m1_return_efficiency_15)|(x_flow_std_12*x_return_sum_72)|(x_flow_autocorr_72*x_jump_concentration_288),1|1|-0.5|-1,2,-0.7483396697476843,1,0.043001048671139894,0.17994553036025482,False,False,False
BTC_LONG_9ea03f20740d3b66_3d,768362,3d,5.0,99,3,-170.66676224756606,0.0585574934276412,22,16.43730067973095,0.413728495528777,1.2673383124454238,-0.2162756267463018,1.912968658341208,244.8106607872994,-0.0096816017704784,100,28.988095238095237,0.0418793763131559,0.2838767804920077,-0.3986700149514511,0.1050477205271028,34.4318236463289,1.7635556958473624,0.0418793763131559,9ea03f20740d3b66,-1,1.599381923675537,tanh(x_return_sign_entropy_288)|tanh(x_flow_sign_bias_curve_12_72)|(x_flow_mean_72*x_volume_surprise_3)|(x_flow_std_72*x_volume_surprise_72),1|0.5|1|-0.5,3,-0.27486702947399483,3,0.09842969426817008,0.30425184844246506,True,False,False
BTC_LONG_a7dad690be812564_3d,813511,3d,5.0,97,4,107.64358300344207,0.0580218816823899,77,57.53055237905832,2.5739592858477307,2.3572075940663986,-0.2724937405936639,9.445939125941084,257.5752863481176,-0.0161417149026313,254,73.6297619047619,0.1917165753044734,0.6252382366028122,-0.3757506673993885,0.5102228470580366,40.55724381453472,1.2798375621292288,0.1917165753044734,a7dad690be812564,-1,3.1115636825561523,m1_volume_concentration_5|(x_flow_mean_3*x_close_location)|(x_flow_std_12*x_return_sum_288)|(x_flow_autocorr_12*x_trade_surprise_72),-1|-1|-1|1,5,-0.12707649025412715,2,0.04111301450207424,0.151111540074272,True,True,False
BTC_LONG_8f4cb2e57d3d016e_3d,693716,3d,5.0,97,4,83.65640963756883,0.0306514857860864,70,52.30050216278029,2.359785343275223,2.537473576677643,-0.2392261831363156,9.86424358879886,262.686000371799,0.0093372656706812,234,67.83214285714286,0.3765471814748091,0.9641362747599556,-0.2971889769070492,1.2670294349193862,65.13785309683242,1.2969692460317461,0.3765471814748091,8f4cb2e57d3d016e,1,0.9494611620903016,m1_return_efficiency_240|(x_flow_std_12*x_return_efficiency_curve_72_288),0.5|0.5,6,-0.12958595209400803,4,0.04738456995489467,0.16058789538473048,True,True,True
BTC_LONG_055a0d8f3308bdc7_3d,25728,3d,5.0,99,4,47.45598177784789,0.0557711498940057,21,15.690150648834088,0.5760970577403957,1.463318500400747,-0.1097773391154122,5.247868661989771,329.87809691934655,0.0070900813250129,111,32.176785714285714,-0.2112198534201783,-0.9264361825491336,-0.6387811055917769,-0.3306607718531388,-60.53435282851772,2.0507633377425045,-0.2112198534201783,055a0d8f3308bdc7,1,2.4334616661071777,(x_flow_mean_3*m1_return_efficiency_15)|(x_flow_std_12*x_return_sum_288)|(x_flow_mean_72*m1_return_sum_5)|(x_flow_std_72*x_volume_surprise_288),0.5|0.5|1|1,2,-0.46030535843244913,1,0.07114352065357192,0.2849204477782213,True,False,False
BTC_LONG_63da86f557d057dd_3d,483331,3d,5.0,99,3,-35.38227770732943,0.0044300958429041,33,24.655951019596426,0.7897802491393935,2.106014682828186,-0.072858545388421,10.83991239365188,258.06258866149955,-0.0174866160220786,136,39.42380952380952,0.0053705660147036,0.1717892786044554,-0.5253940116801965,0.0102219779733094,18.37801183838473,1.5989571642349416,0.0053705660147036,63da86f557d057dd,1,1.66497802734375,tanh(x_range_surprise_72)|(x_flow_return_corr_72*x_return_efficiency_72)|(x_flow_autocorr_3*x_trade_surprise_3)|(x_flow_std_72*x_jump_concentration_12),1|-0.5|-0.5|0.5,4,-0.2899128020633741,2,0.055758692851085034,0.22965698366966103,True,False,False
BTC_LONG_c1f8e738d2b049cf_3d,940160,3d,5.0,99,2,-223.92239288704448,0.0519343996105858,21,15.690150648834088,0.284647434774901,0.9431575882140228,-0.1551748135497103,1.8343662110070085,193.00329615178552,0.0167389278800952,83,24.060119047619047,0.0374994768945584,0.2745223581415185,-0.4317279156937831,0.0868590506460466,30.340160001048233,1.5334536669606114,0.0374994768945584,c1f8e738d2b049cf,-1,2.116612672805786,tanh(x_return_vol_72)|signed_sqrt(m1_return_autocorr_240)|(x_flow_mean_72*x_wick_asymmetry)|(x_flow_return_corr_72*x_return_efficiency_curve_72_288),-1|-0.5|1|0.5,3,-0.18614702372328307,2,0.10315629074264514,0.37046082333141345,False,False,False
BTC_LONG_858af8887bcdc689_3d,646382,3d,5.0,97,3,-166.94147357080823,0.0153730959741705,56,41.84040173022424,0.1391688255909082,0.5148159679179436,-0.4831053059251394,0.2880714077946257,59.53483983562041,-0.0098029589479511,232,67.25238095238095,0.111803627633781,0.4661684455694794,-0.4608859197877466,0.2425841685189045,30.929050600891028,1.6073550485008816,0.111803627633781,858af8887bcdc689,1,2.18951153755188,tanh(x_flow_mean_curve_72_288)|(x_flow_std_3*x_return_efficiency_3)|(x_flow_std_72*x_wick_asymmetry)|(x_flow_sign_bias_72*x_return_sum_288),1|-1|1|0.5,4,-0.09377460910521263,2,0.05365979815416964,0.18844315556124752,False,False,False
BTC_LONG_86a9cd61a46fd4d7_3d,651606,3d,5.0,95,4,92.49446110705698,0.0100268024547455,92,68.73780284251124,2.9853897863451104,2.6359041208737968,-0.2046795049417721,14.5856801207058,230.32199432689103,0.0188733455538289,294,85.225,0.1743686256829122,0.5772463832093805,-0.7127768725200768,0.2446328330862064,36.66477911857831,1.2398563305152979,0.1743686256829122,86a9cd61a46fd4d7,-1,1.3404943943023682,signed_sqrt(m1_trade_size_surprise_curve_5_15)|(x_flow_mean_12*x_return_efficiency_72)|(x_flow_autocorr_72*x_volume_surprise_3),-0.5|-0.5|1,5,-0.9164709140308167,3,0.033876997043393815,0.14272723858050704,True,False,False
BTC_LONG_725a7bb4e7c55762_3d,553546,3d,5.0,95,3,-71.97308392262461,0.0661929861790025,83,62.01345256443949,1.1208081715094766,1.7501405041182048,-0.3848663123120325,2.912201290823228,145.69501578757033,-0.0155563192030545,272,78.84761904761905,-0.060356546693054,0.0777942931166035,-0.475957483607323,-0.1268107946020861,9.325206543865486,1.27145991372899,-0.060356546693054,725a7bb4e7c55762,1,1.3725812435150146,tanh(x_flow_return_corr_3)|signed_sqrt(x_avg_trade_size_log),-1|-0.5,4,-0.2722263596636044,2,0.04317375872258045,0.16013196944465644,False,False,False
BTC_LONG_458cd7b0a1c790f2_3d,336419,3d,5.0,97,3,-178.22024839182956,0.0364070540444251,32,23.90880098869956,0.3374339717350083,1.0400896812145306,-0.2209099772274816,1.5274727559612953,148.2687412064442,-0.0210121065856804,111,32.176785714285714,-0.0909582166972871,-0.1864319543947639,-0.5227778475049125,-0.1739901893919336,-11.63376320080948,1.3458134403935185,-0.0909582166972871,458cd7b0a1c790f2,1,1.551690936088562,x_return_sum_72|signed_sqrt(x_vwap_pressure_72)|(x_flow_autocorr_72*x_jump_concentration_288),-0.5|0.5|0.5,3,-0.20772691468273552,1,0.06394414914872289,0.24439026443322276,True,False,False
BTC_LONG_6a6e2925951a3b25_3d,515086,3d,5.0,99,3,67.9678729958304,-0.0116111490587185,39,29.13885120497759,0.3186113810636901,1.0381186166423928,-0.2548110299738548,1.250383003814166,116.2373567806077,-0.0164294909273305,155,44.93154761904762,-0.0761911509891665,-0.1355558581767351,-0.4442240336027671,-0.1715151482715542,-3.590581539005134,1.5419807494460274,-0.0761911509891665,6a6e2925951a3b25,-1,1.375854730606079,tanh(x_trade_surprise_72)|(x_flow_mean_12*x_return_efficiency_curve_72_288)|(x_flow_mean_12*x_volume_surprise_288)|(x_flow_mean_72*x_volume_surprise_3),-0.5|-0.5|0.5|1,4,-0.32590106653092743,1,0.05688509012503696,0.21464200081480167,True,False,False
BTC_LONG_57ac08c1cc60a48a_3d,424338,3d,5.0,95,4,128.6182056271526,0.0152106131287714,87,65.00205268802694,2.080922269139466,2.4927055209875,-0.2313250405326298,8.995663696191762,196.66363488121567,0.0243747164510904,295,85.51488095238095,-0.2820686040983672,-0.4525151201869674,-0.7452042035339341,-0.3785118263701832,-20.24910108301957,1.3155720075918829,-0.2820686040983672,57ac08c1cc60a48a,-1,2.581262588500977,m1_flow_mean_240|tanh(x_return_autocorr_72)|tanh(m1_flow_std_5)|(x_flow_mean_3*x_trade_surprise_3),-1|-1|1|1,2,-0.5126023769560046,1,0.04042181656128,0.16090183812773162,True,False,False
BTC_LONG_850b13a3963a891e_3d,643919,3d,5.0,95,4,75.66665179606677,0.0216873655968626,95,70.97925293520183,1.1699354849956656,1.6292277109671192,-0.2275447672938559,5.141561807416942,137.00477844094684,0.0051868461494358,290,84.06547619047619,-0.3738332437314123,-0.8822716689119683,-0.8627199327691901,-0.4333193537460861,-39.75550502312797,1.184366877842755,-0.3738332437314123,850b13a3963a891e,1,1.893466830253601,m1_flow_mean_15|signed_sqrt(m1_flow_mean_curve_5_15)|(x_flow_sign_bias_12*m1_return_efficiency_15),1|-0.5|-0.5,0,-0.6163182992767304,0,0.04617160099902644,0.15696481405239515,True,False,False
BTC_LONG_c10ca9bb2332538e_3d,935677,3d,5.0,99,4,59.78737711766569,0.0260183340564899,16,11.95440049434978,0.3136339925564331,1.1629467277926038,-0.1470009419863771,2.133550903269029,260.18536076534315,-0.0042966823356292,59,17.10297619047619,-0.0621020663722917,-0.1115755208485291,-0.5169643130375692,-0.1201283431101725,-12.091989998467898,1.430684558256173,-0.0621020663722917,c10ca9bb2332538e,-1,1.5921425819396973,signed_sqrt(x_volume_surprise_curve_3_12)|(x_flow_std_3*x_return_sum_288)|(x_flow_sign_bias_72*x_trade_surprise_3)|(x_flow_sign_bias_72*x_jump_concentration_288),0.5|-0.5|0.5|-0.5,3,-0.2169532337690846,2,0.09817110904559036,0.3925097788149744,True,False,False
BTC_LONG_b8efdc1c2b822c37_3d,896453,3d,5.0,99,3,-246.77428879111895,-0.0415518779373861,17,12.701550525246642,0.0901771497383987,0.5321836225267941,-0.1605533677103304,0.5616646416355208,87.7979203984302,-0.0128435925281785,44,12.754761904761905,0.0477412710508118,0.3404753439378806,-0.2358620611687674,0.2024118283976638,56.411617596368565,1.0041893609295571,0.0477412710508118,b8efdc1c2b822c37,1,1.2405660152435305,tanh(x_jump_concentration_72)|(x_flow_sign_bias_72*x_jump_concentration_288),1|0.5,6,-0.17003087935701738,3,0.09099825850621954,0.4024161660812481,False,False,False
BTC_LONG_1ba1fe56fb2814f0_3d,133510,3d,5.0,99,4,166.9928614086688,0.0326132646720413,19,14.195850587040365,0.4786393027378564,1.638693430834036,-0.0886697131684801,5.398002154674845,302.37677883895077,0.0178817481654299,82,23.770238095238096,-0.1214000803690376,-0.3134698456155416,-0.5538999578170845,-0.2191732977331762,-32.04390563079663,1.6744497238466536,-0.1214000803690376,1ba1fe56fb2814f0,1,2.809056282043457,m1_realized_vol_15|signed_sqrt(m1_return_efficiency_curve_5_15)|(x_flow_autocorr_3*x_return_efficiency_288)|(x_flow_sign_bias_72*x_jump_concentration_288),0.5|1|1|1,3,-0.25110126699608765,2,0.07586552785697057,0.29263024164893003,True,False,False
BTC_LONG_812b1d1971920cf8_3d,625233,3d,5.0,99,2,-93.63058567184126,0.0188567420721648,36,26.897401112287007,0.1157495634848562,0.517681808730485,-0.2154891580926887,0.5371479684145809,62.031763977874185,0.0130571449321018,132,38.26428571428571,-0.0470201804552792,-0.0176813452381322,-0.6446857281746398,-0.0729350416805595,3.6559047828902944,1.4226015946502057,-0.0470201804552792,812b1d1971920cf8,-1,2.089792490005493,x_flow_sign_bias_288|tanh(x_return_skew_12)|(x_flow_autocorr_12*x_return_efficiency_12)|(x_flow_sign_bias_72*x_return_efficiency_curve_3_12),-1|1|0.5|-0.5,3,-0.537329280290123,2,0.05271136566055554,0.21689647849150387,False,False,False
BTC_LONG_992128116113a94d_3d,741604,3d,5.0,99,3,-223.60618553621177,0.059215550292339,30,22.41450092690584,0.7379791865044063,1.883626278873647,-0.1267464258777113,5.822485181684177,272.8332484445124,-0.0190972342341291,113,32.756547619047616,0.043603165643774,0.2950938235270548,-0.6147387767356034,0.0709295839044291,34.41061154996382,1.4613998199588474,0.043603165643774,992128116113a94d,-1,3.063138484954834,x_flow_std_12|m1_range_mean_15|(x_flow_autocorr_72*x_return_sum_72)|(x_flow_std_72*x_volume_surprise_288),-1|-1|0.5|-0.5,5,-0.19617139357196045,3,0.0722763282230933,0.27172654094164045,True,False,False
BTC_LONG_19ec377e06899c5b_3d,125346,3d,5.0,99,4,51.612080192229016,0.102338935067857,19,14.195850587040365,0.7760977652208454,1.7109207732738123,-0.0536137034695827,14.475735026608596,452.5924312210703,-0.0058851176071001,77,22.320833333333333,-0.0092605523266118,0.0753812735455615,-0.5480999783717031,-0.016895735617657,12.717344771822042,1.5723491309291748,-0.0092605523266118,19ec377e06899c5b,-1,1.488811492919922,x_flow_mean_72|m1_realized_vol_60|tanh(x_flow_std_72),-0.5|-0.5|-1,4,-0.44843863907653925,3,0.07790676990587428,0.3225697561727408,True,False,False
BTC_LONG_2cd9b647bd3ed6a5_3d,216562,3d,5.0,99,3,82.18204380505648,0.0386435910372513,26,19.425900803318395,0.5341597064821475,2.250442344659668,-0.0523187862719415,10.209711358854982,235.07408747434263,0.0092044709856186,89,25.79940476190476,0.1241712509596739,0.5234652352110576,-0.4190454561405583,0.2963192874188423,70.17895016330328,1.3280930971035136,0.1241712509596739,2cd9b647bd3ed6a5,1,1.3911842107772827,x_flow_mean_288|tanh(x_wick_asymmetry)|tanh(x_return_sign_entropy_288),0.5|-1|-0.5,6,-0.3006400637548067,3,0.07070091811574664,0.2898505409707269,True,True,False
BTC_LONG_ca1ac1ecf6e46d6c_3d,979489,3d,5.0,97,3,-56.72320740367591,-0.0403174883980737,52,38.85180160663679,0.1955520581785019,0.6548929626455912,-0.28016848252688,0.6979802168137891,70.03506408876206,0.0140080656448887,208,60.2952380952381,-0.3559921028244934,-0.995907432936779,-0.81440200955206,-0.4371208551171152,-56.38081475883698,1.551929012345679,-0.3559921028244934,ca1ac1ecf6e46d6c,-1,2.1456501483917236,(x_flow_mean_12*x_jump_concentration_3)|(x_flow_mean_72*x_jump_concentration_288),-1|-1,2,-0.3826685543686218,1,0.07580341737655648,0.23808668142758987,False,False,False
BTC_LONG_1cedc235e9673619_3d,139800,3d,5.0,99,4,93.25757724840057,0.0968661656163775,35,26.150251081390145,1.3025925803945948,2.4551429373949984,-0.1110740736616028,11.727242347868328,348.34530655157243,0.0252520105147098,131,37.97440476190476,0.0041857220251835,0.1842889871930653,-0.6051021297224366,0.0069173810826009,21.76977455698003,1.4521621472663138,0.0041857220251835,1cedc235e9673619,-1,1.3552899360656738,tanh(x_return_autocorr_288)|tanh(m1_range_mean_240)|(x_flow_std_12*x_return_efficiency_curve_72_288),-0.5|-0.5|-1,4,-0.4970763104532948,2,0.0800719829567044,0.2957524913065295,True,False,False
BTC_LONG_022fc44040f52195_3d,10374,3d,5.0,97,4,113.21529960258636,0.0240870082614893,43,32.12745132856504,1.0792327735715117,1.7115709943269275,-0.2320245793032981,4.651372612384996,269.75291135895225,-0.0024462102565474,172,49.85952380952381,0.4561808484918261,1.1865449210467358,-0.2114140617218836,2.1577602018352717,94.128821701791,1.5519290123456788,0.4561808484918261,022fc44040f52195,1,3.328458309173584,x_flow_return_corr_curve_12_72|signed_sqrt(m1_flow_return_corr_5)|(x_flow_autocorr_72*x_return_sum_288)|(x_flow_autocorr_3*x_jump_concentration_288),-1|-0.5|-1|1,7,0.0007870190142976741,4,0.046164945157825946,0.17473146707402681,True,True,False
BTC_LONG_6aa6c7f54589ec25_3d,516144,3d,5.0,99,3,-149.09606701008173,-0.0064551866320793,38,28.39170117408073,1.8506052039762808,2.5222535101809447,-0.2473654863347524,7.48125872932779,407.27597397230994,0.0078221227240525,117,33.91607142857143,0.512838123882692,1.555815406445694,-0.2743029188697363,1.8696050555926953,139.33593515434424,1.194576937134503,0.512838123882692,6aa6c7f54589ec25,-1,1.7941169738769531,(x_flow_mean_72*x_return_sum_3)|(x_flow_autocorr_72*x_return_efficiency_72)|(x_flow_mean_72*x_volume_surprise_curve_12_72),-1|-0.5|0.5,6,-0.22596749228311253,4,0.06335024292374043,0.21159645382057513,True,True,False
BTC_LONG_4d18fc3a51ea00a9_3d,372846,3d,5.0,97,3,-11.14118684396394,0.0504069737016054,46,34.36890142125562,0.227755166401028,0.7242203983836029,-0.3218773010255442,0.7075838081013153,86.0784397168418,0.0102334785878185,206,59.71547619047619,-0.0803084190549765,-0.0388144947155372,-0.5589810743930679,-0.1436692988974162,2.5865151909672486,1.7374857420826622,-0.0803084190549765,4d18fc3a51ea00a9,1,1.0029641389846802,x_flow_sign_bias_72|signed_sqrt(x_price_volume_corr_3),0.5|-0.5,3,-0.2467208073105085,2,0.052618774556134874,0.19941606616414273,False,False,False
BTC_LONG_8c6b027e5d5168f3_3d,679884,3d,5.0,97,4,38.15779498021442,0.0385272008860158,62,46.3233019156054,0.9631581632394984,1.897587870117932,-0.2041906031563904,4.716956355243299,167.2310895157494,0.0033164442329243,213,61.74464285714286,0.0822949223904465,0.3976710426845309,-0.5909595207453554,0.1392564456642495,29.39740826830514,1.3329067727001196,0.0822949223904465,8c6b027e5d5168f3,-1,1.6682645082473757,tanh(x_time_sin_day)|signed_sqrt(x_return_sign_entropy_288)|(x_flow_mean_12*m1_return_efficiency_5)|(x_flow_sign_bias_72*x_return_efficiency_curve_72_288),-0.5|0.5|1|-0.5,5,-0.36119223395779704,3,0.04081546639088672,0.1631445269363369,True,False,False
BTC_LONG_4cd80fee95750029_3d,371651,3d,5.0,97,4,1.5077046274617478,0.0377052437556522,37,27.644551143183868,1.217502453652842,1.9886292799215224,-0.2724347499904485,4.468969005222452,327.89693769122925,0.0202735639283565,91,26.379166666666663,0.1695189487664496,0.6762540132127122,-0.4002662038555519,0.4235155182565093,80.98451500267568,0.954226622455789,0.1695189487664496,4cd80fee95750029,1,5.09967565536499,x_volume_surprise_288|(x_flow_sign_bias_12*x_return_sum_12)|(x_impact_per_flow_72*x_return_sum_288)|(x_flow_mean_3*x_jump_concentration_12),-1|1|0.5|0.5,4,-0.17178005329665502,2,0.08086361162850216,0.3014097255042266,True,False,False
BTC_LONG_028bee6d04c27cab_3d,12097,3d,5.0,99,3,-229.30424678918985,0.0226955464928098,19,14.195850587040365,0.7322709589068901,1.7595420275014235,-0.0655038289553862,11.17905579848821,428.7863565911365,-0.0147867511596163,106,30.72738095238095,-0.0888232926323104,-0.2002386031753201,-0.4488139219348596,-0.1979067232348514,-12.85027047183326,2.1645325698505524,-0.0888232926323104,028bee6d04c27cab,-1,2.6853444576263428,signed_sqrt(m1_flow_surprise_curve_15_60)|(x_flow_mean_12*x_return_sum_72)|(x_flow_autocorr_72*x_return_sum_288)|(x_flow_mean_12*x_volume_surprise_curve_3_12),-1|-0.5|1|1,3,-0.32124766277405076,1,0.08683965215085897,0.2991087694740498,True,False,False
BTC_LONG_acbdd3ba338b36ce_3d,837312,3d,5.0,99,2,-151.69214603766258,0.0462923525731911,24,17.931600741524672,0.2563755984839801,0.8184214080166319,-0.335004491634193,0.7652900330779105,164.47425118312898,0.01974836379318,48,13.914285714285716,-0.0319004637210336,-0.0091694476026266,-0.3388561675097622,-0.0941416057304448,3.375219362354182,0.7759645061728396,-0.0319004637210336,acbdd3ba338b36ce,-1,1.5231952667236328,x_return_sum_288|signed_sqrt(x_return_sign_bias_12)|(x_flow_std_72*m1_return_sum_5),0.5|-0.5|-0.5,4,-0.18520814502614846,1,0.16275649641842171,0.5352905045521242,False,False,False
BTC_LONG_5f1c0f1b6d7061fc_3d,460174,3d,5.0,95,2,-95.82357084351156,-0.0043923227524192,53,39.59895163753365,0.1716068803530819,0.5996721350827929,-0.4199465428845654,0.4086398215695112,63.450728154000466,-0.002319863974789,218,63.194047619047616,0.0153004387374566,0.2317135233356634,-0.4746177111142293,0.0322373952323372,19.398878008644985,1.5958515315630093,0.0153004387374566,5f1c0f1b6d7061fc,-1,1.90666925907135,x_flow_mean_curve_12_72|tanh(x_range_surprise_288)|signed_sqrt(m1_body_mean_60)|(x_flow_sign_bias_72*x_jump_concentration_288),-0.5|-0.5|0.5|-1,5,-0.3295828052321816,2,0.052963905130508394,0.2062756449543245,False,False,False
BTC_LONG_3aade254c2bb1315_3d,283610,3d,5.0,99,4,183.2740551809273,0.0549404240750328,21,15.690150648834088,0.6482123625863727,1.6260700569834745,-0.1252593766125804,5.174960790290803,356.9987527607075,-0.0031178570404017,67,19.42202380952381,0.0648522675032174,0.4117387235060146,-0.2369335288854825,0.2737150280430028,47.587294076635345,1.2378481407995297,0.0648522675032174,3aade254c2bb1315,-1,2.4999470710754395,(x_flow_std_12*x_return_sum_288)|(x_flow_std_72*x_return_efficiency_curve_3_12)|(x_flow_sign_bias_72*m1_return_efficiency_15),-1|-1|1,5,-0.13394606892035832,3,0.1280978243306401,0.4135145483539398,True,False,False
BTC_LONG_7789939d0e6cb875_3d,579021,3d,5.0,99,2,-114.26619167386714,0.0279636208354413,17,12.701550525246642,0.0684275137264616,0.4549550729269727,-0.1278772794663812,0.5351029832039169,69.82901246764882,0.0394586007680044,37,10.725595238095238,0.2241307417491755,1.330712278344222,-0.1007958053129186,2.2236117966751294,205.32744924353625,0.8444319625998548,0.0684275137264616,7789939d0e6cb875,1,1.7801129817962646,tanh(x_return_autocorr_288)|tanh(x_jump_concentration_288),1|1,5,-0.028674002571786705,4,0.11128376726975096,0.41818188112480104,False,False,False
BTC_LONG_b483c964dbd43b89_3d,874952,3d,5.0,95,4,37.528064940683656,0.0293691782522393,93,69.4849528734081,2.1176679178948143,2.2050587207086925,-0.2654561377539384,7.977468277104834,193.88515120550696,0.0054986374375531,271,78.5577380952381,0.511283668862424,1.144762640326013,-0.5175714645003592,0.9878513479408972,70.31854178991465,1.1305719417894595,0.511283668862424,b483c964dbd43b89,1,1.3273890018463137,x_flow_mean_curve_12_72|tanh(m1_vwap_gap_mean_5)|(x_flow_sign_bias_12*x_return_sum_12),0.5|0.5|0.5,5,-0.30330900400172084,3,0.030103284681463886,0.13019756047167133,True,False,False
BTC_LONG_25abe5371fffe146_3d,181963,3d,5.0,99,4,222.18580273518305,0.0231568622311574,36,26.897401112287007,1.089553771206523,2.632308597720553,-0.1017621095769778,10.706870914289874,294.6810835031941,0.008610612577772,146,42.32261904761905,0.2325169829967461,0.8561013555412841,-0.3181292218961259,0.7308884786216419,64.372388574613,1.5734835819615913,0.2325169829967461,25abe5371fffe146,1,1.352771878242493,(x_flow_mean_72*x_volume_surprise_curve_3_12)|(x_flow_autocorr_72*x_volume_surprise_3),-1|-1,6,-0.0035890160216602296,4,0.049276668354438974,0.21920092515094106,True,True,False
BTC_LONG_c561393b913abfd1_3d,956633,3d,5.0,95,3,-41.29138318948833,0.004457392277106,84,62.76060259533635,0.4493251611933615,0.954673313639109,-0.330737293859868,1.3585560792056872,87.16568621174606,-0.005628967030319,294,85.225,-0.1951964370878383,-0.2925133904128901,-0.7438433782701825,-0.2624160445465954,-9.69704466555522,1.357937885802469,-0.1951964370878383,c561393b913abfd1,-1,1.0600566864013672,tanh(m1_return_sum_5)|signed_sqrt(x_trade_surprise_12)|(x_flow_std_72*x_volume_surprise_12),-0.5|-0.5|-0.5,3,-0.6120485793516762,2,0.039158425369653735,0.15975009691469758,False,False,False
BTC_LONG_926ef7f217424548_3d,709005,3d,5.0,97,4,47.37269643688033,-0.0093333334685264,56,41.84040173022424,0.6681937629189143,1.359057795362346,-0.3059531081651381,2.183974423159829,151.131687688186,0.0116684317863673,195,56.526785714285715,0.0803849065504735,0.3959638679096768,-0.4786375003066963,0.1679452748666065,31.035586957250096,1.3510096312830686,0.0803849065504735,926ef7f217424548,-1,2.6262295246124268,x_flow_sign_bias_72|tanh(x_return_autocorr_12)|tanh(m1_flow_std_15)|(x_flow_sign_bias_72*x_jump_concentration_72),-1|-1|1|-0.5,5,-0.22379900700335525,3,0.03917130423667189,0.17202981674763143,True,False,False
BTC_LONG_53f081fb7aa13377_3d,405989,3d,5.0,97,4,94.6120802236374,0.0006150217795005,46,34.36890142125562,0.6198015838088735,1.3404737694260145,-0.2282177498016727,2.7158342606896153,171.92702066152503,0.0132534147151243,145,42.032738095238095,0.3470015142462395,0.9828279638701822,-0.3177000589819492,1.0922299333471484,92.37590024886867,1.222987536902845,0.3470015142462395,53f081fb7aa13377,1,2.623884916305542,tanh(m1_quote_flow_return_corr_5)|(x_flow_mean_3*x_return_sum_288)|(x_flow_sign_bias_72*x_jump_concentration_288),-1|1|1,5,-0.15612790607086519,3,0.044378116399925845,0.1888180692073379,True,True,False
BTC_LONG_1ca796f7757131ab_3d,138538,3d,5.0,99,3,162.42248305544072,0.0484754447832776,21,15.690150648834088,0.7427493234977656,2.0205676254737166,-0.1095574899214496,6.7795394366035655,385.2839348418089,0.0094052522388427,127,36.81488095238095,0.1764248682704687,0.7143124796963367,-0.3172507253932417,0.5561054842405321,59.87226271645771,2.346368863903586,0.1764248682704687,1ca796f7757131ab,-1,2.399458885192871,x_flow_mean_288|signed_sqrt(x_range_body_gap)|(x_flow_mean_12*x_trade_surprise_12)|(x_flow_sign_bias_72*x_jump_concentration_3),-1|-0.5|0.5|-1,4,-0.1324507208606157,2,0.05835858705253812,0.2516856104064742,True,False,False
BTC_LONG_197a2aeb8de14311_3d,123169,3d,5.0,97,3,-10.150829687838314,0.0692265366478444,48,35.863201483049345,1.2953538324369829,2.074579060769999,-0.1820540756177557,7.115214685754867,263.5754504452577,0.0220967961659759,185,53.62797619047619,-0.0552615654015882,0.0367661239033638,-0.4976388495505561,-0.1110475306570173,7.5899365931374865,1.4953482671039093,-0.0552615654015882,197a2aeb8de14311,-1,1.5736902952194214,signed_sqrt(m1_flow_return_corr_curve_5_15)|(x_flow_std_72*x_return_sum_288)|(x_flow_return_corr_72*x_return_efficiency_curve_12_72)|(x_flow_autocorr_12*x_trade_surprise_288),0.5|-0.5|-0.5|0.5,5,-0.4151721402664101,3,0.05206890870058699,0.20941227695698456,True,False,False
BTC_LONG_354ba2ffdf2489ab_3d,257413,3d,5.0,99,4,62.94336248357173,0.0080211642613117,29,21.66735089600898,0.4171785473487486,1.25718317641955,-0.152861590605178,2.7291260394265264,188.78594308797463,0.0063044941888346,77,22.320833333333333,0.0940130230101849,0.5105923230030841,-0.308211673731613,0.3050274568511327,56.24248753431338,1.0301597754363558,0.0940130230101849,354ba2ffdf2489ab,1,2.345273971557617,tanh(m1_range_mean_240)|signed_sqrt(x_return_efficiency_curve_72_288)|(x_flow_return_corr_72*x_return_efficiency_72)|(x_flow_sign_bias_3*x_trade_surprise_72),1|0.5|-1|0.5,4,-0.20167641029135613,2,0.1125193231822403,0.3458771806552589,True,False,False
BTC_LONG_aa59f05083ae7cb3_3d,825621,3d,5.0,95,3,-6.034532807028966,0.0657552548841696,82,61.26630253354263,1.3802125250786954,1.8728321918604864,-0.1839984564263039,7.501217955225105,169.14408357184035,0.0409579572986429,255,73.91964285714286,-0.0760327442747623,0.0347929614360519,-0.6053295128739182,-0.1256055464961262,7.031602483667575,1.2065301772809396,-0.0760327442747623,aa59f05083ae7cb3,1,1.085279107093811,tanh(x_return_autocorr_288)|(x_flow_mean_72*x_return_efficiency_curve_12_72)|(x_flow_std_72*m1_return_efficiency_5)|(x_flow_autocorr_72*x_trade_surprise_3),0.5|-0.5|0.5|-0.5,3,-0.5367111174561381,1,0.04410518816411843,0.15517512271493597,True,False,False
BTC_LONG_48015fdeb5ccb981_3d,348410,3d,5.0,97,4,210.44124271214392,0.0522744290179938,57,42.5875517611211,3.116388236328511,2.943854816835991,-0.1677172779574354,18.58119970871106,368.71147822873394,0.0246401629274363,162,46.96071428571428,-0.0328394725077053,0.0809035239632986,-0.6130744469749365,-0.0535652279584373,11.03966546629558,1.1026864035087718,-0.0328394725077053,48015fdeb5ccb981,-1,2.547394037246704,tanh(x_return_vol_3)|signed_sqrt(x_return_autocorr_288)|(x_flow_sign_bias_3*x_return_sum_288)|(x_flow_mean_72*m1_vwap_gap_mean_5),-1|-0.5|0.5|1,3,-0.1999946132721654,1,0.05242170545775045,0.20645712858907928,True,False,False
BTC_LONG_a97e62fc9dd6ce4b_3d,821417,3d,5.0,95,4,129.40340005311515,0.0501380468140483,70,52.30050216278029,2.4602534752931495,2.4593434414007165,-0.2190470420899188,11.231621535812453,271.6428637572049,0.0219975424791447,179,51.88869047619048,-0.0155752783416256,0.1519349263043526,-0.3929657402349567,-0.0396352067035489,16.174357332777262,0.9921260471781307,-0.0155752783416256,a97e62fc9dd6ce4b,-1,2.1270751953125,m1_body_mean_240|tanh(x_flow_mean_288)|signed_sqrt(x_return_autocorr_72),0.5|-1|-1,4,-0.15930610092620112,2,0.045476394856089515,0.18595048487589028,True,False,False
BTC_LONG_ba47993bc9d01856_3d,903010,3d,5.0,95,3,-24.897108672971235,-0.0039190073948416,92,68.73780284251124,0.4058319324655055,0.9060956225039152,-0.5483854612417468,0.7400486722360444,73.92020617117467,0.0117360462751865,273,79.1375,0.3259136094580224,0.8494340988134769,-0.3789645637190546,0.8600107784738376,52.85768823999385,1.1512951640499194,0.3259136094580224,ba47993bc9d01856,-1,2.6068971157073975,signed_sqrt(x_range_surprise_3)|signed_sqrt(m1_return_autocorr_15)|signed_sqrt(m1_flow_mean_curve_60_240)|(x_flow_sign_bias_72*x_jump_concentration_288),1|-0.5|-1|-1,6,-0.2594079353032818,2,0.046656595445778715,0.16467339106970555,False,False,False
BTC_LONG_3c323377de3e4078_3d,290915,3d,5.0,99,4,175.1441278121905,0.0028232552717644,27,20.173050834215257,0.5285314846797604,1.3747273804398652,-0.2944410901123309,1.7950330386228457,244.0670272980126,0.0020196877581909,57,16.523214285714285,0.1887851908715516,0.8612422745194981,-0.1779134481959584,1.0611069190431226,125.61158978751156,0.8190736454046639,0.1887851908715516,3c323377de3e4078,1,2.217446804046631,tanh(x_flow_mean_curve_72_288)|signed_sqrt(m1_flow_std_240)|(x_flow_std_3*x_return_sum_288),1|-1|1,6,-0.10554483115611946,3,0.09780649382325123,0.34912162422979814,True,True,False
BTC_LONG_2c9a2fab97d65f8f_3d,215351,3d,5.0,97,4,55.006371624303334,0.0668704353825264,62,46.3233019156054,0.7313506464588679,1.375695980209927,-0.2427965287535105,3.0121956446969733,147.51683495424314,0.0313386431647989,174,50.43928571428572,0.1533155636720651,0.567920751978618,-0.4947238731086306,0.3099012843441261,46.68790663936948,1.0888534199522104,0.1533155636720651,2c9a2fab97d65f8f,-1,1.923609495162964,(x_flow_sign_bias_12*x_return_sum_12)|(x_flow_std_72*x_return_efficiency_288)|(x_flow_mean_12*x_trade_surprise_12),-0.5|1|1,5,-0.2632409865828014,3,0.04480618974899214,0.1845615623463383,True,False,False
BTC_LONG_17f1fe7db463d94b_3d,115808,3d,5.0,95,4,47.90506433484938,0.0601131973704671,90,67.24350278071752,2.9571185354348217,2.674491664701935,-0.2186523709132061,13.524292113021028,233.3103290098762,0.0142200988332904,241,69.86130952380952,-0.1151980461624841,-0.0345409813585456,-0.6719029286849969,-0.1714504301803566,2.732562269650979,1.0389302554869684,-0.1151980461624841,17f1fe7db463d94b,1,1.3530070781707764,x_flow_sign_bias_curve_72_288|tanh(x_return_sign_bias_3)|tanh(x_vwap_pressure_12)|signed_sqrt(x_return_efficiency_288),0.5|-0.5|-0.5|0.5,3,-0.6050587390359772,2,0.03461706912350539,0.1610294390757202,True,False,False
BTC_LONG_8a08d0ce46d813be_3d,668208,3d,5.0,99,3,-504.06984067961537,0.0356624195349339,23,17.18445071062781,0.1796146164645693,0.6844559651123323,-0.3343891631633096,0.5371424563087555,128.94319357819663,0.0016788744463611,101,29.27797619047619,-0.2540822376754463,-0.8311127638799432,-0.7457790157285102,-0.3406937340912542,-79.19377793047349,1.7037481548577562,-0.2540822376754463,8a08d0ce46d813be,-1,3.6784746646881104,(x_flow_sign_bias_12*x_return_efficiency_curve_72_288)|(x_flow_sign_bias_72*m1_vwap_gap_mean_15)|(x_flow_autocorr_72*x_return_sum_288)|(x_flow_return_corr_72*x_trade_surprise_288),1|-1|1|1,1,-0.7134214275185663,1,0.06367783482154739,0.27127997501684303,False,False,False
BTC_LONG_83b8330cae380ff5_3d,637395,3d,5.0,97,3,-111.03767640927369,0.0582520838750107,78,58.27770240995518,1.7630761868161673,2.3750077908612375,-0.2377042196683992,7.417100921791306,197.92429832528543,-0.0087441095963373,234,67.83214285714286,-0.0413553329092893,0.101391272290993,-0.5904069791490303,-0.0700454675669585,11.200202299801434,1.1639467592592592,-0.0413553329092893,83b8330cae380ff5,1,2.300098180770874,x_avg_trade_size_log|tanh(m1_flow_std_15)|tanh(m1_flow_autocorr_60)|(x_flow_std_12*x_trade_surprise_3),-1|-1|1|-0.5,4,-0.4983365422957359,1,0.056519921495887575,0.21805733432410843,True,False,False
BTC_LONG_8fb6a26b227a2908_3d,695681,3d,5.0,97,3,-191.1531727929242,0.0230636149740235,57,42.5875517611211,0.3391919056024164,0.8319277865628883,-0.281621246254885,1.2044258382956885,101.83856925636732,0.0061492855323146,190,55.07738095238095,-0.1726898377144728,-0.2493790163355501,-0.7014706497314236,-0.2461825562916876,-13.663604134016678,1.2932741769547322,-0.1726898377144728,8fb6a26b227a2908,-1,3.3790931701660156,m1_range_mean_15|m1_return_efficiency_curve_5_15|signed_sqrt(m1_flow_return_corr_curve_5_15),-1|1|1,4,-0.7325161740245081,2,0.041981818347440046,0.16924541548477173,False,False,False
BTC_LONG_7dffd555084855b7_3d,610017,3d,5.0,99,3,-242.28495427408623,0.0371176047813806,20,14.943000617937226,0.1811213836052543,0.8842920973463142,-0.0842771873515814,2.1491151911568354,131.1289067821308,-0.0032276073056751,117,33.91607142857143,-0.0506445398636963,-0.0801449039080247,-0.3970510325778953,-0.1275517142843864,-0.9694537548888286,2.2696961805555556,-0.0506445398636963,7dffd555084855b7,1,2.302351951599121,tanh(x_range_body_gap)|tanh(m1_return_autocorr_60)|(x_flow_mean_72*x_return_sum_288)|(x_flow_std_72*x_volume_surprise_72),1|-1|0.5|1,3,-0.2000814959875436,1,0.07563001542461269,0.347752249399639,False,False,False
BTC_LONG_22b17c9c264d46b3_3d,167633,3d,5.0,99,3,-154.4493994348478,0.0783541922147293,18,13.448700556143503,0.2092848840155317,0.8084720667960965,-0.1794108675806515,1.1665117438967334,174.9019944177059,-0.0275216936079905,57,16.523214285714285,-0.0850294692751187,-0.2745181865890912,-0.3719785056561865,-0.2285870500101156,-32.79095451285718,1.2286104681069958,-0.0850294692751187,22b17c9c264d46b3,-1,2.6684231758117676,signed_sqrt(x_vwap_pressure_288)|(x_flow_price_gap*m1_return_efficiency_5)|(x_flow_autocorr_12*x_return_efficiency_288)|(x_flow_return_corr_72*x_jump_concentration_72),-1|-0.5|-1|0.5,3,-0.2667226673758267,2,0.15917498808527986,0.45580230940178,False,False,False
BTC_LONG_b5f9de1db71aaa7e_3d,882048,3d,5.0,95,4,49.627215477919435,0.0680250835624347,93,69.4849528734081,1.8716865863152892,2.0186012961508175,-0.3308910595719533,5.656503952498858,183.2915686145932,0.0245892423543926,237,68.70178571428572,0.3263585921705709,0.8428693188471607,-0.5530610082019034,0.5900951022232049,61.50251036248622,0.9887289675428117,0.3263585921705709,b5f9de1db71aaa7e,-1,2.1077728271484375,tanh(m1_flow_surprise_curve_5_15)|signed_sqrt(x_trade_surprise_3)|signed_sqrt(x_flow_mean_72)|(x_flow_std_72*x_return_efficiency_288),-1|1|-0.5|1,5,-0.4737147112349136,3,0.042592244531972724,0.15521146275425307,True,False,False
BTC_LONG_29a2e03aa8f9177b_3d,200987,3d,5.0,95,3,-36.38045282931831,0.0457984034786073,58,43.33470179201796,0.2800588715858643,0.7590998226874296,-0.2734299301111943,1.024243657129906,85.08291590485533,0.0138665793373953,209,60.585119047619045,-0.4281366031921102,-1.2369354337059462,-0.895797590602089,-0.4779389983671963,-74.39473947135534,1.3980739809493399,-0.4281366031921102,29a2e03aa8f9177b,1,1.4410860538482666,tanh(m1_realized_vol_240)|(x_flow_autocorr_72*x_return_efficiency_288),1|1,0,-0.6252154116815798,0,0.059795083610884314,0.20188018789599904,False,False,False
BTC_LONG_a4731ff2ee6e6f6b_3d,796910,3d,5.0,95,4,82.22605460138651,0.0423993494870437,89,66.49635274982066,3.9862856031348417,3.0883681440958615,-0.2467874298310625,16.15270926020681,270.5640301473022,0.0041441228693279,281,81.45654761904761,0.0676658295146954,0.3690383937487251,-0.7056630310924578,0.0958897186521731,25.046025236949777,1.2249776754751005,0.0676658295146954,a4731ff2ee6e6f6b,-1,1.4625678062438965,tanh(x_jump_concentration_3)|(x_flow_mean_12*x_return_sum_12)|(x_flow_std_12*x_volume_surprise_12),0.5|-0.5|-1,5,-0.7449422380616154,3,0.031731363897119974,0.14800400281291823,True,False,False
BTC_LONG_a417a33e78f68421_3d,795143,3d,5.0,95,3,-88.72686716180472,0.0735033692866493,67,50.059052070089706,0.5864929102916088,1.1595642353099591,-0.2373583384241461,2.470917660552454,122.68753603137657,0.0219723427243131,254,73.6297619047619,-0.226236942319302,-0.3264552610888545,-0.690625655081022,-0.3275825921826791,-15.283123660160316,1.4708580937903077,-0.226236942319302,a417a33e78f68421,1,3.946038484573364,m1_range_mean_60|signed_sqrt(x_flow_mean_72)|(x_flow_autocorr_12*x_return_sum_12)|(x_flow_autocorr_72*x_volume_surprise_72),1|1|-1|-1,3,-0.6133657569291906,1,0.039195188272416255,0.1517911549810393,True,False,False
BTC_LONG_56c6c89a77cbbb11_3d,419852,3d,5.0,99,3,-167.94187095524865,0.0843487245191014,35,26.150251081390145,0.6636986814273951,1.489203087803288,-0.3187864250071676,2.0819540274102715,228.11678822166556,-0.0115635700840033,127,36.81488095238095,0.0087125133846521,0.1739127193779237,-0.3703459496506378,0.0235253373038669,18.55088082699858,1.4078213183421517,0.0087125133846521,56c6c89a77cbbb11,-1,3.308093786239624,x_return_vol_3|signed_sqrt(x_avg_trade_size_log),-1|1,4,-0.24547909546518487,2,0.05136551836637821,0.21863277695478336,True,False,False
BTC_LONG_8dc303f4754fbe60_3d,686323,3d,5.0,97,4,126.145071019789,0.0018670403214892,77,57.53055237905832,2.2637233564185197,2.5275541652136653,-0.4163827141804985,5.436641049986561,233.58715106302543,-0.0017614171459528,246,71.31071428571428,0.2721675531853837,0.7696338953729779,-0.455379830447627,0.5976715150467905,52.364705106580914,1.2395277176527175,0.2721675531853837,8dc303f4754fbe60,1,1.7253938913345337,x_flow_autocorr_3|tanh(m1_return_efficiency_5)|(x_flow_mean_72*x_return_sum_12)|(x_flow_std_72*x_wick_asymmetry),0.5|-1|0.5|0.5,6,-0.3532752818404361,3,0.03902483586330538,0.14442938733976393,False,False,False
BTC_LONG_46d5713a84a9af89_3d,342627,3d,5.0,99,4,339.6999133419929,0.0287789401158415,19,14.195850587040365,1.0799363450261152,1.9227709801940025,-0.1864508236841903,5.792070658026737,577.0805881738534,0.0090676679793801,59,17.10297619047619,-0.0347030695897607,-0.0963192404643833,-0.2889075596648656,-0.1201182469230522,-5.464528127321513,1.2047869964262508,-0.0347030695897607,46d5713a84a9af89,1,1.6150610446929932,x_flow_sign_bias_curve_72_288|m1_body_mean_240|tanh(x_volume_surprise_curve_72_288),0.5|-0.5|-1,3,-0.18033854643666286,2,0.12578722444328308,0.40317889503608556,True,False,False
BTC_LONG_8ebaa1006d833704_12h,690950,12h,5.0,97,3,-21.821209598507007,0.0853667642793237,29,21.66735089600898,0.2934937570113312,1.5674323183565864,-0.0690547484107335,4.2501603983211655,130.42781468971543,0.0169846972276827,58,16.813095238095237,0.0913012538025206,0.8633432512273119,-0.1138790326488278,0.8017389301511635,60.362389570748945,0.7759645061728394,0.0913012538025206,8ebaa1006d833704,-1,1.599388837814331,x_vwap_pressure_288|tanh(m1_flow_std_240),0.5|-0.5,5,-0.04713347969688847,4,0.11568194372949232,0.43664281530259585,True,False,False
BTC_LONG_c98f2f00cbda3673_12h,976753,12h,5.0,99,4,89.54994695527499,0.1095484573576068,21,15.690150648834088,0.3468055256763227,1.8417983984627688,-0.0842130368196777,4.11819284487893,203.69412222200623,0.0558886861183955,37,10.725595238095238,0.1093130782078886,0.9927580179030436,-0.0831054403217546,1.3153540584667789,107.29265137160375,0.6835877792475015,0.1093130782078886,c98f2f00cbda3673,1,2.564115524291992,x_return_sum_288|signed_sqrt(x_flow_sign_bias_288),-1|1,5,-0.023634581365658713,4,0.16467556106096437,0.49557382551641893,True,False,False
BTC_LONG_3a3806a22b4852b0_12h,281499,12h,5.0,99,3,-48.91110327076583,0.0798457773033584,27,20.173050834215257,0.1945781662677204,0.7732635918115365,-0.1910622509639874,1.0184019359449274,110.11649780737896,0.0319540432541449,81,23.48035714285714,0.0783882801937398,0.8124285983706651,-0.0950542739686041,0.8246686542430601,39.1839709259346,1.1639467592592592,0.0783882801937398,3a3806a22b4852b0,-1,3.816161155700683,x_return_vol_288|tanh(x_avg_trade_size_log)|(x_flow_mean_12*x_return_sum_288)|(x_flow_mean_12*m1_return_sum_15),-1|0.5|-1|0.5,5,-0.05280646232937647,4,0.11489740893371427,0.41472480157938424,False,False,False
BTC_LONG_9da5041c73389b5a_12h,763539,12h,5.0,95,4,5.039353366154498,0.0605458860915415,173,129.256955345157,0.3221207645544615,1.2048185073979825,-0.20091531573894,1.603266348161382,29.171834005279692,-0.0119810195100868,766,222.04880952380952,-0.1473049881635121,-0.386372170465582,-0.6148834541683206,-0.2395657049558342,-0.1848498130674988,1.717886739099408,-0.1473049881635121,9da5041c73389b5a,1,1.2934080362319946,signed_sqrt(m1_flow_mean_240)|(x_flow_autocorr_12*x_return_efficiency_3),1|0.5,4,-0.35273470379977007,1,0.02056076238722096,0.09084903421122073,True,False,False
BTC_LONG_c5384017ac052099_12h,955790,12h,5.0,95,3,-22.057411624517695,0.020126636278638,175,130.75125540695072,0.5147330403493331,1.5191784241309727,-0.1539986192891969,3.342452307203523,40.25415490439026,0.0007001306839047,742,215.09166666666667,-0.2812506454789459,-0.8700483282454446,-0.6985751901860255,-0.4026061180387052,-7.961646547803303,1.6450447530864198,-0.2812506454789459,c5384017ac052099,1,1.956712245941162,m1_flow_mean_240|tanh(x_return_sign_entropy_12)|signed_sqrt(m1_body_range_ratio),1|-1|0.5,1,-0.4916714109950984,1,0.02170922550812883,0.08492581237271608,True,False,False
BTC_LONG_06ac3776521077b7_12h,32170,12h,5.0,97,4,52.8828005271934,0.0480374206203825,19,14.195850587040365,0.2406150836751519,2.0056195330008526,-0.0368703371782725,6.525980017805331,161.09868033657946,-0.0028973687472811,102,29.567857142857143,-0.0368064466924336,-0.2348667572826938,-0.2522961908864922,-0.145885859644202,-4.9813001448298095,2.0828520955165692,-0.0368064466924336,06ac3776521077b7,-1,1.420903205871582,tanh(x_return_sign_entropy_288)|signed_sqrt(x_flow_return_corr_288),1|0.5,4,-0.14750692686674038,1,0.05910597275031367,0.2732500528489715,True,False,False
BTC_LONG_15384f9af8dcb2b5_12h,102654,12h,5.0,99,4,37.87661097926731,0.0464732846089843,43,32.12745132856504,0.5700839915264113,1.5422485816546678,-0.1775266473446278,3.2112587042762213,160.94975911737475,0.0452954698844339,103,29.857738095238098,0.177345542255092,1.192316292892037,-0.1169042669959586,1.5170151339405151,63.20280270983259,0.9293528387884008,0.177345542255092,15384f9af8dcb2b5,-1,1.9356595277786257,signed_sqrt(x_flow_return_corr_12)|signed_sqrt(m1_range_mean_240),0.5|-1,7,0.0037139327709906356,4,0.0741627630011898,0.3421354622997054,True,True,False
BTC_LONG_774a2fa3bbfb3bcf_12h,577815,12h,5.0,97,4,10.080110382174936,0.0268856246369433,114,85.1751035222422,0.2297446858145313,0.8519456307226418,-0.1778599133148802,1.291717068408749,34.20004891517927,-0.006076781765701,369,106.96607142857142,-0.0545506075283543,-0.0983328868890442,-0.4469509841580049,-0.1220505367744526,2.6784148459804573,1.2558372928849901,-0.0545506075283543,774a2fa3bbfb3bcf,-1,1.2397798299789429,x_trade_size_surprise_3|signed_sqrt(x_flow_mean_288),1|-0.5,2,-0.21594941820496227,1,0.03801331096943918,0.1607591594545705,False,False,False
BTC_LONG_9fa3366415bbf4eb_12h,773406,12h,5.0,95,3,-4.566144344687078,0.0527808672412581,87,65.00205268802694,0.2290068797507263,0.7979158271432617,-0.2496592947727435,0.9172776041011556,44.68640619386229,0.0283901450155983,194,56.23690476190476,0.0323645107727423,0.2549061784670627,-0.3139547527507089,0.1030865450807203,15.427895188952112,0.8651558287214417,0.0323645107727423,9fa3366415bbf4eb,1,2.77524471282959,x_vwap_pressure_288|(x_flow_autocorr_72*x_return_sum_288),-0.5|-1,4,-0.22749652197018844,2,0.04438145166054046,0.17820920634760745,False,False,False
BTC_LONG_712828f136835787_12h,547749,12h,5.0,99,4,126.72422221447876,0.0878899531355036,44,32.8746013594619,0.8789136105319362,2.5643424758909306,-0.0985404534772481,8.919317696613474,206.77617487920224,0.0548897274915095,30,8.696428571428571,0.1818480747789379,1.307557113667524,-0.0791748470530727,2.296790982836265,207.21267118723716,0.26453335437710435,0.1818480747789379,712828f136835787,1,3.795707225799561,x_vwap_pressure_72|x_return_vol_288,-1|1,6,-0.006429315154401927,4,0.1300987499838504,0.4641058327708401,True,False,False
BTC_LONG_13594f82187029b2_12h,93582,12h,5.0,97,4,74.0605902340008,0.1022613846635999,61,45.57615188470854,0.4640866274668767,1.9260039825656543,-0.0642469263134266,7.223483738394648,93.3197423002459,0.0007607029327741,347,100.58869047619048,0.128627490575192,0.6231476521577178,-0.208047304935126,0.6182607874459182,19.91334045591992,2.207046587229306,0.128627490575192,13594f82187029b2,1,1.9152458906173704,x_flow_mean_72|signed_sqrt(x_range_position_curve_12_72)|(x_flow_std_72*x_return_sum_288)|(x_flow_std_12*x_volume_surprise_12),1|-0.5|0.5|-0.5,6,-0.055374989175916545,4,0.038819948663341534,0.15484458163864848,True,True,False
BTC_LONG_744146da675c7b38_12h,562753,12h,5.0,95,4,5.432489726420358,0.0495296832968736,135,100.86525417107627,0.2539375924066409,1.004425774391398,-0.1116124301478529,2.275173043631878,30.63992095449423,-0.0063682492381687,579,167.84107142857144,-0.0664672650389157,-0.127949657266031,-0.4999880288744543,-0.1329377129059334,2.983017977354689,1.6640127743484225,-0.0664672650389157,744146da675c7b38,1,1.9402954578399656,tanh(m1_return_efficiency_curve_5_15)|signed_sqrt(x_flow_sign_bias_288)|(x_flow_mean_72*x_trade_surprise_288),-0.5|1|-1,5,-0.4184428272341225,2,0.026362994195430596,0.1218927101579543,True,False,False
BTC_LONG_5c8767dd0d0d6f46_12h,447742,12h,5.0,97,3,-11.567770349694186,0.019041249781008,112,83.68080346044847,0.2449372503660427,0.999171368466577,-0.1279021546899267,1.91503615368986,34.85432010599053,0.0173853151165367,565,163.7827380952381,-0.1429057182838669,-0.440449378336566,-0.5216124537521778,-0.2739691455905355,-2.172053314807766,1.9572319017305995,-0.1429057182838669,5c8767dd0d0d6f46,-1,1.7567695379257202,tanh(x_flow_std_12)|signed_sqrt(x_return_sign_bias_72)|(x_flow_mean_12*x_trade_surprise_3)|(x_flow_mean_72*x_trade_surprise_3),0.5|0.5|1|1,2,-0.20491144167982123,1,0.026928512200474736,0.09992640766074358,False,False,False
BTC_LONG_09bc196d409bd78f_12h,47161,12h,5.0,99,4,131.40367943847306,0.074760927306331,46,34.36890142125562,0.7245232029244977,1.9611930062859817,-0.1106580460484769,6.547406436284799,176.05491909627892,0.0251602257074952,94,27.248809523809523,0.028313461802075,0.2631802319987701,-0.1731121289004816,0.1635556213299868,19.190089195616547,0.7928332997852925,0.028313461802075,09bc196d409bd78f,1,1.9881572723388672,x_return_vol_288|tanh(x_return_skew_72)|tanh(m1_return_sum_15),0.5|1|-1,4,-0.13323204605800215,2,0.07549869920746773,0.2983433375431301,True,False,False
BTC_LONG_0947bb4cbd3cd5f1_12h,44866,12h,5.0,99,3,14.430695653585346,0.0622723383485728,47,35.11605145215248,0.4941198604936314,2.3329346129353383,-0.0659494811854533,7.492399509620724,123.7896099881242,0.0121521807553527,242,70.15119047619048,-0.051415932836573,-0.3008962066197685,-0.354350773517382,-0.1450989716382007,-1.0880606826186572,1.9976958563173102,-0.051415932836573,0947bb4cbd3cd5f1,1,1.2528340816497805,tanh(x_flow_std_288)|signed_sqrt(x_flow_mean_288)|(x_flow_mean_12*x_volume_surprise_288)|(x_flow_sign_bias_12*x_trade_surprise_288),-0.5|0.5|-1|0.5,2,-0.1464269496411169,2,0.05238696762308463,0.22658279821908459,True,False,False
BTC_LONG_b855012d5a0d5b9b_12h,893573,12h,5.0,95,3,-6.956944497100159,0.0325833770382017,38,28.39170117408073,0.1785783041327231,1.1857100687737323,-0.0932554592744915,1.9149367288738477,66.60636238075845,0.0097478482738745,123,35.65535714285714,0.0965234081551837,0.6354634198431405,-0.190373007013012,0.5070225536154208,34.6475992703807,1.2558372928849901,0.0965234081551837,b855012d5a0d5b9b,1,2.529752731323242,x_vwap_pressure_288|signed_sqrt(x_return_skew_288),-0.5|1,5,-0.05685892905896245,3,0.0764917859905652,0.2957005764401047,False,False,False
BTC_LONG_26b9aae3bc04b3bb_12h,187054,12h,5.0,99,4,67.19498985892812,0.0318324371712322,24,17.931600741524672,0.2013509987309472,1.8761800284920584,-0.0482980464718126,4.168926352921086,110.08411586280636,0.0234745994806813,205,59.425595238095234,-0.0291772790717812,-0.1543705651768915,-0.2250231858373812,-0.1296634342954639,1.5160491589111231,3.3140150784465017,-0.0291772790717812,26b9aae3bc04b3bb,-1,1.7301597595214844,m1_flow_mean_240|tanh(x_flow_autocorr_288)|signed_sqrt(x_trade_surprise_72),-0.5|-1|0.5,5,-0.1251397895577479,2,0.08966896236115621,0.26091308924309864,True,False,False
BTC_LONG_bee65f20e58f2bc9_12h,925307,12h,5.0,99,3,-154.4553995707377,0.035056792844556,44,32.8746013594619,0.0707477389889474,0.4012214787834276,-0.1892393194420648,0.373853273186214,34.357172620901345,0.0360685950241688,127,36.81488095238095,-0.1027675964512457,-0.4758533354649485,-0.3663772910376325,-0.2804966327476066,-19.481105902406306,1.1198578668630752,-0.1027675964512457,bee65f20e58f2bc9,-1,2.2443037033081055,x_return_vol_288|tanh(x_flow_mean_curve_72_288)|signed_sqrt(x_volume_surprise_curve_3_12)|(x_flow_autocorr_72*x_return_sum_12),-0.5|0.5|-0.5|0.5,4,-0.20917744009672506,2,0.05673768561738623,0.25248426072444136,False,False,False
BTC_LONG_569092a8345224fd_12h,418854,12h,5.0,95,3,-19.9503842779557,0.0431718628723709,170,127.01550525246644,0.6787289177127858,1.9213566132280604,-0.1180684157929821,5.7486069678689535,49.08539151158568,-0.0022661014457705,758,219.72976190476192,-0.2442035769541691,-0.6512738836716429,-0.6940217727251674,-0.351867313896035,-5.115230848004937,1.7299443990559185,-0.2442035769541691,569092a8345224fd,1,1.2373363971710205,m1_flow_mean_240|tanh(m1_flow_surprise_curve_60_240),0.5|1,2,-0.4303668956685555,1,0.02044410312920892,0.08321542380344038,True,False,False
BTC_LONG_823a8dac2fbfc3e3_12h,630245,12h,5.0,95,4,16.337539280975566,0.0604112961462496,174,130.00410537605387,0.5318125982843256,1.4591042649483297,-0.2071191457462111,2.5676650817011883,41.89575656594331,-0.0058404205664989,628,182.0452380952381,-0.0790478002191835,-0.1325063226440644,-0.5225670765641157,-0.1512682366805879,2.853191018885421,1.4003037640130551,-0.0790478002191835,823a8dac2fbfc3e3,1,1.7798705101013184,tanh(x_flow_return_corr_12)|tanh(x_trade_surprise_12)|signed_sqrt(x_flow_mean_288),1|0.5|1,4,-0.2861245185400614,1,0.023424016996167106,0.08895639528056579,True,False,False
BTC_LONG_9be330460a446b7a_12h,755028,12h,5.0,99,4,52.55784684810224,0.0703400288377562,30,22.41450092690584,0.3228983891303196,1.628538078907766,-0.1303917745657296,2.4763708462879213,137.15986285665264,0.0322461718305538,53,15.363690476190476,0.0252639364004634,0.2652264661129989,-0.1356765068240959,0.1862071554747353,26.0155679995433,0.6854353137860081,0.0252639364004634,9be330460a446b7a,-1,2.200148344039917,tanh(x_return_sign_bias_72)|tanh(m1_volume_surprise_60)|signed_sqrt(x_volume_surprise_3)|(x_flow_std_72*x_return_sum_288),-1|1|-0.5|-1,6,-0.00725611200778431,4,0.13741723962474287,0.5210644066272744,True,False,False
BTC_LONG_b7b1719b2bdf9edc_12h,890441,12h,5.0,99,3,7.783403855135481,0.0440601932031101,56,41.84040173022424,0.164693256977751,0.997839789556882,-0.0803193037073219,2.0504816323841895,44.647725933429456,-0.0030773226193698,243,70.44107142857143,-0.0355265638600321,-0.1358263854755965,-0.3427464244018614,-0.1036526170098807,1.8248893121787633,1.6835658482142857,-0.0355265638600321,b7b1719b2bdf9edc,1,1.6790046691894531,x_flow_mean_288|(x_flow_autocorr_3*x_return_efficiency_12)|(x_flow_mean_12*x_close_location),1|-0.5|1,3,-0.07878580872489077,2,0.052078576700090064,0.20413468726381306,False,False,False
BTC_LONG_769169ab240ebe73_12h,574285,12h,5.0,99,4,64.77211572787105,0.0883834644825897,20,14.943000617937226,0.3497638372306386,2.2615514619458823,-0.0312073616505816,11.207734929560097,211.76965166699168,-0.0047161004294135,81,23.48035714285714,0.0303302118297126,0.3390793510529737,-0.1094827869505244,0.2770317843974771,20.009238988965297,1.5713281249999997,0.0303302118297126,769169ab240ebe73,1,0.9051299095153807,x_flow_mean_72|(x_flow_std_72*x_return_efficiency_288),0.5|-0.5,4,-0.04253782542012524,2,0.10606240182531429,0.36005407156896324,True,False,False
BTC_LONG_630fab596d4544a8_12h,479480,12h,5.0,95,3,4.636379622385278,0.0803416051868136,63,47.07045194650226,0.0650174046461806,0.4815806611599768,-0.1200460220610349,0.5416039909521023,20.92307849337484,-0.0098052977266983,363,105.22678571428573,0.0392085790080953,0.2968642527788648,-0.2177507205635741,0.1800617646941292,10.415238190088017,2.235516791593181,0.0392085790080953,630fab596d4544a8,-1,1.5470776557922363,tanh(x_return_sign_bias_288)|signed_sqrt(x_flow_mean_72),1|-1,5,-0.11467068096417182,2,0.03472777913294048,0.1302155198637656,False,False,False
BTC_LONG_c3c81420dff15405_12h,948850,12h,5.0,97,3,-2.2428747103296036,0.0297139123131814,132,98.62380407838567,0.4448118951028283,1.299554455968869,-0.1997151815692232,2.2272312580736497,47.31417225606331,-0.0113044988874845,544,157.6952380952381,-0.1431936467532331,-0.5847615019718977,-0.5069311092686587,-0.2824716103137096,-3.2562329797440963,1.5989571642349423,-0.1431936467532331,c3c81420dff15405,-1,2.275825023651123,tanh(x_volume_surprise_12)|signed_sqrt(x_return_autocorr_288)|signed_sqrt(m1_return_efficiency_60)|(x_flow_std_72*x_trade_surprise_12),-0.5|0.5|-1|-1,2,-0.16024091312202982,0,0.031845153115585445,0.1288968923646893,True,False,False
BTC_LONG_90bc8a9f092f9a74_12h,700779,12h,5.0,99,4,27.966193735371903,0.0843620002591421,31,23.1616509578027,0.224072146571578,1.2727804721756475,-0.0983637276794172,2.2779956784666004,98.4203701446968,0.0016666855510969,148,42.90238095238095,0.0402653725574644,0.3248835233682057,-0.2085572303178787,0.1930662988575977,17.227709469059683,1.852302369573875,0.0402653725574644,90bc8a9f092f9a74,1,1.9257137775421145,m1_range_mean_60|signed_sqrt(x_flow_mean_curve_72_288)|(x_flow_autocorr_72*x_volume_surprise_curve_3_12),0.5|1|-0.5,2,-0.05249275936797809,2,0.07319344701822292,0.2979688635868917,True,False,False
BTC_LONG_4a4bee64e1474358_12h,359472,12h,5.0,99,3,-18.00228122883818,0.0344336820854518,15,11.20725046345292,0.1830904354334643,0.8714680876158004,-0.0845327341630626,2.1659116701499936,174.21605901972902,0.0312428022328167,176,51.01904761904762,0.0532741117790731,0.4769725099623801,-0.2292771812884489,0.2323567983507703,16.68395414593077,4.552325102880658,0.0532741117790731,4a4bee64e1474358,1,3.1791419982910156,m1_flow_std_5|m1_range_mean_240|tanh(x_flow_mean_12)|(x_flow_mean_72*x_volume_surprise_288),-1|0.5|1|-1,4,-0.11596570334960431,2,0.07051600360106298,0.28686007710506584,False,False,False
BTC_LONG_9532490ad2819708_12h,722325,12h,5.0,99,3,-116.44551342367248,0.0455879392210136,33,24.655951019596426,0.1002360465849609,0.6409496840361353,-0.1528556280406436,0.6557563360264932,49.712103077399625,0.0423770684353893,145,42.032738095238095,0.0876345706605488,0.6334021841928976,-0.2989090620607267,0.2931813778290363,27.684674149540037,1.7047705059857836,0.0876345706605488,9532490ad2819708,1,1.3191720247268677,tanh(m1_flow_mean_60)|signed_sqrt(x_return_sum_288),-1|-0.5,4,-0.15938871890077905,3,0.05061439007308069,0.21406069080969306,False,False,False
BTC_LONG_76a48d0be21a9aad_12h,574637,12h,5.0,99,3,-0.0593028904063985,0.0410592747767213,28,20.92020086511212,0.2073102848558317,1.8934152582358128,-0.026899079370016,7.706965803703946,97.479115476243,-0.0100803492944052,118,34.20595238095238,0.0681082342468759,0.5118300534476538,-0.1589211029772361,0.4285663324186201,27.54716510190766,1.6350680665784831,0.0681082342468759,76a48d0be21a9aad,1,1.7394659519195557,x_time_sin_day|tanh(x_flow_sign_bias_288)|signed_sqrt(x_trade_surprise_3)|(x_flow_mean_72*x_trade_surprise_3),-1|1|-0.5|-0.5,4,-0.11147670905775997,3,0.09266440822853017,0.32479191222046694,True,False,False
BTC_LONG_4ad7cc906977c33b_12h,362114,12h,5.0,95,4,5.215426872672901,0.0436481747357867,191,142.7056559013005,0.5272751958329451,1.4415743798947496,-0.1568121611018124,3.362463677103491,38.43867912180249,-0.0066260093442313,838,242.9202380952381,-0.0291539327293912,0.0477736198148078,-0.4963774260834743,-0.0587333976071839,5.583437776579829,1.702246743907957,-0.0291539327293912,4ad7cc906977c33b,1,1.2060017585754397,x_flow_mean_72|m1_body_range_ratio,0.5|-1,3,-0.2397777334774891,2,0.019322800947960923,0.08538768406375158,True,False,False
BTC_LONG_99d0ff8f83bb0472_12h,744992,12h,5.0,99,1,-9.50017454363928,0.005359342910251,47,35.11605145215248,-0.0068628570429369,0.0335508376895464,-0.1080284968927587,-0.0635282100587758,6.4676901341139,0.0019708113286299,200,57.976190476190474,-0.0827515912950472,-0.5705415375177185,-0.3295368430634531,-0.2511148390139589,-8.32670904396069,1.6509883110060413,-0.0827515912950472,99d0ff8f83bb0472,1,0.9401135444641112,tanh(x_range_position_3)|(x_flow_mean_72*x_close_location),-0.5|1,3,-0.18312109828584172,2,0.1164930785103429,0.3796677570759693,False,False,False
BTC_LONG_801e36250b48b36b_12h,620116,12h,5.0,97,3,-7.216437243158488,0.0671766825284184,80,59.772002471748905,0.4384396653837512,1.219742129378171,-0.1246365046809853,3.517746799029419,75.0857254232389,0.0142356936675981,375,108.70535714285714,-0.0740357109050141,-0.3002572574085827,-0.3881548745565265,-0.1907375528636635,-0.3638239016080143,1.8186668113425926,-0.0740357109050141,801e36250b48b36b,-1,2.1680052280426025,m1_realized_vol_240|m1_flow_autocorr_240|tanh(x_flow_mean_72)|(x_flow_mean_3*x_trade_surprise_72),-0.5|-0.5|-1|-0.5,2,-0.12261520555660643,1,0.03622284194296347,0.1615974802834227,True,False,False
BTC_LONG_b710ffb552e02a7e_12h,887412,12h,5.0,95,3,-11.01990653811313,0.055958928717982,107,79.94505330596417,0.346311335086144,1.1066104284001976,-0.1304300798032616,2.655149299981368,48.12627026998772,0.0169237690959576,547,158.56488095238095,0.084251761647462,0.4253435694945875,-0.3564744292511168,0.2363472797318409,12.638769848233569,1.9834232938156222,0.084251761647462,b710ffb552e02a7e,-1,1.7411741018295288,tanh(x_return_vol_3)|tanh(x_flow_sign_bias_288)|tanh(x_time_sin_day),-1|-1|0.5,3,-0.2164732601347668,2,0.023818084920808624,0.10756473322071851,True,False,False
BTC_LONG_053b771f92828b09_12h,25158,12h,5.0,97,4,86.57789610359342,0.0752396753529592,63,47.07045194650226,0.6555604098601617,1.8886780444854472,-0.1155234507582136,5.674695532011293,120.7751433765008,0.0009819116683648,203,58.84583333333333,-0.2113192781823735,-1.1106529277824104,-0.571679392907644,-0.3696464850824395,-31.983289487530403,1.250165037722908,-0.2113192781823735,053b771f92828b09,1,2.0106589794158936,tanh(x_return_sign_bias_72)|signed_sqrt(x_flow_mean_72)|signed_sqrt(x_return_sign_entropy_288)|signed_sqrt(m1_return_sum_240),-1|1|-0.5|-0.5,2,-0.2284876698527209,0,0.08748170349974567,0.2772916325759067,True,False,False
BTC_LONG_af5a1d8b361eaac6_12h,850060,12h,5.0,95,3,-148.66638238292353,0.0449832222765941,39,29.13885120497759,0.2828070187432905,0.976299604960367,-0.1408919307389163,2.007262000457313,104.29454500957893,0.0291365319527099,234,67.83214285714286,0.0854130715017558,0.5511340306995565,-0.2436872394405302,0.3505028482322322,19.37565530623068,2.3278935185185183,0.0854130715017558,af5a1d8b361eaac6,-1,2.692650079727173,m1_range_mean_240|signed_sqrt(x_flow_std_288)|(x_flow_sign_bias_72*x_jump_concentration_288),-0.5|-0.5|-1,4,-0.10191797788817225,3,0.04446624657354792,0.18525273802532458,False,False,False
BTC_LONG_6d3d139d579e49c1_12h,528756,12h,5.0,99,4,34.73585212995798,0.0654873781682189,34,25.403101050493284,0.4307294426864834,1.5841552472472409,-0.1496379459807795,2.8784773799408416,157.36068181318785,0.0464185798649534,98,28.40833333333333,0.0537885647061073,0.4050947618281185,-0.2616433210684559,0.2055797353681894,27.934921449051057,1.1183017883079158,0.0537885647061073,6d3d139d579e49c1,-1,1.4520972967147827,tanh(x_flow_sign_bias_12)|signed_sqrt(x_vwap_pressure_288)|signed_sqrt(m1_range_mean_60)|(x_flow_sign_bias_72*x_volume_surprise_curve_12_72),-0.5|0.5|-0.5|0.5,5,-0.10408135341581765,3,0.07233425370518654,0.29144431326868,True,False,False
BTC_LONG_0d3955630a3e837f_12h,64004,12h,5.0,99,2,-49.74888901201291,0.0207917953757968,23,17.18445071062781,0.0049254531202693,0.107182429111262,-0.158513317674543,0.031072803172174,13.911964355208612,0.038656465856067,152,44.06190476190476,-0.0680361513396493,-0.404544016772969,-0.2292520501297138,-0.2967744510950004,-8.50548552835409,2.564056629092861,-0.0680361513396493,0d3955630a3e837f,-1,1.844145655632019,x_flow_std_72|x_volume_surprise_288,1|0.5,1,-0.10777539948413711,1,0.10874210885203908,0.387754941886113,False,False,False
BTC_LONG_132063ea48c2a0b4_12h,92458,12h,5.0,97,3,-27.866362702957467,0.015615702631754,165,123.27975509798212,0.2785059543045194,1.0969714861880864,-0.1600619853236137,1.7399881286080228,27.479572263116488,-0.0016585084681323,511,148.12916666666666,-0.106486725920187,-0.5386610586788405,-0.4348754231315626,-0.2448671970316696,-1.5170163260090863,1.2015692807706697,-0.106486725920187,132063ea48c2a0b4,1,1.490177869796753,tanh(x_flow_mean_3)|signed_sqrt(x_flow_price_gap),1|0.5,2,-0.18157873581181794,2,0.03825388230665686,0.14075233744004914,True,False,False
BTC_LONG_3f3204f3706a3a34_12h,305567,12h,5.0,97,4,33.661574810002556,0.0410663776761689,113,84.42795349134533,0.7186487291079093,2.144871457709892,-0.129771878510177,5.537784744724576,73.45705522107917,-0.012676238264605,516,149.57857142857142,0.0313225326630901,0.2474704788865534,-0.3515963442584482,0.08908662781791,9.52598424995251,1.7716711733857748,0.0313225326630901,3f3204f3706a3a34,1,1.6393113136291504,tanh(x_trade_surprise_72)|tanh(x_flow_mean_288)|tanh(m1_flow_price_divergence),0.5|1|1,4,-0.24060462200069882,3,0.027235770508822546,0.12202292642815588,True,False,False
BTC_LONG_394cd095e09a5ac6_12h,276960,12h,5.0,95,4,14.151722161812822,0.0566205872296116,157,117.30255485080724,0.5121019190852183,1.6610270834247194,-0.1901979760764297,2.6924677625351476,43.342285600970655,-0.0061287785046968,715,207.2648809523809,-0.2690410098481128,-0.9424936612094076,-0.7331487214522945,-0.3669664857563544,-8.120064527565368,1.766925547495478,-0.2690410098481128,394cd095e09a5ac6,-1,0.8809643387794495,x_flow_mean_72|tanh(m1_flow_autocorr_5),-0.5|0.5,2,-0.3789320953255639,1,0.029603209819036958,0.1140169999290444,True,False,False
BTC_LONG_404fa2907ccc3873_12h,310984,12h,5.0,99,4,34.50033804482652,0.0547950559895267,50,37.35750154484307,0.389900280161622,1.4543573784206292,-0.1662848209031392,2.3447737324667695,101.16130314216085,0.0290675394825929,75,21.741071428571427,0.0951829348852333,0.6997481306961084,-0.1292550233298439,0.7363964079162898,51.495465166272986,0.5819733796296296,0.0951829348852333,404fa2907ccc3873,-1,2.375377893447876,x_return_sum_288|x_return_efficiency_curve_3_12|signed_sqrt(x_range_position_curve_72_288),1|-0.5|1,4,-0.06382605695327503,2,0.11417784501194415,0.4173514552474354,True,False,False
BTC_LONG_c3790e1fd1f013d4_12h,947431,12h,5.0,99,4,66.34069092044207,0.0840116051460915,26,19.425900803318395,0.4155556832138809,1.9701212775092871,-0.0367516360772443,11.3071342549341,192.1802868331576,0.0206344119604317,213,61.74464285714286,0.0942215001759256,0.6075611293562357,-0.2328135111045167,0.4047080417666434,21.94556864038551,3.1784699964387464,0.0942215001759256,c3790e1fd1f013d4,1,0.9666129350662231,tanh(x_flow_mean_72)|tanh(x_range_surprise_curve_3_12)|tanh(m1_range_mean_15),0.5|0.5|0.5,4,-0.06840482864741299,2,0.05358706273626278,0.2273387217141434,True,False,False
BTC_LONG_0c414d45ec32a17e_12h,59359,12h,5.0,99,4,85.46013509221012,0.0578857909002712,35,26.150251081390145,0.3928034701015006,1.582322976705672,-0.1196942843759079,3.2817228671326952,141.17726847574482,0.0014659606876051,97,28.11845238095238,-0.0493468392473925,-0.2750954285329474,-0.3436642343662335,-0.1435902672222941,-9.22996841016955,1.0752651014109347,-0.0493468392473925,0c414d45ec32a17e,1,2.225602865219116,m1_range_mean_60|tanh(x_trade_surprise_288)|signed_sqrt(x_flow_autocorr_72)|(x_flow_mean_72*x_return_sum_288),0.5|-0.5|1|-0.5,3,-0.14351153665616911,2,0.09014616766204454,0.3142009120257244,True,False,False
BTC_LONG_602ab8f4e1838d89_12h,465424,12h,5.0,97,4,37.322794212812,0.0825707564084281,91,67.99065281161438,0.6470975858520054,2.218766135834281,-0.0923570533073223,7.00647717396048,82.41476657265159,-0.0225681035411772,462,133.925,-0.1340752528317558,-0.4071084594638491,-0.5045820226524913,-0.2657154769941026,-3.0603209233423008,1.9697560541310541,-0.1340752528317558,602ab8f4e1838d89,1,1.6645268201828003,tanh(m1_trade_intensity_15)|signed_sqrt(x_avg_trade_size_log)|signed_sqrt(m1_trade_size_surprise_curve_5_15),0.5|-1|-0.5,2,-0.27752322827223064,1,0.027867189533797576,0.12204654964174169,True,False,False
BTC_LONG_6120236c29c1df72_12h,469985,12h,5.0,97,4,66.89906054984282,0.0797395625268512,44,32.8746013594619,0.644110123495728,2.6263761998758453,-0.057248875891678,11.251052766773345,161.999293857006,-0.0055063949920284,220,63.773809523809526,-0.1386340717394417,-0.580869717387058,-0.498270629337038,-0.2782304707060458,-14.649839755722509,1.9399112654320987,-0.1386340717394417,6120236c29c1df72,1,0.4330873489379883,x_vwap_pressure_288|tanh(x_vwap_pressure_288),-0.5|1,3,-0.4011702648885822,2,0.046781217721065214,0.17076471803563353,True,False,False
BTC_LONG_5c59b93360980f78_12h,446839,12h,5.0,97,3,-35.63352020668367,0.0375738090131004,133,99.37095410928256,0.1093222688190325,0.4759833563267492,-0.2044216593415879,0.534788090318528,20.87438111835882,0.0048387692182634,388,112.47380952380952,-0.0147472314483066,0.052145480692616,-0.3696242297424842,-0.0398979024145171,6.087557476999126,1.1318580014851942,-0.0147472314483066,5c59b93360980f78,-1,1.6556146144866943,x_flow_mean_288|signed_sqrt(x_return_sign_bias_3),-0.5|1,3,-0.22655659375735016,3,0.033132780215597235,0.14605231182522707,False,False,False
BTC_LONG_11ffbe1678e62a20_12h,87021,12h,5.0,99,1,-33.96156669234787,0.0183379252910791,68,50.80620210098657,0.141839174414198,1.070804949349379,-0.0613643202183246,2.311427453438033,32.79060871228641,0.0259268565297468,243,70.44107142857143,-0.0030905843540603,0.0107808867909425,-0.1719248546203853,-0.0179763674128705,5.138077887493332,1.386465992647059,-0.0030905843540603,11ffbe1678e62a20,-1,1.559528350830078,signed_sqrt(m1_flow_std_60)|(x_flow_mean_3*x_close_location)|(x_flow_mean_12*x_wick_asymmetry),0.5|1|-0.5,3,-0.09708403125872445,2,0.04596429353281203,0.2090360670940514,False,False,False
BTC_LONG_bc078b51d8948b16_12h,911330,12h,5.0,99,4,63.10220425233096,0.0379077655874448,42,31.380301297668176,0.4276635754595144,1.9114733413843896,-0.0789091192384784,5.419697743261249,124.42901812347512,0.0068804511644603,169,48.98988095238095,0.1254284506898182,0.7548446569757777,-0.1302397541700118,0.9630581037959186,32.25990549147613,1.5611666850382127,0.1254284506898182,bc078b51d8948b16,-1,2.4929075241088867,x_vwap_pressure_288|signed_sqrt(x_range_surprise_curve_12_72)|(x_flow_return_corr_12*m1_return_efficiency_5)|(x_flow_mean_72*x_jump_concentration_3),0.5|1|-0.5|-1,5,-0.023381916393459434,2,0.06676161961016826,0.23596528241945308,True,True,False
BTC_LONG_7833ce95dee6dc63_12h,582129,12h,5.0,97,3,-12.570417253338302,0.0141471410640176,124,92.6466038312108,0.2384864751059716,1.0349193003462094,-0.1058447036541366,2.253173440640561,30.93649075816956,0.0160297696757461,554,160.5940476190476,0.0635637056738274,0.3771505176508504,-0.2524757091448411,0.2517616680397637,10.6139382378002,1.7334045823377138,0.0635637056738274,7833ce95dee6dc63,1,1.1268876791000366,m1_flow_std_5|(x_flow_mean_72*x_close_location),-0.5|-1,4,-0.08896724934410105,3,0.027573622801645464,0.10242660730236593,True,False,False
BTC_LONG_761e16bbbee63ae1_12h,572022,12h,5.0,99,3,25.534680775492404,0.0461585374228769,52,38.85180160663679,0.503708836630163,2.479265255331706,-0.0358379778776182,14.05516902628434,113.58572005797278,-0.0016093611163051,143,41.45297619047619,0.102874504237103,0.6545865203713996,-0.1671341741935638,0.6155204627269143,31.999760429450497,1.0669511959876543,0.102874504237103,761e16bbbee63ae1,1,0.8532038331031799,tanh(x_flow_autocorr_3)|signed_sqrt(x_flow_mean_288),0.5|0.5,5,-0.057776239692878095,3,0.07008541118977726,0.302106752158158,True,True,False
BTC_LONG_28cfcfa222a61964_12h,196938,12h,5.0,97,3,-19.670633890426934,0.0108157497974397,121,90.4051537385202,0.3131640601521006,1.23044338549617,-0.2125682121289211,1.4732403166761772,38.51633034311393,-0.0164145562757481,498,144.3607142857143,0.0437862981801622,0.2945605154610063,-0.4274449316319757,0.1024372847584999,10.07845246868786,1.5968195209672487,0.0437862981801622,28cfcfa222a61964,1,1.4218366146087646,(x_flow_mean_72*x_wick_asymmetry)|(x_flow_mean_72*x_volume_surprise_curve_12_72),-1|-0.5,4,-0.28374092842022236,1,0.029286276504779548,0.12645794850865422,True,False,False
BTC_LONG_5124a96f3f27833e_12h,392297,12h,5.0,95,3,-77.07748042880418,0.0376054756812708,128,95.63520395479824,0.6399814862818831,1.6120792703403604,-0.1788204185008374,3.578906098348529,62.741743965202744,0.0024525675573004,469,135.95416666666665,0.0107560231136374,0.176208775070663,-0.4121801771443849,0.0260954400770943,8.648735589975997,1.4215912241994597,0.0107560231136374,5124a96f3f27833e,1,1.431441068649292,x_flow_sign_bias_288|signed_sqrt(x_trade_surprise_3),0.5|-1,3,-0.12096287020471375,2,0.028110968301261068,0.11809100535184973,True,False,False
BTC_LONG_c4580b735e7330f1_12h,951505,12h,5.0,97,1,-18.240210838284963,0.0260266053670495,89,66.49635274982066,0.1101344350697888,0.5343449618112471,-0.1383682124383406,0.7959518528785411,25.481694933436025,0.0230779693244032,486,140.88214285714287,-0.2105054637641628,-0.9611123708954068,-0.5638809895607977,-0.3733154116937401,-9.988416974891356,2.1186446629213482,-0.2105054637641628,c4580b735e7330f1,1,1.3734784126281738,signed_sqrt(x_flow_std_12)|(x_flow_mean_72*x_close_location),-1|-0.5,1,-0.4035343946737084,1,0.028747600389483857,0.120653107011316,False,False,False
BTC_LONG_384ca95b5f24f888_12h,272024,12h,5.0,95,3,-15.817692015459304,0.0592093808864045,192,143.45280593219738,0.3855358324031179,1.0873658528064862,-0.2293099946660695,1.6812866485150413,32.33003518984154,0.0223780334264858,794,230.1654761904762,-0.1050783773039235,-0.2989819255393673,-0.4341072790567135,-0.242056243636946,1.6317899359406869,1.604468275784465,-0.1050783773039235,384ca95b5f24f888,-1,1.7770828008651731,x_flow_mean_curve_12_72|signed_sqrt(m1_realized_vol_240),1|-0.5,3,-0.13973158094059684,1,0.02153328881397852,0.08963903180021741,True,False,False
BTC_LONG_21db422b0f1e5e0f_12h,163683,12h,5.0,97,3,-68.19979572334827,0.0331074366353403,99,73.96785305878927,0.079158314436909,0.4818074736388258,-0.2989990724713132,0.2647443478089842,17.901125914266935,-0.0001595853983477,489,141.75178571428572,-0.0141189681300721,0.0558729857045791,-0.4871397909194926,-0.0289834014655673,5.929193319365951,1.9163971894874672,-0.0141189681300721,21db422b0f1e5e0f,-1,1.5537285804748535,tanh(x_flow_sign_bias_288)|tanh(m1_body_range_ratio)|signed_sqrt(m1_flow_mean_15),-1|-0.5|-0.5,3,-0.17393240000245935,3,0.03683896003717138,0.1406283253694534,False,False,False
BTC_LONG_3c6c735efa21273f_12h,292032,12h,5.0,97,3,-11.44658053033154,0.0370027564583573,61,45.57615188470854,0.5908846956434535,1.7285094097628642,-0.1295144343003511,4.562307659647875,116.16175507314686,0.038601302305044,105,30.4375,0.172888083038726,0.9912973574691124,-0.1180053197400708,1.4650871962344143,62.48573625686398,0.6678383044930176,0.172888083038726,3c6c735efa21273f,-1,0.8592088222503662,tanh(x_return_vol_288)|tanh(m1_body_mean_240),-0.5|0.5,5,-0.02236535831621511,4,0.0545144065324806,0.22859265428424677,True,True,False
BTC_LONG_3ca331c0f45d6344_12h,293042,12h,5.0,99,3,-27.4016580545422,0.091366471594276,36,26.897401112287007,0.273699310244158,1.2711082744078026,-0.104591122374392,2.616850302690415,102.89951112864615,0.0362825480876094,80,23.19047619047619,0.1053498794080178,0.7295972289126949,-0.1334924858625211,0.7891820931143174,53.15167513992594,0.8621827846364883,0.1053498794080178,3ca331c0f45d6344,-1,2.073387861251831,tanh(m1_range_mean_60)|signed_sqrt(m1_flow_return_corr_60)|signed_sqrt(m1_vwap_gap_mean_240)|(x_flow_sign_bias_72*x_return_efficiency_72),-1|-0.5|-0.5|-1,4,-0.03786062526005146,4,0.10698680413777811,0.369821354067658,True,False,False
BTC_LONG_543cbdfacaf313d2_12h,407422,12h,5.0,95,3,-25.528701728341368,0.0063351552831876,215,160.63725664282518,0.1491543196796583,0.576884557509383,-0.3887882760451202,0.3836389337582505,17.35033021764935,-0.0054987190691722,759,220.01964285714288,-0.0561230321579458,-0.0530198079990805,-0.4587745880406038,-0.1223324779117424,4.297679746435472,1.3696675818260122,-0.0561230321579458,543cbdfacaf313d2,-1,2.4088211059570312,signed_sqrt(x_range_surprise_288)|(x_flow_std_72*x_volume_surprise_72),-1|-1,5,-0.41418672602708617,2,0.020732799329803882,0.08530160602766879,False,False,False
BTC_LONG_27099280f796c3fe_12h,188539,12h,5.0,99,3,-11.464270405478205,0.0955123393599835,35,26.150251081390145,0.3073205999825077,1.1637174802123744,-0.1526243653664896,2.013574957344153,120.0480642143014,0.0199883484001716,149,43.19226190476191,0.001139106764985,0.0909957515540552,-0.223342264942012,0.0051002740805947,8.575336356135288,1.651695877425044,0.001139106764985,27099280f796c3fe,-1,4.1194024085998535,x_return_vol_12|tanh(x_vwap_pressure_12)|signed_sqrt(x_avg_trade_size_log)|(x_flow_autocorr_3*x_return_efficiency_3),-1|1|1|1,5,-0.08430692231280812,2,0.0634427820358716,0.23200027686725966,True,False,False
BTC_LONG_376357fe6535a581_12h,267515,12h,5.0,97,4,9.906380012930567,0.0543003433093895,45,33.62175139035876,0.1496341011494266,0.7849360971822372,-0.2121688416907192,0.7052595468638597,52.77857904609686,0.058523040866476,290,84.06547619047619,0.1171494634298082,0.6671420068165425,-0.2852708955455705,0.4106604117667315,20.417533696586865,2.500330075445816,0.1171494634298082,376357fe6535a581,1,2.5314180850982666,x_return_sum_288|(x_flow_std_3*x_jump_concentration_3)|(x_flow_mean_72*x_jump_concentration_288)|(x_flow_mean_72*x_volume_surprise_288),-0.5|0.5|1|-1,4,-0.09524502135752444,2,0.03691503848331311,0.1410438076556336,False,False,False
BTC_LONG_4b3942f5282d3345_12h,363959,12h,5.0,99,3,-32.78615781376671,0.0746772577493064,21,15.690150648834088,0.1967806316220739,0.9475031318262634,-0.1378512316826945,1.4274854799630872,133.9828278367224,0.0366875276547198,144,41.74285714285714,0.0520615932597747,0.4564297641445322,-0.1954280988007526,0.266397685794681,19.14939633762563,2.660449735449735,0.0520615932597747,4b3942f5282d3345,1,2.2150325775146484,signed_sqrt(x_flow_autocorr_288)|(x_flow_mean_12*x_return_efficiency_curve_72_288)|(x_flow_std_72*x_return_sum_288),1|1|0.5,5,-0.07678222083400416,3,0.081756445114144,0.25647095401122083,False,False,False
BTC_LONG_46a33de5ede4ee32_12h,341650,12h,5.0,99,3,-85.54478343833132,0.0399133903437733,49,36.610351513946206,0.0806849873422184,0.5204720303413094,-0.1622849959267888,0.4971808199608152,30.523200807980547,-0.0111772820772376,185,53.62797619047619,-0.0591267675565921,-0.2791759267377927,-0.2262979065953426,-0.2612784556700316,-3.7169867015953826,1.4648309555303602,-0.0591267675565921,46a33de5ede4ee32,-1,2.44047474861145,tanh(m1_trade_size_surprise_60)|signed_sqrt(x_avg_trade_size_log)|(x_flow_mean_72*x_return_sum_288),1|1|-1,3,-0.166446091997987,1,0.06765878281898023,0.23191292246546594,False,False,False
BTC_LONG_cbc274616bb282a3_12h,987460,12h,5.0,97,4,7.616821479270333,0.0833220998674217,75,56.0362523172646,0.6383694806228353,1.7098790915457047,-0.1617375910905427,3.946945643981231,102.04181924812362,0.0137445121349518,269,77.97797619047618,-0.0096515405836857,0.0682856800018763,-0.3585345742419626,-0.0269194138503705,6.968464307052444,1.391563014403292,-0.0096515405836857,cbc274616bb282a3,1,1.7199292182922363,m1_vwap_gap_mean_240|tanh(x_flow_mean_curve_72_288)|(x_flow_std_72*x_volume_surprise_12),0.5|1|0.5,5,-0.19031058455068428,2,0.06010098659905429,0.1861926186803046,True,False,False
BTC_LONG_a3d5087aaa70d307_12h,793851,12h,5.0,99,4,124.72820177349035,0.0812107018286721,23,17.18445071062781,0.3249138708584886,1.625708066902087,-0.0705001907489032,4.608694918510462,178.05601394016944,0.0287444806407809,119,34.49583333333333,0.0319089688303233,0.2753877327857913,-0.3311517544508461,0.0963575412222667,17.726865761752073,2.007386439881911,0.0319089688303233,a3d5087aaa70d307,-1,2.4054713249206543,x_vwap_pressure_288|m1_quote_flow_return_corr_60|(x_flow_mean_72*x_return_efficiency_curve_72_288)|(x_flow_std_3*x_jump_concentration_3),0.5|-1|-1|0.5,4,-0.16517361675465952,2,0.06882382807551751,0.30776127491294164,True,False,False
BTC_LONG_3872f77e98ff3b88_12h,272782,12h,5.0,99,4,58.199411393311856,0.0959726795140517,39,29.13885120497759,0.5535557907756361,2.0086171716427774,-0.1134941911815602,4.877393151250318,165.1663705514289,0.069665485401338,146,42.32261904761905,0.1694235438568128,1.1119101871264137,-0.1332058547738105,1.2718926217207307,44.624991054052664,1.4524463833491612,0.1694235438568128,3872f77e98ff3b88,1,0.8919686079025269,x_downside_share_288|signed_sqrt(x_return_sum_288)|(x_flow_sign_bias_12*x_trade_surprise_12),-1|-1|0.5,5,-0.0991736996621359,3,0.05237464832154928,0.22745562412250814,True,True,False
BTC_LONG_b54e60aef814a46f_12h,878710,12h,5.0,95,4,36.793908149467384,0.0542819946001834,144,107.58960444914804,0.6217772665727364,1.4753234429449866,-0.143272304782321,4.339828744413834,56.3089080710838,0.0304905084665249,515,149.28869047619048,-0.0061162377237651,0.119321552666159,-0.4926882676529425,-0.0124140113035399,7.239245165538438,1.3875754190243483,-0.0061162377237651,b54e60aef814a46f,1,3.8234033584594727,x_return_sign_bias_3|m1_range_mean_240|(x_flow_autocorr_3*x_volume_surprise_curve_12_72),-1|1|-1,4,-0.353760166721602,3,0.022674044042851157,0.09883530729112039,True,False,False
BTC_LONG_166b47859e5ecf2b_12h,108442,12h,5.0,99,3,-7.795414462081203,0.0339710101769037,14,10.46010043255606,0.1787396090801276,1.5759558332728305,-0.0081618228430925,21.89947178667296,167.49297994882758,0.0308341094270266,85,24.639880952380953,0.041442258727804,0.4022135091791044,-0.1305477935951352,0.3174489402427431,24.257110178756474,2.35560653659612,0.041442258727804,166b47859e5ecf2b,-1,2.9764833450317383,x_return_vol_72|signed_sqrt(m1_flow_surprise_curve_15_60)|(x_flow_sign_bias_72*x_jump_concentration_288),-0.5|-1|-1,5,-0.1106182639039352,3,0.09520421387927791,0.4087128913204838,False,False,False
BTC_LONG_055a0d8f3308bdc7_12h,25728,12h,5.0,99,4,18.32526337039261,0.0552676424046743,34,25.403101050493284,0.5093468053660271,1.7441500479416134,-0.083705323441407,6.084998951381691,178.58377754658056,-0.0041193047758012,190,55.07738095238095,-0.0772200211841599,-0.569751446861106,-0.3235371646291519,-0.2386743460296805,-8.099457872024333,2.1681361201888163,-0.0772200211841599,055a0d8f3308bdc7,1,2.4334616661071777,(x_flow_mean_3*m1_return_efficiency_15)|(x_flow_std_12*x_return_sum_288)|(x_flow_mean_72*m1_return_sum_5)|(x_flow_std_72*x_volume_surprise_288),0.5|0.5|1|1,2,-0.14060893687078452,1,0.06943942020811807,0.24037210187399635,True,False,False
BTC_LONG_cbe15b1817b1eb6b_12h,988046,12h,5.0,95,3,-162.7398877067084,0.0479410312506032,102,76.20930315147986,0.5765217999605536,1.4714711917576977,-0.1598445085338748,3.6067663834593033,72.70845522037142,0.0109797168762956,424,122.9095238095238,0.0497344794833272,0.3142583788726098,-0.4286923514596487,0.1160143849405919,11.91789390527772,1.6127889736141368,0.0497344794833272,cbe15b1817b1eb6b,1,1.7572662830352783,signed_sqrt(x_flow_return_corr_curve_72_288)|(x_flow_mean_72*x_wick_asymmetry)|(x_flow_std_72*x_return_sum_288),-0.5|-1|0.5,2,-0.12704702225243847,2,0.028687049304419086,0.1307732311004595,True,False,False
BTC_LONG_c6da18b678bbb845_12h,963718,12h,5.0,99,3,15.436690092558209,0.0238294899757932,48,35.863201483049345,0.4382955772149417,2.405685144169957,-0.0449459231587966,9.751620311956152,109.68859598234256,0.0083166714874178,253,73.33988095238095,0.0038401645551056,0.1115042109028498,-0.2778806681689045,0.0138194735906257,7.736756741841409,2.0449897923096705,0.0038401645551056,c6da18b678bbb845,1,0.7266004085540771,tanh(m1_flow_return_corr_5)|tanh(m1_flow_mean_240),-0.5|0.5,4,-0.10842293096375816,2,0.04517529916981605,0.173470017998179,True,False,False
BTC_LONG_149ca42080ddbf64_12h,99726,12h,5.0,97,2,-50.35395240030438,0.012929002644647,183,136.7284556541256,-0.0133524291474467,0.1150463692154101,-0.3947031211632528,-0.0338290437331607,7.64549133754642,-0.0100473352934262,585,169.58035714285714,-0.2100655945997187,-0.9568111689782136,-0.6082040490750074,-0.3453867084890324,-7.455903036250381,1.240271136915604,-0.2100655945997187,149ca42080ddbf64,-1,2.299461603164673,x_time_cos_day|m1_flow_mean_curve_15_60|(x_flow_sign_bias_72*x_volume_surprise_72),0.5|1|-1,1,-0.29995749336830907,0,0.027271648905746404,0.12168021995750988,False,False,False
BTC_LONG_4422cd310e1a1223_12h,329491,12h,5.0,95,3,-22.67704865769652,0.0509000148171717,115,85.92225355313906,0.566349725191063,1.4694674645775685,-0.1550827716432221,3.65191903130276,64.08617899897554,-0.0029923454332456,532,154.21666666666667,-0.2219270838193155,-0.7325070500370484,-0.6424180673066509,-0.3454558567285457,-8.595363899666648,1.7948396403650027,-0.2219270838193155,4422cd310e1a1223,1,3.1160457134246826,x_return_vol_288|signed_sqrt(x_trade_surprise_288)|(x_flow_autocorr_72*x_trade_surprise_3),1|1|-1,0,-0.29187744780683833,0,0.02887897621805522,0.11686941406830036,True,False,False
BTC_LONG_3e17340ad0e07731_12h,300129,12h,5.0,95,3,-11.621832373258377,0.0028789485324592,228,170.3502070444844,0.2540003815868079,0.856843870106585,-0.2871985980915688,0.8844067599028596,21.402486925301677,-0.0274877567188433,604,175.08809523809524,-0.1261047925555586,-0.6041936113373902,-0.4412957482116095,-0.2857602708990729,-1.6392098179550554,1.0278126353692874,-0.1261047925555586,3e17340ad0e07731,1,0.8594290018081665,tanh(x_flow_std_288)|tanh(x_flow_mean_curve_12_72)|tanh(m1_trade_intensity_5),0.5|-0.5|0.5,2,-0.1776900800148652,1,0.02053292788354185,0.09193959115852013,False,False,False
BTC_LONG_bdee29658c0bf5a2_12h,920600,12h,5.0,99,3,-14.635268510756028,0.0519791413099258,32,23.90880098869956,0.1383776501875562,1.0580654866433594,-0.0886625874737305,1.56072199256034,62.735635944679046,0.0331361474703485,103,29.857738095238098,-0.137874995834176,-0.9867126007711678,-0.4037101725544693,-0.3415197466087474,-41.34412312504307,1.2488178771219138,-0.137874995834176,bdee29658c0bf5a2,1,2.583843946456909,signed_sqrt(m1_realized_vol_240)|(x_flow_mean_12*x_close_location)|(x_flow_return_corr_12*x_jump_concentration_72)|(x_flow_sign_bias_72*x_jump_concentration_72),0.5|0.5|-1|1,2,-0.2589652395402472,1,0.08248158054198976,0.32027828023778027,False,False,False
BTC_LONG_915279e0aaed7334_12h,703635,12h,5.0,95,4,2.5332147719881943,0.0711948973217182,112,83.68080346044847,0.5774557705229886,1.732745431421678,-0.1624271130300019,3.555168590703984,64.30197111380745,0.010483697007953,604,175.08809523809524,-0.0694427467740085,-0.1244880933613524,-0.4531410370465789,-0.1532475346453126,3.0531828903401506,2.092332864858906,-0.0694427467740085,915279e0aaed7334,-1,2.2151079177856445,m1_range_mean_5|(x_flow_std_72*x_trade_surprise_288),-0.5|-1,3,-0.12108399252635821,2,0.02227286523848112,0.09897199120551059,True,False,False
BTC_LONG_48df320c21f3e28c_12h,352669,12h,5.0,99,2,-9.794073545102012,0.0219216056775668,52,38.85180160663679,0.0963157356247781,0.801895771339576,-0.0674686714873423,1.4275623560017436,30.612609810568593,0.0148451884955836,246,71.31071428571428,0.1893882723219286,1.0378568725077746,-0.2509543857844867,0.7546720960062063,31.64869006156602,1.8354545049857547,0.0963157356247781,48df320c21f3e28c,1,1.852505445480347,x_flow_mean_288|x_flow_mean_curve_12_72|signed_sqrt(m1_volume_surprise_15)|(x_flow_sign_bias_3*x_trade_surprise_12),1|0.5|0.5|-0.5,6,-0.07219602622241228,4,0.04898883172757321,0.22122325677056187,False,False,False
BTC_LONG_85e3afcc5b5cb0b8_12h,647977,12h,5.0,95,3,-22.255428867561022,0.0515232263111486,217,162.1315567046189,0.2160055440948232,0.7285551824686455,-0.2491302893387694,0.8670384667722881,20.815931651278433,-0.0060202530094036,775,224.6577380952381,0.0026263240428094,0.1425861864717581,-0.3089114452054865,0.0085018670676396,6.701581589837669,1.3856509038800706,0.0026263240428094,85e3afcc5b5cb0b8,1,2.025850296020508,x_flow_mean_72|x_range_position_72|(x_flow_sign_bias_3*m1_return_efficiency_15)|(x_flow_mean_72*m1_return_efficiency_5),1|-0.5|0.5|-1,3,-0.12963832208687653,2,0.025078830417037696,0.09581544432735188,False,False,False
BTC_LONG_c9a6466619463377_12h,977208,12h,5.0,99,4,41.0845050115706,0.0776434115142947,60,44.82900185381168,0.4645170963334644,1.5650901851205046,-0.1343064853730531,3.458634890513365,97.87826945016089,0.0319671703073803,119,34.49583333333333,0.0751096737650103,0.4972227025553583,-0.1602050603842695,0.4688345897742024,30.469395102647752,0.7694981352880657,0.0751096737650103,c9a6466619463377,-1,4.296408653259277,m1_range_mean_240|signed_sqrt(x_flow_sign_bias_72)|(x_base_quote_flow_gap*x_return_sum_12)|(x_flow_sign_bias_12*x_volume_surprise_curve_12_72),-1|-1|-0.5|0.5,5,-0.05862031985472388,3,0.05451521596101658,0.23373204934352562,True,False,False
BTC_LONG_a433633e6f8afaa1_12h,795699,12h,5.0,95,2,-134.54649784564177,0.0431617255903401,74,55.289102286367736,0.018591262212102,0.219576059147998,-0.2233339575760312,0.0832442249888169,17.526315871268952,0.0244584405397201,163,47.25059523809524,-0.0143512755351848,0.0037952551925917,-0.2042434739657634,-0.0702655279825025,5.138999165730935,0.8546095574741408,-0.0143512755351848,a433633e6f8afaa1,1,2.438557386398315,(x_flow_sign_bias_72*x_return_sum_288)|(x_flow_return_corr_72*x_return_sum_288),1|-0.5,4,-0.14590801605948017,2,0.03937752522772702,0.18733338610069344,False,False,False
BTC_LONG_4b48a7ffbb8deca4_12h,364255,12h,5.0,99,4,22.341749413289445,0.0624506438749225,36,26.897401112287007,0.266808413893878,1.362481897505454,-0.1003052908382533,2.659963514029566,99.37579749550416,-0.0006649024402996,77,22.320833333333333,0.0196875835040442,0.2343319021857701,-0.1179196828372162,0.1669575683240446,16.429360059986703,0.82985093021262,0.0196875835040442,4b48a7ffbb8deca4,-1,0.9369805455207824,signed_sqrt(x_price_volume_corr_72)|(x_flow_std_12*x_return_sum_288),-0.5|-0.5,3,-0.08528196876840899,2,0.11395331217693826,0.3711485680170947,True,False,False
BTC_LONG_2ac155fa6f05e955_12h,206398,12h,5.0,99,4,8.393281189863176,0.0588404638825169,42,31.380301297668176,0.3014556041862781,1.0215427283943574,-0.1762993824270624,1.7099073180871442,102.29909046387748,0.0339638154970577,150,43.482142857142854,-0.023789379378626,-0.0581695907910169,-0.3329453537528898,-0.0714513030756463,2.741134773737719,1.3856509038800704,-0.023789379378626,2ac155fa6f05e955,-1,1.6316527128219604,x_return_sign_bias_3|m1_range_mean_240|signed_sqrt(m1_vwap_gap_mean_60),-0.5|-0.5|-0.5,3,-0.1332999872373134,2,0.06823244506037084,0.24154398883362413,True,False,False
BTC_LONG_36250ad2d59d3ba3_12h,261548,12h,5.0,97,2,-94.48606525246576,0.0434406516947484,87,65.00205268802694,0.0596910528171725,0.3450265873905344,-0.1928162786003712,0.3095747581607856,21.038080352995102,0.0145007308738677,195,56.526785714285715,0.0130933807472806,0.1706433542163601,-0.3210942403059715,0.040777376557125,11.503113195348387,0.8696153948488718,0.0130933807472806,36250ad2d59d3ba3,1,2.713531970977783,tanh(x_return_sign_entropy_12)|(x_flow_std_12*x_return_sum_288)|(x_flow_mean_72*m1_vwap_gap_mean_15),-0.5|1|1,4,-0.13763147909775425,2,0.04045906873137745,0.1549732667284837,False,False,False
BTC_LONG_0e3b74d940532d6d_12h,68850,12h,5.0,99,4,131.07605971148948,0.0615969700360723,35,26.150251081390145,0.6238612918409656,2.1666760231719415,-0.0684556602664697,9.113363152331448,200.52276202333465,0.0337101181641013,109,31.597023809523808,0.101495589141316,0.6773323957548737,-0.2032923051501346,0.4992593746544412,39.74972193709546,1.2082875881834214,0.101495589141316,0e3b74d940532d6d,-1,3.397831916809082,x_flow_mean_curve_12_72|m1_range_mean_60|signed_sqrt(x_return_skew_72)|(x_flow_sign_bias_72*m1_return_efficiency_15),0.5|-1|-1|1,4,-0.11831761602637775,4,0.06283953065223832,0.27382978294615956,True,False,False
BTC_LONG_bb196e2615f957d2_12h,906885,12h,5.0,99,4,62.451255366022934,0.0526133300523743,38,28.39170117408073,0.5201633645189887,1.7037449015814707,-0.085084140292919,6.113517310373277,164.32268262583108,0.0267724014037695,105,30.4375,0.1369840485111575,0.7977134457230165,-0.1643835773837845,0.8333195486513985,52.49563986267213,1.0720562256335282,0.1369840485111575,bb196e2615f957d2,-1,3.412994384765625,x_return_vol_12|x_flow_mean_288|m1_flow_std_15|signed_sqrt(m1_downside_share_5),-0.5|-1|1|-1,6,-0.10634728111204678,3,0.07395940022594011,0.26146302654351566,True,True,False
BTC_LONG_b08aca78ba464253_12h,855848,12h,5.0,99,3,-37.557435106480206,0.1002787790202262,35,26.150251081390145,0.1126960269099726,0.6325476303234421,-0.1493033005238587,0.7548126968027992,53.57243352091325,0.0289632942919335,156,45.22142857142857,0.013707087910328,0.1659102163826772,-0.1999022611693339,0.0685689487960168,11.44813745071423,1.729292328042328,0.013707087910328,b08aca78ba464253,1,3.2827484607696533,x_avg_trade_size_log|m1_range_mean_15|signed_sqrt(m1_jump_concentration_240)|(x_flow_sign_bias_3*m1_return_efficiency_5),-0.5|1|-1|-0.5,3,-0.11825063812429792,2,0.05870007134071831,0.22317154651305107,False,False,False
BTC_LONG_382a54c94cfe4aa9_12h,271339,12h,5.0,99,3,-18.664412504034612,0.0529253224932482,30,22.41450092690584,0.3329066354707335,1.1634617711400537,-0.123047149992807,2.70552089577202,149.4007814609122,0.0302748054847242,96,27.82857142857143,-0.0252277791993088,-0.0863872301397181,-0.2218097322653662,-0.1137361239367401,0.1697683067275699,1.241543209876543,-0.0252277791993088,382a54c94cfe4aa9,-1,2.543344259262085,m1_range_mean_240|(x_flow_mean_72*m1_return_sum_5)|(x_flow_return_corr_72*x_wick_asymmetry)|(x_flow_return_corr_72*x_return_efficiency_curve_72_288),-0.5|-1|0.5|0.5,4,-0.17654271089104034,2,0.08142853584844902,0.3077653382117815,True,False,False
BTC_LONG_9031090d0db14e14_12h,698081,12h,5.0,97,4,31.35017865047452,0.038103614019209,99,73.96785305878927,0.5371934782069689,2.000161767052952,-0.1210187035938452,4.438929374172286,66.60404859077396,-0.0027854263493797,335,97.11011904761904,0.0398848200750494,0.293441258025781,-0.2726966152251699,0.1462607815726495,11.14273678924472,1.3128692402419253,0.0398848200750494,9031090d0db14e14,-1,1.854607105255127,x_flow_mean_72|tanh(x_return_sign_entropy_72)|tanh(x_range_surprise_curve_12_72),-1|1|0.5,4,-0.15967299097801346,2,0.03486302375063941,0.13634315066656288,True,False,False
BTC_LONG_01dc6c4e3203b040_12h,8801,12h,5.0,99,2,-50.933773200881944,0.0117138638918136,53,39.59895163753365,0.2180537369634199,1.2781898055182046,-0.1540910176917423,1.415097000654732,58.14898601346248,0.030664597225834,212,61.4547619047619,-0.0419293799643293,-0.2354775126341227,-0.2657936242966239,-0.1577516393603799,-0.3705220168989403,1.5519290123456788,-0.0419293799643293,01dc6c4e3203b040,-1,1.244996428489685,signed_sqrt(m1_flow_std_60)|(x_flow_mean_72*x_trade_surprise_12),0.5|1,4,-0.18231106911507083,2,0.05057574706738567,0.21753294158201794,False,False,False
BTC_LONG_3cd945806cc1e41e_12h,294062,12h,5.0,97,3,-50.24728595880594,0.0027120066687163,124,92.6466038312108,0.1016149291374011,0.483923548049491,-0.2758872189898106,0.3683205387675247,19.613646199365952,0.0128378136961045,535,155.08630952380952,-0.0516718946393377,-0.0591980382223639,-0.5193746512682416,-0.099488672604953,3.961055290031232,1.6739556887196336,-0.0516718946393377,3cd945806cc1e41e,1,1.3028936386108398,m1_flow_std_5|(x_flow_mean_72*x_jump_concentration_3),-0.5|1,4,-0.3376281383815713,3,0.0245796658209537,0.10606327715277249,False,False,False
BTC_LONG_5aafff16df301995_12h,438816,12h,5.0,99,3,-2.2045855379187973,0.0678102420760739,21,15.690150648834088,0.1919437990815766,0.9861201524338116,-0.0787913120183744,2.4361036028542675,128.50302375825476,0.0358451682004683,52,15.073809523809524,0.0335535194840048,0.2954168592097242,-0.210740594032436,0.1592171628729512,34.29926430020205,0.9607179600235156,0.0335535194840048,5aafff16df301995,1,2.4759652614593506,signed_sqrt(x_return_vol_12)|signed_sqrt(m1_vwap_gap_mean_60)|(x_flow_return_corr_72*x_jump_concentration_288),0.5|1|0.5,4,-0.01646956779013925,2,0.1231654574877917,0.4571819302462715,False,False,False
BTC_LONG_77435018950d1062_12h,577681,12h,5.0,95,3,-30.518947216604005,0.0334451130028712,176,131.4984054378476,0.3847377183588445,1.2876609129526284,-0.2086594723674464,1.8438545539946865,32.81754383328186,-0.0149033065384128,678,196.5392857142857,-0.0627449017238243,-0.0874309222919071,-0.5499923835399589,-0.1140832193347376,3.735946400021033,1.4946134522306396,-0.0627449017238243,77435018950d1062,-1,1.0221881866455078,x_flow_mean_72|signed_sqrt(x_flow_autocorr_12),-0.5|-0.5,5,-0.4425091894452248,2,0.028336041172547018,0.1091139857504164,True,False,False
BTC_LONG_56f81a1fe09cea37_12h,420810,12h,5.0,95,3,-20.53931990119652,0.0310572991101949,123,91.89945380031394,0.2973765311468965,0.9946595217993144,-0.2080634553654957,1.4292588317564394,38.39973518439096,0.0113922618131312,562,162.91309523809522,-0.1818586999027592,-0.556940722684364,-0.6114882355499258,-0.2974034320369376,-4.80174196926332,1.772731920606243,-0.1818586999027592,56f81a1fe09cea37,-1,2.167195081710815,x_flow_sign_bias_288|signed_sqrt(m1_trade_size_surprise_curve_60_240),-1|-1,1,-0.3180407658966608,1,0.024843381995342806,0.1026717482074188,False,False,False
BTC_LONG_a5f930c24f4c99ba_12h,804294,12h,5.0,99,4,80.70843478703556,0.0251177493092816,30,22.41450092690584,0.3147861620458945,1.8610645096919272,-0.0760526389886533,4.139056398724823,132.1810595300316,0.0059290563581112,146,42.32261904761905,0.0154407828671732,0.1888604439073017,-0.2299841421119984,0.0671384675716198,10.199108265777149,1.8881802983539093,0.0154407828671732,a5f930c24f4c99ba,-1,1.2169067859649658,tanh(x_flow_mean_72)|signed_sqrt(x_time_sin_day),-0.5|-1,3,-0.04986233079386926,2,0.08411559730705473,0.3120719161204871,True,False,False
BTC_LONG_98e5fc4dcab54bef_12h,740484,12h,5.0,99,3,35.326311929574544,0.0586739838005687,24,17.931600741524672,0.3170596378952222,1.760683612771931,-0.054645464724528,5.802121722151035,165.91163864686132,0.0208188267043413,31,8.986309523809524,0.0514922835676763,0.5586285366265843,-0.094231398311786,0.5464450755288843,66.12350097266157,0.5011437435699588,0.0514922835676763,98e5fc4dcab54bef,1,2.7087302207946777,x_flow_return_corr_288|(x_flow_mean_72*x_return_sum_288)|(x_flow_std_72*x_return_sum_288),1|-1|0.5,4,-0.051036226048410405,4,0.18714221571090495,0.7563332032482669,True,False,False
BTC_LONG_374a82b468fdbbe8_12h,267075,12h,5.0,97,4,1.2247874756090873,0.0196631949165569,84,62.76060259533635,0.0826806157314294,0.4479675353093056,-0.341975457098873,0.2417735367118015,22.35277722356555,0.0091073550061581,413,119.72083333333332,0.1299190632703522,0.6979986260492854,-0.4473083646574524,0.2904463084875327,16.974108742946495,1.9075794110082303,0.0826806157314294,374a82b468fdbbe8,1,0.8233091831207275,(x_flow_mean_72*x_trade_surprise_12)|(x_flow_std_72*x_trade_surprise_12),-0.5|0.5,6,-0.349874573936143,3,0.035855965338454684,0.13548908162305762,False,False,False
BTC_LONG_116c049791d5983c_12h,84276,12h,5.0,95,2,-53.11057245865301,0.0160572285940608,196,146.44140605578482,-0.1873230415711735,-0.4516271381427801,-0.3819548037091709,-0.4904324798433627,-5.3675518766248,0.0049121495092807,758,219.72976190476192,0.1136389532368109,0.5147537597452293,-0.3387448211908738,0.3354706732852999,11.826781585888742,1.5004619787729907,-0.1873230415711735,116c049791d5983c,-1,1.2921665906906128,tanh(x_range_position_3)|(x_flow_mean_72*x_volume_surprise_12),1|1,5,-0.12028381128538829,3,0.020294550777818096,0.07974571768282451,False,False,False
BTC_LONG_a98d0ac3b9fe4690_12h,821718,12h,5.0,99,3,30.406248978105268,0.0523741318546824,51,38.10465157573993,0.2916608862802676,1.4980472190507792,-0.0675221972861471,4.319481563140788,76.33900907252257,-0.0161161796438794,232,67.25238095238095,-0.0823258484149195,-0.4228686782104704,-0.4560921466323687,-0.1805026660134052,-5.6441157952351375,1.7649388767852818,-0.0823258484149195,a98d0ac3b9fe4690,1,1.7640395164489746,x_flow_mean_72|tanh(m1_volume_surprise_curve_5_15)|signed_sqrt(m1_volume_concentration_5),1|1|0.5,3,-0.22297822523745747,2,0.0648114970044029,0.23898472861191408,True,False,False
BTC_LONG_54acd05a5a5ff69e_12h,409588,12h,5.0,97,4,43.14423991711369,0.0220159773268167,120,89.65800370762337,0.8266469537190413,2.4923146794219604,-0.0946947420673665,8.729597184297296,75.78816725034667,-0.00360717454581,582,168.7107142857143,-0.1724948340952471,-0.5460357291168118,-0.5555522434377121,-0.3104925524697067,-3.955833317858026,1.8817139274691357,-0.1724948340952471,54acd05a5a5ff69e,1,1.1715590953826904,tanh(m1_trade_size_surprise_5)|signed_sqrt(m1_flow_mean_240),1|0.5,1,-0.191548884445221,1,0.026869374774343743,0.11539862595791509,True,False,False
BTC_LONG_9f2220dd250c1a1e_12h,770914,12h,5.0,97,4,8.294197171809179,0.0131379123038244,106,79.1979032750673,0.4023888509865398,1.4873616939231102,-0.1424692286920003,2.8243913066761355,51.40250537622788,-0.0061611011280216,438,126.96785714285714,-0.0184752160966129,0.0237269302206327,-0.3743590703113257,-0.0493515919922777,5.407454057861125,1.6031719514325644,-0.0184752160966129,9f2220dd250c1a1e,-1,1.555433750152588,signed_sqrt(m1_flow_mean_60)|(x_flow_mean_72*x_return_efficiency_curve_3_12)|(x_flow_mean_72*x_return_efficiency_curve_72_288),0.5|0.5|-1,3,-0.185637901693339,2,0.034509441817079066,0.13626538309264777,True,False,False
BTC_LONG_b6ea09a36587bdeb_12h,886657,12h,5.0,97,4,34.503672709999464,0.0874358490600093,120,89.65800370762337,1.5407210561235385,2.803860530390185,-0.1157689514596305,13.308586082001437,115.92571561985464,0.0228837151557167,361,104.6470238095238,0.1840433749191679,0.7911730513251626,-0.2702657214986437,0.6809719482686653,24.173654872496645,1.167179944701646,0.1840433749191679,b6ea09a36587bdeb,1,2.2682230472564697,tanh(x_vwap_pressure_288)|signed_sqrt(x_flow_mean_72)|signed_sqrt(m1_downside_share_15)|(x_base_quote_flow_gap*x_trade_surprise_3),-1|1|0.5|1,5,-0.09558273360453157,3,0.03027796683449378,0.13419051267719334,True,True,False
BTC_LONG_b69cfade287b0e6b_12h,885215,12h,5.0,99,4,13.014013169425075,0.0675615401053998,52,38.85180160663679,0.6153135785281436,2.413110989988448,-0.1037149470384797,5.932737721013862,133.89391912827304,0.0331572094451343,149,43.19226190476191,0.1755803000072628,1.1426550600273286,-0.1477478847940049,1.1883777575026733,45.11356631076911,1.1117183790360874,0.1755803000072628,b69cfade287b0e6b,-1,4.803310394287109,x_impact_per_flow_72|x_vwap_pressure_288|x_flow_mean_curve_3_12|(x_flow_return_corr_12*x_return_sum_72),0.5|1|-1|-1,5,-0.020526429050253037,4,0.057622152577269235,0.2168439217163921,True,True,False
BTC_LONG_2cea57b2645d72d7_12h,216866,12h,5.0,99,4,71.2843268095037,0.0983000959932506,26,19.425900803318395,0.3560029166317642,1.6341063637450102,-0.0591004792274217,6.023689169454042,171.0906237448519,0.0317648313156642,128,37.1047619047619,0.0577866304763874,0.4051475463425834,-0.3100974560251711,0.1863499017924764,24.399866065639188,1.910066476733143,0.0577866304763874,2cea57b2645d72d7,1,1.773409128189087,x_return_sum_288|m1_trade_size_surprise_15|tanh(x_range_position_curve_12_72)|(x_flow_mean_72*x_return_efficiency_72),-0.5|-0.5|-0.5|1,3,-0.12473090585174934,2,0.06113330751945443,0.25539256440381136,True,False,False
BTC_LONG_a2de1bf5c7d3fcf9_12h,789024,12h,5.0,99,3,10.24508618987768,0.0143287743412773,35,26.150251081390145,0.4267140073270661,2.082383478267895,-0.0453437329129989,9.41065015855228,146.65650315767417,-0.0099157416083765,95,27.53869047619047,-0.0475907601349205,-0.2532674864751593,-0.2405489896270219,-0.19784227823493,-8.648049969405387,1.0530946869488533,-0.0475907601349205,a2de1bf5c7d3fcf9,1,1.031304955482483,x_flow_mean_288|signed_sqrt(x_return_efficiency_72),0.5|0.5,4,-0.21191330241788175,1,0.10180267968745549,0.36649715260712085,True,False,False
BTC_LONG_a2037b96b21406db_12h,784856,12h,5.0,95,3,-57.25171268155106,0.0344079752791645,163,121.7854550361884,0.0812256276115914,0.4175639404327178,-0.2161503935136185,0.3757829272999859,14.645204306371951,0.0004121098499292,769,222.91845238095237,-0.0100611995980758,0.0910127919900638,-0.3206701852511709,-0.0313755380475899,6.063265111459207,1.830419341248201,-0.0100611995980758,a2037b96b21406db,1,1.7909491062164309,x_volume_surprise_12|tanh(x_trade_surprise_288)|(x_flow_std_72*x_volume_surprise_72)|(x_flow_sign_bias_72*x_trade_surprise_12),1|-0.5|1|-0.5,4,-0.17220865842601624,1,0.023634242187791678,0.09078219854334313,False,False,False
BTC_LONG_a417a33e78f68421_12h,795143,12h,5.0,99,3,-106.86107845378434,0.0963504310655989,51,38.10465157573993,0.4432260001420289,1.5748331236787776,-0.2033116706296396,2.1800322567287664,109.479219684561,0.015630046998343,140,40.583333333333336,-0.0195594223027468,-0.0048197266497688,-0.4008629635230132,-0.0487932886861072,4.768404186020441,1.065049322198015,-0.0195594223027468,a417a33e78f68421,1,3.946038484573364,m1_range_mean_60|signed_sqrt(x_flow_mean_72)|(x_flow_autocorr_12*x_return_sum_12)|(x_flow_autocorr_72*x_volume_surprise_72),1|1|-1|-1,4,-0.17326697211072695,3,0.06442412956719518,0.2408836434510811,True,False,False
BTC_LONG_176395e3ea0c6eb2_12h,113225,12h,5.0,99,4,45.92474846607397,0.0103782250597895,48,35.863201483049345,0.7227336655591492,2.347592235613778,-0.1164213679432147,6.20791250203886,164.89257848784845,0.005742058396302,238,68.99166666666666,-0.011687857241966,0.00774461586453,-0.213368063197087,-0.0547779131836148,5.181794310488395,1.9237453382201644,-0.011687857241966,176395e3ea0c6eb2,1,1.9328758716583252,tanh(m1_volume_concentration_60)|tanh(m1_flow_return_corr_curve_60_240)|(x_flow_mean_72*x_return_sum_3)|(x_flow_mean_12*x_trade_surprise_12),-0.5|-0.5|1|1,5,-0.14262978745544347,2,0.05273447935581657,0.2072805996523013,True,False,False
BTC_LONG_0033b5857ca6897e_12h,969,12h,5.0,95,3,-127.70636423416526,0.0500693544965589,126,94.14090389300452,0.4068788345154348,0.9679898419561436,-0.3133094319928734,1.2986485339027063,52.99035864132922,0.0391789324579296,282,81.74642857142857,0.1018179594178201,0.5196277989433483,-0.236875792754291,0.429836912560478,20.559383219930353,0.8683412330981776,0.1018179594178201,0033b5857ca6897e,-1,2.628920555114746,m1_vwap_gap_mean_240|signed_sqrt(x_flow_std_12)|signed_sqrt(x_flow_autocorr_288),-0.5|1|-1,3,-0.1451703000553527,2,0.034637010847548756,0.14810947450398107,False,False,False
BTC_LONG_8d4a1327987b861e_12h,684076,12h,5.0,99,4,33.30520888972677,0.0372192884277655,47,35.11605145215248,0.347769959661778,1.037147663946374,-0.1932592237394567,1.7994999303661992,105.60769077504696,0.016290274053192,118,34.20595238095238,0.1776285880040089,1.2887648033121997,-0.1402557767218668,1.2664618324866146,55.358829311084584,0.9740831034935645,0.1776285880040089,8d4a1327987b861e,-1,1.3931430578231812,m1_range_mean_240|tanh(x_return_efficiency_curve_3_12)|signed_sqrt(m1_volume_concentration_60),-0.5|0.5|-0.5,6,-0.03580465219932033,4,0.0797566800470916,0.30261247818922377,True,True,False
BTC_LONG_65040dbc704b38ee_12h,488980,12h,5.0,97,4,6.3740102977017115,0.0338736695964444,76,56.78340234816146,0.4344612141770625,1.3739048598286536,-0.1271436394338522,3.4170896484609083,75.57394053667385,0.0082298975329732,264,76.52857142857142,-0.0807503096550827,-0.2639109090486374,-0.4682055614143966,-0.1724676430821221,-2.71299980963796,1.347727826510721,-0.0807503096550827,65040dbc704b38ee,-1,3.458707809448242,m1_realized_vol_240|signed_sqrt(m1_return_sum_240)|(x_flow_std_3*x_volume_surprise_curve_12_72),-1|-1|-1,2,-0.12686456805212043,2,0.0369654850905752,0.15805983236373244,True,False,False
BTC_LONG_8886a6881c3a2c6d_12h,660745,12h,5.0,95,3,-5.045276266158563,0.0012512742085863,222,165.86730685910322,0.5362253204938849,1.484969821171731,-0.2663903096141214,2.0129310306768735,33.97060501759418,0.0008055829906352,811,235.0934523809524,-0.0179139335365726,0.0611703537740061,-0.4006796919101725,-0.0447088632098398,5.676237689458469,1.417358591230119,-0.0179139335365726,8886a6881c3a2c6d,-1,1.1171537637710571,(x_flow_mean_3*x_jump_concentration_3)|(x_flow_mean_72*x_volume_surprise_12),0.5|-1,4,-0.19924411497442834,3,0.01641455274685139,0.07473250277805475,True,False,False
BTC_LONG_1ab3ec9281cba659_12h,129123,12h,5.0,97,3,-45.11231562280852,-0.0014699082017806,101,75.462153120583,0.0199067907185943,0.211607308957876,-0.3433496475398889,0.0579781888847917,13.20441298608229,0.00380799585439,281,81.45654761904761,-0.2143269938914562,-1.019163168203331,-0.5935245786568855,-0.3611088766980246,-21.791401944104837,1.0794357734384548,-0.2143269938914562,1ab3ec9281cba659,-1,3.0513195991516113,tanh(m1_trade_surprise_60)|signed_sqrt(x_flow_sign_bias_curve_72_288)|(x_flow_sign_bias_72*x_jump_concentration_288)|(x_flow_return_corr_72*x_jump_concentration_12),-1|-0.5|-1|1,2,-0.4026010116234793,0,0.042769404968664014,0.17510953294855686,False,False,False
BTC_LONG_4c6a7d1db0d5de54_12h,369621,12h,5.0,99,3,-165.3329746815413,0.0059789489562248,21,15.690150648834088,0.0766461702583811,0.4943741035706569,-0.1476098134667048,0.5192484731082572,62.70339926325075,0.0127497789679127,87,25.21964285714286,0.1242746379404549,0.9060555046810688,-0.1024193057772591,1.2133907469625564,55.310280213629355,1.6073550485008818,0.0766461702583811,4c6a7d1db0d5de54,-1,2.745612621307373,m1_volume_concentration_240|tanh(x_time_sin_day)|signed_sqrt(x_range_body_gap)|(x_flow_sign_bias_72*x_return_sum_288),0.5|1|-0.5|-1,6,-0.010793396792449504,4,0.09012329975026427,0.33842927525004574,False,False,False
BTC_LONG_6a80efa9f23e0fd3_12h,515453,12h,5.0,99,3,-126.4358809398436,0.050940601088944,29,21.66735089600898,0.212176228128079,1.1501586958967294,-0.1215634014608252,1.745395617252899,101.1543764003334,0.0382958820565252,164,47.54047619047619,-0.1213911078863838,-0.8275903089883226,-0.3859541495744397,-0.3145220954878499,-20.0135931271216,2.194106534695615,-0.1213911078863838,6a80efa9f23e0fd3,1,2.1784543991088867,x_return_sum_288|(x_flow_autocorr_72*x_return_efficiency_12)|(x_flow_std_12*x_trade_surprise_3)|(x_flow_sign_bias_72*x_volume_surprise_3),-0.5|-0.5|-1|1,1,-0.19570081727369731,1,0.06471688681519,0.2592204764865955,True,False,False
BTC_LONG_6adf9a9380376ad6_12h,517259,12h,5.0,97,2,-9.462819705770077,0.0285060696865695,123,91.89945380031394,0.0504213014034038,0.321377729370439,-0.2916249193260712,0.1728977808889741,17.855916587546638,0.0194771806701439,244,70.73095238095237,-0.1140185134208755,-0.365180581970118,-0.4800299490874595,-0.2375237495860947,-7.754032441337001,0.7696558516511091,-0.1140185134208755,6adf9a9380376ad6,-1,3.7708256244659424,signed_sqrt(x_return_sum_12)|(x_flow_std_12*x_return_sum_288)|(x_flow_mean_72*x_return_sum_12)|(x_flow_return_corr_72*m1_vwap_gap_mean_5),1|-1|0.5|1,3,-0.17021981727863478,2,0.03311251129265877,0.13766776281189044,False,False,False
BTC_LONG_81a46d530693667c_12h,627483,12h,5.0,99,3,-8.801780606298577,0.0719161521782401,35,26.150251081390145,0.2957525828739935,1.087025171058129,-0.1238668395753406,2.387665527658073,117.15346899918076,0.0249601173783348,155,44.93154761904762,-0.1084403884067621,-0.7237252342371724,-0.4082088049016055,-0.2656493125690922,-18.206346181041734,1.7182071208112875,-0.1084403884067621,81a46d530693667c,-1,1.7739121913909912,tanh(x_return_vol_72)|signed_sqrt(x_avg_trade_size_log)|(x_flow_std_72*x_close_location),-1|0.5|-1,2,-0.33085107077632736,1,0.11911050780358697,0.44599273765002345,True,False,False
BTC_LONG_6e5a22a16dafcf43_12h,534206,12h,5.0,99,3,35.448257889405674,0.0340297898164197,30,22.41450092690584,0.2427569389012078,1.5248130441189789,-0.0376144087380249,6.453828387731685,106.68849458433743,0.0084863849703436,152,44.06190476190476,0.1323503789111348,0.864019868974081,-0.1280939865619136,1.033228666414906,35.961032991848995,1.9657767489711933,0.1323503789111348,6e5a22a16dafcf43,-1,1.199516773223877,x_return_efficiency_3|x_flow_sign_bias_288,1|-0.5,5,-0.04749036631641712,3,0.08440490272329551,0.30228975925826507,True,True,False
BTC_LONG_c72bd912975f4a75_12h,965315,12h,5.0,97,3,-49.80568751139368,0.058569728438928,65,48.56475200829598,0.1363645052525617,0.7455940788544994,-0.1253862556019255,1.087555446950181,35.333059781169666,0.0002918470829705,454,131.60595238095237,-0.1160662956792625,-0.4628004958292568,-0.5189580608734559,-0.2236525538959967,-2.5955717671205525,2.709906813865147,-0.1160662956792625,c72bd912975f4a75,1,1.4799861907958984,tanh(x_flow_sign_bias_curve_72_288)|tanh(m1_realized_vol_15)|(x_flow_mean_72*x_jump_concentration_3)|(x_flow_std_72*x_volume_surprise_288),0.5|0.5|-1|0.5,2,-0.20819196640794724,1,0.03534996623655908,0.15124451328692956,False,False,False
BTC_LONG_a21bcbee2703c4f3_12h,785325,12h,5.0,99,3,-63.92281575207752,0.0440192436101412,33,24.655951019596426,0.2158661056059028,1.1714736834026849,-0.1024790021779297,2.106442305430571,90.6425731373176,0.0421504609913375,116,33.62619047619047,0.0759018918434701,0.5314325468985376,-0.2190499569721123,0.3465049383832263,30.73915940207699,1.3638164047886268,0.0759018918434701,a21bcbee2703c4f3,-1,2.9743824005126953,x_return_sum_288|m1_return_sum_240|signed_sqrt(m1_volume_concentration_5)|(x_flow_return_corr_12*x_return_sum_288),1|-0.5|0.5|-1,4,-0.13502022922417284,2,0.058891776270416016,0.2327022819735189,True,False,False
BTC_LONG_6a6e2925951a3b25_12h,515086,12h,5.0,99,3,23.018530381856728,0.0160286306983587,66,49.31190203919285,0.4826442855485326,1.9800097894090731,-0.0935295433178237,5.160340448883131,89.17889889290117,-0.0183463198442249,242,70.15119047619048,0.0081726462763409,0.1298002297306043,-0.3093683580816616,0.026417201574906,7.870566964024182,1.4226015946502057,0.0081726462763409,6a6e2925951a3b25,-1,1.375854730606079,tanh(x_trade_surprise_72)|(x_flow_mean_12*x_return_efficiency_curve_72_288)|(x_flow_mean_12*x_volume_surprise_288)|(x_flow_mean_72*x_volume_surprise_3),-0.5|-0.5|0.5|1,3,-0.17626722434741998,2,0.060914869994603944,0.1906154620169685,True,False,False
BTC_LONG_813d4bfec6cff25e_12h,625562,12h,5.0,95,2,-54.29900948449217,0.0217089142614389,125,93.39375386210766,0.1869017725123487,0.681325488229561,-0.1925732110847037,0.9705491820985404,29.19955014369505,0.0128981234311042,529,153.34702380952382,-0.0700603822907062,-0.0855885783393354,-0.5795739212046425,-0.1208825651524933,3.295220950717514,1.6419408950617285,-0.0700603822907062,813d4bfec6cff25e,-1,3.208775520324707,x_flow_std_288|m1_range_mean_240|signed_sqrt(x_trade_size_surprise_288)|signed_sqrt(m1_vwap_gap),-1|-1|0.5|1,2,-0.18000365121368228,1,0.02048027247416998,0.08803367758253706,False,False,False
BTC_LONG_5557864e1455de8e_12h,412867,12h,5.0,95,4,36.43323896144476,0.0909144611002176,92,68.73780284251124,0.4804802933241083,1.4741650093683998,-0.1381871839777593,3.477024999665959,68.3729783891251,-0.0001091479044148,331,95.95059523809525,-0.085379355048326,-0.2947221565062614,-0.4721830614930039,-0.1808183351142744,-1.7366183294113715,1.3958926714304885,-0.085379355048326,5557864e1455de8e,-1,1.76692795753479,tanh(x_time_cos_week)|(x_flow_std_72*x_return_efficiency_72)|(x_flow_std_72*x_return_sum_288),1|-1|-0.5,2,-0.23605655205905246,2,0.03693890666524606,0.1746777273664359,True,False,False
BTC_LONG_14475d5b7d0b36d0_12h,98059,12h,5.0,97,3,-1.9284368312729172,0.034185374137537,127,94.88805392390138,0.4444485148252375,1.374055751536836,-0.2107204387418567,2.1091855990757,48.49786233831175,-0.0082208771034969,465,134.79464285714286,-0.1836827942193064,-0.6155851360215939,-0.537574172864123,-0.3416882794808932,-7.370243853181896,1.420564942403033,-0.1836827942193064,14475d5b7d0b36d0,-1,2.273097276687622,x_flow_mean_288|tanh(x_flow_return_corr_curve_12_72)|(x_flow_mean_72*x_return_efficiency_curve_12_72),-1|1|-1,3,-0.38553673930268456,1,0.03755376681568452,0.14861886184904383,True,False,False
BTC_LONG_862856e1ea6c4169_12h,649207,12h,5.0,99,1,-25.240312349295262,0.03299364295213,40,29.886001235874453,0.0293257047237824,0.2419089154541924,-0.2072460683246129,0.1415018627897401,22.30525395613567,0.0145673478116166,198,57.39642857142857,-0.0528353073583364,-0.272641880126454,-0.2617745628449485,-0.201835146945241,-2.355890537007673,1.9205121527777778,-0.0528353073583364,862856e1ea6c4169,-1,1.759018898010254,tanh(x_avg_trade_size_log)|tanh(x_trade_size_surprise_72)|signed_sqrt(x_flow_std_72),0.5|-1|1,3,-0.07391516080204402,1,0.057472788892463565,0.21511350047921554,False,False,False
BTC_LONG_13ea5183446add0e_12h,96251,12h,5.0,95,4,24.995344166008064,0.0120854775110432,206,153.91290636475344,0.9696463728799114,2.0030217299094897,-0.1405020725265759,6.901295870183714,53.509143169761934,-0.0181074847921726,723,209.58392857142857,-0.2323617515067956,-0.8027762786597237,-0.6838937635004729,-0.3397629338180606,-5.739792581697174,1.3617047037935994,-0.2323617515067956,13ea5183446add0e,-1,1.476494073867798,tanh(x_flow_mean_72)|tanh(m1_jump_concentration_15),-1|-1,2,-0.33494344505630813,1,0.022077053231157356,0.08869772133587775,True,False,False
BTC_LONG_116ff29eff563fcb_12h,84329,12h,5.0,97,3,-37.12355432284426,0.0720343891090197,57,42.5875517611211,0.5540523284435697,1.6037948206467318,-0.1201751805078179,4.610372342295138,118.83416078732373,0.0489535942768663,158,45.80119047619048,0.1303656843384151,0.8042953047292525,-0.2595249234419582,0.5023243340540698,34.86597603108174,1.0754595787307775,0.1303656843384151,116ff29eff563fcb,-1,1.7091264724731443,(x_flow_std_72*x_return_efficiency_288)|(x_flow_return_corr_72*x_return_sum_288)|(x_flow_autocorr_72*x_volume_surprise_288),1|0.5|-0.5,4,-0.051196400725182334,3,0.06352713028777338,0.24148638718861007,True,False,False
BTC_LONG_36b9d49be942392f_12h,264328,12h,5.0,95,3,-3.638334184755599,0.0321209047053101,207,154.6600563956503,1.6078260204951094,2.8044454549911833,-0.1787896355381144,8.99283683674355,71.17162774993687,-0.0021738302382182,792,229.5857142857143,-0.1603996870356319,-0.4185003616993232,-0.5578530974311284,-0.2875303332978886,-0.5732493683547691,1.484453837895867,-0.1603996870356319,36b9d49be942392f,1,2.047651767730713,(x_flow_mean_72*x_return_sum_3)|(x_flow_std_12*x_trade_surprise_72),1|1,3,-0.49987882747118384,1,0.018740359762752793,0.08276654017199836,True,False,False
BTC_LONG_53d06d2b95d26919_12h,405391,12h,5.0,99,3,19.73059909794792,0.0638706287849388,47,35.11605145215248,0.2629440128606393,1.0801865851776573,-0.1796335064381784,1.463780438707477,79.82065194370438,0.0113167721772674,111,32.176785714285714,0.0753753775539325,0.5074395512955664,-0.1803622389638226,0.4179110771021835,32.11076747411248,0.9162985126083529,0.0753753775539325,53d06d2b95d26919,-1,2.4948906898498535,m1_flow_std_240|tanh(m1_vwap_gap)|signed_sqrt(x_flow_mean_72),1|-1|-1,5,-0.10845244345787625,2,0.0694456395600508,0.29746225913316837,True,False,False
BTC_LONG_c7d0de5a5fe6a894_12h,968403,12h,5.0,95,4,14.390382336570122,0.0483189794956536,157,117.30255485080724,0.8430376195412737,2.1471604690476345,-0.1286455160481594,6.5531830835493405,61.068322622286566,-0.0124698369112845,653,189.29226190476192,-0.0173327107446485,0.0740915929006022,-0.4443245259743174,-0.0390091244831496,6.088248873994236,1.6137096258944719,-0.0173327107446485,c7d0de5a5fe6a894,1,2.010925769805908,x_flow_sign_bias_72|x_volume_surprise_curve_72_288|(x_flow_autocorr_72*x_close_location),1|0.5|1,4,-0.31027327967103263,3,0.02011514678996476,0.09710107962784875,True,False,False
BTC_LONG_a1bc822f9283c7b2_12h,783434,12h,5.0,99,3,-6.649187631800335,0.0719160204883334,32,23.90880098869956,0.2919755856515731,1.2073129869022754,-0.0985850315098874,2.961662446923192,123.22943078475014,0.0187446418549406,67,19.42202380952381,-0.0536395071488795,-0.2872498738154246,-0.3257389253050003,-0.1646702404345905,-17.441518241719304,0.8123378423996914,-0.0536395071488795,a1bc822f9283c7b2,1,3.876873016357422,signed_sqrt(x_return_autocorr_12)|(x_flow_sign_bias_3*x_return_sum_72)|(x_flow_std_72*x_return_sum_288)|(x_flow_return_corr_72*x_jump_concentration_288),-0.5|1|1|0.5,2,-0.09891536008403323,1,0.10946293656340983,0.4753434712810921,True,False,False
BTC_LONG_affda81906065bd1_12h,853170,12h,5.0,95,2,-103.96590408155404,0.017401693077139,101,75.462153120583,0.2442507110557172,0.8139698943210595,-0.3316643523020779,0.7364394435530267,41.22058473285739,0.0136714791997772,387,112.18392857142857,0.0623076927694312,0.3745280825286724,-0.394140627543152,0.1580849281075688,12.93191227527009,1.4866250687568756,0.0623076927694312,affda81906065bd1,-1,3.358858108520508,x_return_vol_288|signed_sqrt(x_flow_mean_curve_3_12)|(x_flow_std_72*x_return_sum_288)|(x_flow_std_72*x_return_efficiency_288),1|1|-1|0.5,3,-0.09078899925567423,3,0.03194804994315471,0.143765928525101,False,False,False
BTC_LONG_ac67e2a496d03992_12h,835691,12h,5.0,99,4,61.97565877331635,0.0396553098286806,21,15.690150648834088,0.249731600250664,1.200668634156783,-0.1478494085962391,1.689094346888151,160.1079897287917,0.0175920006632223,85,24.639880952380953,0.0309757368357168,0.3064624025860676,-0.2229388609268987,0.1389427428979003,20.643298286654726,1.5704043577307465,0.0309757368357168,ac67e2a496d03992,1,2.3708250522613525,x_return_vol_72|tanh(m1_flow_mean_60)|signed_sqrt(m1_range_mean_240)|(x_flow_autocorr_72*x_volume_surprise_curve_3_12),1|-0.5|-0.5|1,5,-0.17673181881965006,3,0.07791541742869701,0.35649826375868726,True,False,False
BTC_LONG_19ec377e06899c5b_12h,125346,12h,5.0,95,4,25.800715146776263,0.0971376786753403,94,70.23210290430497,0.6999965610427881,1.8772904848877243,-0.1191468392327064,5.875074534504608,86.9691543766645,-0.0182224655082603,433,125.51845238095238,0.0310708269928488,0.2458871042387067,-0.3482947178922475,0.0892084358352549,10.086824629669662,1.78719484666404,0.0310708269928488,19ec377e06899c5b,-1,1.488811492919922,x_flow_mean_72|m1_realized_vol_60|tanh(x_flow_std_72),-0.5|-0.5|-1,4,-0.24675601800173286,2,0.03824849913509782,0.12925585831793454,True,False,False
BTC_LONG_25c65da584322369_12h,182461,12h,5.0,95,2,-34.60780857962277,-0.0114755280669174,132,98.62380407838567,0.1592705882147536,0.6286879971969015,-0.1773599272231637,0.8980077445247867,25.027762411431137,-0.0013360866326356,532,154.21666666666667,-0.2425060108340799,-0.699725709473751,-0.6453899196375116,-0.3757511598109332,-9.632169579703268,1.563686050317995,-0.2425060108340799,25c65da584322369,-1,3.058434009552002,x_flow_mean_288|(x_flow_std_12*x_return_sum_12)|(x_flow_autocorr_72*x_return_sum_288)|(x_flow_sign_bias_12*x_jump_concentration_12),1|-0.5|1|-1,1,-0.23125284847280736,0,0.02683162246588533,0.10579713741404109,False,False,False
BTC_LONG_4b49c42cee93df71_12h,364276,12h,5.0,99,4,61.820501617598225,0.0212523280500006,37,27.644551143183868,0.3598248234158525,1.6479651985030606,-0.1392336082284017,2.584324488851775,123.26631424767452,0.0250224032664158,136,39.42380952380952,-0.0413070906177854,-0.1520012378312636,-0.2733762422425894,-0.1510997820400584,-1.7584350135975997,1.4260969302635966,-0.0413070906177854,4b49c42cee93df71,1,1.672935962677002,tanh(m1_flow_return_corr_15)|tanh(m1_range_mean_15)|(x_flow_autocorr_72*x_return_sum_288),-1|1|-0.5,2,-0.09257258558428122,2,0.06080422276072765,0.22081839947357282,True,False,False
BTC_LONG_2435c7e18590c059_12h,174919,12h,5.0,99,3,41.064432368631174,0.0615496902720246,48,35.863201483049345,0.2045460970450381,1.144734651832772,-0.1109843711731366,1.843017128294076,61.047736262037745,0.0002442436780392,210,60.875,-0.0414145074604948,-0.2817919154488105,-0.3065488661007737,-0.1350992029012443,-0.7040337168881554,1.6974223572530864,-0.0414145074604948,2435c7e18590c059,-1,1.7742371559143066,x_flow_mean_72|x_time_sin_week|signed_sqrt(m1_volume_surprise_curve_15_60)|(x_flow_autocorr_3*x_trade_surprise_12),-1|-0.5|0.5|0.5,2,-0.06450273236210818,1,0.059003909053312965,0.23199346639012877,True,False,False
BTC_LONG_109b29d3036615f5_12h,80339,12h,5.0,99,3,-121.19037614430744,0.1066652314972415,41,30.63315126677131,0.1596170780765842,0.804156567895691,-0.161476901171278,0.9884824202024964,60.65469198682626,0.0589023046069545,77,22.320833333333333,-0.0496191674779726,-0.2893408117640455,-0.3824267898058722,-0.1297481473595519,-13.283117828450456,0.7286495972598616,-0.0496191674779726,109b29d3036615f5,1,2.495997190475464,x_return_sum_288|(x_flow_sign_bias_3*x_return_efficiency_3)|(x_flow_std_12*x_return_sum_72),-1|-0.5|-1,3,-0.1503053774828907,2,0.09526165382339061,0.3586360865307175,False,False,False
BTC_LONG_82eb18af626016be_12h,633539,12h,5.0,99,4,9.415634091990976,0.0740740509577775,76,56.78340234816146,0.8654323251390303,2.0898903837481786,-0.0811713658176438,10.661793311243205,123.50161768765132,0.0292623191975822,188,54.49761904761905,0.16506196497302,0.9628936940913714,-0.1606301935683489,1.0275899026591495,35.76885653663535,0.9597455734243014,0.16506196497302,82eb18af626016be,-1,3.252682685852051,x_return_sum_288|signed_sqrt(m1_volume_concentration_5)|signed_sqrt(m1_flow_return_corr_60)|(x_impact_per_flow_72*x_volume_surprise_288),1|-0.5|-0.5|-0.5,5,-0.08299566758842009,3,0.05198108062824436,0.20743342555317776,True,True,False
BTC_LONG_3a71e0779ec2160b_12h,282486,12h,5.0,95,4,3.4352013186100816,0.067435858500856,98,73.22070302789241,0.4850545403216779,1.4149680977495078,-0.1471489246294517,3.2963512410514397,65.55485346795456,0.0316647412020087,680,197.1190476190476,-0.0182664837444447,0.0460041528249406,-0.4993198943036862,-0.0365827277319238,5.566152888254499,2.692121756109851,-0.0182664837444447,3a71e0779ec2160b,-1,1.9824810028076172,x_flow_mean_288|m1_range_mean_240|signed_sqrt(x_range_surprise_3)|(x_flow_mean_3*m1_return_efficiency_5),-0.5|-0.5|-0.5|0.5,4,-0.16626378337011932,2,0.019708922351085283,0.08757896207987338,True,False,False
BTC_LONG_99b056890a793a47_12h,744354,12h,5.0,99,3,20.387295981325757,0.0630572851134041,48,35.863201483049345,0.378022718999349,2.1508391728927045,-0.0673418825775497,5.6134860584573785,97.7158220784752,-0.0028802663674404,208,60.2952380952381,-0.0073714747936586,0.0343492048986575,-0.2923275809603803,-0.0252164875084356,5.923142129343574,1.6812564300411523,-0.0073714747936586,99b056890a793a47,-1,1.6617661714553833,tanh(m1_flow_mean_240)|(x_flow_std_72*x_trade_surprise_72),-1|-1,3,-0.07427921814114435,2,0.0762720476729375,0.3269374310725034,True,False,False
BTC_LONG_9bf0b5035ecc67b3_12h,755273,12h,5.0,95,3,-21.88691607410577,0.0587468941487229,185,138.22275571591933,0.6503857988043964,1.3120756646658034,-0.2836010206324388,2.293312616978657,49.05503792571977,0.0289968128830432,687,199.1482142857143,0.0592179519566462,0.3440479021775587,-0.3737543228202332,0.1584408482818502,9.776145110608544,1.44077733983984,0.0592179519566462,9bf0b5035ecc67b3,1,2.0517141819000244,x_vwap_pressure_288|signed_sqrt(x_range_body_gap)|(x_flow_return_corr_12*m1_return_efficiency_15)|(x_flow_mean_3*x_jump_concentration_3),-0.5|0.5|-0.5|1,3,-0.13692411327915782,3,0.02098263455867431,0.09370007948347486,True,False,False
BTC_LONG_1844a4160c38cd8c_12h,117380,12h,5.0,95,3,-51.74488258444727,0.0786186118562089,99,73.96785305878927,1.2387555738749656,2.484159688011721,-0.1134875500846891,10.915343338987883,122.10394019282424,0.0066895440118593,185,53.62797619047619,-0.0626547662892557,-0.1247807264575177,-0.4806552304407301,-0.1303528232321643,-0.9109322926744562,0.7250173416261378,-0.0626547662892557,1844a4160c38cd8c,1,1.3256205320358276,tanh(x_return_sign_entropy_288)|signed_sqrt(m1_vwap_gap_mean_240),-1|0.5,4,-0.28469189852261023,3,0.06262805083673664,0.2065226375256103,True,False,False
BTC_LONG_8a7646dc5ccbd0f9_12h,670320,12h,5.0,97,4,61.238040307326465,0.0506895978728877,112,83.68080346044847,1.0077069886056125,2.1685212233336,-0.1449350223684197,6.952819078083533,95.48411107920738,0.0153518328585524,418,121.17023809523808,0.2551330187900245,0.9302449513050436,-0.3437409627144566,0.742224658868957,27.157562519214867,1.4480051945546735,0.2551330187900245,8a7646dc5ccbd0f9,-1,1.5660862922668457,x_flow_mean_288|tanh(m1_realized_vol_curve_5_15)|signed_sqrt(m1_flow_surprise_15),-0.5|1|0.5,4,-0.11030251579100075,3,0.02403772796563785,0.10818383427164684,True,False,False
BTC_LONG_2b957c72e6ce70f1_12h,210508,12h,5.0,95,4,10.665733397777332,0.0396441460951774,180,134.48700556143504,0.868003042251813,2.1927907669830877,-0.1496329181685842,5.800882939901469,54.9132644231832,0.0009325473547154,719,208.42440476190475,-0.0806534306469918,-0.097709043890066,-0.560783952546207,-0.1438226437842766,3.4806480757592357,1.5497735553840877,-0.0806534306469918,2b957c72e6ce70f1,1,2.47009015083313,x_flow_sign_bias_72|(x_flow_mean_72*x_wick_asymmetry)|(x_flow_std_3*x_trade_surprise_3)|(x_flow_return_corr_12*x_trade_surprise_12),1|1|0.5|-1,4,-0.38391460434808067,2,0.01879492902073443,0.08632709743556796,True,False,False
BTC_LONG_9f9c46f283bfc727_12h,773278,12h,5.0,95,3,-4.593498974457451,0.0593782503517416,138,103.10670426376686,1.1857888898384403,2.1712435475398633,-0.1542120546190097,7.689339803999133,88.22385014292841,0.0188690279377638,455,131.89583333333334,-0.044466350079358,-0.0226538247149001,-0.5084899601179143,-0.0874478427637916,4.520849462040263,1.2792168489443552,-0.044466350079358,9f9c46f283bfc727,-1,2.3181540966033936,signed_sqrt(m1_range_mean_60)|(x_base_quote_flow_gap*x_return_sum_288)|(x_flow_autocorr_72*x_volume_surprise_3),-0.5|-0.5|1,3,-0.3143308873138794,2,0.02083303681412012,0.09394882960450132,True,False,False
BTC_LONG_4d416b3fa1e0e91b_12h,373625,12h,5.0,95,4,15.666435271670604,0.0643300853069347,185,138.22275571591933,0.6525895527503052,1.482224342878306,-0.2313133712920614,2.821235750899722,46.92658669359994,0.0341940843774659,505,146.38988095238096,-0.0392536238156373,0.0178710129103613,-0.5592731829813598,-0.0701868514531397,5.365277916427394,1.0590866908575243,-0.0392536238156373,4d416b3fa1e0e91b,-1,2.5344274044036865,x_return_sum_288|signed_sqrt(x_range_body_gap)|(x_flow_sign_bias_3*x_close_location)|(x_flow_return_corr_3*m1_vwap_gap_mean_5),0.5|-1|-0.5|0.5,5,-0.621404217658402,2,0.02265753252778023,0.09245846570488661,True,False,False
BTC_LONG_7aca9eb9707402f3_12h,594694,12h,5.0,97,3,-1.7176176529752665,0.0451265004618351,83,62.01345256443949,0.3949052162040458,1.3860073832189046,-0.1034515360764476,3.817296786315696,64.22601427336888,-0.0088879383505866,368,106.67619047619048,0.0410403541947883,0.2852769116246004,-0.3526137173703759,0.1163889893474582,11.512783931474932,1.7202104715156925,0.0410403541947883,7aca9eb9707402f3,-1,1.9374303817749023,signed_sqrt(x_price_volume_corr_288)|signed_sqrt(m1_jump_concentration_5)|(x_flow_std_72*x_return_sum_288)|(x_flow_sign_bias_72*x_return_efficiency_3),-1|0.5|-0.5|1,6,-0.2196687433770339,3,0.03388676096804096,0.1420142488579764,True,False,False
BTC_LONG_8cef355e845a9888_12h,682421,12h,5.0,95,3,-23.380087206018917,0.05186662993583,146,109.08390451094176,0.4725832541931929,1.293292942187256,-0.2535694140869059,1.8637234143358643,45.903745227548114,0.01983256157703,614,177.98690476190475,0.0175863277428209,0.1981062290000406,-0.3662064484199409,0.0480229876308845,7.961290048826686,1.6316513931168608,0.0175863277428209,8cef355e845a9888,1,1.0834639072418213,tanh(x_flow_mean_288)|tanh(m1_volume_surprise_60)|signed_sqrt(m1_volume_concentration_240),0.5|0.5|-0.5,4,-0.1629645368624683,1,0.023493800529271962,0.10224227265326895,True,False,False
BTC_LONG_5505eeb34f59b11d_12h,411283,12h,5.0,99,4,3.079842965246955,0.0660527098673829,41,30.63315126677131,0.4305678648388622,1.6861905041222356,-0.1207282989741596,3.566420371175941,130.23574878453144,0.0142002813292647,97,28.11845238095238,0.0015511136049894,0.084149577081315,-0.2734985555535763,0.0056713776855236,9.381836119014826,0.9179092329117736,0.0015511136049894,5505eeb34f59b11d,1,1.7468560934066772,m1_trade_size_surprise_5|(x_flow_std_12*x_return_sum_72)|(x_flow_std_12*x_return_sum_288),1|-0.5|1,3,-0.12414596297386832,1,0.08384102008090887,0.3011344226291897,True,False,False
BTC_LONG_14acca656a253a40_12h,100040,12h,5.0,95,2,-17.992751216218608,0.0459506344032671,120,89.65800370762337,0.2123275250024769,0.8435984048058008,-0.1396504355059727,1.5204215026840775,30.48344783419093,-0.028136618082139,474,137.40357142857144,-0.0935386651705828,-0.318142462116919,-0.4495797539026144,-0.2080580016306621,-0.2626896301144784,1.5325298996913579,-0.0935386651705828,14acca656a253a40,-1,1.2595970630645752,x_flow_sign_bias_72|x_flow_autocorr_72,-0.5|-0.5,4,-0.23864195347693445,1,0.028185814422448545,0.10804444914766335,False,False,False
BTC_LONG_53aed7cbac05aa48_12h,404728,12h,5.0,99,4,80.45086871373242,0.0677619131004094,25,18.678750772421537,0.3813917123123997,1.4522461780654294,-0.1117801689801071,3.4119801015891635,192.65781867378703,0.0218275926304455,185,53.62797619047619,-0.0119977509979054,-0.0175561284880012,-0.2248545210608715,-0.0533578375088908,4.544229561032833,2.8710686728395056,-0.0119977509979054,53aed7cbac05aa48,1,2.036219596862793,m1_range_mean_240|tanh(m1_signed_impact)|(x_flow_std_12*x_volume_surprise_3)|(x_flow_std_12*x_volume_surprise_288),0.5|-0.5|-1|1,4,-0.11821969117597708,1,0.07750585355350531,0.28399336693166805,True,False,False
BTC_LONG_91e10c783794b1c7_12h,706306,12h,5.0,99,4,92.6224061383014,0.0714971919427857,32,23.90880098869956,0.5913483921501193,2.846725547839746,-0.0240887531951149,24.548733899189155,205.09053524355747,-0.0058449478177773,141,40.87321428571428,-0.0675961458523124,-0.3440089030734982,-0.3634716647002919,-0.1859736326573083,-8.816854330030495,1.709546802662037,-0.0675961458523124,91e10c783794b1c7,1,2.5214028358459473,signed_sqrt(x_flow_mean_288)|(x_flow_mean_72*x_return_sum_12)|(x_flow_std_72*x_volume_surprise_72),1|1|0.5,2,-0.11940888467263155,1,0.07487937143756189,0.30906747201337786,True,False,False
BTC_LONG_7fefaf095239c223_12h,619265,12h,5.0,95,4,16.546099337855317,0.0624367338451099,152,113.56680469632292,0.5813286272121594,1.3947258385219838,-0.2625078763671931,2.21451879942453,51.5664924024941,0.0281062190350839,554,160.5940476190476,0.4099225556832402,1.4471665835085432,-0.2526307415405113,1.6226154947873035,28.46808018583457,1.4140932119070821,0.4099225556832402,7fefaf095239c223,1,3.531156539916992,x_vwap_pressure_288|tanh(m1_flow_mean_curve_15_60)|signed_sqrt(x_flow_mean_3)|signed_sqrt(x_downside_share_12),-1|-0.5|-1|1,6,-0.1240301700822368,4,0.0257397039653383,0.11178077379828118,True,True,False
BTC_LONG_505dba7a8db0e767_12h,388580,12h,5.0,95,3,-7.585472196976399,0.0642670024539938,145,108.33675448004487,0.6083513444782367,1.5362642243691462,-0.1582004613615839,3.8454460830413457,54.164434972041114,0.013274318058594,689,199.7279761904762,-0.1501161896186867,-0.3984009770586039,-0.5981273578852053,-0.2509769660920569,-0.9406883564610478,1.8435846370796087,-0.1501161896186867,505dba7a8db0e767,-1,2.0651702880859375,x_flow_sign_bias_288|m1_trade_size_surprise_15|signed_sqrt(m1_volume_concentration_60)|(x_flow_mean_72*x_return_efficiency_12),-1|-0.5|0.5|-0.5,3,-0.3370972084150101,1,0.020152293335106455,0.09043067444966751,True,False,False
BTC_LONG_2eea2c358cbc9c9c_12h,226397,12h,5.0,95,4,13.893669605993011,0.0447539671609299,186,138.9699057468162,0.7137820061439044,1.7768430944109286,-0.1416380749045425,5.039478308533637,47.73038804309713,-0.0110222981087229,684,198.27857142857144,-0.2222880526598722,-0.6475068948566299,-0.6450911222340738,-0.3445839587592622,-5.22293712730712,1.4267734468339308,-0.2222880526598722,2eea2c358cbc9c9c,-1,2.0483953952789307,x_flow_mean_72|signed_sqrt(x_return_efficiency_curve_12_72),-1|-1,2,-0.4612618135243462,1,0.021708565836229054,0.09678745018437086,True,False,False
BTC_LONG_8ca815bd3ac5e332_12h,681041,12h,5.0,97,3,-23.21015239872958,0.0459482144846847,53,39.59895163753365,0.4651537032813868,1.398428103958176,-0.1444680555762959,3.2197685600865,113.1860353721011,0.0253559639769475,224,64.93333333333334,-0.0788368403126551,-0.3011697727042062,-0.3629026843786764,-0.2172396174132226,-4.411550248960526,1.63977405078034,-0.0788368403126551,8ca815bd3ac5e332,-1,3.1289937496185303,x_return_autocorr_288|signed_sqrt(x_flow_return_corr_72)|(x_flow_std_12*x_return_sum_288)|(x_flow_return_corr_12*x_volume_surprise_3),-1|-1|-1|1,3,-0.15006318483693648,1,0.04917703466970655,0.1840884919572549,True,False,False
BTC_LONG_9754b51ea6a0f71a_12h,732703,12h,5.0,99,4,110.46035767210208,0.0640626030609714,39,29.13885120497759,0.5892912132305852,2.0057268213074635,-0.0960355949233915,6.136174964091889,173.92852464169374,0.0383472257448614,79,22.90059523809524,0.0251261543477623,0.2434673379526866,-0.2071202339790987,0.1213119252766869,20.48946253438357,0.7859127690724913,0.0251261543477623,9754b51ea6a0f71a,-1,3.894178628921509,x_return_vol_12|signed_sqrt(x_volume_surprise_288)|(x_flow_sign_bias_12*m1_vwap_gap_mean_5)|(x_flow_autocorr_72*x_return_sum_72),-1|1|0.5|-1,5,-0.11803948961157751,3,0.08552571125091278,0.3025490445216,True,False,False
BTC_LONG_89d7697e9e5c52f1_12h,667204,12h,5.0,99,3,17.9860046422199,0.0167219831388101,57,42.5875517611211,0.0967086341521841,0.5213408592671127,-0.2285082475626364,0.423217258824215,32.6576146511734,-0.0019053370629615,186,53.917857142857144,0.0608468156289101,0.4197781216779088,-0.1671606307733254,0.3640020700293968,18.849511379224747,1.2660473521767381,0.0608468156289101,89d7697e9e5c52f1,-1,1.712470293045044,tanh(x_flow_mean_288)|signed_sqrt(m1_flow_autocorr_5),-1|-1,4,-0.12425762122643924,2,0.0684053082306635,0.295139712205611,False,False,False
BTC_LONG_11313f73017058f9_12h,83203,12h,5.0,95,4,9.895334386116732,0.0469658205314057,135,100.86525417107627,1.201165813227176,2.3559196012970074,-0.1191283873092392,10.082952018053692,89.56307471935597,0.0051019179997459,546,158.275,-0.0959029901134759,-0.1231161358954232,-0.5208035770019326,-0.1841442615766059,2.312967366862048,1.5691726680384088,-0.0959029901134759,11313f73017058f9,-1,1.0450870990753174,x_flow_mean_curve_72_288|signed_sqrt(m1_body_mean_60),-0.5|0.5,2,-0.3961944041599099,2,0.029107419842136724,0.1238648830915174,True,False,False
BTC_LONG_a175fbbb4d53ba01_12h,782128,12h,5.0,99,4,16.627563224465412,0.0767343191774879,38,28.39170117408073,0.4415682636043438,2.616849815984765,-0.0273390177776546,16.15157747054307,137.3781900124968,0.0357170095343208,165,47.83035714285714,-0.0630715329889937,-0.2976021138657134,-0.2892930881587109,-0.2180194950056727,-5.5799631375775105,1.6846597831384014,-0.0630715329889937,a175fbbb4d53ba01,1,3.809328556060791,x_return_sum_288|(x_flow_sign_bias_3*x_return_efficiency_72)|(x_flow_mean_12*x_return_sum_72)|(x_flow_mean_12*x_jump_concentration_12),-1|1|1|1,4,-0.25047928616840825,1,0.06004797381492761,0.22176564493093237,True,False,False
BTC_LONG_b0791cc05115e757_12h,855526,12h,5.0,95,3,-21.66836933871792,0.0802988261660627,122,91.15230376941707,0.8778046450478929,1.8268661158712884,-0.2317910595682353,3.787051349965818,81.96375690234149,0.0111304676660498,487,141.1720238095238,0.0141927166686579,0.1898928375374594,-0.4729153728753797,0.0300111129447211,8.810580159039485,1.5487488299433314,0.0141927166686579,b0791cc05115e757,-1,1.6427057981491089,tanh(x_volume_surprise_curve_72_288)|signed_sqrt(m1_quote_flow_return_corr_15)|(x_flow_std_72*x_return_sum_288),-0.5|-1|-0.5,3,-0.26595892752429534,2,0.026589876788085796,0.10557198810763738,True,False,False
BTC_LONG_bc416ab368609538_12h,912470,12h,5.0,95,3,-3.429377655340682,0.069061876917924,155,115.8082547890135,0.673943982228046,1.446611575124569,-0.212804663346371,3.1669605901967595,57.038607006708325,0.0201795637592683,447,129.5767857142857,0.0189722110541685,0.2079654202390714,-0.4682345117584487,0.0405186088973208,9.450653804085078,1.1188907556750298,0.0189722110541685,bc416ab368609538,-1,1.549816370010376,signed_sqrt(m1_return_efficiency_240)|(x_flow_sign_bias_12*x_return_sum_3)|(x_flow_std_72*x_return_sum_288)|(x_flow_autocorr_12*x_volume_surprise_curve_3_12),-0.5|-0.5|-0.5|-0.5,5,-0.11673298684045741,1,0.024083543405210114,0.08972142278123384,True,False,False
BTC_LONG_b687e75c403976b9_12h,884817,12h,5.0,97,4,14.486050968456295,0.0374668713274218,89,66.49635274982066,0.6852879311758686,1.845941431571394,-0.1206812316882433,5.6784963294555855,90.37641837015698,0.0166235336005489,249,72.18035714285715,0.0296707624965626,0.2480307127330804,-0.5518673262433346,0.0537643036389509,14.007075378592065,1.0854784384103204,0.0296707624965626,b687e75c403976b9,-1,4.322482109069824,x_return_vol_288|tanh(x_return_efficiency_curve_3_12)|(x_flow_price_gap*x_return_sum_12)|(x_flow_mean_72*m1_vwap_gap_mean_5),-1|-1|0.5|-1,3,-0.2410502036975885,2,0.030618371397939555,0.12141428304199006,True,False,False
BTC_LONG_2b85669871cbff2f_12h,210193,12h,5.0,95,3,-33.0970797409371,0.0485544289255562,137,102.35955423287,0.894212550310832,1.9845716702255765,-0.1467760933296397,6.092358299130832,73.42185360518212,0.0034725450622681,675,195.6696428571429,-0.1015994929351508,-0.2428831960136077,-0.6167208355093678,-0.1647414633741647,1.519300799586492,1.9115913929440393,-0.1015994929351508,2b85669871cbff2f,1,1.4500586986541748,tanh(m1_flow_mean_240)|signed_sqrt(x_range_position_12)|(x_flow_sign_bias_12*x_return_efficiency_3)|(x_flow_std_72*x_return_efficiency_3),1|-0.5|-0.5|1,3,-0.45439594347063156,1,0.02192292738955418,0.09627198650679906,True,False,False
BTC_LONG_48f0b75066eef84e_12h,352999,12h,5.0,99,4,46.85671732728852,0.0450037701500436,32,23.90880098869956,0.2088061957541505,0.9148259932748506,-0.1720682151927396,1.2135082328846114,95.7743096193004,-0.0002461526723208,142,41.16309523809524,-0.0289842064824582,-0.1253589591075999,-0.255482028797712,-0.1134491009753474,0.5314568963257966,1.7216712480709877,-0.0289842064824582,48f0b75066eef84e,1,1.4614472389221191,tanh(m1_return_efficiency_curve_5_15)|(x_flow_mean_3*x_return_efficiency_3)|(x_flow_std_12*x_return_sum_288)|(x_flow_std_72*x_return_efficiency_3),-0.5|0.5|0.5|1,3,-0.10168759142683764,2,0.08076509868729576,0.29026412106904376,False,False,False
BTC_LONG_cb3fa5dcdc7643ff_12h,985110,12h,5.0,99,4,43.96453167578029,0.0674830179112536,35,26.150251081390145,0.3898423038387351,1.7782865691253449,-0.0728173138758897,5.353703440684239,137.88039416377111,-0.0158124407096381,106,30.72738095238095,0.0286248640634689,0.2759327248244501,-0.1423255077484637,0.2011225149750288,17.104522027334742,1.1750319664902997,0.0286248640634689,cb3fa5dcdc7643ff,-1,1.903525948524475,x_flow_sign_bias_288|tanh(x_return_sum_3)|tanh(x_flow_autocorr_72)|(x_flow_sign_bias_72*x_return_efficiency_curve_72_288),-0.5|0.5|-0.5|-1,4,-0.06873772981739995,2,0.08844453290870075,0.37368230520674733,True,False,False
BTC_LONG_9c922423541089ec_12h,758315,12h,5.0,99,4,36.12081550036763,0.0500251570953901,31,23.1616509578027,0.3459771621978125,1.4434335994352814,-0.0959298694295619,3.606563464071551,143.5910296334171,0.0069338584291686,90,26.089285714285715,0.0105235251501329,0.1452696309252885,-0.3329835094434987,0.031603742682995,13.74018434550591,1.126400089605735,0.0105235251501329,9c922423541089ec,-1,5.513642311096191,signed_sqrt(m1_trade_intensity_5)|signed_sqrt(m1_volume_surprise_15)|(x_flow_std_72*m1_vwap_gap_mean_5)|(x_impact_per_flow_72*x_return_sum_72),1|0.5|-0.5|-0.5,4,-0.06833096945387945,2,0.06774354292027464,0.2811365916664967,True,False,False
BTC_LONG_4d2362d89fb0683c_12h,373057,12h,5.0,99,3,-446.4792254117827,0.0863260400530049,22,16.43730067973095,0.1395287611588243,0.7767552277251966,-0.1824098112603723,0.764919168518082,96.22847154467884,0.0345089507530067,71,20.58154761904762,-0.031986428996702,-0.1596591666756582,-0.2564572955305884,-0.1247241921136413,-5.962992946991561,1.2521245440516273,-0.031986428996702,4d2362d89fb0683c,-1,2.1159348487854004,(x_flow_mean_72*m1_return_sum_5)|(x_flow_std_72*x_return_sum_288)|(x_flow_sign_bias_72*x_jump_concentration_72),-0.5|-0.5|-1,3,-0.1485137648418594,1,0.11433430996914355,0.36748273738798476,False,False,False
BTC_LONG_75283c3f9353a4fc_12h,567325,12h,5.0,95,3,-19.336987630837317,0.0196944698424784,190,141.95850587040366,0.3141851960282662,1.0784247423952933,-0.2194217383258702,1.4318781649685948,27.241988573479077,-0.0076431749093915,705,204.36607142857144,-0.0746491903290262,-0.0960705015601291,-0.4368753213093559,-0.1708706962556175,3.545502448631786,1.4396183601364523,-0.0746491903290262,75283c3f9353a4fc,-1,1.1403924226760864,tanh(m1_return_sum_5)|(x_flow_mean_72*m1_return_efficiency_15),0.5|-1,3,-0.25485657108416726,2,0.02726468420361368,0.10910009737043425,True,False,False
BTC_LONG_b6f532ef2ac35281_12h,886884,12h,5.0,99,3,-25.4515028017079,0.0339629906030108,38,28.39170117408073,0.2788771058886496,1.8401543371066469,-0.0428421180895802,6.509414527674251,94.90029585150054,0.0028795441002523,190,55.07738095238095,-0.1401439209624124,-1.1217250791081477,-0.5039446185685137,-0.2780938932545803,-20.92817913842412,1.9399112654320987,-0.1401439209624124,b6f532ef2ac35281,-1,2.9549241065979004,x_flow_autocorr_12|x_flow_mean_curve_72_288|tanh(x_range_position_curve_3_12)|(x_flow_mean_3*x_jump_concentration_288),1|-1|-1|1,2,-0.1955665284898715,0,0.06668460457908912,0.2676709462240138,True,False,False
BTC_LONG_6d570a578ef652c2_12h,529256,12h,5.0,97,3,-23.329640504255277,0.0574545277882524,79,59.02485244085205,0.1385695070425276,0.662580151514884,-0.1281466390945896,1.0813354764633702,31.770412252850488,0.0278369168093409,455,131.89583333333334,-0.1391355880892321,-0.7141463286833069,-0.5137104671881008,-0.2708443704696522,-5.045880332448341,2.2345813310673543,-0.1391355880892321,6d570a578ef652c2,1,2.8954319953918457,x_time_sin_day|signed_sqrt(x_return_vol_12)|(x_flow_mean_3*x_jump_concentration_288)|(x_flow_std_12*x_volume_surprise_curve_12_72),-0.5|1|-1|-1,2,-0.15641314430090664,0,0.03944697496231227,0.1558103364826799,False,False,False
BTC_LONG_2677aac1f6bce3d2_12h,185861,12h,5.0,95,3,-8.367158380272787,0.065350933240886,148,110.57820457273549,0.3536041092747197,0.9509054846716144,-0.272413508060176,1.2980417593558125,39.84448808083204,0.0198719917835211,540,156.53571428571428,0.1260301372091172,0.5428026915156579,-0.5138278314856839,0.2452769770074797,15.543491378182454,1.415610923423423,0.1260301372091172,2677aac1f6bce3d2,-1,1.607585906982422,(x_flow_autocorr_12*m1_return_efficiency_5)|(x_flow_return_corr_12*x_return_sum_72)|(x_flow_std_72*x_return_sum_288)|(x_flow_autocorr_72*x_close_location),0.5|-0.5|-0.5|-1,4,-0.18258797402100468,3,0.02688437070836326,0.11950088630773023,False,False,False
BTC_LONG_1bb7e233fbac5f64_12h,133941,12h,5.0,95,3,-27.29847887307042,0.0030886189229119,132,98.62380407838567,0.1173974196605369,0.4951892319060024,-0.1895739044847745,0.6192699358047228,21.8604784088002,0.0260623047775808,525,152.1875,-0.1053457987334373,-0.2900845305162842,-0.402599945795335,-0.2616637181242709,-0.0415312118885785,1.5431112338664426,-0.1053457987334373,1bb7e233fbac5f64,1,2.411421298980713,tanh(m1_flow_mean_curve_60_240)|signed_sqrt(x_flow_std_72)|(x_flow_std_72*x_return_sum_12)|(x_flow_sign_bias_72*x_return_sum_12),-1|-1|0.5|-0.5,2,-0.24084573838173523,1,0.027774861124054213,0.12081805620983666,False,False,False
BTC_LONG_5fff437f5fa27e2e_12h,464580,12h,5.0,95,2,-27.771806868855126,0.0393001948181356,128,95.63520395479824,-0.0329314044151035,0.0287938448495756,-0.3271004623518382,-0.1006767284226019,5.868260873615281,0.0239444725278221,474,137.40357142857144,-0.1659979758199253,-0.495180782447797,-0.5558348649558926,-0.2986462100269616,-5.213523008908028,1.4367467809606482,-0.1659979758199253,5fff437f5fa27e2e,-1,1.6211786270141602,signed_sqrt(x_volume_surprise_12)|(x_flow_std_3*x_return_efficiency_curve_12_72)|(x_flow_std_12*x_return_sum_288)|(x_flow_autocorr_72*x_return_sum_288),0.5|-0.5|-0.5|0.5,4,-0.27786968194069855,2,0.023012006557771678,0.09167747248913986,False,False,False
BTC_LONG_28e0502af3d7c461_12h,197245,12h,5.0,97,3,-47.24100328703829,0.0808683780238823,100,74.71500308968614,0.52718664615237,1.4004807507489136,-0.2144437494806413,2.4583912910922177,69.54671165832022,0.0099084448820821,381,110.44464285714284,-0.0509492577341438,-0.0930867227156442,-0.5235665263805904,-0.09731190816639,2.9508187592144903,1.478212384259259,-0.0509492577341438,28e0502af3d7c461,-1,3.1897144317626953,signed_sqrt(x_range_body_gap)|signed_sqrt(m1_flow_mean_240)|(x_flow_autocorr_3*x_wick_asymmetry)|(x_flow_std_12*x_return_sum_288),-1|-1|-1|-1,4,-0.19229763785446724,3,0.03910291167204585,0.14769073590254755,True,False,False
BTC_LONG_13e2523327012db1_12h,96097,12h,5.0,99,3,-51.79729014578805,0.0766761780241523,29,21.66735089600898,0.329576532658095,1.501448787594826,-0.0729749021371588,4.516299755204119,145.78083031869116,0.0449448071036846,107,31.017261904761902,0.0336265887537405,0.3052178879294823,-0.1606773021402443,0.2092802673795842,18.831876632277407,1.4315207269050658,0.0336265887537405,13e2523327012db1,-1,2.390894889831543,x_return_sum_288|m1_flow_return_corr_curve_60_240|tanh(x_return_vol_288),0.5|1|-1,5,-0.08951567145592793,2,0.08911576103422826,0.2808734065577833,True,False,False
BTC_LONG_61223083c71a5935_12h,470033,12h,5.0,99,3,-5.516870701708841,0.0781341810990802,49,36.610351513946206,0.264057305084868,1.1595714036136495,-0.1017645490392962,2.59478676589922,75.4430305632349,-0.0043787084341687,188,54.49761904761905,-0.0537546406931858,-0.2007127519708243,-0.3742037074259845,-0.1436507432354025,-1.898486922760924,1.488584971025447,-0.0537546406931858,61223083c71a5935,-1,2.130995512008667,signed_sqrt(x_flow_std_288)|signed_sqrt(m1_realized_vol_5)|signed_sqrt(m1_vwap_gap_mean_240),-1|-1|-0.5,1,-0.09878914851459575,1,0.05260103140157418,0.22130203931190837,True,False,False
BTC_LONG_3f3bc3e4bba0fe27_12h,305747,12h,5.0,95,3,-40.43232455873356,0.0520814627270159,118,88.16370364582964,0.7027636331113793,1.6719701640896194,-0.1914740704428819,3.670280949717517,72.35284332723823,0.0213889436372483,460,133.3452380952381,0.1714526800472633,0.729577091101619,-0.3297548706371762,0.5199397956305241,19.480944065243648,1.5124731899979074,0.1714526800472633,3f3bc3e4bba0fe27,-1,3.4358842372894287,x_return_vol_12|x_return_sign_bias_curve_72_288|tanh(m1_flow_surprise_5)|(x_flow_sign_bias_72*x_wick_asymmetry),-1|-1|1|-0.5,6,-0.1845803687428098,3,0.02388467255736447,0.10003901574138607,True,True,False
BTC_LONG_4541ed0b52160b39_12h,334985,12h,5.0,99,4,17.465107438877787,0.0355513883989482,22,16.43730067973095,0.5465697464213681,2.021214217091473,-0.0672100852093073,8.132257900272355,285.0674303965849,-0.0083086208578975,132,38.26428571428571,-0.1108030015819503,-0.9172686281053796,-0.3841551706034892,-0.2884329303908214,-23.802698680491066,2.3278935185185183,-0.1108030015819503,4541ed0b52160b39,-1,1.335321307182312,tanh(x_range_position_288)|(x_flow_std_12*x_return_sum_288)|(x_flow_mean_72*m1_return_efficiency_5),-0.5|-0.5|1,1,-0.20855501277872168,0,0.10568193710429635,0.3957071341113874,True,False,False
BTC_LONG_b494b3674e36a18b_12h,875268,12h,5.0,95,3,-81.97327087590988,0.0467053215047897,79,59.02485244085205,0.1831676123439924,0.7065754136589768,-0.1579546810996595,1.1596212981394658,41.173833057471896,0.0495311637752095,309,89.57321428571429,0.1345761378227343,0.6433116321069673,-0.2513399855351688,0.5354346525332467,22.346838574818182,1.5175508380215657,0.1345761378227343,b494b3674e36a18b,1,3.0236077308654785,x_return_vol_72|tanh(m1_return_sum_240)|signed_sqrt(x_return_efficiency_curve_72_288)|(x_flow_sign_bias_72*x_jump_concentration_288),0.5|-0.5|-1|1,6,-0.019366488042217356,2,0.03252740965402308,0.13928669253333137,False,False,False
BTC_LONG_1719a231d9115b6f_12h,111814,12h,5.0,95,3,-102.22584266638547,0.0250630535123758,104,77.70360321327358,0.0882357480977713,0.4341391729208094,-0.2278296096246405,0.387288325881538,21.35124137258268,0.0073880834914153,386,111.8940476190476,0.0009700846547839,0.1160323547611491,-0.3656766658074808,0.0026528481182737,7.295407460781495,1.4400110547245961,0.0009700846547839,1719a231d9115b6f,1,0.9716783761978148,(x_flow_mean_72*x_return_efficiency_3)|(x_flow_std_72*x_return_efficiency_288),1|-0.5,2,-0.16472539094544264,2,0.03302532105255536,0.12187822109660941,False,False,False
BTC_LONG_ad9cc91fb5673075_12h,841569,12h,5.0,99,4,16.180149240177848,0.0376599263966112,39,29.13885120497759,0.219032414740975,1.2542716394942903,-0.1070064633654772,2.0469082693900145,77.69981568036883,0.02891725878231,117,33.91607142857143,0.0177689155004474,0.199717613868329,-0.1610907031609157,0.1103037925329423,12.673101420964803,1.1639467592592592,0.0177689155004474,ad9cc91fb5673075,1,0.744340181350708,tanh(x_time_sin_week)|(x_flow_mean_72*x_return_efficiency_curve_72_288),0.5|0.5,4,-0.07002747622797051,3,0.10538718267695137,0.36153713901752565,True,False,False
BTC_LONG_2d688f39da8c9e48_12h,219240,12h,5.0,99,3,-16.951258902779692,0.049786308921408,41,30.63315126677131,0.1945880541602156,0.746696983702957,-0.2523258093737741,0.7711777667260717,76.70579062547868,0.0252062659091536,93,26.958928571428572,0.0613247901170925,0.5513469977874288,-0.0969133632584294,0.6327795058929458,29.78219066438464,0.8800573057813913,0.0613247901170925,2d688f39da8c9e48,1,1.707188844680786,m1_trade_surprise_5|m1_range_mean_240,-1|0.5,4,-0.02644559433661503,3,0.08091032373136932,0.32446827218133784,False,False,False
BTC_LONG_8e42f37d1caee67c_12h,688696,12h,5.0,99,3,-48.21743581142212,0.0644845211445338,44,32.8746013594619,0.7710652719707884,2.007088938963106,-0.0927133331051776,8.316660033094292,192.26080124434935,0.037898460088372,73,21.161309523809525,0.0508533545724496,0.5782117789464148,-0.0993782216586236,0.5117152805082099,30.468195197845997,0.6436978289842873,0.0508533545724496,8e42f37d1caee67c,1,1.3024568557739258,signed_sqrt(x_price_volume_corr_3)|signed_sqrt(x_return_vol_288),-1|0.5,4,-0.09947373550337851,3,0.11742830772383274,0.44743100690470644,True,False,False
BTC_LONG_a70ab9df53d4b694_12h,809568,12h,5.0,99,4,54.43634067735429,0.0240314374946727,26,19.425900803318395,0.2711381178750309,2.127728709793597,-0.0253081353042315,10.71347669892123,131.87236465400554,0.019685556075117,205,59.425595238095234,0.1126715361022929,0.7853936833571267,-0.1239572384345985,0.9089548744806862,24.83257794508072,3.0590908416429246,0.1126715361022929,a70ab9df53d4b694,-1,1.789907693862915,tanh(m1_realized_vol_5)|signed_sqrt(x_return_sum_288)|(x_flow_mean_72*x_wick_asymmetry),1|0.5|1,5,-0.021188887517010476,4,0.050295645804320444,0.20704761241136524,True,True,False
BTC_LONG_00496e0a18c5c27f_12h,1364,12h,5.0,99,3,-189.79493653723944,0.0683765492394731,61,45.57615188470854,0.4933393676749733,1.662535782070238,-0.1691619446466119,2.9163732345687134,100.25518387085565,0.0233489277201956,132,38.26428571428571,0.2016501876099496,1.1088424283911802,-0.1504974547791687,1.3398910161360502,57.16506902272569,0.8395681542197936,0.2016501876099496,00496e0a18c5c27f,1,2.2445485591888428,x_return_sum_288|signed_sqrt(m1_base_quote_flow_gap)|(x_flow_autocorr_72*x_trade_surprise_72)|(x_flow_autocorr_72*x_volume_surprise_curve_12_72),-0.5|-1|-0.5|-0.5,5,-0.027983677436984433,4,0.06061189218906395,0.2458911171997248,True,True,False
BTC_LONG_26ecfd89a0f0fe90_12h,188025,12h,5.0,97,4,12.963227386987237,-0.0076753014803296,161,120.29115497439469,0.6260632265656607,1.8483081502863257,-0.1358812831355973,4.607427985066241,48.77246932569661,-0.0167430248287753,504,146.1,-0.1069192155282835,-0.332073924508194,-0.3797934311911255,-0.2815193911936776,-0.6431744489672399,1.214553140096618,-0.1069192155282835,26ecfd89a0f0fe90,-1,2.132389783859253,tanh(x_flow_mean_288)|signed_sqrt(m1_volume_surprise_240)|(x_flow_mean_72*x_volume_surprise_12),-1|-1|-1,4,-0.26825965620454445,1,0.02997304761054897,0.12016377377392297,True,False,False
BTC_LONG_690d80e470b8a00c_12h,508412,12h,5.0,95,4,14.821181554009998,0.002804822032425,183,136.7284556541256,1.1127558623774545,2.3675909108032553,-0.1833789010374603,6.068069205792341,63.873557095060534,-0.015438231450532,666,193.06071428571428,-0.2377331680986291,-0.6440598011308931,-0.6661780087831648,-0.3568613267989295,-6.142558290241148,1.4120009866423802,-0.2377331680986291,690d80e470b8a00c,-1,1.3256686925888062,signed_sqrt(m1_trade_size_surprise_curve_60_240)|(x_flow_mean_72*x_return_efficiency_12),0.5|-1,4,-0.48578597998391954,2,0.0209195529733781,0.09698529036509294,True,False,False
BTC_LONG_2baf0a0376581c28_12h,210962,12h,5.0,99,2,-14.512873953489326,0.0300863481607033,31,23.1616509578027,0.0673900100836717,0.7578271195083782,-0.0767767675512833,0.8777396109918054,34.961373105332385,0.0461661589370632,129,37.394642857142856,-0.0512481835055431,-0.4855484873824135,-0.2611783093071053,-0.1962191410209461,-7.773327267320304,1.6145067951015533,-0.0512481835055431,2baf0a0376581c28,-1,1.945501923561096,tanh(x_flow_std_72)|signed_sqrt(x_price_volume_corr_288)|(x_flow_mean_72*x_trade_surprise_12)|(x_flow_mean_72*x_volume_surprise_curve_3_12),1|1|-1|-0.5,3,-0.15159886596798966,2,0.09782397357431728,0.37105863179400245,False,False,False
BTC_LONG_60c1a564bd0bbdca_12h,468255,12h,5.0,99,3,-18.909357860919147,0.0564897905240692,52,38.85180160663679,0.5012287780757689,1.5431795148961636,-0.2803392548664921,1.7879364711676662,119.90087099616306,0.0474375578693856,86,24.929761904761904,-0.0478771565945438,-0.2310170800295377,-0.2723239115100677,-0.1758095950115413,-9.62832410544677,0.6416629570275403,-0.0478771565945438,60c1a564bd0bbdca,1,2.9773778915405273,(x_flow_std_72*x_return_sum_288)|(x_flow_return_corr_72*m1_vwap_gap_mean_15),1|1,2,-0.059502428147099384,1,0.06867403423738043,0.28085338167290647,True,False,False
BTC_LONG_2594fd115df61d98_12h,181530,12h,5.0,95,2,-60.767853074431336,0.0333495289835837,105,78.45075324417044,0.1269598514502781,0.5129488468740493,-0.2229772981157718,0.5693846527118622,27.7294860549614,0.0011003301231457,568,164.65238095238095,-0.2642492222387539,-0.9754804281044668,-0.7263690489673658,-0.3637947164935246,-11.32333778603516,2.09879923574368,-0.2642492222387539,2594fd115df61d98,1,1.5447404384613037,m1_range_mean_240|signed_sqrt(m1_realized_vol_curve_15_60)|(x_flow_mean_72*x_volume_surprise_curve_12_72),0.5|0.5|-1,1,-0.2861308825419205,0,0.026343713973805753,0.10608680700230319,False,False,False
BTC_LONG_abb8d360be0be464_12h,832254,12h,5.0,99,4,82.86809575682172,-0.0053376590681149,45,33.62175139035876,0.6730557542526496,2.881318403072542,-0.0763096739349619,8.820058054844912,163.07251779693848,0.0019761725082981,234,67.83214285714286,-0.0430575587709887,-0.2252725579348922,-0.3238555280495266,-0.1329529837897471,0.1088645125414523,2.0175077160493826,-0.0430575587709887,abb8d360be0be464,1,1.0591641664505005,m1_flow_mean_5|(x_flow_mean_72*m1_return_sum_15),0.5|0.5,3,-0.1471129552552895,1,0.05249146378637784,0.20882373522030495,True,False,False
BTC_LONG_5d7976001c8d9bf9_12h,452266,12h,5.0,97,4,27.691945418274216,0.0836532998031275,122,91.15230376941707,0.5259671278414881,1.3751746121290265,-0.2556684780039734,2.0572232132320747,58.6330454370461,0.0116138888524875,382,110.7345238095238,0.1169810482098325,0.554017560046037,-0.3115896132851549,0.3754330799941524,18.055567308076345,1.2148296776968224,0.1169810482098325,5d7976001c8d9bf9,1,2.1455163955688477,tanh(x_flow_sign_bias_72)|tanh(m1_flow_autocorr_15)|(x_flow_std_72*x_return_sum_288)|(x_flow_return_corr_72*x_return_efficiency_curve_12_72),1|1|0.5|1,5,-0.04557404508052809,3,0.029442552038559708,0.12200494411968385,True,True,False
BTC_LONG_11fb572de79eb06d_12h,86944,12h,5.0,97,4,12.982454974761438,0.0266345886249432,127,94.88805392390138,1.2757830257996845,2.420329356904346,-0.1091565853316487,11.687641399953035,98.58934750457234,0.0169012916461395,287,83.19583333333333,0.1730014541985176,0.7656175848532074,-0.2537109208471515,0.6818841444462006,27.801824382930818,0.8767787924078935,0.1730014541985176,11fb572de79eb06d,1,2.5320067405700684,x_vwap_pressure_288|tanh(x_vwap_pressure_3)|(x_flow_mean_72*m1_return_sum_15),-0.5|1|1,6,-0.010413023512339303,4,0.03122068275378305,0.13483227368584447,True,True,False
BTC_LONG_94c3ee5bb5f1b180_12h,720282,12h,5.0,99,3,-131.56968013426882,0.0285375267427516,43,32.12745132856504,0.1479178857004766,0.6309294735089188,-0.1816891862140415,0.8141259740478987,59.59575375156616,-0.0028975885402918,226,65.51309523809523,-0.1198637163493837,-0.7280020582868355,-0.356254329966407,-0.3364554652870781,-12.578317243133348,2.0391625394774615,-0.1198637163493837,94c3ee5bb5f1b180,1,1.1836998462677002,tanh(x_avg_trade_size_log)|tanh(m1_realized_vol_15)|signed_sqrt(x_flow_price_gap),-0.5|0.5|-0.5,2,-0.1539149778582864,0,0.059631320793250064,0.23448733407036973,False,False,False
BTC_LONG_4a707af33475c4b3_12h,360136,12h,5.0,95,4,20.771863709141545,0.0343971357823413,152,113.56680469632292,1.173145571882393,2.4998581473672803,-0.1334092468949995,8.793585146355888,78.06544942574351,0.0100009101594772,575,166.68154761904762,0.2983122402345866,0.97748555963298,-0.3634550021570473,0.8207680138233101,23.60393429535233,1.467696023188759,0.2983122402345866,4a707af33475c4b3,1,1.220116376876831,tanh(x_downside_share_288)|tanh(x_range_position_curve_3_12)|signed_sqrt(x_return_sum_288),-1|1|-0.5,6,-0.19847585906881027,3,0.025517960080601195,0.10305520922900747,True,True,False
BTC_LONG_0c1c0c2cb273b68e_12h,58615,12h,5.0,99,3,-33.21650383517854,0.0233071702284395,59,44.08185182291482,0.3670286729957146,1.717343462392712,-0.1465079059453522,2.5051799807487325,80.15383096631338,0.0076510014074618,261,75.65892857142858,-0.1021702433603791,-0.691661731811991,-0.430216973920591,-0.2374853842452939,-7.918017272783499,1.7163282721280602,-0.1021702433603791,0c1c0c2cb273b68e,-1,1.506037950515747,m1_flow_mean_15|tanh(x_downside_share_3)|(x_flow_autocorr_3*x_return_efficiency_12),-1|-1|-0.5,4,-0.33042522335607977,2,0.08314573025627577,0.2403547353478654,True,False,False
BTC_LONG_cab4d9075d4de9ee_12h,982482,12h,5.0,95,4,4.486619736430676,0.044555623895843,152,113.56680469632292,0.4261077194664642,1.2805964700629455,-0.1744872081972653,2.4420570646343935,40.59788463478238,-0.0123896857199095,748,216.83095238095237,-0.1513574321063701,-0.436168974516091,-0.5994245773524807,-0.2525045482367118,-0.7049120079458052,1.9092810875568549,-0.1513574321063701,cab4d9075d4de9ee,1,1.0870226621627808,x_flow_mean_curve_72_288|signed_sqrt(m1_flow_price_divergence),0.5|0.5,3,-0.37133632211113093,1,0.02268428924339229,0.10105451828351157,True,False,False
BTC_LONG_79ad25a7d5d8be30_12h,589403,12h,5.0,95,3,-13.038487087066008,0.0278567781360177,162,121.03830500529152,0.3504852630130557,1.087737125866066,-0.2903169401132496,1.207250472109327,34.114017662063105,-0.0019853128433036,692,200.59761904761905,0.0647993857230371,0.3596993195432027,-0.3414366782715442,0.1897844896191915,10.237927082593584,1.6573069082456944,0.0647993857230371,79ad25a7d5d8be30,1,1.2526870965957642,(x_flow_std_12*x_volume_surprise_72)|(x_flow_sign_bias_72*x_trade_surprise_3),0.5|-1,4,-0.16977870899321024,2,0.021881762984123903,0.09025354556108484,True,False,False
BTC_LONG_1343c3fb7dfbd96a_12h,93154,12h,5.0,95,4,14.696035877735484,0.0198207160307128,146,109.08390451094176,0.7303399481455815,1.6177665902102982,-0.1987652445524643,3.674384572564482,61.92615352729344,0.0179660115982711,545,157.98511904761904,-0.05669482509843,-0.0498222648141101,-0.4452991006302412,-0.1273185259484887,4.0664552753319105,1.448289917343142,-0.05669482509843,1343c3fb7dfbd96a,1,1.6144052743911743,m1_range_mean_240|tanh(m1_jump_concentration_15),0.5|1,3,-0.2818340199809403,1,0.024624781704930477,0.10678993544938101,True,False,False
BTC_LONG_73bfdb527e7fad75_12h,560307,12h,5.0,95,4,0.1442295080280422,0.0355117655280684,157,117.30255485080724,0.1964556909767536,0.7029247879081523,-0.2587663975219295,0.7592009351218205,25.13073820212037,0.0226951791143927,598,173.3488095238095,-0.1151359523628,-0.2389807682786813,-0.662514834532053,-0.1737862253969344,0.7274509941368077,1.4777922760871272,-0.1151359523628,73bfdb527e7fad75,1,1.9708877801895144,m1_quote_flow_return_corr_15|signed_sqrt(m1_volume_surprise_curve_5_15)|(x_flow_std_72*x_return_sum_288),-1|0.5|0.5,3,-0.4368534752441622,2,0.017955810897234126,0.08272298893602106,False,False,False
BTC_LONG_c75770da759e3e5d_12h,966157,12h,5.0,97,4,34.328680956671576,0.0595552477079167,69,51.55335213188343,0.3121497996476228,1.0014647407762187,-0.2751120895376393,1.1346277081906144,67.5709151904477,0.0228944328561799,285,82.61607142857143,-0.0854496747335121,-0.2755035041924302,-0.4739453059375619,-0.1802943792522114,-2.635997830536203,1.6025353931830382,-0.0854496747335121,c75770da759e3e5d,1,3.076772689819336,tanh(x_volume_surprise_curve_3_12)|signed_sqrt(x_flow_return_corr_3)|(x_flow_std_72*x_return_sum_288)|(x_flow_return_corr_72*x_return_sum_72),-1|1|1|-0.5,4,-0.35686208204624054,1,0.03292555839031674,0.149391544294897,True,False,False
BTC_LONG_334b9f2c4b4604e5_12h,247619,12h,5.0,97,4,12.722093393513155,0.0122480722674311,56,41.84040173022424,0.2109265457317986,0.9679108668601686,-0.1482353586944312,1.4229165537123798,56.91413614133437,0.0079598628360906,309,89.57321428571429,-0.0965446471187543,-0.3219672864122346,-0.4422639110587077,-0.2182964621455143,-3.3381075601725527,2.1408306464947087,-0.0965446471187543,334b9f2c4b4604e5,-1,1.6898895502090454,x_flow_return_corr_72|tanh(m1_flow_std_60)|signed_sqrt(x_flow_mean_288)|(x_flow_mean_12*x_trade_surprise_3),0.5|1|-0.5|0.5,2,-0.3487621995277175,2,0.04100546161430334,0.18547333994432236,False,False,False
BTC_LONG_5ef7da26c79420fd_12h,459510,12h,5.0,99,3,-29.851490272520728,0.044209521494832,29,21.66735089600898,0.1292937677739727,0.7037885700389281,-0.1172971188909536,1.102275733593865,70.41525336457389,0.0097642968986568,122,35.36547619047619,0.0443435570351582,0.3751790948339798,-0.130231998917323,0.3404966321933633,20.113699357688148,1.6322012026394208,0.0443435570351582,5ef7da26c79420fd,-1,1.4683127403259275,(x_flow_std_12*x_return_sum_288)|(x_flow_autocorr_12*x_close_location)|(x_flow_mean_72*x_jump_concentration_3),-0.5|0.5|-1,4,-0.06128135216318753,2,0.07729365954915535,0.31489959235902826,False,False,False
BTC_LONG_52bad2e5c62f4790_12h,400120,12h,5.0,97,3,-15.546942720559136,0.0644922124668336,151,112.81965466542606,0.3087539350143926,0.9347322682312256,-0.2810733207537934,1.0984818273977917,34.87311138975855,0.0149106355720096,457,132.47559523809522,-0.142030376358525,-0.4894901541791708,-0.4833202241599624,-0.2938639213895543,-4.2046196738880335,1.1742244348377073,-0.142030376358525,52bad2e5c62f4790,1,1.2302156686782837,tanh(x_avg_trade_size_log)|tanh(x_return_skew_12)|tanh(m1_realized_vol_curve_60_240)|(x_flow_mean_12*x_return_sum_288),-0.5|-0.5|-0.5|0.5,2,-0.29944593088729937,1,0.02769569751257059,0.12157875901960458,False,False,False
BTC_LONG_8b816f74db0b37f3_12h,675456,12h,5.0,99,4,8.888570802990326,0.0445949973773127,54,40.346101668430514,0.4210950399403355,1.4837028402671442,-0.1449998965731714,2.9041057951916387,100.2664232818564,0.0205890816054249,225,65.22321428571428,-0.0138180440525098,0.0100481234176927,-0.3167513877254304,-0.0436242573449678,5.273319347908566,1.6165927211934152,-0.0138180440525098,8b816f74db0b37f3,1,2.470799446105957,x_return_vol_288|signed_sqrt(x_range_position_curve_72_288)|(x_flow_price_gap*x_jump_concentration_3)|(x_flow_sign_bias_12*x_jump_concentration_3),0.5|0.5|1|1,3,-0.11128895412745904,2,0.047580562673761026,0.18344545340068166,True,False,False
BTC_LONG_61c57df16fce639d_12h,473182,12h,5.0,99,4,119.50481510237908,0.0150389439323059,38,28.39170117408073,0.6590059237625103,1.8223460797308,-0.1245927185809834,5.289281197714345,198.7112372011212,0.0063409867195773,72,20.87142857142857,0.0710340321743443,0.5418451315143098,-0.2426570216323584,0.2927342950824049,43.031181381174825,0.7351242690058479,0.0710340321743443,61c57df16fce639d,1,1.8034772872924805,x_return_vol_12|signed_sqrt(x_price_volume_corr_12),0.5|1,5,-0.18301128037540643,3,0.06699786507275991,0.29479552421967836,True,False,False
BTC_LONG_7f23a3dead14afdf_12h,615492,12h,5.0,95,3,-54.229723327186136,0.0656339569899752,135,100.86525417107627,0.5211262143801727,1.178399577286395,-0.2229158589343828,2.337770927879881,56.072003763949894,0.0414017320190513,393,113.92321428571428,0.0692593540707497,0.3781934816908028,-0.2395039440303903,0.2891783446453874,14.267206824425005,1.1294594478737998,0.0692593540707497,7f23a3dead14afdf,1,2.855231523513794,x_return_sum_288|m1_vwap_gap_mean_240|signed_sqrt(m1_return_autocorr_15)|(x_flow_mean_72*m1_vwap_gap_mean_15),-0.5|0.5|1|-1,5,-0.07544007705710859,2,0.03740218728718575,0.1278535437270769,True,False,False
BTC_LONG_6a1cb2bc3058d19f_12h,513595,12h,5.0,99,4,45.44729175557788,0.0858981934164921,78,58.27770240995518,0.95196086916551,2.3586595649904023,-0.083674153886411,11.377000243800628,127.349438723615,0.0353069950584265,174,50.43928571428572,-0.0569933061657637,-0.2967475546252796,-0.315493626353125,-0.1806480429559371,-4.217683421165572,0.8654988722697057,-0.0569933061657637,6a1cb2bc3058d19f,-1,4.163180351257324,x_vwap_pressure_288|x_range_surprise_curve_72_288|m1_range_mean_5|(x_flow_return_corr_72*x_volume_surprise_12),1|-1|-1|-1,3,-0.09371098103912856,1,0.06126501914014831,0.23912104154283423,True,False,False
BTC_LONG_34c1fb4fac63bd23_12h,254788,12h,5.0,97,3,-27.635449386684876,0.0540200774132483,62,46.3233019156054,0.1722831518218726,0.8061299695624233,-0.1308221783863175,1.3169261813782138,44.8181940282771,-0.0153581218975783,298,86.38452380952381,-0.0968177913935833,-0.3120522830636631,-0.5368420477658217,-0.1803468856370518,-3.5620056332648726,1.86481792612505,-0.0968177913935833,34c1fb4fac63bd23,-1,2.067909002304077,tanh(x_price_volume_corr_288)|(x_flow_std_72*x_return_sum_288)|(x_flow_autocorr_12*x_jump_concentration_72),-1|-0.5|-1,3,-0.2617664662833478,1,0.04163022266603415,0.16510164064029753,False,False,False
BTC_LONG_64f3f01f400f9ed6_12h,488687,12h,5.0,97,4,10.713962873147509,0.0183432750501677,141,105.34815435645744,0.7346716617994873,1.98572197766784,-0.1155683982606068,6.357029022266122,61.491032704674616,0.0133697445311125,506,146.6797619047619,-0.11032949458962,-0.3740737893575055,-0.5407654215013387,-0.2040246846466438,-1.0377222660112104,1.392333475615095,-0.11032949458962,64f3f01f400f9ed6,1,2.780247449874878,x_return_sum_288|signed_sqrt(m1_jump_concentration_15)|signed_sqrt(m1_flow_mean_15)|(x_flow_std_12*x_return_efficiency_3),-0.5|1|-1|1,2,-0.24689000819035223,1,0.03485567498808804,0.12641961873811286,True,False,False
BTC_LONG_0fd6615935a42929_12h,76653,12h,5.0,97,3,-63.29816671487276,0.0178145853003979,117,87.41655361493278,0.247610199105837,0.9903656153156511,-0.1946952829860905,1.2717832466620511,33.966423809639515,0.0061812945520727,421,122.03988095238095,0.1613040673261923,0.7078102967329064,-0.3212095524683974,0.502177055715248,19.948119336679454,1.3960728935844675,0.1613040673261923,0fd6615935a42929,-1,2.054305076599121,x_flow_return_corr_curve_72_288|tanh(x_flow_mean_288)|signed_sqrt(m1_flow_std_5)|(x_flow_sign_bias_72*m1_return_efficiency_5),0.5|-1|1|-0.5,6,-0.2744331585865525,3,0.023274013722885636,0.11193552726080075,False,True,False
BTC_LONG_52a355f229318595_12h,399679,12h,5.0,97,3,-41.20090853392999,0.0641593092250247,99,73.96785305878927,0.1465762383889643,0.5590576274449387,-0.3622658507081101,0.4046095929341842,32.41800642721072,0.027053505642437,205,59.425595238095234,-0.035541723029161,-0.0602225105629849,-0.2866794863740256,-0.1239772105032669,2.8228060325267603,0.8033975947749095,-0.035541723029161,52a355f229318595,-1,1.7311925888061523,x_vwap_pressure_12|(x_flow_std_12*x_return_sum_288),0.5|-0.5,4,-0.16532820023579575,2,0.03773781350353994,0.15509914165245028,False,False,False
BTC_LONG_969661d37fd2ff25_12h,729145,12h,5.0,95,4,36.72570818848548,0.0456171815826166,90,67.24350278071752,0.9595550902997354,2.1676880287122593,-0.0858058437146808,11.182864112267472,112.91209355532207,0.0190318911018861,377,109.28511904761903,0.0911165675234586,0.5324632735617614,-0.3254447192001113,0.2799755600502842,14.823099187916489,1.6252145490397802,0.0911165675234586,969661d37fd2ff25,1,2.7571401596069336,x_vwap_pressure_288|(x_flow_mean_72*x_return_sum_72)|(x_flow_sign_bias_72*x_return_sum_288)|(x_flow_std_72*x_trade_surprise_288),-0.5|-0.5|1|1,3,-0.09172596818035961,2,0.032149001692702926,0.13831094594222348,True,False,False
BTC_LONG_0dd5f95b03160001_12h,66958,12h,5.0,99,3,7.561396502745382,0.0257975667640792,69,51.55335213188343,0.2639454597576409,1.3582372170923458,-0.0957289782870354,2.757215886773829,53.76036300504691,0.0018696437724095,182,52.75833333333333,-0.0030965366121225,0.0785851482214367,-0.4038090831013913,-0.0076683183754561,7.831854044424784,1.023373479155484,-0.0030965366121225,0dd5f95b03160001,-1,1.2931081056594849,x_flow_mean_288|signed_sqrt(x_jump_concentration_3)|signed_sqrt(m1_return_efficiency_240),-0.5|-0.5|-0.5,5,-0.49725946824972694,3,0.04656204774387714,0.20289951179011204,True,False,False
BTC_LONG_b7efbd89d009efd9_12h,891643,12h,5.0,95,4,2.4893158211903854,0.0551290315956407,131,97.87665404748884,0.4222901083565826,1.3461079791242512,-0.1704326687556847,2.477753305394376,45.30816900880566,0.0206674180459017,621,180.01607142857142,-0.2228685526092779,-0.6753430318126226,-0.7200810314474244,-0.3095048235908855,-6.394231273347202,1.8392135814249362,-0.2228685526092779,b7efbd89d009efd9,1,1.5116530656814575,(x_flow_std_12*x_return_sum_288)|(x_flow_autocorr_12*m1_return_efficiency_15)|(x_flow_mean_72*x_return_efficiency_curve_3_12),0.5|-0.5|-1,1,-0.34707342942693536,1,0.02651942362677853,0.10335778030000826,True,False,False
BTC_LONG_66511aa91f129e3c_12h,495175,12h,5.0,97,4,33.5348579502453,0.0403557776719151,93,69.4849528734081,0.3509954636204526,0.9833564243260876,-0.2504240110044049,1.4016046712640453,58.58776082803472,0.0125709537527978,503,145.81011904761905,-0.0352097834058304,0.0161733764901532,-0.3561380119925212,-0.0988655583514906,5.31297680994567,2.0984416484136466,-0.0352097834058304,66511aa91f129e3c,-1,3.063608407974243,x_flow_mean_72|signed_sqrt(m1_realized_vol_15)|signed_sqrt(m1_flow_surprise_curve_60_240)|(x_flow_std_12*m1_vwap_gap_mean_15),-1|-1|1|0.5,3,-0.13767391904056836,1,0.0268484352924398,0.10615463948025348,False,False,False
BTC_LONG_9952d051575773c7_12h,742543,12h,5.0,97,4,27.206586466668895,0.0346174917818256,130,97.12950401659197,0.989171157717006,2.4743609079225646,-0.1077487178756747,9.18035200064613,80.16097192287472,-0.0155998159557371,540,156.53571428571428,-0.141924816315663,-0.4402818309406712,-0.5378048636790047,-0.2638964909033856,-2.478955828098969,1.6116185897435897,-0.141924816315663,9952d051575773c7,-1,2.8650379180908203,x_flow_sign_bias_3|signed_sqrt(x_avg_trade_size_log),-1|1,2,-0.3286714914680238,1,0.03013559563168056,0.1219365120229807,True,False,False
BTC_LONG_06bafab89a238836_12h,32436,12h,5.0,99,3,-41.00180209899928,0.0621991886798377,55,41.093251699327375,0.4199069821223302,1.55027269528025,-0.1327775608864113,3.1624845291558907,97.6010123446024,0.0278505664957014,78,22.610714285714284,0.1509299385586735,1.028264305073216,-0.195923023929503,0.7703532516575546,71.87002067353228,0.550229377104377,0.1509299385586735,06bafab89a238836,1,3.4850473403930664,x_return_vol_288|tanh(m1_body_mean_5)|(x_flow_autocorr_3*x_return_sum_288),1|-1|-1,6,-0.10022268533622386,3,0.08330631499901638,0.30737326823317546,True,True,False
BTC_LONG_40f322d05432b433_12h,314149,12h,5.0,97,4,34.88328503129814,0.0468427277054459,72,53.79480222457401,0.544431790287095,1.4311041912010725,-0.12617021656982,4.315057904222724,96.38175473453632,0.0003281377542718,214,62.03452380952381,0.0529605220348414,0.3505226123090929,-0.1572770973489522,0.3367338469970452,16.76968030849088,1.1531694744513032,0.0529605220348414,40f322d05432b433,-1,2.1376945972442627,x_return_vol_288|x_flow_return_corr_curve_72_288|tanh(x_return_efficiency_3)|signed_sqrt(m1_impact_efficiency_240),-0.5|-0.5|-1|-0.5,6,-0.066254627936079,2,0.037434891976732054,0.16708987253052765,True,False,False
BTC_LONG_6d8103807d559987_12h,530026,12h,5.0,97,4,32.155572844564844,0.0367536183599962,122,91.15230376941707,1.0094156831618109,2.9014235960144155,-0.0835248468335727,12.085214417371157,84.96546345884603,-0.0050403159178097,443,128.41726190476192,-0.0543744568714665,-0.0799160932514213,-0.5029294275609633,-0.1081154808044623,3.3485922321748385,1.4088208042400325,-0.0543744568714665,6d8103807d559987,-1,1.1342599391937256,tanh(x_trade_surprise_3)|tanh(x_flow_sign_bias_curve_12_72)|(x_flow_mean_72*x_volume_surprise_3),0.5|0.5|1,4,-0.30961525987403504,1,0.03575141986158432,0.13801672360452774,True,False,False
BTC_LONG_9c1961c3e39487fc_12h,756023,12h,5.0,99,3,-108.76748425662942,0.0562745073285177,25,18.678750772421537,0.2846938463647142,1.395226410949567,-0.097245582217622,2.9275761414807424,148.80185018599428,0.0526374510718804,84,24.35,0.0214540039576933,0.2261260424811496,-0.1176264268524798,0.1823910198734483,17.16739360394976,1.3036203703703702,0.0214540039576933,9c1961c3e39487fc,1,2.5749025344848633,signed_sqrt(m1_flow_std_240)|(x_flow_autocorr_72*m1_return_efficiency_15)|(x_flow_return_corr_72*x_return_sum_288),-1|-1|-1,3,-0.11787698406130398,3,0.13604121687817577,0.5105125424328337,True,False,False
BTC_LONG_ce309d0ffdde9b5c_12h,999364,12h,5.0,97,4,4.26605187662103,0.0430139777572553,126,94.14090389300452,0.416701655544337,1.0720652616972637,-0.2971532317464804,1.4023123796945631,50.3858695670636,0.0264810649049387,339,98.26964285714286,0.0350114691627478,0.2626529350083193,-0.4012228514603623,0.0872619020459923,11.913496986398348,1.04385701425632,0.0350114691627478,ce309d0ffdde9b5c,1,1.9350593090057373,x_return_sum_288|m1_flow_surprise_240|(x_flow_return_corr_12*m1_return_sum_15),-0.5|1|-0.5,3,-0.21471878865128763,3,0.026585038243486736,0.11887486794620788,True,False,False
BTC_LONG_36198555f3d7805c_12h,261333,12h,5.0,95,3,-4.883116391434794,0.0706556158571053,98,73.22070302789241,0.4030848091538368,1.6095417702051702,-0.1210093806286076,3.3310211742257616,54.728712630444974,-0.0137152285825254,552,160.0142857142857,0.0998335315271234,0.5079661614877967,-0.4260031566396874,0.2343492764575039,12.815352285400856,2.1853694255479965,0.0998335315271234,36198555f3d7805c,-1,1.819798469543457,x_flow_mean_72|(x_flow_std_72*m1_return_efficiency_5),-1|-1,4,-0.23024063971279335,3,0.030556326025251636,0.12817711396556414,True,False,False
BTC_LONG_5103251e7ada49c0_12h,391634,12h,5.0,97,4,5.880322918224379,0.0737063524925081,151,112.81965466542606,1.0697247325252754,2.6642400832701645,-0.1010492284829619,10.586174170598872,73.09895833511492,-0.0161303516004708,577,167.26130952380953,-0.087472010178804,-0.2755733829677664,-0.5176889894302825,-0.1689663330005668,1.1484492703887994,1.4825547021911536,-0.087472010178804,5103251e7ada49c0,-1,2.0656745433807373,signed_sqrt(x_flow_mean_72)|(x_flow_std_3*x_trade_surprise_12)|(x_flow_sign_bias_12*x_jump_concentration_3)|(x_flow_mean_72*x_jump_concentration_3),-1|-1|0.5|-1,3,-0.207097567545255,1,0.026835052257077212,0.10310698305003954,True,False,False
BTC_LONG_94dd72fe1d374b6a_12h,720762,12h,5.0,97,3,-15.167883192684748,0.0483243144839733,102,76.20930315147986,0.3951174673112216,1.1454323324585345,-0.2069339664926913,1.9093891351334855,56.046435363865974,0.0388555155367759,240,69.57142857142857,0.1681488398952293,0.7419710107510183,-0.3471604198466445,0.4843548696291698,31.832509716876704,0.9128994190268699,0.1681488398952293,94dd72fe1d374b6a,1,3.407012462615967,x_return_sum_288|(x_flow_return_corr_3*x_return_sum_288),-1|-1,6,-0.3200331321678023,3,0.0349747234283464,0.15748364838707937,True,True,False
BTC_LONG_a5c815ef1d70fee7_12h,803317,12h,5.0,99,3,-11.538009971767698,0.0408919174106628,63,47.07045194650226,0.2111105052317672,0.8154376130305558,-0.1880724079911345,1.1224958912724647,54.13488892968098,0.0326863927487937,155,44.93154761904762,0.1349845407051908,0.7882230789170274,-0.1579650222874876,0.8545217083534252,36.83476753194379,0.9545595115618265,0.1349845407051908,a5c815ef1d70fee7,1,1.5449185371398926,m1_range_mean_60|tanh(m1_flow_return_corr_curve_60_240)|(x_flow_autocorr_72*m1_return_sum_15)|(x_flow_autocorr_3*x_volume_surprise_3),0.5|-0.5|-0.5|0.5,6,-0.0992678714028069,3,0.05124907583177564,0.21673035193166337,False,True,False
BTC_LONG_10bd7ce10b25fb91_12h,80998,12h,5.0,99,3,-273.7538212948809,0.0685443082034578,34,25.403101050493284,0.2251276925791618,0.7918821520079926,-0.1761519473614875,1.2780312449068163,103.25959435951806,0.0291789938226668,51,14.783928571428572,0.050318008305813,0.4491820650566124,-0.1156856676095636,0.4349545569952111,43.644990227493274,0.5819733796296297,0.050318008305813,10bd7ce10b25fb91,-1,2.072547674179077,x_return_vol_12|signed_sqrt(x_flow_return_corr_curve_72_288),-0.5|-1,3,-0.03861687393423824,2,0.14078181021631112,0.4475708671265809,False,False,False
BTC_LONG_c12e702b54d89a5b_12h,936296,12h,5.0,99,4,7.703347565074145,0.0273804524757279,17,12.701550525246642,0.165028435112341,1.6030567267983369,-0.0246793498511013,6.686903670802195,128.97096287020625,-0.0029586457312421,61,17.682738095238093,0.0086516212404836,0.1338239431637073,-0.1501928837387298,0.0576034032047333,13.033199548855634,1.3921716140159766,0.0086516212404836,c12e702b54d89a5b,1,1.8539060354232788,(x_flow_autocorr_72*x_return_sum_288)|(x_flow_mean_72*x_jump_concentration_72),-0.5|1,3,-0.03450127908370082,3,0.1519441599370462,0.46777639915254726,False,False,False
BTC_LONG_21f85655a3d4dbed_12h,164212,12h,5.0,99,4,23.95198087721221,0.0208469271538687,40,29.886001235874453,0.3481875511206342,1.3683013027571511,-0.1360614320118329,2.5590466451238965,114.57220374555904,0.0140517485939294,111,32.176785714285714,0.0359146609483405,0.3088578533625399,-0.2566348490015953,0.1399445986702969,19.504541927167494,1.0766507523148148,0.0359146609483405,21f85655a3d4dbed,1,3.1446328163146973,x_flow_autocorr_288|m1_flow_std_5|tanh(x_flow_sign_bias_72)|(x_flow_autocorr_72*x_return_sum_72),0.5|-1|1|-1,4,-0.05998763766046106,3,0.07068735176555631,0.2775981095348632,True,False,False
BTC_LONG_a2d8e0c287bc597d_12h,788912,12h,5.0,99,4,9.604969045147334,0.0545311593658282,60,44.82900185381168,0.2030033208088271,0.730055680168485,-0.2274454760917165,0.8925361994316686,57.799390502614216,0.0351795040999141,114,33.04642857142857,0.0142725461066608,0.1703780950827836,-0.3064291498619303,0.0465769856199767,14.6499980645303,0.7371662808641974,0.0142725461066608,a2d8e0c287bc597d,-1,2.0455985069274902,x_downside_share_288|m1_range_mean_240|signed_sqrt(x_return_efficiency_curve_12_72)|(x_flow_sign_bias_12*m1_vwap_gap_mean_5),-0.5|-0.5|-0.5|0.5,4,-0.2250220323342234,2,0.07092747296059229,0.2708475982772815,False,False,False
BTC_LONG_54048f0a5158195f_12h,406401,12h,5.0,95,3,-20.70624474559919,0.0522242419731921,125,93.39375386210766,0.2556934473974663,0.7576369994611234,-0.3392308105099034,0.7537447645546385,38.332630176648365,0.0212024782341562,611,177.1172619047619,-0.2273944379731094,-0.6030441804602494,-0.7122220128388206,-0.3192746557590181,-6.34450272312189,1.8964572530864199,-0.2273944379731094,54048f0a5158195f,1,2.893843412399292,m1_range_mean_60|signed_sqrt(m1_quote_flow_return_corr_5)|signed_sqrt(m1_trade_size_surprise_15),1|0.5|1,3,-0.3807342110549991,1,0.02702050792807674,0.0988183721643967,False,False,False
BTC_LONG_157d76fed365f009_12h,103977,12h,5.0,97,4,24.238801975872633,0.0467504258843698,79,59.02485244085205,0.3018080992849632,0.9368613733355756,-0.1670210888487083,1.8070059377851864,58.87384096081918,0.0190467885027006,511,148.12916666666666,0.0446455097928182,0.3245725469322537,-0.2937136885571464,0.1520035038616587,9.175826468264871,2.509606725660259,0.0446455097928182,157d76fed365f009,1,2.399566888809204,m1_range_mean_240|signed_sqrt(m1_body_mean_5)|(x_flow_mean_3*x_trade_surprise_288),0.5|-0.5|1,3,-0.1014245253557659,2,0.028739803770393448,0.11320559878789155,False,False,False
BTC_LONG_792f358172cdd2ff_12h,586955,12h,5.0,95,3,-0.2589615135482281,0.0488700784625937,168,125.5212051906727,0.5513997851545651,1.2493299465488203,-0.1806587299112076,3.052162413770836,47.073546251208334,0.026986940654781,722,209.2940476190476,-0.1253048981384371,-0.3716727473057736,-0.6059600620851511,-0.206787387451335,0.2766491899091403,1.6673999210023513,-0.1253048981384371,792f358172cdd2ff,1,3.0883259773254395,m1_range_mean_240|(x_flow_mean_3*x_wick_asymmetry)|(x_flow_mean_72*m1_return_sum_15),0.5|-1|1,4,-0.3684763999217496,2,0.026978052189673942,0.1048039301123173,True,False,False
BTC_LONG_7f9008e87125d7ae_12h,617538,12h,5.0,99,4,40.3792912992596,0.072147596135488,61,45.57615188470854,0.5121160737069106,1.6523576753531684,-0.1413650881252527,3.6226488484424384,103.91475632427624,0.03121576209012,194,56.23690476190476,0.1341383650314151,0.7520272961766311,-0.3096959900822602,0.433129163202229,30.60904749224161,1.2339107721109088,0.1341383650314151,7f9008e87125d7ae,1,1.996071696281433,x_vwap_pressure_288|x_flow_sign_bias_curve_72_288|signed_sqrt(m1_volume_surprise_curve_60_240)|(x_flow_autocorr_3*x_return_efficiency_12),-0.5|0.5|0.5|1,5,-0.08364838190021051,3,0.045026838141354095,0.20128481905886003,True,True,False
BTC_LONG_932266a1937f1fd1_12h,712456,12h,5.0,99,3,-26.86542417511178,0.0887407051044207,21,15.690150648834088,0.3495940053207071,2.257360332081986,-0.0246915466552702,14.158449051472765,201.8739270569118,-0.0161240301746047,68,19.71190476190476,0.0226258418940166,0.2315520543248773,-0.2542219378196891,0.0890003517716254,20.97659348276078,1.256323486184597,0.0226258418940166,932266a1937f1fd1,1,1.7906385660171509,tanh(x_return_sign_entropy_288)|signed_sqrt(x_flow_sign_bias_72),-1|1,4,-0.13593200684729773,2,0.10204211080728672,0.4502600531444365,True,False,False
BTC_LONG_4c9c94b604ce014d_12h,370538,12h,5.0,95,4,53.94702311705681,0.1052129351259785,80,59.772002471748905,0.5352403523818001,1.671566753270527,-0.1882059843026817,2.843907192244224,83.31507952349847,0.0279012030765922,231,66.9625,-0.1106257162588767,-0.4043081809652468,-0.4969966837947863,-0.2225884394523544,-8.659634736807881,1.1202987557870372,-0.1106257162588767,4c9c94b604ce014d,-1,2.8847029209136963,x_return_sign_entropy_288|tanh(x_range_surprise_curve_72_288)|(x_flow_return_corr_12*x_return_sum_12)|(x_flow_return_corr_72*x_return_sum_288),0.5|-1|-0.5|1,1,-0.3400550316880462,1,0.04342461727551763,0.15316852434972478,True,False,False
BTC_LONG_63f9d270f73d012f_12h,483919,12h,5.0,97,3,-119.22517609148532,0.0459566802558306,84,62.76060259533635,0.348379945028312,1.42931715847757,-0.1454666025455425,2.3949136016924677,56.63387868713613,-0.0103295880582054,472,136.82380952380953,-0.082821024836758,-0.2121098059107219,-0.4172648026460079,-0.1984855284020212,1.0539856778961425,2.180090755437978,-0.082821024836758,63f9d270f73d012f,1,2.1421239376068115,m1_flow_mean_240|tanh(x_flow_autocorr_72)|signed_sqrt(m1_base_quote_flow_gap)|(x_flow_sign_bias_3*x_volume_surprise_3),1|0.5|-0.5|-0.5,4,-0.23723244397090482,1,0.02634125493969917,0.12280540145064518,True,False,False
BTC_LONG_8317cb6f2bb0eb55_12h,634411,12h,5.0,97,3,-35.289095005960704,0.0628110806567844,89,66.49635274982066,0.1511713956519527,0.6040117586077716,-0.2762986650385987,0.5471303874408303,33.91164868461941,-0.0119735559208313,251,72.76011904761904,-0.0513849726194887,-0.1529952213573787,-0.3241586847765143,-0.1585179575087281,0.6739490702136434,1.0941971407268691,-0.0513849726194887,8317cb6f2bb0eb55,1,1.5321561098098757,signed_sqrt(x_flow_mean_72)|(x_flow_sign_bias_72*m1_return_sum_5)|(x_flow_autocorr_72*x_return_sum_288),0.5|0.5|-0.5,4,-0.18838185669972346,2,0.03948437486259815,0.15888146091990168,False,False,False
BTC_LONG_42148ac1ba2ff4e1_12h,319578,12h,5.0,97,4,35.58573680612132,0.0329124193410695,122,91.15230376941707,1.047946490423412,1.9888842352199687,-0.2157658467409791,4.856869176711933,92.3824042685976,0.0080190699465915,302,87.54404761904762,0.1231637299633079,0.5632015609843014,-0.304771237734122,0.4041186132884172,22.59186234738485,0.9604150855090063,0.1231637299633079,42148ac1ba2ff4e1,-1,2.5582633018493652,tanh(x_return_sign_bias_3)|tanh(m1_trade_intensity_240)|(x_flow_return_corr_3*x_return_sum_72)|(x_flow_std_12*x_return_sum_288),-0.5|-1|0.5|-1,5,-0.11728586895729859,3,0.028395135644789748,0.12881278080916814,True,True,False
BTC_LONG_0a8bcec0b9cd5a1c_12h,51024,12h,5.0,97,3,-76.12555489546543,0.0736999939068234,110,82.18650339865475,0.3610264121293898,1.118132201866337,-0.2981437134824236,1.2109140518593335,49.077649055295254,-0.0102954767975609,383,111.02440476190476,0.0193933170190299,0.2001866972302659,-0.2967437441990502,0.06535375184193,9.441643598443813,1.3508836630190795,0.0193933170190299,0a8bcec0b9cd5a1c,1,1.96498703956604,tanh(x_avg_trade_size_log)|signed_sqrt(m1_flow_return_corr_240)|(x_flow_mean_12*x_return_sum_288)|(x_flow_autocorr_12*x_return_efficiency_curve_72_288),-1|0.5|1|-0.5,4,-0.2402962395895259,2,0.03180414512974434,0.13155785066772702,True,False,False
BTC_LONG_99373c1fd6ade453_12h,742051,12h,5.0,99,4,17.10731328215634,0.0442845364417466,38,28.39170117408073,0.3183726094547143,1.2894402164444565,-0.1763252974971608,1.805598028041556,111.74236612469448,0.0326108874946406,120,34.785714285714285,0.0851888009846471,0.5835733208912658,-0.2734795962128831,0.3114996590763359,32.34227545089873,1.2252071150097466,0.0851888009846471,99373c1fd6ade453,1,1.6164910793304443,x_return_sum_288|tanh(m1_flow_mean_240)|signed_sqrt(x_downside_share_12)|(x_flow_autocorr_12*x_return_efficiency_3),-0.5|-0.5|-0.5|1,4,-0.08953064623612994,2,0.0652420770164377,0.2382370771088621,True,False,False
BTC_LONG_a823b5c777da9ae3_12h,814838,12h,5.0,99,3,-98.0989317126445,0.0593448479613747,53,39.59895163753365,0.3941136883916829,1.1421592731825654,-0.2100266016053474,1.8764941458808448,104.04274200814778,0.0269511740009149,160,46.38095238095238,0.0384231354835638,0.2930823656545683,-0.3652368553222248,0.1052005977043733,17.616198778344685,1.1712671791288143,0.0384231354835638,a823b5c777da9ae3,1,2.6217153072357178,x_return_sum_288|tanh(m1_flow_autocorr_5)|signed_sqrt(m1_flow_mean_5)|(x_flow_mean_12*x_return_sum_12),-0.5|0.5|1|1,4,-0.10573503676928842,2,0.04824362250049482,0.20381027036367097,True,False,False
BTC_LONG_55e74f3307a9b528_12h,415600,12h,5.0,99,4,38.52856114522363,0.05299274996648,42,31.380301297668176,0.3548700058664855,1.2547796744105395,-0.1201751805078178,2.952939237261224,112.59805858303991,0.0276970092863926,167,48.41011904761905,0.0119767921789348,0.1564660741331808,-0.1924054109045473,0.0622476889949658,9.155149221159148,1.5426913396531452,0.0119767921789348,55e74f3307a9b528,-1,2.811771869659424,m1_range_mean_240|tanh(x_return_vol_3)|tanh(m1_return_efficiency_5)|(x_flow_mean_3*x_return_efficiency_12),-1|1|0.5|1,4,-0.08630162506837036,2,0.08457236616240957,0.2737358491528829,True,False,False
BTC_LONG_11a05b9d18f9a807_12h,85254,12h,5.0,99,4,90.72913370768433,0.0580262492885179,29,21.66735089600898,0.4561893729907544,1.773154185063425,-0.1003052908382533,4.548009074879008,189.75939521255216,0.0475320411658475,97,28.11845238095238,0.0793482779559822,0.6258624359719723,-0.207178494273123,0.382994761277575,35.46519813429638,1.2977337430821625,0.0793482779559822,11a05b9d18f9a807,-1,2.2219276428222656,x_vwap_pressure_288|x_trade_size_surprise_288|m1_return_autocorr_240,0.5|0.5|-1,5,-0.1069057430842541,3,0.08610381005394362,0.32278651335432257,True,False,False
BTC_LONG_880103952be3a6b6_12h,658195,12h,5.0,97,3,-28.96152588373169,0.0543532190007113,95,70.97925293520183,0.2273847371558326,0.828061023787693,-0.2896954939616842,0.7849094718259823,40.61486263150683,0.0257287984814234,309,89.57321428571429,0.3769141137465317,1.3259521667138117,-0.1609090708169984,2.342404389216785,44.66523320583895,1.261963328460039,0.2273847371558326,880103952be3a6b6,1,2.7604970932006836,x_return_efficiency_3|x_vwap_pressure_72|signed_sqrt(m1_body_mean_5)|(x_flow_mean_72*x_jump_concentration_72),-1|-0.5|-1|1,6,-0.005527540848909435,4,0.02774462328392045,0.13076212612465765,False,True,False
BTC_LONG_38c8f7b3ba2bd853_12h,274407,12h,5.0,99,3,-7.795414462081203,0.0571662089684046,18,13.448700556143503,0.3054230202011911,1.3658108303087046,-0.099314010638508,3.0753266154248555,218.9007458957519,0.0376488036910914,61,17.682738095238093,0.065769070504402,0.6781267104084049,-0.0909072163158696,0.7234746939767508,43.92804364422448,1.3148287465706445,0.065769070504402,38c8f7b3ba2bd853,1,3.13333511352539,x_return_vol_288|m1_realized_vol_60|(x_flow_std_72*x_jump_concentration_288),0.5|0.5|1,6,-0.016513096334722033,3,0.14244883540382944,0.3933280207017367,True,False,False
BTC_LONG_af5274f4bac8fb29_12h,849903,12h,5.0,99,3,-19.972905848453426,0.0342463599615306,41,30.63315126677131,0.2106187396499617,0.7866313819113041,-0.2837163312287324,0.7423567714195509,82.26446306500141,0.020813605705247,86,24.929761904761904,0.0470411745692327,0.3701521542537204,-0.1861802347802125,0.2526647075333494,28.40034079484347,0.813816433303222,0.0470411745692327,af5274f4bac8fb29,1,2.0435945987701416,m1_vwap_gap_mean_240|signed_sqrt(x_volume_surprise_curve_72_288)|(x_flow_std_72*x_volume_surprise_72)|(x_flow_autocorr_72*x_jump_concentration_72),0.5|-1|0.5|-0.5,4,-0.11889581600086746,3,0.07788683077303553,0.3046136981423151,False,False,False
BTC_LONG_4862ee27bd8fc80a_12h,350306,12h,5.0,95,4,32.36572530419632,0.062922033544372,172,128.50980531426015,1.729123256802399,2.692008849335535,-0.1887563304312647,9.16061068178085,89.44958629700889,0.0078159052869242,539,156.24583333333334,0.0520062852233895,0.3188330634532178,-0.5288895034244964,0.0983310973022816,10.963405039710844,1.215828107055699,0.0520062852233895,4862ee27bd8fc80a,-1,1.6700466871261597,m1_range_mean_15|signed_sqrt(x_volume_surprise_curve_72_288),-0.5|-1,5,-0.24551348933680428,3,0.023311828460324913,0.10050236515184376,True,False,False
BTC_LONG_abbe8640b462bdda_12h,832362,12h,5.0,97,3,-8.870932789052128,0.0218887390631331,139,103.85385429466372,0.8299282256616771,2.1522844899864872,-0.1403313104188043,5.9140631066925975,67.4961397249705,-0.0133777949042767,419,121.46011904761905,-0.0591205946914568,-0.1478794377373781,-0.2701176839968064,-0.2188697674905126,2.1783116107162934,1.1695292377209343,-0.0591205946914568,abbe8640b462bdda,1,1.283674240112305,tanh(x_jump_concentration_12)|signed_sqrt(x_flow_mean_72),1|0.5,3,-0.20368232805822917,2,0.03379372764724929,0.14909920681722494,True,False,False
BTC_LONG_0b12513a57dece0b_12h,53578,12h,5.0,99,3,-28.638999868790975,0.0144894039118311,29,21.66735089600898,0.3746231078434794,2.00740126245081,-0.0719572853407864,5.206187338353318,157.9530745576861,0.0040382972089818,145,42.032738095238095,-0.1519830385811156,-1.0317255822767577,-0.4787253723313537,-0.3174743754252476,-31.529172763854504,1.9399112654320987,-0.1519830385811156,0b12513a57dece0b,1,3.3080544471740723,(x_flow_mean_72*x_return_sum_12)|(x_flow_mean_72*x_return_efficiency_12)|(x_flow_mean_12*x_jump_concentration_288)|(x_flow_std_12*x_trade_surprise_3),1|1|1|1,3,-0.2597340819388259,1,0.0991499097681668,0.30125945718165814,True,False,False
BTC_LONG_62322c278c8e05a2_12h,475235,12h,5.0,99,3,-202.9437511502431,0.0558348728780598,35,26.150251081390145,0.0790947610794616,0.4370565668043178,-0.2229754146657825,0.3547241349366551,45.60850674515213,0.0408173926303426,53,15.363690476190476,0.0517482396261508,0.4610472003450566,-0.1791800420539629,0.2888058236450575,43.04972541876327,0.5875159832451499,0.0517482396261508,62322c278c8e05a2,1,2.9543421268463135,m1_volume_surprise_5|signed_sqrt(x_return_vol_288)|signed_sqrt(m1_flow_price_divergence)|(x_flow_std_72*x_return_sum_288),1|1|-1|1,4,-0.08810766085899302,2,0.10371542861792923,0.44312003043441434,False,False,False
BTC_LONG_35652d2286210bb6_12h,257942,12h,5.0,99,3,-0.6618293568258802,0.0189969345336104,37,27.644551143183868,0.2600812926419167,1.5451892090816015,-0.0767044278414067,3.3906946438562584,92.9766797826753,-0.0065239183816601,238,68.99166666666666,-0.0295220028212523,-0.1137456512775814,-0.3156549212711911,-0.0935261921542763,2.422852976589557,2.4956696279612944,-0.0295220028212523,35652d2286210bb6,-1,2.0819108486175537,tanh(x_flow_std_3)|tanh(x_flow_sign_bias_288)|signed_sqrt(x_return_sum_3)|(x_flow_mean_12*x_volume_surprise_288),1|-1|-0.5|1,4,-0.17495143362873666,2,0.058428679761525285,0.20927006462671557,True,False,False
BTC_LONG_4631c5bb1bc9541e_12h,339503,12h,5.0,99,4,140.1076473925704,0.0603737372150404,29,21.66735089600898,0.5910611470642484,2.6465148624153794,-0.0252892993641284,23.371985856699407,226.685174857326,0.0302626063177605,82,23.770238095238096,0.0477877033735032,0.415736548098478,-0.1162329879689643,0.4111371841035625,28.42372984786991,1.0970532673478075,0.0477877033735032,4631c5bb1bc9541e,1,2.5821874141693115,x_flow_sign_bias_288|signed_sqrt(m1_range_mean_240)|(x_flow_return_corr_72*x_return_efficiency_72),1|0.5|-1,4,-0.01453610540097472,4,0.08804286651849623,0.2900083437521758,True,False,False
BTC_LONG_afb091065a3a5484_12h,851679,12h,5.0,97,3,-7.525112718593399,0.0224103673116221,99,73.96785305878927,0.0974642838588246,0.4772992178753539,-0.1961443798267584,0.4969007215241574,22.457043836012296,-0.0030658128998686,459,133.05535714285713,-0.0388689334231643,-0.0342068490562606,-0.4506402242376609,-0.0862526941284882,4.360218347456034,1.7988268097643094,-0.0388689334231643,afb091065a3a5484,1,2.54591703414917,x_flow_sign_bias_288|signed_sqrt(x_price_volume_corr_3)|signed_sqrt(x_flow_return_corr_12)|(x_flow_mean_72*x_volume_surprise_288),1|-0.5|-1|-1,4,-0.2486415441620089,2,0.03290835308990554,0.12515987846033855,False,False,False
BTC_LONG_b7ca1e396f4fe8f2_12h,890926,12h,5.0,95,3,-5.926948646418073,0.0585797700143788,117,87.41655361493278,0.5804632233170579,1.5070802531095402,-0.1482250216558629,3.916094710815636,64.04292752462699,-0.0113787038491731,569,164.9422619047619,-0.1624558026620208,-0.5046561054514931,-0.6024944597474058,-0.2696386664370823,-3.4278557389211883,1.8868538633006222,-0.1624558026620208,b7ca1e396f4fe8f2,1,1.6823008060455322,x_flow_autocorr_72|(x_flow_std_12*x_return_sum_288)|(x_flow_std_12*m1_return_efficiency_5)|(x_flow_sign_bias_72*x_volume_surprise_12),0.5|0.5|0.5|1,3,-0.47306809654208765,1,0.019357066452492553,0.08847547040048889,True,False,False
BTC_LONG_cc65e8db4599e98d_12h,990622,12h,5.0,95,4,0.7294207907160905,0.0653768712509366,184,137.4756056850225,0.4703236344597785,1.2368914942757132,-0.2459451289014268,1.9123112401558524,37.895121012787705,0.0273705255143947,674,195.3797619047619,-0.1653839748971736,-0.464578852181794,-0.6155311874944418,-0.2686849639095939,-2.010884562456892,1.4211958618491678,-0.1653839748971736,cc65e8db4599e98d,1,1.7809404134750366,tanh(m1_jump_concentration_5)|(x_flow_std_72*x_return_sum_288)|(x_flow_return_corr_3*x_trade_surprise_12),-1|0.5|-0.5,2,-0.3004336732781284,1,0.02318470825539531,0.09762668803794418,True,False,False
BTC_LONG_5f48f576ba7d8524_12h,461038,12h,5.0,95,4,30.148819719055226,0.0988118592350714,91,67.99065281161438,0.7923063294512924,2.262057569011415,-0.0871322704487976,9.093144541859294,96.23058011786686,-0.0266711799121464,381,110.44464285714284,-0.067258750998796,-0.1702601497397493,-0.4156873756423278,-0.1618012837047712,1.321050732229052,1.6244092134717132,-0.067258750998796,5f48f576ba7d8524,1,1.215632081031799,x_flow_std_72|tanh(x_flow_mean_72)|(x_flow_std_12*x_return_sum_288),0.5|0.5|0.5,3,-0.30210823482222726,1,0.030468923394409552,0.13258410902345621,True,False,False
BTC_LONG_3fc88102a54ee0ad_12h,308435,12h,5.0,97,3,-22.9616386872844,0.0508253825101757,125,93.39375386210766,0.6061546546886976,1.93928821029043,-0.1534735091206267,3.9495718717962824,59.377062286334585,-0.0030790114014092,545,157.98511904761904,0.1657061262836696,0.6784877896334188,-0.346582296399423,0.4781148027615916,17.25160506858154,1.69160262345679,0.1657061262836696,3fc88102a54ee0ad,-1,0.9152215123176576,x_flow_sign_bias_288|(x_flow_autocorr_12*m1_return_efficiency_5),-0.5|0.5,5,-0.10824921493449163,3,0.027099083822945524,0.10973315037910152,True,True,False
BTC_LONG_840fc23ba9c47b46_12h,639048,12h,5.0,95,2,-32.60785575300427,0.0670466674196849,125,93.39375386210766,0.5045562075806829,1.2573744860801033,-0.1509462820226231,3.342620969657684,56.39885758405593,0.0331639931397139,428,124.06904761904762,-0.1209022162401098,-0.3225070570264403,-0.5579242264215637,-0.2167000651962315,-2.234751655745382,1.3284512345679014,-0.1209022162401098,840fc23ba9c47b46,1,2.9625422954559326,m1_volume_concentration_240|(x_flow_mean_3*m1_return_sum_15)|(x_flow_std_12*x_return_sum_288),-1|1|1,3,-0.21379710252791018,2,0.03266616899868847,0.11749363336041674,False,False,False
BTC_LONG_15bc49f4b28a3e60_12h,105163,12h,5.0,95,3,-34.83988378426843,0.0389248202146129,110,82.18650339865475,0.5320985197803554,1.4638007257531849,-0.184020500709379,2.891517617489211,63.49129998505559,0.0092989391872528,572,165.81190476190477,-0.068790715732888,-0.1277847428795535,-0.3554941276944411,-0.1935073194570909,2.918289213020715,2.0175077160493826,-0.068790715732888,15bc49f4b28a3e60,1,2.010322093963623,x_return_vol_12|x_time_sin_day|(x_flow_sign_bias_72*x_volume_surprise_12),0.5|-1|1,3,-0.1429640800468,2,0.020936012409275763,0.0893130227719456,True,False,False
BTC_LONG_8a84f7adec6f2c5d_12h,670595,12h,5.0,95,3,-62.60144317597576,0.064006606869498,110,82.18650339865475,0.4281771152996498,1.2966921009847003,-0.1339343645584062,3.1969175103894263,54.17970307832877,0.0205593748831796,466,135.0845238095238,0.1675158693766132,0.7473297541753067,-0.2381159392926183,0.7035054850769761,18.74694863563041,1.6436339085297416,0.1675158693766132,8a84f7adec6f2c5d,-1,1.7220041751861572,tanh(m1_flow_mean_curve_15_60)|(x_flow_mean_72*x_close_location)|(x_flow_std_72*x_return_sum_288)|(x_flow_return_corr_72*x_return_efficiency_288),-1|-1|-0.5|-0.5,6,-0.09667043581637474,3,0.027829380910753328,0.11420083670491347,True,True,False
BTC_LONG_979b4599d2b0d826_12h,734064,12h,5.0,97,4,23.54094846490288,0.0536854547467074,100,74.71500308968614,0.8799430828744317,1.9874453585183411,-0.2162939651005632,4.068273853435129,97.32761813023534,0.0238937794980063,352,102.03809523809524,-0.0846786305286669,-0.2797785510026077,-0.4803735128252645,-0.1762766436280777,-1.1823065663915666,1.3656975308641974,-0.0846786305286669,979b4599d2b0d826,1,2.5283331871032715,x_flow_sign_bias_72|x_flow_std_288|tanh(x_range_body_gap)|signed_sqrt(m1_downside_share_15),1|-1|-0.5|1,2,-0.18423960869592154,1,0.05331310718781295,0.18536988716878683,True,False,False
BTC_LONG_3eda21037fed7631_12h,303899,12h,5.0,99,3,-481.2266872070531,0.0212383539957402,45,33.62175139035876,0.5527383886977688,1.685664433197636,-0.1716032571349719,3.2210250430329586,147.61775765467667,0.0308363722996331,76,22.03095238095238,0.1209448396189327,0.8224467966150107,-0.1138382374540923,1.0624271977832251,62.08676201163168,0.6552589163237311,0.1209448396189327,3eda21037fed7631,-1,1.7760260105133057,m1_range_mean_240|(x_flow_price_gap*x_return_sum_288)|(x_flow_mean_12*x_trade_surprise_3),-0.5|-0.5|-0.5,7,0.006512727205134183,4,0.1095648291658272,0.36238644026256556,True,True,False
BTC_LONG_3dc89d8a46754556_12h,298654,12h,5.0,99,3,-65.72966526215858,0.0847422786448211,74,55.289102286367736,0.6243472478004222,1.9848459674216896,-0.0853336450429375,7.316542583951127,98.66266651307524,0.0101035783741979,210,60.875,-0.0076222157310511,0.0105358010827677,-0.1894932422776339,-0.0402242087339639,5.234158027921191,1.1010307182182182,-0.0076222157310511,3dc89d8a46754556,-1,2.210293769836426,x_avg_trade_size_log|x_range_position_3|m1_flow_std_60|tanh(x_return_efficiency_288),1|1|0.5|-1,3,-0.08680224332256692,2,0.0787289554942653,0.2363648510435666,True,False,False
BTC_LONG_3dfb3b51b972e213_12h,299621,12h,5.0,95,4,31.501814090869654,0.0506921268620837,210,156.90150648834089,1.154144765708863,2.0961284537540155,-0.2597471601526618,4.443339303615618,59.13809291223447,-0.0095716151736699,769,222.91845238095237,-0.2348370560731909,-0.7573036651689027,-0.6329671230327267,-0.3710098795463805,-5.02696111402867,1.4207540601116988,-0.2348370560731909,3dfb3b51b972e213,-1,1.9366815090179443,signed_sqrt(x_flow_mean_curve_72_288)|signed_sqrt(m1_flow_return_corr_curve_5_15)|(x_flow_std_12*x_return_efficiency_curve_3_12),-1|0.5|-1,3,-0.6710910995158934,2,0.019317238798553755,0.08035591100438545,True,False,False
BTC_LONG_5c55a06c338a6821_12h,446767,12h,5.0,99,3,-24.42531891772811,0.0761300382343082,31,23.1616509578027,0.0415356765651329,0.3508207661213005,-0.1089159702084626,0.3813552455680702,27.16557200079898,0.0305690561766863,90,26.089285714285715,0.022119549048992,0.246923560084014,-0.1382636654589427,0.159980924674389,15.95200993975992,1.126400089605735,0.022119549048992,5c55a06c338a6821,1,2.202472448348999,x_jump_concentration_3|x_return_vol_288|(x_flow_std_72*x_return_efficiency_288)|(x_flow_std_72*x_volume_surprise_3),0.5|0.5|-1|-0.5,4,-0.09894676164526173,2,0.0907559130076465,0.38407786556546303,False,False,False
BTC_LONG_ba0747fe5f806a6f_12h,901790,12h,5.0,95,4,4.912869338075665,0.054452844235855,118,88.16370364582964,0.3105960508524066,0.9669712155486572,-0.3224284318202297,0.963302302774526,42.03676546579795,0.0043773607028026,421,122.03988095238095,0.0069997980771381,0.166860014837791,-0.5097191817375639,0.0137326557993692,8.920430591630627,1.3842417673676501,0.0069997980771381,ba0747fe5f806a6f,-1,2.685642957687378,(x_flow_price_gap*x_return_efficiency_288)|(x_flow_std_12*x_return_sum_288)|(x_flow_std_72*x_return_efficiency_72)|(x_flow_return_corr_72*x_volume_surprise_3),1|-1|-1|-1,3,-0.2471777370262458,2,0.035953254297882084,0.1408703568473747,False,False,False
BTC_LONG_88fcae9510484a32_12h,663029,12h,5.0,97,4,29.36250699555554,0.0250009862814137,129,96.3823539856951,0.350455249949386,1.3482094687941475,-0.1476433073948039,2.3736616046689822,39.17893795670506,-0.0025275233662359,557,161.46369047619046,-0.0783178682772559,-0.2431289527934574,-0.4479769452596458,-0.1748256670482522,1.5588501750182586,1.6752412013111302,-0.0783178682772559,88fcae9510484a32,-1,1.8451327085494995,x_time_sin_day|m1_flow_mean_60|tanh(m1_trade_size_surprise_5)|(x_flow_std_12*x_trade_surprise_288),-0.5|-1|0.5|-0.5,2,-0.1764943916591396,1,0.022958766801578392,0.1048843387278709,True,False,False
BTC_LONG_6c04b0218fe5afa2_12h,522843,12h,5.0,95,3,-18.040703831419908,0.0441793809842432,202,150.924306241166,1.2820567388876491,1.8973741093591532,-0.2558852136954019,5.010280665977718,67.86085153082699,0.0155746104115,574,166.39166666666665,-0.0671649070609728,-0.0184652525242974,-0.6055747813247925,-0.1109110041109024,4.607943934792847,1.102484224116856,-0.0671649070609728,6c04b0218fe5afa2,1,4.509510040283203,tanh(x_return_autocorr_3)|signed_sqrt(x_impact_per_flow_3)|(x_impact_per_flow_3*m1_return_sum_15),-1|-1|0.5,4,-0.5427353103007881,2,0.02217241266251791,0.08148724333479145,True,False,False
BTC_LONG_1d508f0030dc820f_12h,141712,12h,5.0,97,3,-3.49952481965738,0.0718647902068936,103,76.95645318237672,0.4977482851125281,1.2396264718386585,-0.2782736406717541,1.7887008051174411,67.415876252625,0.0179533024899589,355,102.90773809523807,-0.0030077096072945,0.1036884220418168,-0.2841623819353159,-0.0105844749287723,7.361433663807667,1.3372203868512522,-0.0030077096072945,1d508f0030dc820f,-1,1.8785595893859863,x_flow_sign_bias_curve_12_72|tanh(x_return_vol_288)|tanh(m1_flow_return_corr_60)|(x_flow_autocorr_72*x_volume_surprise_3),0.5|-1|-1|1,5,-0.17508546725865126,2,0.029970244620208173,0.13146782541488364,True,False,False
BTC_LONG_543d6f116319a99a_12h,407438,12h,5.0,95,3,-63.71482621963942,0.1048870578891411,142,106.0953043873543,0.3793540197017742,1.09076473771806,-0.2846015479930537,1.3329302752458434,41.15215744422381,0.0310551614109955,444,128.70714285714286,-0.0895729176664066,-0.1409468993029307,-0.5123637640597256,-0.1748228972257398,1.578774542958879,1.2131276082420448,-0.0895729176664066,543d6f116319a99a,1,2.568467617034912,x_return_sum_288|x_range_surprise_curve_12_72|tanh(x_vwap_pressure_3)|signed_sqrt(x_return_sum_72),-1|-0.5|-1|1,4,-0.3956320696932728,2,0.020607467666826907,0.09459049698866827,True,False,False
BTC_LONG_3609b0857b21172f_12h,261060,12h,5.0,99,4,2.1404802435520676,0.0649358512696392,29,21.66735089600898,0.2676599666346519,1.1738260337209585,-0.0810661368620769,3.3017481404108233,125.15128170972405,0.0157157943670657,109,31.597023809523808,-0.0179873422726266,-0.0644671949008904,-0.2233035511745881,-0.0805510802582955,2.219131988842354,1.4582781236696465,-0.0179873422726266,3609b0857b21172f,-1,1.671319603919983,m1_realized_vol_curve_60_240|tanh(x_flow_mean_curve_72_288)|signed_sqrt(m1_flow_mean_curve_60_240)|signed_sqrt(m1_flow_return_corr_curve_60_240),0.5|-0.5|0.5|0.5,3,-0.08198288636554879,2,0.10361065562747505,0.36907998956108684,True,False,False
BTC_LONG_ba3186a61f770787_12h,902603,12h,5.0,95,3,-34.93854987494573,0.0207751938517564,127,94.88805392390138,0.4928658546013857,1.621822974488226,-0.1808799794099284,2.724822593463501,51.09404656579733,0.0203124109694757,517,149.8684523809524,-0.0192364192299305,0.0839649603260121,-0.2880242188704536,-0.0667875059443617,6.656964099295969,1.5794238176825122,-0.0192364192299305,ba3186a61f770787,-1,1.8777954578399656,x_flow_std_288|(x_flow_autocorr_12*x_return_sum_288)|(x_flow_mean_72*x_wick_asymmetry)|(x_flow_mean_72*x_volume_surprise_288),0.5|0.5|1|-0.5,3,-0.1912727499523234,2,0.025360061069259816,0.109784538881646,True,False,False
BTC_LONG_9d4899a2bb174f35_12h,761851,12h,5.0,95,3,-75.72839802313368,-0.0031291370957719,108,80.69220333686103,0.132114033002175,0.5621969238043546,-0.3711630315555965,0.3559460985337536,26.037573451008015,0.0163645167272914,272,78.84761904761905,-0.0226067408004188,-0.0146580904681384,-0.2734201090693793,-0.0826813392671218,4.62994622610973,0.9771404892546867,-0.0226067408004188,9d4899a2bb174f35,1,1.128887176513672,signed_sqrt(x_return_sign_entropy_72)|signed_sqrt(x_flow_return_corr_288),-0.5|-0.5,3,-0.13989176267920517,2,0.03238821070923587,0.13578242512555466,False,False,False
BTC_LONG_a2a3ae325bca3b40_12h,787943,12h,5.0,99,4,38.29886579569465,0.0544264959985046,52,38.85180160663679,0.5192044921100736,1.7879061665417455,-0.07609593947788,6.823024929746723,120.1562964366392,-0.0226058324868829,255,73.91964285714286,-0.0650944860386305,-0.3396772046096951,-0.3479157165952881,-0.187098434861313,-2.3669628724151495,1.9026052795584045,-0.0650944860386305,a2a3ae325bca3b40,1,1.8266923427581787,x_return_sign_entropy_3|tanh(m1_flow_mean_5)|signed_sqrt(x_avg_trade_size_log),-1|0.5|-1,2,-0.09107105121729953,1,0.05418683370808879,0.2158741191288824,True,False,False
BTC_LONG_609c46c635626e96_12h,467571,12h,5.0,99,4,26.072780356937724,0.0766171009165242,25,18.678750772421537,0.2589684348054299,1.4128293003350514,-0.062998334730296,4.110718734298408,135.87374180188158,0.0007019120203104,152,44.06190476190476,-0.1004091347577281,-0.7109153190274551,-0.352714597866497,-0.2846753022559422,-16.919256404345276,2.3589320987654316,-0.1004091347577281,609c46c635626e96,1,1.2841219902038574,tanh(x_flow_mean_72)|tanh(x_jump_concentration_288)|tanh(m1_realized_vol_curve_5_15),1|-0.5|-0.5,2,-0.16793160708551413,1,0.07253192540035101,0.28173619622028817,True,False,False
BTC_LONG_075f5522c438de91_12h,35590,12h,5.0,99,4,92.24714821935756,0.049683312496687,47,35.11605145215248,0.4594736988135508,1.4405200225091326,-0.166801661904217,2.7546110366537926,124.40282307371862,0.0331972230953257,111,32.176785714285714,0.121977344010095,0.7564438251399618,-0.2508730712502142,0.4862113873052484,45.24819395888497,0.9162985126083529,0.121977344010095,075f5522c438de91,1,3.5108482837677,m1_realized_vol_240|(x_flow_return_corr_3*x_return_sum_72)|(x_flow_std_12*x_return_efficiency_3)|(x_flow_std_12*m1_vwap_gap),1|-0.5|1|-0.5,6,-0.10416774849829763,3,0.06864570902742907,0.25380723219790957,True,True,False
BTC_LONG_c3c043c020cf7e52_12h,948734,12h,5.0,97,2,-28.236712909338117,0.0277426158971174,127,94.88805392390138,-0.0810171070372768,-0.1844440012070341,-0.3087759096448256,-0.2623815670415093,-0.1671791791370991,0.0077675426736821,515,149.28869047619048,-0.0959893190637658,-0.2294604077814676,-0.4900895311392462,-0.1958607824995408,0.7701640412223878,1.5733138609409936,-0.0959893190637658,c3c043c020cf7e52,-1,0.603421688079834,tanh(x_return_sign_bias_12)|(x_flow_mean_72*x_volume_surprise_3),0.5|0.5,3,-0.3499879045517889,2,0.028552475247642276,0.11947781643683533,False,False,False
BTC_LONG_adac219c241a6db1_12h,841859,12h,5.0,95,3,-32.18388962850089,0.0259174305599435,128,95.63520395479824,0.3386129481650841,1.0474997370108718,-0.1835489773232747,1.84480977831167,41.165813078354795,0.0040672949676217,641,185.8136904761905,-0.0781856180287737,-0.1636954903574605,-0.5006249860399807,-0.1561760203924974,2.606561959380189,1.9429423767843366,-0.0781856180287737,adac219c241a6db1,-1,1.972433924674988,tanh(x_range_surprise_12)|(x_flow_mean_12*x_return_sum_12)|(x_flow_std_12*x_return_sum_288)|(x_flow_std_72*x_volume_surprise_12),-1|0.5|-0.5|-1,3,-0.264811040388364,2,0.02671162189105997,0.10391431366531229,True,False,False
BTC_LONG_3d382c6b95774870_12h,295883,12h,5.0,97,3,-49.09530220173319,0.0753024514737958,103,76.95645318237672,0.7378770919767621,1.7170126599029758,-0.1491623507544754,4.946805197454444,85.12134659076042,0.0333536542538514,397,115.0827380952381,0.2972037095815356,1.191017347968481,-0.1914276599494329,1.552564084312812,30.151503173916925,1.4954267424787246,0.2972037095815356,3d382c6b95774870,1,3.3032336235046387,x_return_sum_288|tanh(m1_body_mean_240)|signed_sqrt(x_flow_price_gap)|(x_flow_sign_bias_3*m1_return_efficiency_5),-1|1|1|-1,7,0.011262454527331437,4,0.028017112563252768,0.12516481689177872,True,True,True
BTC_LONG_028bee6d04c27cab_12h,12097,12h,5.0,99,2,-30.166505828617684,0.0199065221144355,27,20.173050834215257,0.1535140435662998,0.8643762532405104,-0.1185898715905644,1.2944954025779898,84.28797036969601,-0.0031236713563265,161,46.670833333333334,0.026940772286961,0.2441982338384768,-0.2115750423300464,0.1273343584870221,13.628947607480807,2.3135238054412435,0.026940772286961,028bee6d04c27cab,-1,2.6853444576263428,signed_sqrt(m1_flow_surprise_curve_15_60)|(x_flow_mean_12*x_return_sum_72)|(x_flow_autocorr_72*x_return_sum_288)|(x_flow_mean_12*x_volume_surprise_curve_3_12),-1|-0.5|1|1,4,-0.09063851319679561,3,0.06881047074139025,0.28449533950982286,False,False,False
BTC_LONG_9d4a8ce2f20a61fa_12h,761884,12h,5.0,97,3,-48.40323794858926,0.0169578684032006,86,64.25490265713007,0.0979483638240081,0.4866072768819091,-0.1606762788777538,0.609600648634199,25.116632942364465,0.0253414283455407,292,84.6452380952381,-0.0640820199162168,-0.14805592943194,-0.4838351281669681,-0.1324459845629534,0.7102144531191279,1.3173350918748206,-0.0640820199162168,9d4a8ce2f20a61fa,-1,3.26924729347229,m1_range_mean_60|tanh(m1_impact_efficiency_5)|(x_flow_price_gap*x_return_efficiency_curve_72_288),-1|-1|-1,2,-0.21329454794509128,2,0.044063868201952586,0.1765056741345677,False,False,False
BTC_LONG_bfe3bde6eec442f4_12h,930018,12h,5.0,99,4,3.855856991444478,0.0610998095894654,46,34.36890142125562,0.3259447003503011,1.2382784340363373,-0.1223229617344792,2.6646240062255373,96.10140490416047,0.0136847743071006,157,45.51130952380952,0.0803682666231855,0.494063042463395,-0.2433600227929689,0.3302443256736392,26.15578018689544,1.324200298577563,0.0803682666231855,bfe3bde6eec442f4,1,4.1620192527771,x_return_vol_12|signed_sqrt(x_flow_sign_bias_72)|signed_sqrt(m1_trade_size_surprise_15)|(x_impact_per_flow_3*x_volume_surprise_curve_12_72),1|1|-0.5|0.5,4,-0.10247053600025285,2,0.041775139857698575,0.18009238780406425,True,False,False
BTC_LONG_60f3c72a5383afd7_12h,469153,12h,5.0,97,4,36.22381256734527,0.0674620384849932,130,97.12950401659197,0.8927201484311102,2.0733269968896746,-0.2848224271507462,3.1343042658597446,76.67182349703937,-0.0028963442409697,478,138.56309523809523,-0.1701125501064514,-0.573997996288872,-0.6035437950905732,-0.2818561825839379,-5.885609658122108,1.4265808998100664,-0.1701125501064514,60f3c72a5383afd7,-1,1.3661346435546875,signed_sqrt(x_flow_mean_72)|signed_sqrt(m1_return_efficiency_5)|signed_sqrt(m1_downside_share_60)|(x_flow_mean_12*x_return_sum_288),-0.5|0.5|-0.5|-0.5,3,-0.31374645347069613,2,0.026339294703119784,0.10897468831454017,True,False,False
BTC_LONG_76795c2b0d6e8c87_12h,573810,12h,5.0,99,4,58.44834582155081,0.0363309711941667,42,31.380301297668176,0.351369278028554,1.4499977867951064,-0.1654666436903796,2.1235051983409683,109.02948714530356,0.016927105590394,172,49.85952380952381,0.0863311121274768,0.572113079787271,-0.2015494918676513,0.4283370368612321,24.471660902243215,1.5888797031158142,0.0863311121274768,76795c2b0d6e8c87,1,3.1555628776550293,signed_sqrt(m1_realized_vol_5)|(x_flow_mean_3*x_return_efficiency_curve_72_288)|(x_flow_autocorr_72*x_return_sum_288)|(x_flow_return_corr_72*m1_vwap_gap_mean_5),1|1|-1|-0.5,5,-0.0819185578495687,3,0.05515252698075859,0.23079921716868196,True,False,False
BTC_LONG_225799ddff2477d1_12h,165945,12h,5.0,95,3,-12.59666937191072,0.0271714685360115,139,103.85385429466372,0.5294321288764692,1.488579445767979,-0.1395330252779008,3.7943141261506104,50.734774872919864,0.0281678337307435,434,125.80833333333334,0.1332065738288774,0.6760566934848778,-0.2978325075632103,0.4472533066277409,16.859346929605504,1.2113978261834977,0.1332065738288774,225799ddff2477d1,1,0.7751308083534241,(x_flow_std_72*x_return_efficiency_288)|(x_flow_mean_12*x_volume_surprise_curve_3_12),-0.5|0.5,5,-0.27000564285327033,3,0.029751656741029215,0.13177046782743224,True,True,False
BTC_LONG_6905e4d4711e6dcd_12h,508262,12h,5.0,99,4,39.96923250605315,0.0459119205783376,39,29.13885120497759,0.2882959495123818,1.606214713133204,-0.0954991671877865,3.0188320799226016,96.603780503273,0.0205862215260612,192,55.65714285714286,-0.1257590584797725,-0.6284972394037656,-0.3745181193923655,-0.3357889831440184,-16.020763272488818,1.9100664767331434,-0.1257590584797725,6905e4d4711e6dcd,-1,2.5223143100738525,x_jump_concentration_3|signed_sqrt(m1_range_mean_15)|signed_sqrt(m1_return_autocorr_60)|(x_flow_mean_72*x_jump_concentration_12),-0.5|-1|0.5|-1,3,-0.23929382074451527,2,0.058054009528493836,0.23998105662378869,True,False,False
BTC_LONG_0959cff690191bd8_12h,45245,12h,5.0,99,3,-225.75874102691407,0.0427399172442799,57,42.5875517611211,0.5903049471837107,1.4447392666528045,-0.1665982482311399,3.543284238887773,128.25350468350635,0.0178437347314701,153,44.35178571428571,0.1905842046783912,1.1124622131643225,-0.1109492055785561,1.717760877011873,47.550007894449195,1.0414260477582844,0.1905842046783912,0959cff690191bd8,-1,2.0573253631591797,x_return_vol_288|m1_flow_autocorr_240|(x_flow_price_gap*x_return_efficiency_12)|(x_flow_return_corr_12*x_volume_surprise_curve_12_72),-0.5|-0.5|-0.5|0.5,4,-0.012939670052514285,4,0.0437970034536962,0.1747099791838093,True,False,False
BTC_LONG_c2dcee06164786bb_12h,944466,12h,5.0,97,4,28.72225054221032,0.0091932405880706,136,101.61240420197312,0.8406855750032971,2.203633752049087,-0.0914878690092922,9.189038766635932,69.18349121359081,-0.002068584148151,504,146.1,-0.1428013959440243,-0.4651511717497966,-0.4526598636184948,-0.3154717425187456,-3.2401956564651915,1.4378165849673203,-0.1428013959440243,c2dcee06164786bb,-1,1.1852903366088867,(x_flow_return_corr_12*m1_return_efficiency_5)|(x_flow_mean_72*x_return_efficiency_12)|(x_flow_mean_72*x_volume_surprise_12),-0.5|-1|0.5,3,-0.28148730155299745,1,0.02807696525045871,0.1142667634146071,True,False,False
BTC_LONG_35f26f5b4d2cfab4_12h,260639,12h,5.0,99,3,-89.94923354060491,0.0005547863906994,17,12.701550525246642,0.1548867869642776,1.2557893900999622,-0.0582625131452841,2.658429556206232,123.95455591186985,0.0231558603777049,57,16.523214285714285,0.0133425325259586,0.1929397251892271,-0.0877388099150092,0.1520710451724072,15.503545650355722,1.3008816721132899,0.0133425325259586,35f26f5b4d2cfab4,-1,2.5736513137817383,x_flow_return_corr_curve_72_288|tanh(x_return_sum_72)|tanh(m1_flow_autocorr_240)|(x_flow_autocorr_72*x_return_sum_288),-1|1|-1|0.5,4,-0.07675223717684793,2,0.13186541318565462,0.4687942672786257,False,False,False
BTC_LONG_8fc5253dcace3bfd_12h,695945,12h,5.0,99,3,-96.05300889519188,0.0459588299795266,42,31.380301297668176,0.3045516041331744,1.360534946370516,-0.1342106774181312,2.269205475987196,96.65567574094102,0.0297775768004721,163,47.25059523809524,0.0868735217082898,0.5725452415216,-0.1882780728644133,0.46141072290904,25.672411648645102,1.5057406488830098,0.0868735217082898,8fc5253dcace3bfd,1,2.9234182834625244,(x_flow_std_72*x_return_sum_288)|(x_flow_sign_bias_72*m1_vwap_gap)|(x_flow_mean_12*x_volume_surprise_72),0.5|-1|1,5,-0.10065265804486767,3,0.06930728194356237,0.21764180324382643,True,False,False
BTC_LONG_782aedd5bc817cc7_12h,581969,12h,5.0,99,3,-60.388111051051794,0.0259068180657622,62,46.3233019156054,0.4345644019932904,1.8759160830988215,-0.0715858161279289,6.070537789451098,87.08050907434405,-0.0156547796139525,198,57.39642857142857,0.119374436273576,0.8133115545906362,-0.1155835758446561,1.0327975700804997,26.666789326652932,1.2390400985663084,0.119374436273576,782aedd5bc817cc7,1,0.9814262986183168,tanh(x_flow_autocorr_72)|tanh(x_flow_return_corr_curve_3_12)|(x_flow_mean_72*x_return_efficiency_curve_72_288),0.5|-0.5|0.5,5,-0.03647045591716385,4,0.05399727023750201,0.21155073242957584,True,True,False
BTC_LONG_5b684298c1fc8662_12h,442237,12h,5.0,99,4,64.80644722724993,0.0308301510125383,34,25.403101050493284,0.2085900138022154,0.8373904349224706,-0.192716881152803,1.0823650349386194,93.33094362089024,0.0245951320050844,94,27.248809523809523,0.1152261073672193,0.7320617607609886,-0.1664963110493831,0.6920640261695835,50.24963154781926,1.0726568173565723,0.1152261073672193,5b684298c1fc8662,-1,2.8927316665649414,x_flow_sign_bias_288|signed_sqrt(x_volume_surprise_12)|signed_sqrt(x_volume_surprise_curve_3_12)|signed_sqrt(m1_vwap_gap_mean_240),1|0.5|-1|-1,5,-0.10952838412546512,3,0.0808966391110156,0.3233562007928095,False,True,False
BTC_LONG_237fe5540fbc8cf3_12h,171516,12h,5.0,97,1,-98.51267823062535,0.0044012457505478,47,35.11605145215248,-0.0695525187417172,-0.198198558662937,-0.2408902191134412,-0.2887311863374709,-7.939465661550193,-0.0003066199311239,121,35.07559523809524,-0.1273866294464251,-0.783362520394362,-0.4261328672693543,-0.2989364098167656,-30.252257720011453,0.9988479281586551,-0.1273866294464251,237fe5540fbc8cf3,-1,2.2245841026306152,(x_flow_autocorr_72*x_return_sum_72)|(x_flow_return_corr_72*x_jump_concentration_288),0.5|-0.5,1,-0.14578938443365624,0,0.07164804769539468,0.2710462535626452,False,False,False
BTC_LONG_68ab36e29796d00a_12h,506548,12h,5.0,95,4,4.655833210631828,0.0727936708460328,105,78.45075324417044,0.5091369231046263,1.3008949955854956,-0.1692928250949239,3.0074335567331274,66.09662059668516,0.0310332036290436,567,164.3625,-0.2756075285536655,-0.9709791373939048,-0.7235483625448194,-0.3809109975514503,-12.038954345782583,2.0951041666666668,-0.2756075285536655,68ab36e29796d00a,1,1.9537277221679688,m1_range_mean_60|tanh(m1_jump_concentration_60)|(x_flow_sign_bias_72*x_volume_surprise_curve_3_12),0.5|-1|-1,2,-0.43558912049216886,0,0.02280095224879876,0.09635089255011295,True,False,False
BTC_LONG_4ae1e048fd8ff880_12h,362305,12h,5.0,99,3,-133.5926440544438,0.0345015662849445,26,19.425900803318395,0.1293347625655927,1.1417394035093464,-0.0545358655638773,2.3715542281822617,70.74962480672669,0.0098946645911647,206,59.71547619047619,-0.122051962951393,-0.7128506678040808,-0.3686971503900642,-0.3310358184821007,-14.546437545112177,3.0740132359924024,-0.122051962951393,4ae1e048fd8ff880,1,1.7918885946273804,m1_volume_surprise_15|m1_flow_mean_240|signed_sqrt(x_return_sum_72),-0.5|1|-0.5,3,-0.19905327258218075,1,0.08361567057026484,0.3057081692049037,False,False,False
BTC_LONG_5e25827511f4f2b0_12h,455535,12h,5.0,97,3,-30.43220492083012,0.0530412843786197,142,106.0953043873543,0.6657649901274052,1.4885079878783296,-0.1748158429088887,3.808379029321681,60.26447666501687,0.0420622431942032,361,104.6470238095238,-0.0146513728939343,0.1081288743232418,-0.5462322994441804,-0.0268226044282677,8.151260472029529,0.9863492490436445,-0.0146513728939343,5e25827511f4f2b0,1,2.0323832035064697,x_return_sum_288|tanh(m1_volume_concentration_15)|tanh(m1_trade_size_surprise_60)|(x_flow_return_corr_12*m1_return_sum_5),-0.5|-0.5|0.5|1,2,-0.22125637272777998,1,0.028641655059379264,0.11119535174074081,True,False,False
BTC_LONG_aef78c33fa13a8c2_12h,848179,12h,5.0,99,3,-41.340539799645434,0.0481571189232863,69,51.55335213188343,0.5514074457326283,1.58628225810173,-0.1621106985416707,3.401425388287304,99.0132038695372,0.0518427602300928,128,37.1047619047619,0.0024819210972883,0.1186158952100547,-0.3454827734797927,0.0071839214218695,11.6523735492773,0.7197351941313294,0.0024819210972883,aef78c33fa13a8c2,-1,3.669448375701904,x_return_sum_288|(x_flow_price_gap*m1_vwap_gap_mean_15),1|-1,3,-0.18261459510699052,3,0.06943256237602762,0.2399000604415119,True,False,False
BTC_LONG_0263b07b8dfb53cd_12h,11292,12h,5.0,99,4,15.46994071248864,0.0447205630900445,20,14.943000617937226,0.1746564195509414,1.3274951825007648,-0.052251600376223,3.342604212949974,117.95454629581864,0.007515978466149,97,28.11845238095238,-0.0735640417500985,-0.4591300486313198,-0.3584642235707961,-0.2052200384665996,-18.450057312283892,1.8817139274691357,-0.0735640417500985,0263b07b8dfb53cd,1,3.666318655014038,m1_realized_vol_240|m1_return_autocorr_240|(x_flow_std_3*x_jump_concentration_288),1|-1|1,2,-0.15139755120715692,1,0.1096191840278125,0.3628675673723948,False,False,False
BTC_LONG_022fc44040f52195_12h,10374,12h,5.0,99,4,38.64989089273931,0.0214102651329541,21,15.690150648834088,0.1525302268132564,1.1518837367998418,-0.0647698800866569,2.3549561402488797,100.75913955684894,0.010437938220176,111,32.176785714285714,0.0095742680422807,0.1384641025879197,-0.2713856492836823,0.0352791979515199,11.12350284852696,2.0507633377425045,0.0095742680422807,022fc44040f52195,1,3.328458309173584,x_flow_return_corr_curve_12_72|signed_sqrt(m1_flow_return_corr_5)|(x_flow_autocorr_72*x_return_sum_288)|(x_flow_autocorr_3*x_jump_concentration_288),-1|-0.5|-1|1,4,-0.22129075253433034,2,0.07276873608403157,0.22953002425693897,False,False,False
