,BTC_LONG_aad29e2812bcd407_2d,BTC_LONG_8a7646dc5ccbd0f9_1d,BTC_LONG_a18389afb4e8507e_2d,BTC_LONG_774a2fa3bbfb3bcf_3d,BTC_LONG_a67a467959c6c593_2d,BTC_LONG_69d7c8d06b8ae442_3d,BTC_LONG_18736382b197243b_3d,BTC_LONG_6e133e86c2c01d4b_3d,BTC_LONG_bc8cc20c800b4673_3d,BTC_LONG_5740defe528d6e16_2d,BTC_LONG_022fc44040f52195_3d,BTC_LONG_a800262f87cb7ffd_3d,BTC_LONG_665a553ed9e4f0c9_3d,BTC_LONG_a7a53d44b1d1b10b_2d,BTC_LONG_32790d4266a3dbf2_2d,BTC_LONG_81c364516a41a911_2d,BTC_LONG_7fefaf095239c223_12h,BTC_LONG_ad3c541b70ce7c4c_3d,BTC_LONG_6e6fadb75ad48781_2d,BTC_LONG_978f94cff6100d1d_2d,BTC_LONG_5d47cc6741d7c67e_2d,BTC_LONG_986eab606b120088_2d,BTC_LONG_3ebd17aa694e737f_3d,BTC_LONG_8f4cb2e57d3d016e_3d,BTC_LONG_9d731ebe50ebbe65_3d,BTC_LONG_53f081fb7aa13377_3d,BTC_LONG_13ea5183446add0e_3d,BTC_LONG_546aae11ff7d6499_2d,BTC_LONG_6360988c96987bed_2d,BTC_LONG_3cd945806cc1e41e_2d,BTC_LONG_ac1d6d98aba0a2cd_2d,BTC_LONG_149214ecb27245d8_2d,BTC_LONG_290035753dfa1e36_2d,BTC_LONG_301412f1a92aaecd_3d,BTC_LONG_4a707af33475c4b3_12h,BTC_LONG_9bf33e9f6e490f1f_2d,BTC_LONG_3d382c6b95774870_12h,BTC_LONG_112acbae6242f1c5_1d,BTC_LONG_7e8a41a51ae079da_3d,BTC_LONG_618010b07f5aeded_2d,BTC_LONG_a1079e0a77d7f501_3d,BTC_LONG_bc16b6bea9830967_2d,BTC_LONG_110acf71418c051c_1d,BTC_LONG_7f23a3dead14afdf_1d,BTC_LONG_6acdbb3b70568efb_1d,BTC_LONG_25e9a00db8b7a09a_3d,BTC_LONG_25b726f17bdbc7e5_3d,BTC_LONG_21f85655a3d4dbed_2d,BTC_LONG_66839828a010ad14_1d,BTC_LONG_c1626e74d2f236cc_2d,BTC_LONG_3872f77e98ff3b88_1d,BTC_LONG_3327ddfbab14e535_1d,BTC_LONG_25abe5371fffe146_3d,BTC_LONG_234317c3f71f1454_2d,BTC_LONG_54c24918a2d046b4_2d,BTC_LONG_ac6867f81c702dfd_1d,BTC_LONG_c5f939c61dde6693_1d,BTC_LONG_6d14459a98f6eceb_2d,BTC_LONG_5b55989455e686eb_2d,BTC_LONG_0777fdef3d9cb3fe_2d,BTC_LONG_09ea97ee62d22743_2d,BTC_LONG_00496e0a18c5c27f_12h,BTC_LONG_8c198db3ea178cb2_2d,BTC_LONG_5fcd25c8e6a72764_2d,BTC_LONG_a7dad690be812564_3d,BTC_LONG_1a18cc95e5440427_1d,BTC_LONG_9044a6d8eaac417b_1d,BTC_LONG_3c323377de3e4078_3d,BTC_LONG_7633d7a44ab2b4b5_3d,BTC_LONG_8d4a1327987b861e_12h,BTC_LONG_b69cfade287b0e6b_12h,BTC_LONG_27cd54206caf7f3f_3d,BTC_LONG_721f882d099afd18_3d,BTC_LONG_94dd72fe1d374b6a_12h,BTC_LONG_8a84f7adec6f2c5d_12h,BTC_LONG_044d4841e5e18788_2d,BTC_LONG_b16e26d3230fb605_1d,BTC_LONG_8d967f7e7ca4eab1_2d,BTC_LONG_3fc88102a54ee0ad_12h,BTC_LONG_68a3d0b0c63c3b13_2d,BTC_LONG_82eb18af626016be_12h,BTC_LONG_0fd6615935a42929_12h,BTC_LONG_a92d11c420091618_3d,BTC_LONG_3bf312a1be80dfa7_1d,BTC_LONG_ac861e14bae89319_1d,BTC_LONG_06bafab89a238836_12h,BTC_LONG_a864e0a32e9d3bfb_2d,BTC_LONG_0c7f2f1a3357a313_2d,BTC_LONG_845287272ef90cce_1d,BTC_LONG_7959fffc20283c3d_3d,BTC_LONG_19ec377e06899c5b_2d,BTC_LONG_724dd62221db474d_1d,BTC_LONG_b7542b0106e09467_1d,BTC_LONG_6e2a45b1c1f2f36d_2d,BTC_LONG_a5c815ef1d70fee7_12h,BTC_LONG_225799ddff2477d1_12h,BTC_LONG_39c4aa3f69b92e78_1d,BTC_LONG_6e5a22a16dafcf43_12h,BTC_LONG_023dd7bb9d6ce9ce_2d,BTC_LONG_4a5320eb6a3bcada_1d
BTC_LONG_aad29e2812bcd407_2d,1.0,0.07531621957012317,-0.03578258749705335,0.10704421511845515,-0.04496903227742057,0.12002487247236,0.14767095618826598,0.09674523028700624,0.2025022144175389,0.02349224116829017,0.0197483285063901,0.14174758039166627,0.07353565674942561,0.1414728553161068,0.12017662041324675,0.004825559564774721,-0.10214711234512762,0.11308757126215016,0.058341531469944856,0.03584111791242546,0.07925454692496005,0.08349434132292992,0.1427570163266035,0.12354407355852386,0.2189041084176681,0.12558837636867198,0.23407561609954547,0.0609628233164361,0.14792348065319405,0.06874650307416201,0.17777536906668004,0.18161146334933329,0.06948458505179096,0.20365367970717424,0.02417434777288342,-0.011066756599762594,-0.10171939327834717,0.036971122037586346,0.04119690088118737,0.10672149163092949,0.004442700279476585,0.3452823697819565,-0.05628270469884897,0.057839538188647795,0.048063600369673144,0.1018094120112302,0.14175080020959435,0.11446579391170063,0.1977212061034538,-0.04618563455317042,0.03859234083639927,0.04681140178348353,-0.04297851040898002,0.1822199224322028,0.25785601749689835,0.0018191299497597227,0.10482958473604923,0.1676888308192814,0.048599136382014484,0.11035378003057893,0.18675359473739078,-0.04999855821279299,0.11940176696225452,0.10903404104477671,0.09956291295824952,-0.06427720234413477,0.02875055212996499,-0.013537878345048177,0.03108433222138506,0.08906954581474928,0.010438481306788743,0.11500337656208046,0.22121312073446134,-0.11115434629515693,0.03123775271512778,0.016424091242762458,0.055690680430435534,0.20095306786426936,-0.17351354461715343,-0.09833754220566893,-0.06324552665470613,0.19298434931109365,0.22426048365282988,0.2308611599141429,-0.06427367922032849,-0.056346081586612244,0.1444337622066412,0.26888847221890694,0.07363446202906268,0.1018600293623301,0.10747373584377622,0.18023020009392526,0.008553950725874919,0.014878967823650195,0.023612523035963513,-0.006494025546051269,0.009510157506195584,0.041374240925422745,0.20546308290016016,0.03397066155962407
BTC_LONG_8a7646dc5ccbd0f9_1d,0.07531621957012317,1.0,0.2600800868381768,0.3901322346985427,0.2725312853995641,0.028631194249402088,0.011664898961826719,-0.00818650430263312,0.09258380990949758,0.061977639042089055,-0.05026653010613585,-0.07029377095687452,0.034894110514836874,0.004995453811087129,0.349459909031676,0.21848810353312043,0.016866078938422836,-0.020003157352080785,-0.038576606565651324,-0.1264095836130794,0.09670989683866826,0.019346107620044677,0.3789634922492015,0.07823660372554592,0.10184254256860859,-0.0011619782292495472,-0.0734097169646933,0.048824908225101056,0.27899019663604735,0.18532366096375355,0.14344405716476755,0.06840817664918737,-0.3907817879310823,-0.00734299156091211,-0.08747998532864439,0.09406391967843175,0.13188903049560777,0.16534699196437497,0.022077277737151728,0.0698593894741445,0.2318151804136609,0.10898752557812692,0.011051093651382151,-0.018617876353247,0.19678474501490553,-0.0386237202334111,0.12488947792583112,0.14098224105814827,0.32380396458292166,0.3241429773254662,0.06119534777186483,0.21009116132512112,0.10138369238995913,-0.021778895118379698,-0.31367773067814014,0.09670688719301514,0.010810342995070868,-0.030476028432503667,0.019558307290155147,0.03123372146004846,-0.041074189782340224,0.1585255562741867,0.03878665108609984,0.04268646998763096,-0.22207810604718908,0.22040114737009242,0.01808313512885751,0.23709381009046684,-0.02884651367796181,0.24238629986164306,0.07972810404885568,-0.031096155766454702,0.1544568884977066,0.018828425802332495,0.045332536487276386,0.02330332475434593,0.1392977207229972,-0.0985983462705704,0.10908537814981112,-0.04425624724627174,-0.03423963076072829,0.25525948388342307,-0.018304498162056603,0.10617858412919357,0.06921182161138512,0.25478087123277837,0.06405473294971595,0.0688521843178277,-0.03655588370715497,0.05914554193004071,0.03203538543308307,0.2669685010431587,0.32666456149701656,0.027443843019401202,0.19719066000542035,0.008063781908405924,0.039313406322745985,0.20470067354964877,0.009049343627655953,0.07291072382006852
BTC_LONG_a18389afb4e8507e_2d,-0.03578258749705335,0.2600800868381768,1.0,0.2284209413468682,0.16234088309798309,-0.007585851906983269,-0.0348136213183455,0.10210546978799108,0.2179979660756857,0.070694883289587,-0.039047392246722115,-0.07113012763718503,-0.007240282474959305,0.037677304481059576,0.17869631959102455,0.4382787716304765,0.12663789227291433,-0.11960181150745379,0.005811381784524547,-0.04813542031795194,0.10307057010055012,0.03232804370143921,0.1380444210276765,0.062137178800108314,0.421486568631744,0.026461030895450776,-0.14322520519432663,0.04350240367109695,0.07922443460893733,0.03795231584916812,0.014175190034499628,-0.020697088730024408,-0.07716159094524803,-0.03748791907410809,-0.057217996327387416,0.07398025970981296,0.06387812533965813,0.10595613998865887,0.07803620068021208,-0.01978059610475835,0.1735022536053312,-0.0023878904253299424,0.1415528598265782,-0.02236906067481762,0.2940680982932693,0.010035553330695302,0.0352795235646837,0.11430014129950841,0.136431516532359,0.3470463410705077,0.011284334731610965,0.0004570062092001578,0.13668548429603677,-0.09713454003765584,-0.04584670297182275,0.07838242373432533,-0.05841538891813751,-0.0028175685401717852,-0.009013209109485035,-0.001818484996864556,-0.009630488373723028,0.07841751692487814,-0.057898688240514785,0.03530923378936665,-0.12240248380135614,0.1543582287123168,-0.06649860503875285,0.11496203450334311,0.023711339702357462,0.05480914175083978,-0.03210822001783332,0.0902900253059263,0.08049423822913304,0.008862134603644923,-0.0843204511973548,0.08157169720820615,0.10746853356938794,-0.22049929069053262,0.01887812498248579,0.0028991972007346824,-0.07110536230084359,0.053100046733577703,-0.1120299978259797,0.04884921879763792,0.04970580790716575,0.14281787766068965,0.015217840741055874,0.046486409235273515,-0.09990818949772641,0.07580523141807445,0.037117874880354604,0.15575280180950205,0.20554953446932955,0.09857789679599405,0.09443121515145146,0.02635166453587706,0.023276565342358734,0.12236374261185592,-0.13465800914367798,0.07451842180140511
BTC_LONG_774a2fa3bbfb3bcf_3d,0.10704421511845515,0.3901322346985427,0.2284209413468682,1.0,0.333432166391502,0.03870676067697447,0.06540880881236134,0.07436626230433768,0.17703662384976473,0.022039236312223324,-0.038897462014426815,-0.06594811057514859,0.08720981546126448,0.0222902546691988,0.18013467613014983,0.05675082145064963,-0.04392412598453952,0.026927433071637207,0.025400984788173743,-0.06326999914879695,0.05048693884653207,0.05946546864498445,0.3459193955185221,-0.004573213300198608,0.13777925426630308,-0.0013817997458204303,-0.02265121258446827,-0.01131237267250189,0.13628322358208683,0.09079901159995175,0.15812789200081673,0.10019157794499176,0.03177924645090129,-0.034606841451859695,0.02631651575994512,0.033395944908192005,0.020907784302206897,0.022428045064940297,0.0008043752854654628,0.06869893810109812,0.05460263866893915,0.0928489535714275,0.00948562178437375,-0.07208465864731044,0.3178769709232721,0.09712430953951938,0.05710507467769315,0.11795771333412608,0.09351823878658531,0.399705741649532,0.05876659326193458,0.007665541170006003,0.23679903641304137,0.006690112106084494,0.18373782851617804,-0.030122973779949956,0.03758968372790091,-0.08557637396724858,-0.001750012781547651,0.07455549031626774,-0.03430942366160336,-0.02944239426059387,0.06587808263844393,0.003214520551883574,-0.28143813615751306,0.010851426060868247,-0.0596098458547146,0.06133145346541144,-0.0025523534727616547,0.08734051750820175,0.031137985104028564,0.05889371812602544,0.10757012710431026,-0.0544216458450051,-0.017189347951037943,0.006954911748860114,0.028594930903975652,-0.20998663277756674,0.1968312201557538,0.023897903386705773,-0.16790447874266398,0.1839462109178182,-0.020085978851734902,0.1673455116998243,-0.011359217181884559,0.008854017171528426,0.10835060770570909,0.1424923711133747,-0.31107653582836486,0.06653696609621354,0.06939300657181634,0.38172737751110813,0.0880757692771934,0.0447496450409652,-0.046578040178918326,0.008460774766445744,0.04648328852847427,0.33377574553778705,-0.07676020023264996,0.07309836015560009
BTC_LONG_a67a467959c6c593_2d,-0.04496903227742057,0.2725312853995641,0.16234088309798309,0.333432166391502,1.0,0.19017969913511829,0.2137900496021605,0.15318632559170314,0.0064274381178904055,-0.011895393711778298,-0.05186287643855244,-0.06633833139479255,0.21944244814217284,0.20299614884758668,0.34003427770265593,0.05071841872143848,-0.20315732164935432,0.11062420369635095,0.04110752064392378,-0.0331376666387238,0.09066425133816877,0.15108053586147246,0.17776321024181244,0.005609415845185009,0.43116525864340466,0.02209570015437804,0.23702642850720365,0.12313999377655022,-0.08507923210395957,0.05740114063490649,0.394551919005445,0.26319853314972935,0.11931765443721751,0.18418172878206404,-0.005735752994127189,0.4011761925740258,0.14617403034082843,0.0017721872343710913,-0.016339452093913725,0.13029542019771945,0.06084176389952168,-0.057353765753848956,0.32222097296318336,-0.11276453317366208,0.2025895363576371,0.001119423743633543,0.05436710410936476,0.17424385099065712,0.10502510063732015,0.44700630945393316,0.13020801079962271,0.06528563997051078,0.15628026732001868,0.23094156155606768,0.02275186657197331,0.3159221353955407,0.0935713037162412,-0.056861414248967034,0.00557518125830184,0.2473875017016261,0.017191743968069786,-0.010767480378743909,0.22749150309298255,0.028530636623889338,-0.17020257821767137,-0.09892365463936365,-0.0120561179355534,0.4103777933709448,-0.025909803970270137,0.03232422471818602,-0.022147760710574487,0.24396531062206075,0.26006209278020004,-0.026403797251600313,0.04645941141219314,0.043224906642396206,0.02545604813621381,-0.06963652406918094,0.04660918626236922,0.024335313353254836,-0.06071019477989135,0.018979505939369958,0.05741757074508206,-0.05815462701961894,-0.009387434721772267,-0.024415356365912116,0.2822075327824585,0.005379821888897369,-0.223590676740532,0.03599553734854355,0.24412218926206852,0.21411525561495448,0.03811791867978456,0.060159188363186136,-0.04846917201875264,-0.003158489066681098,-0.16158482018029358,0.11107928948161878,0.12163913451287292,0.04271166256196427
BTC_LONG_69d7c8d06b8ae442_3d,0.12002487247236,0.028631194249402088,-0.007585851906983269,0.03870676067697447,0.19017969913511829,1.0,0.09249148399525313,0.11807824219124638,0.21873082808856845,-0.037827774364679975,-0.016740122187348862,0.18516418792368733,0.11869255670860938,0.12333389182187289,0.1164844408177944,-0.01069163147797432,-0.027397716697333485,0.015358331333186117,0.05273738240611251,0.05766672266237025,0.07300743113357794,0.3434893564988357,0.097403040775799,-0.019133491549197176,0.19484128958855554,0.052731750518304484,0.15213930905761885,0.022995758704162227,0.0024141809825761243,-0.10051827403023453,0.14676758452617042,0.06241703491611935,-0.029345020563749113,0.1094543714724558,-0.03482152522561818,0.10421732508212124,0.03128489725349244,-0.030935405251822996,-0.04863739498329457,0.04842185840443216,0.006462133216680585,0.07569956060556239,0.09460518041800452,-0.10626422072568635,-0.03797743083933092,0.08830268745431914,-0.08757347451334337,0.05493005703777382,-0.01970912977035959,0.24953184471567327,-0.06400920269911467,0.015040178847643925,0.01247735038474651,0.0011253052841697696,0.08439670270555782,0.0004925377877532507,0.025843004141638336,0.024078342765108257,-0.058019615549074026,0.26246939309938894,-0.02139313669274504,-0.04674221248669633,0.003441165048987292,0.208168535121943,0.03985399504618341,-0.10181784921632349,-0.03733603967720824,0.0748131454527133,0.09308696279985566,-0.11909468750997375,-0.03596461142369242,0.14869732226298468,0.26046913811858813,-0.07221863308788028,-0.06191365160238316,-0.0426212808351623,-0.02264320287341366,0.0893567255501243,0.07650709572118242,-0.1965046099975036,-0.06941227115603921,-0.0033377940204534543,-0.03043935881629645,0.1205977347483859,-0.04802304518145737,-0.005690000535932655,0.49157581837548725,0.06465388196863119,-0.0014151493377733688,0.07800615213848608,0.10082733390010767,0.23064992411122553,-0.04269968614133486,-0.18374831336225303,-0.009356241368589547,0.009449750449570816,-0.018567085465406172,-0.17195849574303249,0.14809438206358147,-0.06827826416404534
BTC_LONG_18736382b197243b_3d,0.14767095618826598,0.011664898961826719,-0.0348136213183455,0.06540880881236134,0.2137900496021605,0.09249148399525313,1.0,-0.06709140126106583,0.0932609241545277,-0.024057686704016177,-0.01081085366094869,0.0910664145603891,0.1253776623818425,0.5447230982028171,0.13144559285066915,0.0270291633902909,-0.41174308867187404,0.3551640779994047,0.06157851134921341,0.04591327908394258,0.036976995049763525,0.05928621948579203,0.04857992779964017,0.07196810082063096,0.24211489517764653,0.04406918578857929,0.22679453190106788,0.04350026710017438,-0.004652106064491956,-0.009480860394116324,0.22055977391400494,0.23398164181630504,0.16160548814301878,0.13707835737280052,-0.030237511538139084,0.14951507087674076,0.05831663999666784,-0.024450143683266125,0.015007331657066653,0.3998339804528841,-0.044159598406934016,0.14199418626641674,-0.054870510234763664,-0.07529118692725993,0.0327293500840653,0.09214954078277222,0.022427668340329804,0.06775865796137749,0.05489179772604499,0.06388298077819735,0.14167372015634763,0.09464131410305997,0.04478125294750394,0.34543744835477896,0.1552648237774576,0.07254157779812045,0.24907042237772067,0.012800015950865542,0.02737742392380027,0.18145760729042718,0.06578928622407305,-0.0685364250889151,0.46582992253907596,0.1390859767818291,0.0051698347451749225,-0.30601246333249527,0.03871085816447142,0.030551198767361842,0.5635746998659042,0.006549524197203535,0.028810132983659788,0.17113042803749035,0.12357022170094559,-0.05773223925244719,0.08610865022130533,0.07167323472549017,-0.021038209342399583,0.11158548822127422,0.11260208641252291,0.014187177866618992,0.02248777908353222,0.033974718262916814,0.16854609730795417,-0.05527729901857655,-0.1392037216845569,-0.18474537742291722,0.14723123445401382,0.12452988907757098,-0.01999760931365642,0.0911989270679506,0.22338655707287927,0.15568953618286488,-0.11240804825159746,0.056858277348198344,-0.09933220289221277,-0.044425603236184004,-0.11852521097896132,0.021073621587495383,0.19599819971853688,-0.05798263813823525
BTC_LONG_6e133e86c2c01d4b_3d,0.09674523028700624,-0.00818650430263312,0.10210546978799108,0.07436626230433768,0.15318632559170314,0.11807824219124638,-0.06709140126106583,1.0,0.10119995990391047,0.020738699461942497,0.028837770647322254,-0.06574349062834858,0.030868100927008358,-0.0866601965127065,0.14954537343538674,-0.02743077641850645,0.4171372111103906,0.035329376011695585,0.07698723062336572,0.0253022102757822,0.20155172490940695,0.11092389386522485,-0.005775852332376812,0.013763669366780903,0.18663330329277847,0.05101526370048199,0.163416590150537,0.06641024511069757,0.0837540384403843,0.003036626035354617,0.1757086505832001,0.1106744971919202,-0.10428279179307488,-0.027916823745955253,-0.1487813190768177,0.05511533233864778,0.020177712359168612,-0.01902222244529946,0.036127937945265504,-0.02941316691556521,0.11338472550859653,0.08466695301854385,0.5960685823830555,0.05482897728178924,-0.0005959526784614246,0.0902268646241682,-0.00550025749833727,0.07529115307114156,-0.10072322297123715,0.04166658494354882,-0.07151750921647913,-0.002148036646114212,0.010800944594319658,-0.326703877987644,0.0040060307813926015,0.11811418899029456,-0.05636845049227667,0.08467494117413366,-0.02607726536177942,0.0464228609269445,-0.040429764534976806,-0.009404692281520386,-0.11628267728611946,0.056498225891257324,0.03795823294139165,0.0924031851872992,0.023197408472056587,0.018853524520900722,0.056240221002621216,0.004868753831571298,-0.14161008082259108,0.14405736046232107,0.12197295342304143,-0.032291908840746085,-0.34357383850819634,-0.027585229150273564,-0.00493375845196822,0.08108940740946084,0.08088403517761589,0.034873219997568795,-0.11354694786389552,0.020465789347676597,-0.32784162610203293,0.2153136631570966,0.08947396524111875,0.2098069856518612,0.17614267931406874,0.12156203079307218,-0.027164104287358194,0.06367493243364371,0.20429350625395368,0.17170437713128558,0.07799864388000136,0.028904209472308314,0.0728207289515922,0.038145197150281654,0.13231275409256,0.1055920007230279,0.023193513720418377,0.0003086711314190699
BTC_LONG_bc8cc20c800b4673_3d,0.2025022144175389,0.09258380990949758,0.2179979660756857,0.17703662384976473,0.0064274381178904055,0.21873082808856845,0.0932609241545277,0.10119995990391047,1.0,0.00863138962454913,-0.10684724218623824,0.11335920330750633,0.13991141678535415,0.08349505931609709,0.22414177148871675,-0.05248575092001366,-0.008765858942577762,-0.013449456596979043,0.08827721158398585,-0.07410544181248571,0.08088433315787702,0.36234609168767057,0.40220868708222285,-0.04396389043777468,0.1592223390000062,0.04443502915622006,0.018725102237815105,-0.0929334488604878,0.14453699164039846,-0.041565522373729936,0.18124580618385552,0.10071999631128739,-0.04881997583466177,0.014367875889369318,0.023841771081796703,0.038181117702488,-0.07038831582429202,0.013970640974979702,0.0013704834933321024,0.08241157607577804,0.07151541964085678,0.18777370968934234,0.00969871712447403,-0.1169753735163106,0.031823135882079676,0.2504604739500907,-0.0066272638801190805,0.10810804896655477,0.019910150882541052,0.34860484077054277,-0.05275776261791986,-0.04379002676758718,-0.14485735163056662,-0.053926780619208095,0.2563813331732589,-0.12693781645339086,0.05814017145718627,-0.1435420286432399,-0.02146436235395082,0.19197507215188367,-0.06694689634343348,-0.07582554380630753,0.08696314697185263,0.13517444651257252,-0.08318362331998239,-0.06353588776316613,-0.22167968221586742,0.02940407592645294,0.03916783301462329,-0.10159545991729757,-0.003130677205249086,0.13606828910329688,0.09002379425206482,-0.1303951481196667,-0.09537633371240278,-0.018346983633971144,-0.04065797086316312,-0.18100631504126813,0.32131552008696734,-0.01707523945889265,-0.13458807662737554,0.10738181564782634,-0.0540814706516523,0.3055255672497948,-0.0674311285575862,0.02789616032829362,0.28686489828643674,0.3068679820085666,0.004281694915263035,0.11353592646403639,0.04108933368510524,0.3167613340303801,0.054116454733681825,-0.09249332529270794,0.013490052736305744,0.0861718036087207,0.15128018158557396,0.256591707532014,-0.030208239151700778,0.06948315332818852
BTC_LONG_5740defe528d6e16_2d,0.02349224116829017,0.061977639042089055,0.070694883289587,0.022039236312223324,-0.011895393711778298,-0.037827774364679975,-0.024057686704016177,0.020738699461942497,0.00863138962454913,1.0,-0.02453954061589447,-0.020507675527970625,0.09507098833274093,-0.052251751417959895,0.0789427118420523,0.15279952081943826,0.018712006353372616,0.012225234170735714,-0.016277649198242948,-0.04432471655857327,0.008397216156758583,-0.03066498533647636,0.05792754708198402,-0.034930313825133064,-0.07789860419780832,0.05925177934303626,-0.030294917542917094,0.1445286133895396,0.057939228661908475,0.04795978238832998,0.11368663528442943,-0.024114163271680044,-0.0044752995766987,0.004769708358702729,0.008712072982096919,-0.026632316500849677,-0.01778621770167806,0.01389413561908525,0.5124831652094148,-0.03728418181892255,-0.004595752199184627,-0.011375084805284283,0.006500911244243604,0.01457858151347404,0.057175875408137476,0.17430755838879716,0.13920541876732107,-0.017790856487030732,0.1545302500928842,0.09904354551491622,0.0368609320375387,0.03602121583210063,-0.0019595815031755908,0.00909557231328609,0.07275774797969795,-0.0148567470256994,-0.09026189725140979,0.017650717360768352,0.050532353053488556,0.12579346604814304,0.004418610118275818,0.008772553464001409,-0.03123577098887708,0.2756887967503739,-0.014759565660672188,0.11179070021046056,0.07479036350598685,0.055865122694757234,-0.00103261362471612,0.07514699919892771,-0.006432485791198828,-0.06613238283497813,0.191911493366624,-0.03020324522748571,0.044997124882557235,0.13883094901450765,0.12589989393811588,-0.047115576029329954,-0.005441531522743298,-0.011536348003472818,-0.03533897029705553,0.03386972415306185,0.009363035903302931,0.02396952476950734,0.2388259024811907,0.0773817048096515,-0.0460286118988169,0.4625507428940753,0.01372256488954347,0.03553939144426093,-0.001186781579469333,-0.0014903145513407137,0.08280213754641184,-0.023905130679362056,0.05449291972935032,0.1643326893889321,-0.09945835701055715,0.027940303209093395,-0.047232956387103855,0.06974325933362337
BTC_LONG_022fc44040f52195_3d,0.0197483285063901,-0.05026653010613585,-0.039047392246722115,-0.038897462014426815,-0.05186287643855244,-0.016740122187348862,-0.01081085366094869,0.028837770647322254,-0.10684724218623824,-0.02453954061589447,1.0,0.018813854362695556,-0.055334626515578626,-0.010896518825176697,-0.0845943613037613,-0.042086525803114845,0.04215577596942261,0.01395025373464629,-0.03406369749876448,0.12376401267556027,0.03708933616795337,-0.023404100611056102,-0.10581587289749553,-0.009806723798717464,-0.01614373539091556,0.20199474197639186,0.05261226622866054,0.03434831657136563,0.002319320013838203,0.06451226339588467,-0.03642806244313224,0.005096535779714127,-0.006634012561632675,-0.02932276568115539,-0.020028159025006525,-0.03167573582550277,0.0017353951839193687,-0.03304744428437508,-0.005473767472860436,0.02080985634703687,0.04442035008363946,0.061165015697668745,0.04905582031266619,0.0345142304224423,-0.0016576466454618364,0.02553723993335225,0.025179153463934886,0.21139530099086373,-0.07127770730250228,-0.002139460648881337,-0.04165625411553758,-0.02967863872450191,0.025292081162360442,-0.008843803095812232,-0.02847236406900681,-0.014650855272387176,0.026268008979444018,0.09257127609317767,0.012715618742309311,-0.04789387609653318,0.012864517055295583,0.012557357125155402,-0.03193355974083766,-0.012548740776065917,0.034516607265304644,0.2321085212458677,0.08370845210662921,-0.053832946051108534,0.020006655215138454,0.04289086038727789,0.035276180230458844,0.03612840808450717,-0.037000841342152244,-0.0009869863790264105,-0.021697439870238592,-0.02815891321936581,-0.0372765986697969,0.058656501212424966,-0.02782754762836703,-0.033336490056439266,-0.051250720416606256,-0.006795655200155043,0.281544546691995,-0.028049413225488495,-0.024134488478951,0.01812983595897662,-0.007260050619649678,-0.016703631308555667,-0.02247635061455088,-0.03621788250257008,-0.022440878250820546,-0.02920796060099991,-0.05640848850387997,0.18870842576895064,0.11772312959978624,-0.019978613113640766,0.06406824264754031,-0.05296514899407848,-0.008869885805576202,-0.04384707118921772
BTC_LONG_a800262f87cb7ffd_3d,0.14174758039166627,-0.07029377095687452,-0.07113012763718503,-0.06594811057514859,-0.06633833139479255,0.18516418792368733,0.0910664145603891,-0.06574349062834858,0.11335920330750633,-0.020507675527970625,0.018813854362695556,1.0,0.06173830959317759,0.17545541799344233,-0.002214736880483703,-0.014735361121176183,-0.02998644336863278,0.06250037644524102,0.04127632148053971,0.14511325262873806,0.03631901847548805,0.03519712867367143,0.1008124557037771,0.005095042754335892,0.11756853353047417,0.04912683487721497,0.1503780025941745,0.0006307046503420954,0.08018111913269295,-0.05214650672082467,0.0449801896046561,-0.09780454609064998,0.02354363385974091,0.15115069047019958,0.0017314630683405643,-0.03951632268543208,-0.037799117895516654,-0.03080402881151187,-0.019453530909809367,0.04499917000753169,-0.048322851238851224,0.2753832000724554,-0.18511061825267242,-0.18187991120856906,-0.03017341716595824,0.2173427201169692,-0.0022068607130196513,0.021864657066523383,-0.05259184974285555,-0.05390020526634197,0.00455322459778308,0.02121083658293188,-0.05054482119970026,0.01205575851138354,0.1226113562103709,-0.051535772114208865,-0.01689454287890098,0.1336070017730547,-0.03348924771138356,0.06412761976590163,0.07250101670211045,-0.05822602284648745,0.07282056326115229,0.03020081960084145,0.16312140291506616,-0.07460620905277343,-0.001985867339672714,-0.10764404180351395,0.04622639978621275,-0.2844394345498932,-0.0200746346323453,0.16366806512335758,0.04752741487864875,-0.08686559699780368,-0.035681738835245856,0.012139771485103229,-0.03676676723950148,0.1581200751619299,0.13899232055633864,0.0997445446140322,-0.04072925090136254,0.012292838962237962,0.04596642624556986,0.1241974420269586,-0.0495066802833632,-0.08031391244459223,0.08873670436182515,0.14552997814286706,0.07082148065628528,0.056906752298530275,0.10677369554734369,0.04468780453366759,-0.080788214273974,-0.05108444062163361,-0.023296374458154488,0.011162887067235418,0.042007148963538625,-0.5586851097462125,0.19345119079002773,-0.19449452847093776
BTC_LONG_665a553ed9e4f0c9_3d,0.07353565674942561,0.034894110514836874,-0.007240282474959305,0.08720981546126448,0.21944244814217284,0.11869255670860938,0.1253776623818425,0.030868100927008358,0.13991141678535415,0.09507098833274093,-0.055334626515578626,0.06173830959317759,1.0,0.12448364758313643,0.19463684267773035,-0.027579555625717043,-0.2013138566012316,0.06378290765739712,0.07506478702448818,0.009779503128835241,0.016692640333828487,0.19650748929969036,0.1311166782595168,0.08395526424456308,0.15137899792580456,0.046557309634389005,0.15970295453467936,-0.015803519178127286,-0.09734495183588619,0.01183650580537668,0.24993231069076807,0.03203404422733515,0.07448686597691702,0.5642787044964871,0.015049190124954419,0.11246573436671468,-0.01821074898665386,0.09140881401611624,-0.032132447586730936,-0.04464110421453866,0.07920965301597993,0.09022198115284052,0.05621573887683389,-0.12032140684552836,0.026157368954948423,0.09837700767969246,0.06396106863292153,0.03887417895834075,-0.0026843846067087034,0.06790052796157686,0.1255414177364512,0.035052057858930084,-0.011860874193797959,-0.03868387113212003,0.2674089444425398,-0.06853029976403968,0.048650905257498434,0.003933714404454594,0.056054953402652645,0.3066935636861412,-0.050485933961486734,-0.1364032290353557,0.09301638974571358,0.15912108551549728,-0.028634368522487956,-0.16083688435340987,-0.05563677361046282,0.19277356058609005,0.049208145694634844,0.007921539370645677,-0.21423627293864375,0.1568808293096773,0.23762758078744614,-0.1986838109970468,-0.03703758456842413,0.06564385666793855,0.004286543685202683,0.1142590617120801,0.1065318553537363,-0.017067106263136615,-0.10273153955788179,0.017085486526139594,-0.006113118163009451,0.06653308877721557,-0.02759767125172488,-0.06740982474208501,0.1709465555743209,0.07336094169233422,0.03228391030872344,0.1093396996744338,0.040337553304968916,0.0907604850908642,-0.026090114576363496,-0.003929166683614311,-0.028901695857680026,0.4028492345781005,-0.32110932948769233,0.05379693687011577,0.14146077073012375,0.03352134001453858
BTC_LONG_a7a53d44b1d1b10b_2d,0.1414728553161068,0.004995453811087129,0.037677304481059576,0.0222902546691988,0.20299614884758668,0.12333389182187289,0.5447230982028171,-0.0866601965127065,0.08349505931609709,-0.052251751417959895,-0.010896518825176697,0.17545541799344233,0.12448364758313643,1.0,0.09557472514364605,0.0043032324171329486,-0.39886916367021374,0.2819544977053636,0.06573005690684967,0.08655599176353236,-0.029131517175269066,0.05880219610144947,-0.031732000002116956,0.020497624865576217,0.26797657730520646,0.04585332276139787,0.19209085549242277,0.014752967883053256,-0.05762459471070314,-0.00023655910078638286,0.1533382535100983,0.1762835117163433,0.08785769012977102,0.1746163682582614,-0.10584077365518406,0.1665802409072853,0.021056196395180256,-0.03707510362371138,-0.012809004325977019,0.36478251412394663,-0.06174289431721614,0.09566058525166583,-0.05380909519759306,-0.11261373181083131,0.02344972151006386,0.15631627728414738,-0.014837546290837991,0.1707685388519959,0.01712475890984847,0.07625852278128543,0.120231223230067,0.011376692118585632,0.0738008399963695,0.29618596767981786,0.0473534835757775,0.043499796992978915,0.2788403588459487,0.03188907433246224,-0.029870982491823034,0.18500376031336543,0.10682967743052504,-0.11071852936494377,0.48009097216471935,0.15426020379702118,0.06279213819118827,-0.35226390601793955,-0.028610580234632848,0.029016218747457776,0.051446547567526764,-0.11659761990674476,-0.05688800906379903,0.2908973481861998,0.1219903338510818,-0.07463108859690122,0.022399812940386576,0.1715189915476196,-0.05100555921096195,0.1152848620286184,0.031174975653815128,0.03840422218733257,0.0328631971974007,0.0017109730340304444,0.16516697415015663,-0.08732579218347178,-0.166758612662572,-0.15794975002438216,0.14738334557645072,0.0877008924306032,0.004428255296715919,0.08512251824878343,0.17860552024767157,0.08757743302191968,-0.138388559865133,0.13490057278244655,-0.1342930139086774,-0.07601976312677261,-0.1476879744233142,-0.09302660900025403,0.1492136284124154,-0.17127779566007525
BTC_LONG_32790d4266a3dbf2_2d,0.12017662041324675,0.349459909031676,0.17869631959102455,0.18013467613014983,0.34003427770265593,0.1164844408177944,0.13144559285066915,0.14954537343538674,0.22414177148871675,0.0789427118420523,-0.0845943613037613,-0.002214736880483703,0.19463684267773035,0.09557472514364605,1.0,0.28406325344127137,-0.04072646838017568,0.03984737782419587,0.0025634796224393427,-0.13292734265095343,0.1637821984621788,0.08851511805207098,0.3783550158605792,0.15782802997898862,0.3327463643555688,0.07017827269934195,0.1929051238762354,0.10418735600321925,0.25459413512984513,0.1912725632346958,0.3344844430555412,0.20611914857747426,0.07109883937568866,0.19767432314686859,-0.010122164827022408,0.3512020315916718,0.13688348642124565,0.24657663628287144,0.08272646768851483,0.13633074031939874,0.3180775324472664,0.19885880777736362,0.184373076470543,0.03502541610458488,0.1897325611329996,-0.009265187256676877,0.13612861228103545,0.24142295949033005,0.5212338036179547,0.23659353156934393,0.1115836023832879,0.29990802547644074,-0.015643659491999393,0.04501256341926809,0.15285573712835196,0.2754723470290433,0.01747066728411368,-0.03268745159531691,0.17017493358015887,0.25473233003676393,-0.023595315028793383,0.19431050837274383,0.1769350875378021,0.11101478159650147,-0.1133452141717108,0.21144281492972244,0.1934390060926855,0.4107618628272186,-0.024900194979312073,0.30318797338106457,0.0572181437358165,0.14965478323236314,0.2770931527810527,-0.004794253751049865,0.03602645948796459,0.1534706260845083,0.10130128592024708,0.08964716986788701,0.1574355696130412,-0.027900225659786903,-0.03251698147294573,0.25870500022340237,-0.09933221937399035,0.11440672208623907,0.18514954524666308,0.23389752865866034,0.2670089254752612,0.1667170859436644,0.2029018072721566,0.09939753122007274,0.26273874599498,0.29424574177336893,0.41233267444710314,-0.05225799203294922,0.2911535263269571,0.02324065166862079,-0.015609365490240477,0.15930783814239344,0.27805888009206553,0.302838367044563
BTC_LONG_81c364516a41a911_2d,0.004825559564774721,0.21848810353312043,0.4382787716304765,0.05675082145064963,0.05071841872143848,-0.01069163147797432,0.0270291633902909,-0.02743077641850645,-0.05248575092001366,0.15279952081943826,-0.042086525803114845,-0.014735361121176183,-0.027579555625717043,0.0043032324171329486,0.28406325344127137,1.0,-0.0013404709956469521,-0.03288839155298314,-0.047121746783533765,-0.052172672475376436,0.03335451394385802,-0.015874961402751995,0.1369432789081576,0.27112075057629004,0.35419453141891544,0.04698136624970843,0.07742633605402967,0.06807586558883988,0.1563225675322348,0.14452011922245817,0.005844417374691993,0.013902563079296815,0.025466390436393087,-0.011254884501038655,0.01856369330476691,-0.1364615921956607,0.014074324073375355,0.1596376191602302,0.29553470917536034,0.009997883532676114,0.167935834261505,0.13963940383182913,-0.11894035413029284,-0.038839718541144874,0.15731225730138446,-0.1375710129218206,0.08953205811696245,0.16155472978421515,0.3267195256672382,0.10015906051778335,-0.0008308719243118323,0.14581107746678143,0.062447832814833154,0.04356758206772689,0.03198258214442433,0.23839271314539512,-0.5383079848616372,0.05000317531805667,0.11079939907636296,0.1923989374852735,-0.004463044078784125,0.1156517655831435,-0.0034815917021939324,0.06150091571192269,-0.10741787909593851,0.2500301627138928,0.32553013428302796,0.09871914017070389,0.01889144384220773,0.2702026793908929,0.02057508989332019,0.05342158270251724,0.0990784322693383,-0.010746192085988952,-0.06223773344081524,0.25656482527576263,0.05710850831230302,0.11196251789066491,0.004503794257048973,-0.0579685766912802,-0.11602443827174228,0.2788834775286457,0.031406590654353854,-0.00705730449096943,0.3078992586390888,0.013340302414808835,0.0009655879167690413,0.07687679307307033,0.10428082710936641,0.01933545724960831,0.25490203356346874,0.03813040005992069,0.21604846832715754,-0.003186046551174637,0.07598942287200988,-0.025677062574870936,-0.015061634325700306,-0.008239149508604536,0.21656182393573772,0.1492029735378082
BTC_LONG_7fefaf095239c223_12h,-0.10214711234512762,0.016866078938422836,0.12663789227291433,-0.04392412598453952,-0.20315732164935432,-0.027397716697333485,-0.41174308867187404,0.4171372111103906,-0.008765858942577762,0.018712006353372616,0.04215577596942261,-0.02998644336863278,-0.2013138566012316,-0.39886916367021374,-0.04072646838017568,-0.0013404709956469521,1.0,-0.5777799264424858,-0.04944991474410786,-0.015358596416172222,0.18800956011151118,-0.06112567744382458,-0.04376226464442752,-0.04129073432488557,-0.1981638171380799,-0.02973434162988798,-0.15207873103557965,0.004178213680076984,0.3251880313610126,-0.009134999232222829,-0.15449088185182305,-0.18152800787024231,-0.3028839871163173,-0.1917133700660585,-0.07389837018391004,-0.16585057605491849,0.050873767051003896,0.046354828941083455,0.0009651765816294637,0.06313519455812414,0.20695583810007961,-0.06240362886549324,0.341312472108512,0.23775110878376193,-0.02330211933142697,-0.03538834304085283,-0.03807278405260696,-0.02955781651284961,-0.14995165843672315,-0.02970795340597616,-0.1442360460629116,0.12695006844579437,-0.04636093037213337,-0.572292305911835,-0.208351556170734,0.05928877399004758,-0.22485004701726444,0.04013341984919064,-0.05668569793207229,-0.2778684939622423,-0.09490493335109547,0.20103735606766573,-0.401857590005836,-0.07073157582133853,0.09637269131746319,0.4739239162296957,0.0795212933025813,-0.06636733668669512,0.022440938612904658,0.012279208398565371,0.0721535087713398,-0.1239541165177517,-0.11579153891209486,0.1460173789021544,-0.37936614126275686,-0.1058186150259056,0.07988430126683996,-0.11016657887049797,-0.059536928646897525,-0.010014295599687912,0.013649095912564373,-0.01919584527341073,-0.42817545331177775,0.2145573884259207,0.20951265863984533,0.3712299691775817,-0.08936425030688376,-0.05029146627592614,0.04433985429831194,-0.08704710605729712,-0.08010956412997887,-0.056747397343828485,0.30014745339531196,-0.057832968483528625,0.2036825336882339,0.09767889966692679,0.35232545742987864,-0.030333462418817375,-0.10495682134246152,0.07985018491183885
BTC_LONG_ad3c541b70ce7c4c_3d,0.11308757126215016,-0.020003157352080785,-0.11960181150745379,0.026927433071637207,0.11062420369635095,0.015358331333186117,0.3551640779994047,0.035329376011695585,-0.013449456596979043,0.012225234170735714,0.01395025373464629,0.06250037644524102,0.06378290765739712,0.2819544977053636,0.03984737782419587,-0.03288839155298314,-0.5777799264424858,1.0,0.06173020893505505,0.057754404197139494,-0.013215077907639738,-0.022497519716778554,-0.04491092708728374,0.05569136134164888,0.13492900683847175,-0.0017096671139506556,0.1425754508984565,0.011765865503009664,-0.03489889059449079,-0.019789560588898487,0.13271167191797326,0.16656969320939619,0.199244380280581,0.10179114042266003,0.16122241016722041,0.18507760836517143,0.1328660123303702,-0.022130639684910622,0.03584468954031951,0.27161611044447453,-0.1624922826303361,0.07122701770230119,-0.29155875263377107,-0.016732354292504352,0.01767924360127293,0.06700345626278195,0.017628034955562435,0.008602765900434189,0.04735081526368659,-0.01920443198208661,0.1045615299967808,0.01438706525290201,0.025002853369091242,0.4320548277380023,0.21074585442342766,0.06276096470221054,0.20465392014859865,-0.15168434052705315,-0.005653524123058042,0.08511708157078446,0.04735820173684205,-0.06234166152797617,0.3193937320388598,0.028680419773985,0.025667115103529953,-0.1950296822322738,0.04304372329591427,-0.028863229542487982,-0.025052300918868294,-0.03828782662916973,0.3078498234343553,0.11342633063143351,0.015729104191868442,-0.007035042818799828,0.4867231726054425,0.04370047040423542,0.009089851834530642,0.07047554380299989,0.05231648173306016,0.025057177726625645,0.04297984973309068,-0.015316075012632793,0.27964432970233305,-0.026496864596278147,-0.05127333588457493,-0.15215392737222125,0.02104351965162504,0.10061716504929828,-0.024168400452581847,0.031249788640726042,0.18463883442745666,0.2010860616353833,-0.09965821149434313,0.07005348732485671,-0.14373834900785526,-0.01440772406561167,-0.06846059477271789,-0.012576316810756744,0.010318010252141826,0.059089686965484
BTC_LONG_6e6fadb75ad48781_2d,0.058341531469944856,-0.038576606565651324,0.005811381784524547,0.025400984788173743,0.04110752064392378,0.05273738240611251,0.06157851134921341,0.07698723062336572,0.08827721158398585,-0.016277649198242948,-0.03406369749876448,0.04127632148053971,0.07506478702448818,0.06573005690684967,0.0025634796224393427,-0.047121746783533765,-0.04944991474410786,0.06173020893505505,1.0,0.06159226462000723,0.016176005814835404,0.1468865618276302,-0.03114626281354815,0.020631226620544684,0.058430450610747975,0.1110654998627315,0.038281626867840444,0.043469241680214266,-0.046612554513896606,0.016425947876985102,0.03948979822691303,0.21819748263688643,0.03478129003322318,0.03226515311678775,0.020356780800227476,0.006373217733304815,-0.08614004100392601,-0.05462143164645979,-0.009217876305283137,-0.006371269975538669,-0.05617035510686863,-0.009059693116423741,0.01699815596941833,0.021391225015390376,-0.025798002452138695,0.0994508978621304,-0.025130060746622395,0.05272935974778946,-0.039761487000217935,0.02793788583450329,0.0918695432923019,-0.0041023187014925504,0.010532495027458002,-0.005301194157817398,0.02544109735140638,-0.08053286988209134,0.027364266594826363,-0.031584659538239586,0.05708861913953267,0.08275325447760791,0.009118511922113015,-0.10485580983371937,0.01081127210005506,0.0167747419089392,-0.033063363352436155,-0.1626078674480398,-0.08415990461027435,-0.07702345773026496,0.06560046840302523,-0.10351918255071792,-0.042024762265829414,0.10236556577194773,0.053483399322890736,-0.06845445794725999,-0.06178377681179764,0.0952280691341972,-0.0792711899726797,0.08763028483565205,0.04374196960521952,0.051717615562277004,-0.09338321986605377,0.01684719773607018,-0.01547755608598601,0.0699266982159701,-0.07848501903712685,-0.07700149991221192,0.06581998594290478,0.6095393391948486,-0.054297260867482544,0.12602256354474198,0.09124225368927207,0.02568853499852696,-0.03755378369651213,0.0643949843897499,-0.07703561712827921,0.014464034134269808,0.09805631675279469,0.020118160759825667,0.018320780568309426,-0.011490176337173807
BTC_LONG_978f94cff6100d1d_2d,0.03584111791242546,-0.1264095836130794,-0.04813542031795194,-0.06326999914879695,-0.0331376666387238,0.05766672266237025,0.04591327908394258,0.0253022102757822,-0.07410544181248571,-0.04432471655857327,0.12376401267556027,0.14511325262873806,0.009779503128835241,0.08655599176353236,-0.13292734265095343,-0.052172672475376436,-0.015358596416172222,0.057754404197139494,0.06159226462000723,1.0,0.25382513995138417,-0.0019142933322735907,-0.1999334816649328,-0.034609451817656685,0.02525543527491199,0.01072127811105093,0.06605084887421353,-0.012654304797029779,-0.05807879010958947,-0.10375270046283157,-0.06363378047089897,-0.02217540296182988,0.004373774882245124,0.14079894194990158,0.010851164613275174,-0.05461118866571327,-0.030937669419150216,0.012224833319878042,-0.023986967225089553,0.0016990524461714034,-0.11085482854788219,-0.009893944798182555,-0.05851193830027956,-0.034853609445902975,-0.06053765004890948,0.09599842832727565,-0.06757570973385003,-0.05163776205985759,-0.14196987329843977,-0.042763261248589854,-0.00695165644728097,-0.0847057289855997,0.04767814074776588,-0.010143725651382439,-0.005320366888562056,-0.05576298196271635,0.005327750458067671,0.024656822469989906,-0.08847773786409664,0.004775745085288886,0.007342253771026335,-0.08886760209555689,0.0035732904888614433,-0.02617466696879563,0.1222400880531028,-0.10911942214295581,0.024837627271818763,-0.20957492241527226,0.053252476245077264,-0.13897056052592646,-0.021939755108339735,0.14109389771540704,-0.046813305657093705,-0.01741076076673025,-0.02735640193571443,0.019202387532038012,-0.054467173817149765,0.04657320519091509,-0.05230683840985111,0.006404792901341587,-0.0017144575784986897,-0.10770006642940597,0.01837112430317,-0.013454565203122368,-0.03623830505213497,-0.06670109358834515,0.013777130819432852,0.023745607254650657,-0.05024256212157035,0.0058188601975091596,0.14268588696433007,-0.04228717973154331,-0.12406012786954314,0.06861284325467054,-0.25239638918063234,-0.003196070216781577,0.0021931984683993765,-0.146474000498008,0.04221791835470936,-0.09781161889789722
BTC_LONG_5d47cc6741d7c67e_2d,0.07925454692496005,0.09670989683866826,0.10307057010055012,0.05048693884653207,0.09066425133816877,0.07300743113357794,0.036976995049763525,0.20155172490940695,0.08088433315787702,0.008397216156758583,0.03708933616795337,0.03631901847548805,0.016692640333828487,-0.029131517175269066,0.1637821984621788,0.03335451394385802,0.18800956011151118,-0.013215077907639738,0.016176005814835404,0.25382513995138417,1.0,0.05664288100956776,0.11625061154749479,0.008376237851944641,0.15839975948557075,0.03320944648913542,0.0803819809034004,0.035032629506920966,0.18975331648861904,0.04899364863121067,0.12044402717722649,0.15202317550250605,-0.06643972749457121,0.034690565919402325,0.06650875316878938,0.1294986075221656,0.09288527217624036,0.08140338554512482,-0.011607432918034075,0.06280553533941823,0.06895729513192035,0.060471381738582575,0.38484785837790836,0.1522247073349358,-0.03349474024624331,0.05463047068529172,0.02681047049565959,0.10216566275192485,-0.02662339168642283,0.013073348153848988,-0.013608058753968772,0.06083103063051039,-0.02484546801610939,-0.1715417692425881,0.04623668958806693,0.0971912634871475,-0.001127239586530912,-0.08159261259004114,0.019438780539200413,0.0033607463321392254,-0.043882765400471896,0.045513363872922284,-0.020326639506704706,-0.012873303519632995,-0.019639578177502753,0.23587577145708605,-0.019752159735698126,0.13944526442937694,0.0623831343452685,0.016815868644074437,0.08109399017747282,0.08401967444357215,0.06601312956489223,-1.9161950948937913e-05,-0.006807363883655978,-0.007040178506219989,0.02173883481012317,0.0359479088826119,0.05156071737952454,-8.973138121629867e-05,-0.06606546157714192,0.08981860968744668,-0.13398885346476233,0.24748624415583143,0.08171527981865222,0.145115200735902,0.06050963703444771,0.05370708854228219,0.04731091504883316,0.07178951741908121,0.01226336323700088,0.1959371968644812,0.30176177697361906,-0.0010912666697478453,0.039843305759209954,0.03033234738966842,0.09161555917458196,0.04340392380142625,0.053099210700476775,0.47638759218729054
BTC_LONG_986eab606b120088_2d,0.08349434132292992,0.019346107620044677,0.03232804370143921,0.05946546864498445,0.15108053586147246,0.3434893564988357,0.05928621948579203,0.11092389386522485,0.36234609168767057,-0.03066498533647636,-0.023404100611056102,0.03519712867367143,0.19650748929969036,0.05880219610144947,0.08851511805207098,-0.015874961402751995,-0.06112567744382458,-0.022497519716778554,0.1468865618276302,-0.0019142933322735907,0.05664288100956776,1.0,0.0795777882688156,0.05610513138115203,0.13362878423288255,0.12158945915480548,0.108818799934144,0.3647870504915323,-0.10426712066611488,-0.06493577791258649,0.13093834533325116,0.04854943698096215,0.03001883735975717,0.12003817666076419,0.024284749696862732,0.06313377777978939,-0.02581992918226899,-0.03323096361710578,-0.0023686157346779813,-0.06813583931015894,0.06244573810895943,0.0936547518084645,0.11106565494178658,-0.13118871358395673,0.04812029467028614,0.013449773149286422,0.07079555593655924,0.023299506289926546,0.008225209987945147,0.1894544597505621,-0.05189283787107581,0.08867471617817901,-0.16871215588807983,-0.05364971999057701,0.07907864816283834,-0.12604671698207023,0.014968842755587576,0.06792083020249533,0.0540726773403873,0.3588099627622384,0.017355568206219522,-0.11897848049597722,-0.05889587956440634,0.22857335152237826,-0.08859215434313501,-0.10695116515632562,-0.09385093722532215,0.04493818074298997,0.1384910959517017,0.005794022107207401,-0.11664945140807874,0.10176427468479422,0.2678950841055259,-0.14783937940921318,-0.11114751611891785,-0.0314537983609659,-0.0648760023585996,0.40421543720749903,0.07616119496807533,-0.056149503518129085,-0.14864405462167107,0.0005924552388995197,-0.0038164116064488096,0.1519756701509307,-0.09406502785641951,-0.034461194178884734,0.4325612231385149,0.0417715513826824,-0.022730791976830738,0.16602110927078342,0.0425356007722809,0.13653705131159724,-0.05491720890901355,-0.20841682122876917,-0.027210388331060716,0.12029044522434604,-0.1717846176506474,0.04846037764177025,0.0748600433322737,0.019224021896568515
BTC_LONG_3ebd17aa694e737f_3d,0.1427570163266035,0.3789634922492015,0.1380444210276765,0.3459193955185221,0.17776321024181244,0.097403040775799,0.04857992779964017,-0.005775852332376812,0.40220868708222285,0.05792754708198402,-0.10581587289749553,0.1008124557037771,0.1311166782595168,-0.031732000002116956,0.3783550158605792,0.1369432789081576,-0.04376226464442752,-0.04491092708728374,-0.03114626281354815,-0.1999334816649328,0.11625061154749479,0.0795777882688156,1.0,0.03863543206836244,0.17395510637391853,-0.06826098141327976,0.04927231545393671,-0.009190852292614555,0.31984215290174156,0.05347142364436598,0.2576541349251977,0.07442614085731183,0.05121977170339098,0.01885675479272293,0.03834772814636238,0.10270741218333303,0.10547302830248985,0.14972765079280276,-0.014564618506809176,0.09566220525702113,0.20210352717263405,0.3338003949804635,0.02706484964973346,-0.14516611606005755,0.048557172037712204,0.1220818537203849,0.15665954472598992,0.09242071173810816,0.24128006328986965,0.24863364986213282,0.03808572247338543,0.2999370319956122,0.020659441102525808,0.021815694187016964,0.25169808524471543,0.00806796795993496,0.032814916602894595,-0.04023647154418157,0.11678106441647343,0.10656886062351945,-0.0586189006741236,0.043565889189547485,0.12161298398325512,0.09788917280934037,-0.254724145672608,0.15492847746649643,-0.07254503054631349,0.3716115884953973,-0.05842726150414078,0.21190333438339598,0.04664119843527629,0.03806600242576274,0.19535321338928013,-0.08731245690011437,-0.008717313371417455,-0.041335191069869465,0.0487344951416349,-0.10824142407395096,0.42576719326296847,-0.06105360277623796,-0.10868186749132275,0.16433144851751758,-0.002083688067081363,0.2508037086924985,-0.010768173949766343,0.14618816897584733,0.1518617908091253,0.23004896361478105,-0.009859396198203304,0.09350879642619402,-0.18446608226839573,0.3730672072105656,0.20518743448674262,-0.16839953599295934,0.18737866548062596,0.025221650505965556,0.08920951310405506,0.2288007072814716,0.08669169485207277,0.1099153047185153
BTC_LONG_8f4cb2e57d3d016e_3d,0.12354407355852386,0.07823660372554592,0.062137178800108314,-0.004573213300198608,0.005609415845185009,-0.019133491549197176,0.07196810082063096,0.013763669366780903,-0.04396389043777468,-0.034930313825133064,-0.009806723798717464,0.005095042754335892,0.08395526424456308,0.020497624865576217,0.15782802997898862,0.27112075057629004,-0.04129073432488557,0.05569136134164888,0.020631226620544684,-0.034609451817656685,0.008376237851944641,0.05610513138115203,0.03863543206836244,1.0,0.10544931685432082,0.05138471833399601,0.06738743659750521,0.14821723571963918,0.06518954828588676,0.09035626397966058,0.0756316607304235,0.10110793316582271,0.04261902068346251,0.09082141542082585,-0.000560438144105922,-0.05404813529084281,0.0047949077072265015,0.15473804209517014,0.19551119310781725,0.03052627007473119,0.16609412238510868,0.25677389674790746,-0.04032803752887318,0.011288974348267294,0.23534455066180182,-0.3538351404779816,0.1387502609612739,0.07826356224908139,0.1881496334753561,0.005775219873927922,0.03175457090132746,0.14271657176208005,-0.007467684137827733,0.06736554823495011,0.10856976293348419,0.5439396509647535,-0.07518551644150702,0.08068111013878068,0.08549295436295866,0.12226679061619761,0.06316400614822056,0.06447393830466647,0.023126166845143892,0.11835379102300336,-0.04316722616046759,0.038692203939538074,0.16970946173217072,0.033707245935867665,0.051065508774146354,0.23146623238489278,-0.01972663242356137,0.024398579282785614,0.1456110517133433,-0.017022885885014268,0.001187578210141476,0.12286461299289728,0.07283007748236547,0.20957271589532975,0.006725103712831944,-0.05920262695624352,-0.017721367765849184,0.13817020322104961,0.06698958088104005,-0.018321424469046377,0.09315482539723169,-0.034286790053565865,0.03956421421197442,-0.0019435339993308237,0.0712112469533016,0.047573817777458435,0.13877620332682516,0.0031080578086790903,0.1035745348415173,-0.020618714388648308,0.04708259020714918,0.05290351030102729,-0.08699552062500812,-0.015159705305115356,0.24580064269277016,0.06045930308948291
BTC_LONG_9d731ebe50ebbe65_3d,0.2189041084176681,0.10184254256860859,0.421486568631744,0.13777925426630308,0.43116525864340466,0.19484128958855554,0.24211489517764653,0.18663330329277847,0.1592223390000062,-0.07789860419780832,-0.01614373539091556,0.11756853353047417,0.15137899792580456,0.26797657730520646,0.3327463643555688,0.35419453141891544,-0.1981638171380799,0.13492900683847175,0.058430450610747975,0.02525543527491199,0.15839975948557075,0.13362878423288255,0.17395510637391853,0.10544931685432082,1.0,0.06697984155489096,0.3693085220954715,0.06599487096146836,0.02751143325506764,0.05448917729148998,0.2843379225301753,0.2914262401799768,0.13122330851767017,0.16959385776111183,0.013393542079822423,0.27592281492114057,-0.004769736436476672,0.047213275358434656,0.19897642310284355,0.15873802243578541,0.03233366382408073,0.22778036337410648,0.1371327616071143,-0.11234632508471841,0.07157055513993016,0.03903128493538147,0.0458790403673129,0.232777786828131,0.09373524997160233,0.10372424142490956,0.09659737791189643,0.06986755709480087,0.04858799380392183,0.16980486080031787,0.21170632576292917,0.21031393737716042,0.02598792108540268,0.022728649140245527,0.05495677244196455,0.3658036510045096,0.03517019357755565,-0.07559045158432565,0.23448652250774119,0.05643247100406309,-0.07555547335423439,-0.09809474463577098,-0.006444941862872187,0.23692294754749252,0.0006598176127715282,0.03682500140367987,-0.028816487657430064,0.33036804294881994,0.27893957279859644,-0.1133428090958635,-0.2141987031406795,0.2207057776635304,-0.04119694383974863,0.15742571772800143,0.16512506876503702,0.03204529890976916,-0.11839824145630462,0.18108278804945938,0.09926252602001653,0.15734506870471954,0.08083166736052873,-0.07944180435523371,0.28302810013003415,0.12504674177973754,0.038226465753428265,0.15881638586210198,0.3003795320848511,0.24053412932989837,0.004487428704376065,0.07029304361772722,-0.03724047390521615,-0.10874287081670034,-0.07173802128023417,0.05624352113264076,0.2657830227231536,0.042847724894680535
BTC_LONG_53f081fb7aa13377_3d,0.12558837636867198,-0.0011619782292495472,0.026461030895450776,-0.0013817997458204303,0.02209570015437804,0.052731750518304484,0.04406918578857929,0.05101526370048199,0.04443502915622006,0.05925177934303626,0.20199474197639186,0.04912683487721497,0.046557309634389005,0.04585332276139787,0.07017827269934195,0.04698136624970843,-0.02973434162988798,-0.0017096671139506556,0.1110654998627315,0.01072127811105093,0.03320944648913542,0.12158945915480548,-0.06826098141327976,0.05138471833399601,0.06697984155489096,1.0,0.07660183207835373,0.2183915152266072,-0.021965825235690913,0.16243475505658042,0.06885820034472144,0.06291263761627439,0.023501753570332,0.05208825662320229,-0.0014691800880773285,0.014372905807979999,-0.08121502660764876,-0.006067874703468949,0.013947082629000887,-0.03093520016332973,0.005370568774013079,0.08411507276536066,0.0075497565017711545,-0.02956366909708545,0.02857099192719765,0.0304776581016886,0.05280942818208677,0.17252819860529678,0.03011593278328438,0.002406881217427534,0.05622227272735805,-0.03873513049497464,-0.009092526753401487,0.015371871110463928,0.030817099547393426,0.006753615829522398,-0.018569517876882657,0.06354730668898916,0.07740228177657023,0.03909867670524116,0.061905208556993205,-0.033403367384709504,0.013334784869680996,0.1106071722166115,0.012106702574527808,0.002760259734933223,-0.017510926845216275,-0.010638282585641656,0.043764943576758475,0.01886272200981709,-0.06742275587438198,0.06846257484959463,0.1127572313257309,-0.06866347657959496,-0.052643390938394645,-0.02487696847906521,-0.009418556860879827,0.12430539735225674,0.0020966300016787313,0.014832009549295016,-0.08281339729423777,0.16806573329646807,0.033092507352225804,0.04367964992205376,-0.06824055088163038,-0.05679860456380843,0.07542841602509333,0.061516235534153425,0.03393898510520318,0.20663577289661286,0.01843007045573536,0.009454015522639999,0.011492589941877573,0.3375044629808348,0.019438853495355093,0.016123849815641637,-0.07017683873791057,-0.008872764618377847,0.06414708842156314,-0.007481738758513221
BTC_LONG_13ea5183446add0e_3d,0.23407561609954547,-0.0734097169646933,-0.14322520519432663,-0.02265121258446827,0.23702642850720365,0.15213930905761885,0.22679453190106788,0.163416590150537,0.018725102237815105,-0.030294917542917094,0.05261226622866054,0.1503780025941745,0.15970295453467936,0.19209085549242277,0.1929051238762354,0.07742633605402967,-0.15207873103557965,0.1425754508984565,0.038281626867840444,0.06605084887421353,0.0803819809034004,0.108818799934144,0.04927231545393671,0.06738743659750521,0.3693085220954715,0.07660183207835373,1.0,0.07334675733445503,0.07715903272800986,-0.007269601081052243,0.27759051598905365,0.21525337239510017,0.11262093020655958,0.18184791207966983,-0.0007470515607298743,0.1383180716542109,-0.0163364544168453,-0.03820011846166267,0.02096790738357894,0.15992455576667555,-0.053124464977972644,0.2561373985552492,0.09698135610622478,-0.06081041499661787,-0.0697524199824174,0.09921377540799871,0.03526089016145346,0.09131947363877864,-0.013092653181853042,-0.11559135077567442,0.04700467703796367,0.10039526552544975,-0.03274661119987039,0.1398364757779321,0.16127128358291684,0.14615272576542016,0.022736937788042547,0.08622028589215193,0.039606796744828615,0.19794306743346288,0.03248565704014471,-0.0914641302767273,0.199747697492765,0.05502583631439281,0.13848780211316206,-0.14175231350484827,0.2978876673603538,0.09859909936917909,0.025451160559057065,0.1191623630081885,-0.007407222511109185,0.21398529138947991,0.19558955221622423,-0.08751921045220563,-0.03606746129445238,0.022234096629550885,-0.0986662338785229,0.2790426813167528,0.13488827637541903,0.01352045118058269,-0.05435512988559735,0.0492366791591609,0.0693504217688775,0.1295510152900793,-0.07114313110769041,-0.11855535414816269,0.2500972888807855,0.12805924109786004,0.06824375523305166,0.07423894668394587,0.2378947723261505,0.13613736430660775,-0.07166706531279703,-0.07550101215936561,-0.0007906683389247774,-0.0209413029068551,-0.06835904495321889,-0.057577077019082344,0.32139568028161936,0.0001130461595585484
BTC_LONG_546aae11ff7d6499_2d,0.0609628233164361,0.048824908225101056,0.04350240367109695,-0.01131237267250189,0.12313999377655022,0.022995758704162227,0.04350026710017438,0.06641024511069757,-0.0929334488604878,0.1445286133895396,0.03434831657136563,0.0006307046503420954,-0.015803519178127286,0.014752967883053256,0.10418735600321925,0.06807586558883988,0.004178213680076984,0.011765865503009664,0.043469241680214266,-0.012654304797029779,0.035032629506920966,0.3647870504915323,-0.009190852292614555,0.14821723571963918,0.06599487096146836,0.2183915152266072,0.07334675733445503,1.0,-0.029724569488634518,0.040341087562125254,0.12640417977842816,0.014338184530538284,0.1503221402937954,0.00986028364194971,-0.048287396775569764,0.06305238258535222,0.10087423320816487,0.03597055192409338,0.05418035557649413,0.03469111049254335,0.14364351807432035,0.08215580994810356,0.08587945001845661,0.03929797617916838,0.1257685900981051,-0.11936725673406695,0.1526853178061369,0.010879882338048501,0.16196859812014444,0.008271785952320358,0.08925297530440762,0.20803132595365387,0.021854589933068682,0.067350336584262,0.03546158763818317,0.13482423932018564,-0.022929651046101472,0.12666577612380908,0.0957964133292037,0.08105763954414437,0.13167252549425393,0.1100150075043814,-0.054868952359970025,0.21774168001535535,0.00031879799434946724,0.029237314749346443,0.07696143460154564,0.07415986102406832,0.10188571113587994,0.10922217917886526,0.036823792140267694,0.021266731812211337,0.3318054788337091,0.03966463127581701,0.02731868084740349,0.010131268639806647,0.13367968639172614,0.3902295764324794,-0.030853617628808044,-0.003210212072071106,0.07554642207098815,0.007560223297582599,0.10895360941863386,-0.07428851892386948,0.007388137050472182,0.03130655987480403,0.09828406266280006,-0.010899673786443808,0.028709341127225882,0.031164171453239877,0.07570228729982507,-0.03548228607168557,0.06191152641613673,-0.004155886448765292,0.06078692932949824,0.0673823909670173,-0.21180580922785106,-0.042445960975186346,0.09998865964892571,0.04130331399204184
BTC_LONG_6360988c96987bed_2d,0.14792348065319405,0.27899019663604735,0.07922443460893733,0.13628322358208683,-0.08507923210395957,0.0024141809825761243,-0.004652106064491956,0.0837540384403843,0.14453699164039846,0.057939228661908475,0.002319320013838203,0.08018111913269295,-0.09734495183588619,-0.05762459471070314,0.25459413512984513,0.1563225675322348,0.3251880313610126,-0.03489889059449079,-0.046612554513896606,-0.05807879010958947,0.18975331648861904,-0.10426712066611488,0.31984215290174156,0.06518954828588676,0.02751143325506764,-0.021965825235690913,0.07715903272800986,-0.029724569488634518,1.0,0.08993390393348387,0.0448106471116476,-0.0073263789924774055,-0.06474206579258772,-0.0921933190933639,0.034369211260146935,-0.017427488952389394,0.05700394632472726,0.14143074608994366,0.023442637746474784,0.4070638270676275,0.14393117564202473,0.2573386667472301,-0.030669223220924902,0.2379066633904018,-0.00026179802922951095,0.07252849210405014,0.049872987138625334,0.10165296967929292,0.18200713092629198,0.01629870686511567,-0.001753821624649555,0.31150761405667976,0.001013307943829756,-0.026008862208172136,0.10746365219032775,0.19816102544274017,-0.05381984180425082,-0.011092071572837205,0.07060671788028006,-0.16787830072462165,-0.036510259026432616,0.19735538147093545,0.009385149276111619,0.011942844876942296,0.004147369268044096,0.28367385662589745,0.16666620073204705,0.07704552561725955,-0.001643862421014094,0.1707865533691248,0.3767571244956056,-0.020822542793489357,0.026163330655338574,0.06622141484370223,0.049153895314967375,-0.023184839722834534,0.09876342694718705,0.005346315744928795,0.1853110445960477,-0.02282287202160904,0.021762805568913513,0.18360198780354497,-0.08463254427216138,0.21099880826943188,0.11281315511094442,0.18733544477274403,0.020203619927019627,0.1657096588366442,0.10947792784327635,0.0346492034215544,0.07364559902914991,0.21422562064250988,0.4283663893502369,-0.04732966302505227,0.22210836801678224,0.04786721337687362,0.2589790196486159,0.09955320123925661,0.11713348803309966,0.25007609768011957
BTC_LONG_3cd945806cc1e41e_2d,0.06874650307416201,0.18532366096375355,0.03795231584916812,0.09079901159995175,0.05740114063490649,-0.10051827403023453,-0.009480860394116324,0.003036626035354617,-0.041565522373729936,0.04795978238832998,0.06451226339588467,-0.05214650672082467,0.01183650580537668,-0.00023655910078638286,0.1912725632346958,0.14452011922245817,-0.009134999232222829,-0.019789560588898487,0.016425947876985102,-0.10375270046283157,0.04899364863121067,-0.06493577791258649,0.05347142364436598,0.09035626397966058,0.05448917729148998,0.16243475505658042,-0.007269601081052243,0.040341087562125254,0.08993390393348387,1.0,0.09188724193384178,0.09367087255781967,0.08385203781459438,0.035549328659511215,0.023461442726025267,0.054871387691811886,-0.050403341220533394,0.1209472436949176,0.03789362380163623,0.023265266593519247,0.1207934241261219,0.07072097806577589,0.048608252456822265,0.04577769520816567,0.0805489817980797,-0.07959012262844455,0.06564326353440164,0.512793299006018,0.22849419851258895,-0.00013055286932925185,0.042104198608618214,0.07772075012654718,0.019534768761598143,0.0337590630125817,0.04023110613060536,0.2067029223137277,-0.02921177893545952,-0.005995741634377091,0.0966821581080339,-0.00032645354152770293,0.043227732485878675,0.10630516126739217,0.08385364003591377,0.013312796624388312,-0.10098934573571697,0.11224193030145788,0.046145272983951276,0.22625771484563903,-0.10811994081855035,0.1371729503601825,0.017151907255132468,-0.05188428050067643,0.09790228632836978,-0.00787314906094019,0.03453706562054319,0.023919414098835377,0.061911904361881084,0.07864434310459616,-0.05204168977900892,0.3035801658905078,-0.03693330308016672,0.6639725828098753,0.007915854011966029,-0.006743945896438234,0.06703899302097473,0.07121962871126251,-0.012269757436772612,0.04772663364274893,0.10028670345848169,0.015287560532590894,-0.07102747043072108,0.002539335509451347,0.1879439158003523,0.16783724092972407,0.14124383461558787,-0.008845141904184055,-0.011163755924693947,0.04532460490532202,0.07239589554398364,0.0883481040404192
BTC_LONG_ac1d6d98aba0a2cd_2d,0.17777536906668004,0.14344405716476755,0.014175190034499628,0.15812789200081673,0.394551919005445,0.14676758452617042,0.22055977391400494,0.1757086505832001,0.18124580618385552,0.11368663528442943,-0.03642806244313224,0.0449801896046561,0.24993231069076807,0.1533382535100983,0.3344844430555412,0.005844417374691993,-0.15449088185182305,0.13271167191797326,0.03948979822691303,-0.06363378047089897,0.12044402717722649,0.13093834533325116,0.2576541349251977,0.0756316607304235,0.2843379225301753,0.06885820034472144,0.27759051598905365,0.12640417977842816,0.0448106471116476,0.09188724193384178,1.0,0.27700240752949934,0.1181625770544986,0.17599818058011038,0.008722970856560652,0.26706658963753815,0.047319345733792754,0.04335459712768829,-0.006502386051576392,0.13116393580528352,0.11798507437939394,0.15679542123145537,0.21891039819657676,-0.04381710732845133,0.05233502370574376,0.14634453731247746,0.105738881846349,0.15439951276381902,0.13752619752325948,0.11137811652991755,0.11011432989653022,0.13344570699889668,0.0025077248439262247,0.14956948912933185,0.21451348999164097,0.19601503080924454,0.13089970634241396,-0.031067830084728385,0.08292791874112092,0.2117461039085214,0.024130693765068382,-0.00569539348248507,0.2090855395046972,0.13314277594931315,-0.057188606352289964,-0.029239579924386423,0.006856231679346137,0.3280488251002614,0.002739706473601923,0.11637499844633868,0.013498519004695425,0.17407196286162951,0.2818374488482533,-0.06241380221241885,0.09438734459744497,0.02190538394337488,0.04760307637752832,0.08231581333204935,0.14424897006355447,0.021966368379576676,-0.047113867142343134,0.10065549696568618,0.0342774030916534,0.13422432640062693,-0.006587527799150635,0.039410946321472094,0.23487901665739136,0.1464483982963509,0.0314058888948374,0.09618811065139761,0.1076137414735979,0.2265970338771204,0.06773668212751582,-0.006096987283529267,0.0663598443512181,0.10445967298651702,-0.08759520346605815,0.11404927639967868,0.16388807183610185,0.07453938471153516
BTC_LONG_149214ecb27245d8_2d,0.18161146334933329,0.06840817664918737,-0.020697088730024408,0.10019157794499176,0.26319853314972935,0.06241703491611935,0.23398164181630504,0.1106744971919202,0.10071999631128739,-0.024114163271680044,0.005096535779714127,-0.09780454609064998,0.03203404422733515,0.1762835117163433,0.20611914857747426,0.013902563079296815,-0.18152800787024231,0.16656969320939619,0.21819748263688643,-0.02217540296182988,0.15202317550250605,0.04854943698096215,0.07442614085731183,0.10110793316582271,0.2914262401799768,0.06291263761627439,0.21525337239510017,0.014338184530538284,-0.0073263789924774055,0.09367087255781967,0.27700240752949934,1.0,0.08323929054206633,0.026946695820962343,0.016886111681646134,0.20773079128642952,0.030185358628378112,0.05315170769269917,0.0837209343395757,0.20188800301343254,0.027579257614448436,0.11908783921137917,0.13527427735281583,0.1279231385539454,0.0447665961692142,0.031133693547993554,0.1511018842535814,0.17763277707564346,0.035609648701921126,0.03130943762445719,0.05071057369215945,0.008940131964423786,-0.059131531057501574,0.19486690927670466,0.1068832573720989,0.18469391960763032,0.3919663892320681,-0.039422760196943074,0.05852547299786954,0.13218635908346063,-0.001123829565014515,-0.04632873029550673,0.21911601951810436,0.04804020883078268,-0.10857783724023366,-0.05951815459641279,0.022565749571336224,0.1522672929783853,-3.957880323695476e-05,0.1670642177023259,0.07493547011692821,0.13269690942047782,0.1460828740918387,-0.025306949233611174,0.047138548765333944,0.04933189725454577,-0.04521463781848374,0.06526697028443451,0.10317338493384359,0.03092142016399994,-0.01640755197780127,0.11628396059467254,0.04145041960736585,0.07039977548328631,-0.056261847609900856,-0.014744398614484587,0.1702285966541487,0.209402483266002,0.07761129904739045,0.05697742089977987,0.14406221511945072,0.17904055474522046,0.0555831415600472,0.03333182050746551,-0.022205578417883624,-0.04128959672114324,0.06579799077867714,0.21150300915972992,0.14587148230686478,0.09728162572114327
BTC_LONG_290035753dfa1e36_2d,0.06948458505179096,-0.3907817879310823,-0.07716159094524803,0.03177924645090129,0.11931765443721751,-0.029345020563749113,0.16160548814301878,-0.10428279179307488,-0.04881997583466177,-0.0044752995766987,-0.006634012561632675,0.02354363385974091,0.07448686597691702,0.08785769012977102,0.07109883937568866,0.025466390436393087,-0.3028839871163173,0.199244380280581,0.03478129003322318,0.004373774882245124,-0.06643972749457121,0.03001883735975717,0.05121977170339098,0.04261902068346251,0.13122330851767017,0.023501753570332,0.11262093020655958,0.1503221402937954,-0.06474206579258772,0.08385203781459438,0.1181625770544986,0.08323929054206633,1.0,0.09494829353546909,0.20264932812010134,0.07488843272878215,-0.08507134098796103,0.005587389300565286,-0.013427804037556515,0.08075416144577173,-0.04156408619077806,0.08441671286661975,-0.08547223662364399,-0.06087769994670045,0.0534246655428949,0.007659161073373913,0.019131517021726465,0.02918189530797994,0.1335352990547462,-0.019220620395485326,0.13767436493880086,0.05724076928443061,0.11184931273903796,0.2792710269647221,0.5893182730436384,0.056418582295776794,0.06408783218868043,0.08586814411279535,0.13973096835923893,0.07906830048786784,0.30638924526998834,-0.04062029196166779,-0.01818877746547372,0.006388633253363039,-0.023249543222140255,-0.14677096610023993,0.020561463035210236,0.06921338155847645,0.15618743220939277,0.03297778822244444,0.03915337939696416,0.0560334531258903,0.21412795279982388,-0.03997302457111349,0.16356450191105826,0.03575846899030996,0.006230966704622281,0.17212918479085693,0.03959395650383246,0.06064515178290693,-0.007035500003556676,0.04151649013514188,0.18255208262819733,-0.1463176501894133,-0.06721311592049511,-0.2210214578835386,0.12407121386610907,0.03719562972161528,0.006466076289890524,0.02286377230980623,0.06575341461705783,-0.008673489051334223,-0.09332919530855642,0.09870767592397396,-0.05087998227137354,-0.06122709312246197,-0.11726888583178298,0.01322796776059876,0.07732912682078633,0.11427913807252378
BTC_LONG_301412f1a92aaecd_3d,0.20365367970717424,-0.00734299156091211,-0.03748791907410809,-0.034606841451859695,0.18418172878206404,0.1094543714724558,0.13707835737280052,-0.027916823745955253,0.014367875889369318,0.004769708358702729,-0.02932276568115539,0.15115069047019958,0.5642787044964871,0.1746163682582614,0.19767432314686859,-0.011254884501038655,-0.1917133700660585,0.10179114042266003,0.03226515311678775,0.14079894194990158,0.034690565919402325,0.12003817666076419,0.01885675479272293,0.09082141542082585,0.16959385776111183,0.05208825662320229,0.18184791207966983,0.00986028364194971,-0.0921933190933639,0.035549328659511215,0.17599818058011038,0.026946695820962343,0.09494829353546909,1.0,-0.0007608235889124361,0.14133072435287924,0.1197811119052247,0.0976468942397287,-0.0025973221758541906,0.025838029562863903,0.0847929337547748,0.09779574364887943,0.0017346077696604317,0.05821323422615529,0.053685485967953576,0.039975863600196254,0.07559739277517821,0.006983330122983466,0.14745927658915803,0.00993473434128618,0.21513119039195316,0.11891022226476715,-0.04229751990827103,0.10209676302700117,0.058344120416495886,0.0227092530417982,0.06550576718001869,0.14221701347581936,0.023470116954213707,0.27516162561644614,0.11974536550642284,0.031576333193258796,0.13689098659192203,0.043151435267353676,0.15178476729095508,-0.12892414132087962,0.20973960052400817,0.2030546832555801,0.011294295565570595,0.023110507545104412,-0.14743720196775226,0.13393174666448873,0.18758469770760247,0.017430358507920185,0.2040796371701576,0.09506243113790312,0.15475095665296687,0.18207429531425087,-0.017352542975896924,0.007473499379147933,0.14076883051443934,0.035561623084956896,0.11239276672845694,-0.07069408111876666,0.08568628760052568,-0.01125282989719388,0.15371256091750496,0.07828085556402888,0.13435856908062146,0.025738080860438634,0.09972915927247937,-0.014552203559756416,-0.01652575799032299,0.0013347755653020717,0.07879511848748713,-0.024198202835476357,-0.26637397916176403,-0.12884873010656134,0.15043984487426165,0.007303668159898257
BTC_LONG_4a707af33475c4b3_12h,0.02417434777288342,-0.08747998532864439,-0.057217996327387416,0.02631651575994512,-0.005735752994127189,-0.03482152522561818,-0.030237511538139084,-0.1487813190768177,0.023841771081796703,0.008712072982096919,-0.020028159025006525,0.0017314630683405643,0.015049190124954419,-0.10584077365518406,-0.010122164827022408,0.01856369330476691,-0.07389837018391004,0.16122241016722041,0.020356780800227476,0.010851164613275174,0.06650875316878938,0.024284749696862732,0.03834772814636238,-0.000560438144105922,0.013393542079822423,-0.0014691800880773285,-0.0007470515607298743,-0.048287396775569764,0.034369211260146935,0.023461442726025267,0.008722970856560652,0.016886111681646134,0.20264932812010134,-0.0007608235889124361,1.0,-0.04226803622467331,-0.15201427668871959,-9.36891211037527e-05,0.0037117042824522956,0.0027860719342068874,-0.07384320642676805,0.016544214794468347,-0.1447278830336186,-0.037334032975139333,-0.009263199181559927,0.016908126668106108,0.011570078947583171,-0.002007665839752888,0.005156873363279193,-0.03539651764089994,0.09071352966431634,0.004841668031486117,-0.03760916767146981,0.0653754682779615,0.24224846455781432,-0.016466815033934094,-0.0009145522981143481,-0.1330419399629272,0.0597500553705131,-0.02688357663925244,0.012050388242188499,-0.06501744242880596,-0.0006149804910653971,-0.09229721168678295,-0.026224279155342953,0.1207967370830059,-0.01011249081700737,0.004359039909125513,-0.056485752553773076,0.006951850979041497,0.12736624723452322,-0.007173517494259474,-0.03626864389635046,-0.04647797017580144,0.23151387531877554,-0.04051595062716728,0.0011750217372337897,0.005964583874855068,0.023047598210626012,0.01021860296351957,-0.08649757707271553,0.02807633170276078,0.07515846184772737,0.20581206690358744,0.04286376695870591,-0.26396669405247325,-0.05757157839529678,0.015708982916548746,-0.02327504068564504,0.10635013362152512,0.002655455436456177,-0.05722311815559166,0.07792872834393495,-0.013288273787988837,-0.0390700044783039,0.05728050052792815,-0.05239036174695104,0.02999491826145671,0.007187790070638434,0.3313855900708393
BTC_LONG_9bf33e9f6e490f1f_2d,-0.011066756599762594,0.09406391967843175,0.07398025970981296,0.033395944908192005,0.4011761925740258,0.10421732508212124,0.14951507087674076,0.05511533233864778,0.038181117702488,-0.026632316500849677,-0.03167573582550277,-0.03951632268543208,0.11246573436671468,0.1665802409072853,0.3512020315916718,-0.1364615921956607,-0.16585057605491849,0.18507760836517143,0.006373217733304815,-0.05461118866571327,0.1294986075221656,0.06313377777978939,0.10270741218333303,-0.05404813529084281,0.27592281492114057,0.014372905807979999,0.1383180716542109,0.06305238258535222,-0.017427488952389394,0.054871387691811886,0.26706658963753815,0.20773079128642952,0.07488843272878215,0.14133072435287924,-0.04226803622467331,1.0,0.22198426338754942,0.08094814139541442,-0.08981495116243901,0.1614660689522998,0.07433910241347468,-0.047636642694783016,0.2210711058773332,0.023992454710869596,-0.0132729636245596,0.013269807978680092,0.03972347690501013,0.0829819650935013,0.09657069716007023,0.08463977786850854,0.09962536596833996,0.1122248616952637,-0.009821427111021606,0.15262384718399488,0.01346667224390733,0.18137525684330968,0.2528156820485743,-0.1120951147739472,0.1235029250518717,0.07538351227941557,0.01539664580990273,0.060190488095352754,0.18901746598562938,0.019921881073369483,-0.040554968234637175,0.008737705520957546,-0.09635412494382828,0.371187311950238,-0.0789464811123552,-0.05621521344540156,0.10870188592687104,0.10701779799381249,0.12753907426141065,0.02452904811253033,0.15639441817378585,-0.035059513618831445,0.04717377511028512,-0.014530314181943865,0.009491430064112997,0.01780575163875303,0.05419243618832442,0.001241244703707742,-0.0220910339217483,-0.02592580738322825,-0.03486794804148337,0.16042056865111426,0.1437397745970896,-0.02349868536985392,0.05498240820016902,0.03770631312980033,-0.009507452130134824,0.28185246944756115,0.09839087105444695,0.012822600972394913,0.05797107613237667,0.005588671556355696,-0.07285613316889629,0.04569189018185443,0.03644447258413515,0.06596336745886057
BTC_LONG_3d382c6b95774870_12h,-0.10171939327834717,0.13188903049560777,0.06387812533965813,0.020907784302206897,0.14617403034082843,0.03128489725349244,0.05831663999666784,0.020177712359168612,-0.07038831582429202,-0.01778621770167806,0.0017353951839193687,-0.037799117895516654,-0.01821074898665386,0.021056196395180256,0.13688348642124565,0.014074324073375355,0.050873767051003896,0.1328660123303702,-0.08614004100392601,-0.030937669419150216,0.09288527217624036,-0.02581992918226899,0.10547302830248985,0.0047949077072265015,-0.004769736436476672,-0.08121502660764876,-0.0163364544168453,0.10087423320816487,0.05700394632472726,-0.050403341220533394,0.047319345733792754,0.030185358628378112,-0.08507134098796103,0.1197811119052247,-0.15201427668871959,0.22198426338754942,1.0,0.09115060905929459,-0.013582676460790283,0.1808179383267583,0.13931321177919612,-0.08507519047677119,0.0769010252108409,0.16183064274947384,0.02995537943823905,-0.08020470403354044,0.03210232217492538,-0.05409488221140501,0.02759064910046734,0.10766021385034491,0.04391792278632219,0.14886154961487555,-0.008489913556449196,-0.02474638750552906,-0.08930079631798667,0.12457518857444584,0.058433335161476904,-0.0653425592829345,-0.26193823221496104,0.019858259219680277,-0.04202568025124407,0.2688511190409699,0.03629956666584432,0.02174017440869282,0.055263788603806985,0.1619312989068132,0.20091289143627705,0.15816351590404362,-0.01450125705141558,0.061750539932818926,0.2023821921562634,-0.03986571360531714,-0.017382670394285617,0.2417317650981296,0.24170282517727032,-0.06364160664341448,0.14319609967304742,-0.09275374692264492,-0.02822321449145901,-0.052066529136554004,0.2724211795023257,-0.09026133428863356,-0.08030410490624772,-0.08455579194177978,0.1311386000364388,0.343907701173774,-0.007534827856775707,-0.08277734131907982,0.03712054351805205,-0.1713770814363024,0.010934672105546987,0.43748230383554243,0.12352508870063561,-0.08265432086014017,0.11468611953734642,0.06211756165901216,0.1430483798810806,-0.055915400432822095,-0.017996710831379447,-0.018083959067727008
BTC_LONG_112acbae6242f1c5_1d,0.036971122037586346,0.16534699196437497,0.10595613998865887,0.022428045064940297,0.0017721872343710913,-0.030935405251822996,-0.024450143683266125,-0.01902222244529946,0.013970640974979702,0.01389413561908525,-0.03304744428437508,-0.03080402881151187,0.09140881401611624,-0.03707510362371138,0.24657663628287144,0.1596376191602302,0.046354828941083455,-0.022130639684910622,-0.05462143164645979,0.012224833319878042,0.08140338554512482,-0.03323096361710578,0.14972765079280276,0.15473804209517014,0.047213275358434656,-0.006067874703468949,-0.03820011846166267,0.03597055192409338,0.14143074608994366,0.1209472436949176,0.04335459712768829,0.05315170769269917,0.005587389300565286,0.0976468942397287,-9.36891211037527e-05,0.08094814139541442,0.09115060905929459,1.0,0.09367105592917034,0.029193062315293044,0.339642318782957,0.037764396516276624,0.026737129987882333,0.13093995672280417,0.11315204456957284,-0.23954559995588018,0.1344834249873488,0.030417571421832833,0.3001695494413528,0.05379481147862904,0.04602859908874409,0.1754002425755416,-0.04266237813414231,0.032423789441223885,0.04876345686151328,0.20738276147272647,0.037102942870873026,-0.021391330850848825,0.1052942809360015,-0.02119346749904996,0.0013393474926489534,0.19423831531639005,-0.034599381033757176,0.0347923210779498,0.0010655071325770325,0.2725204206339661,0.15222573317784668,0.3255792995111676,-0.007110052538748619,0.22377515610422874,0.11784994613802982,-0.09206798735362824,0.09107999322689052,0.020581248737012014,0.10943969202540295,0.04123450376419469,0.12254060513963182,-0.074557308243937,-0.018123975489577716,-0.03643396106588117,0.07640413063378507,0.1288149041526111,-0.009966471578881786,-0.02195861623882208,0.17763857472953232,0.22290231728919538,-0.047512625771160145,-0.04482364836936141,0.2581866587850122,-0.016769325670705684,-0.03241754711105704,0.029434993993791087,0.229515781352134,-0.047591389679543725,0.226705468036067,0.04440369557998721,0.031222772652230765,-0.009363134686804452,-0.0074292800074664544,0.1596143749930168
BTC_LONG_7e8a41a51ae079da_3d,0.04119690088118737,0.022077277737151728,0.07803620068021208,0.0008043752854654628,-0.016339452093913725,-0.04863739498329457,0.015007331657066653,0.036127937945265504,0.0013704834933321024,0.5124831652094148,-0.005473767472860436,-0.019453530909809367,-0.032132447586730936,-0.012809004325977019,0.08272646768851483,0.29553470917536034,0.0009651765816294637,0.03584468954031951,-0.009217876305283137,-0.023986967225089553,-0.011607432918034075,-0.0023686157346779813,-0.014564618506809176,0.19551119310781725,0.19897642310284355,0.013947082629000887,0.02096790738357894,0.05418035557649413,0.023442637746474784,0.03789362380163623,-0.006502386051576392,0.0837209343395757,-0.013427804037556515,-0.0025973221758541906,0.0037117042824522956,-0.08981495116243901,-0.013582676460790283,0.09367105592917034,1.0,-0.012004073880385284,0.16551416789926157,0.06542838049353518,-0.0670300236809587,-0.012468858005730787,0.13038564555072835,-0.19684928653991254,0.14146315914841942,0.03785114803639084,0.12387124955906322,0.0937300424921385,0.0340643188966228,0.044541439400241495,-0.00014136802320186359,0.020511352678234913,0.005759162020644338,0.18425087495350184,-0.1147932773719106,-0.035130947409073736,0.014078295116411274,0.26713053620433835,-0.00708193959966828,-0.007269729818094771,-0.004974838518734892,0.08494281481010815,-0.021762685779114277,0.07023429129460558,0.14507343078668253,-0.028129916763713722,0.025507769397488705,0.1013968367865831,-0.019709807601497143,0.0009902988370416657,0.1128780781540344,-0.026854187353485347,-0.1367904599083067,0.3026387668321676,0.03371945318722251,0.03358193583409192,0.0020843175759320347,-0.02716662393935985,-0.027666703467903293,0.10066257655666534,0.045165959443635516,0.010355225889752821,0.34926494982211287,-0.018827514399922682,-0.00783514354958249,0.3507328390072419,0.020961188821091912,0.04306251356029133,0.15027251737604536,-0.004898671126635748,0.0701290635054354,-0.0024328035545776077,-0.023448431085929256,-0.0350133340262005,-0.03361269059411988,0.0199615597103372,0.1055698751346945,0.04781924877537995
BTC_LONG_618010b07f5aeded_2d,0.10672149163092949,0.0698593894741445,-0.01978059610475835,0.06869893810109812,0.13029542019771945,0.04842185840443216,0.3998339804528841,-0.02941316691556521,0.08241157607577804,-0.03728418181892255,0.02080985634703687,0.04499917000753169,-0.04464110421453866,0.36478251412394663,0.13633074031939874,0.009997883532676114,0.06313519455812414,0.27161611044447453,-0.006371269975538669,0.0016990524461714034,0.06280553533941823,-0.06813583931015894,0.09566220525702113,0.03052627007473119,0.15873802243578541,-0.03093520016332973,0.15992455576667555,0.03469111049254335,0.4070638270676275,0.023265266593519247,0.13116393580528352,0.20188800301343254,0.08075416144577173,0.025838029562863903,0.0027860719342068874,0.1614660689522998,0.1808179383267583,0.029193062315293044,-0.012004073880385284,1.0,0.029771372053547872,0.10468199832962757,-0.07668649675748057,0.1675665366598234,0.0007732149814885774,0.04133003412126491,0.011788627976718336,0.07865090096736263,0.06166749456526967,0.03964040142950488,0.11751549070286314,0.3559576813606321,0.02048045992953248,0.2876389744081918,0.11613741402552731,0.18456161073419378,0.22746383140830603,-0.06548976813335039,0.023607975559574255,-0.035897739073847794,0.030093712638879607,0.12546207064210452,0.3409134119512502,0.06000139047701786,0.036070292430795334,-0.06662323541903346,0.11391977391136594,0.09040138697499345,0.022238519928132142,0.030234674247689226,0.4404396140472485,0.07282903401473878,0.03761137814188505,0.10384249598466516,0.1610614739435849,0.005655763139992585,0.058071953607943406,-0.003558591658867573,0.09571189585142041,0.020395696060335092,0.13047829749520978,0.06452469216432355,0.11120183312139402,-0.01747413461253567,-0.02697575645310938,-0.002808383050707858,0.0644988159703175,0.07864105739372308,0.028215797174981135,-0.011458068379312937,0.10184545685433506,0.19864105105258967,0.10475723346978304,0.024053768117512753,0.00019164513213026124,-0.007049371551533952,0.13524656479373945,0.0402342671639744,0.10346615155032132,0.07001446914924582
BTC_LONG_a1079e0a77d7f501_3d,0.004442700279476585,0.2318151804136609,0.1735022536053312,0.05460263866893915,0.06084176389952168,0.006462133216680585,-0.044159598406934016,0.11338472550859653,0.07151541964085678,-0.004595752199184627,0.04442035008363946,-0.048322851238851224,0.07920965301597993,-0.06174289431721614,0.3180775324472664,0.167935834261505,0.20695583810007961,-0.1624922826303361,-0.05617035510686863,-0.11085482854788219,0.06895729513192035,0.06244573810895943,0.20210352717263405,0.16609412238510868,0.03233366382408073,0.005370568774013079,-0.053124464977972644,0.14364351807432035,0.14393117564202473,0.1207934241261219,0.11798507437939394,0.027579257614448436,-0.04156408619077806,0.0847929337547748,-0.07384320642676805,0.07433910241347468,0.13931321177919612,0.339642318782957,0.16551416789926157,0.029771372053547872,1.0,0.02851654960308565,0.17243432972002096,0.13100081530414984,0.14671395748129365,-0.32213732495229613,0.12298495152813833,0.11168580610998392,0.313731498169514,0.1041602080917067,0.06418456650850052,0.24068669200558696,-0.03216284186150365,-0.06985757311485674,0.03595638386660516,0.3050664161217623,-0.009052019285242323,-0.04707416981805702,0.08506212821730703,0.000838144557541877,-0.006614500606923875,0.2733825309121172,-0.05144901717477399,0.06095034447904724,0.025551299289812836,0.3058111989906058,0.15420850815719858,0.29576071368910406,0.010826463219091682,0.26013912997741523,0.012482717666791373,-0.0883963244108162,0.18276814992078425,0.1016496448841089,-0.01218818070105571,0.019472287388836003,0.23807972475879002,-0.04448896937885445,-0.007532006134624835,-0.05548838072192998,0.14204933386255794,0.10196448235639534,0.029498148106674067,-0.032658686554912504,0.1826793794202287,0.3213674107278644,0.015174260088369904,-0.08187361007013992,0.22265839147524083,0.008914574027921444,-0.03844038720051936,0.028831537329246794,0.265273767247885,-0.06447430814836302,0.30525844891849024,0.16519491266003578,0.06663086832243659,0.03909581833581456,0.013776415176074152,0.14505035057684207
BTC_LONG_bc16b6bea9830967_2d,0.3452823697819565,0.10898752557812692,-0.0023878904253299424,0.0928489535714275,-0.057353765753848956,0.07569956060556239,0.14199418626641674,0.08466695301854385,0.18777370968934234,-0.011375084805284283,0.061165015697668745,0.2753832000724554,0.09022198115284052,0.09566058525166583,0.19885880777736362,0.13963940383182913,-0.06240362886549324,0.07122701770230119,-0.009059693116423741,-0.009893944798182555,0.060471381738582575,0.0936547518084645,0.3338003949804635,0.25677389674790746,0.22778036337410648,0.08411507276536066,0.2561373985552492,0.08215580994810356,0.2573386667472301,0.07072097806577589,0.15679542123145537,0.11908783921137917,0.08441671286661975,0.09779574364887943,0.016544214794468347,-0.047636642694783016,-0.08507519047677119,0.037764396516276624,0.06542838049353518,0.10468199832962757,0.02851654960308565,1.0,-0.07720388677964178,-0.08640061960477648,0.47293748027673455,0.09729277538083111,0.0977668683721308,0.15800921688047084,0.06921276047481462,-0.07642859948826662,-0.00425543421950971,0.13657602551834924,-0.025871690950605288,0.03623516383776932,0.2269664032966027,0.10725011813314118,-0.014124411724930733,0.5055007789788948,0.08867928776518971,0.14518024866101717,0.08018436748810916,-0.03835836199678833,0.11219996340772066,0.09864406440867564,-0.014750361244002577,0.016849813515879546,0.07977341510386518,-0.026344951777412702,0.06080743144366517,0.3101116179456473,-0.00725824749432911,0.1747353191011385,0.1730421491364332,-0.1304454144263246,-0.06295302316128176,0.03091709072837397,-0.03534103355894615,0.346859465911685,0.30764984549157376,-0.045517407595275866,-0.1300022034970682,0.22350022063947703,0.06698901776698013,0.2650335343844979,-0.06220526913197186,-0.08053415720170858,0.19013486906343455,0.2796500145110704,0.07719639596348482,0.12138088855945586,0.1446539532860542,0.2031646847981563,0.002612100644058215,-0.030213393629328976,0.07719680424916477,-0.0463638430577775,0.04023274957251927,0.011916264466363591,0.35793421577406676,-0.008398025508480901
BTC_LONG_110acf71418c051c_1d,-0.05628270469884897,0.011051093651382151,0.1415528598265782,0.00948562178437375,0.32222097296318336,0.09460518041800452,-0.054870510234763664,0.5960685823830555,0.00969871712447403,0.006500911244243604,0.04905582031266619,-0.18511061825267242,0.05621573887683389,-0.05380909519759306,0.184373076470543,-0.11894035413029284,0.341312472108512,-0.29155875263377107,0.01699815596941833,-0.05851193830027956,0.38484785837790836,0.11106565494178658,0.02706484964973346,-0.04032803752887318,0.1371327616071143,0.0075497565017711545,0.09698135610622478,0.08587945001845661,-0.030669223220924902,0.048608252456822265,0.21891039819657676,0.13527427735281583,-0.08547223662364399,0.0017346077696604317,-0.1447278830336186,0.2210711058773332,0.0769010252108409,0.026737129987882333,-0.0670300236809587,-0.07668649675748057,0.17243432972002096,-0.07720388677964178,1.0,0.05213744529942563,-0.016737375259151248,0.018229046796337283,0.005740742671922891,0.09665959119567473,-0.03656894830705408,0.06073152660752273,-0.04238212883238203,0.02523865444294992,-0.020204771168118096,-0.24607427154767397,-0.11225117787187013,0.1784106933850797,0.08143711905256733,0.04288915694792611,0.009400416842562192,0.022232296667258983,-0.038448417341162056,0.03689995365304839,-0.0959097333082969,0.03249439656521436,-0.027522279986831107,0.09978032115490607,-0.04757984033723228,0.294440086513707,0.050328287923914396,0.05946818129842672,-0.15612894622821819,0.06387236308849283,0.12419764545407753,0.013684943169238179,-0.22752075494294144,-0.056458784104082886,0.024290871974036964,-0.00045088563318485957,-0.035692806147760915,0.03243060116512569,-0.03905020103849146,-0.1845867582028326,-0.30684906650472654,0.06488473084182492,0.04805234116562229,0.25295911003469873,0.15034937775014615,-0.03369254355333951,0.022481959223209447,0.01617043671632292,-0.0339018120649374,0.06688707095563909,0.098134636601843,-0.01372850005742906,0.13934040034354625,0.0684567592742817,0.031237211276378275,0.1172317056687786,-0.010281377867521127,0.013007289321548949
BTC_LONG_7f23a3dead14afdf_1d,0.057839538188647795,-0.018617876353247,-0.02236906067481762,-0.07208465864731044,-0.11276453317366208,-0.10626422072568635,-0.07529118692725993,0.05482897728178924,-0.1169753735163106,0.01457858151347404,0.0345142304224423,-0.18187991120856906,-0.12032140684552836,-0.11261373181083131,0.03502541610458488,-0.038839718541144874,0.23775110878376193,-0.016732354292504352,0.021391225015390376,-0.034853609445902975,0.1522247073349358,-0.13118871358395673,-0.14516611606005755,0.011288974348267294,-0.11234632508471841,-0.02956366909708545,-0.06081041499661787,0.03929797617916838,0.2379066633904018,0.04577769520816567,-0.04381710732845133,0.1279231385539454,-0.06087769994670045,0.05821323422615529,-0.037334032975139333,0.023992454710869596,0.16183064274947384,0.13093995672280417,-0.012468858005730787,0.1675665366598234,0.13100081530414984,-0.08640061960477648,0.05213744529942563,1.0,-0.0023856028516038483,-0.07223089178863767,-0.0197273395276503,-0.01995252129749643,0.12507458560607201,-0.13134577103340656,0.026900310478033478,0.14872062433846628,-0.03766878664056292,0.03443999288050225,-0.06048518027488192,0.15503903806312472,0.03054967900965566,-0.0032170946569648573,0.009007359218405663,-0.22940402056416634,0.058053486915419276,0.2694744216238066,-0.06422425180598793,-0.0608332211758718,0.12378894390912143,0.21542802091267582,0.17588698589043092,0.0802570555615165,-0.018354681484821375,0.1183795412586105,0.2391129567428452,-0.1308862542540633,-0.06879270310155906,0.2482154396487312,0.19511620324351925,0.05250888063213941,0.1839973407784507,-0.0313207238048389,-0.09682620532399651,0.0027351583844133216,0.2513063961772808,0.012919176462292402,0.003409179430139725,-0.09251957974682846,0.16167158908027687,0.20416880006340313,-0.09892786536497832,0.019562559647528156,0.15792410084362235,-0.12968394204648676,-0.04859512658301636,-0.051016773619231646,0.19643232371143785,0.007373157189382655,0.1223927147479799,0.055425725115271364,0.24185441913405892,0.088670495132976,-0.0680359338711134,0.257560910924214
BTC_LONG_6acdbb3b70568efb_1d,0.048063600369673144,0.19678474501490553,0.2940680982932693,0.3178769709232721,0.2025895363576371,-0.03797743083933092,0.0327293500840653,-0.0005959526784614246,0.031823135882079676,0.057175875408137476,-0.0016576466454618364,-0.03017341716595824,0.026157368954948423,0.02344972151006386,0.1897325611329996,0.15731225730138446,-0.02330211933142697,0.01767924360127293,-0.025798002452138695,-0.06053765004890948,-0.03349474024624331,0.04812029467028614,0.048557172037712204,0.23534455066180182,0.07157055513993016,0.02857099192719765,-0.0697524199824174,0.1257685900981051,-0.00026179802922951095,0.0805489817980797,0.05233502370574376,0.0447665961692142,0.0534246655428949,0.053685485967953576,-0.009263199181559927,-0.0132729636245596,0.02995537943823905,0.11315204456957284,0.13038564555072835,0.0007732149814885774,0.14671395748129365,0.47293748027673455,-0.016737375259151248,-0.0023856028516038483,1.0,-0.1236442896394233,0.09209156257768035,0.060102966259931334,0.23287389829707195,0.2913520123325413,0.0622709922843827,0.017197524301549298,0.11862531091615372,0.05684357004717805,0.03406349961331837,0.1921902003477449,-0.0004232805518941885,0.36727906706418,0.0027209334736751135,0.08726207765522066,0.08464453537976561,0.06567992203106846,-0.0051390938679119315,0.028463154547470823,-0.05370871887671299,0.08595444174191989,0.1123001268474717,0.04608212521999192,0.0358654009982057,0.2977379814716721,0.003387289142818486,0.006557674182852471,0.10718368043000084,0.003486539425652727,0.028497150825366434,0.10717485412972229,0.10619689985106474,-0.015321835124688625,0.008004205551928953,-0.03364372810044678,-0.033188028391257236,0.10753276912116391,0.03285708409902486,-0.008786279212069287,0.09591306424492178,0.01576761275984387,0.037293853296904704,0.06379737909751099,-0.09013596817734407,0.025356981753692876,0.17017347832141233,0.09643461614502505,0.09435171021310013,0.04337346289104722,0.10000057228457601,0.005261370966273709,-0.06565440083594905,0.06847721359863404,0.02425983827097384,0.07333094896268057
BTC_LONG_25e9a00db8b7a09a_3d,0.1018094120112302,-0.0386237202334111,0.010035553330695302,0.09712430953951938,0.001119423743633543,0.08830268745431914,0.09214954078277222,0.0902268646241682,0.2504604739500907,0.17430755838879716,0.02553723993335225,0.2173427201169692,0.09837700767969246,0.15631627728414738,-0.009265187256676877,-0.1375710129218206,-0.03538834304085283,0.06700345626278195,0.0994508978621304,0.09599842832727565,0.05463047068529172,0.013449773149286422,0.1220818537203849,-0.3538351404779816,0.03903128493538147,0.0304776581016886,0.09921377540799871,-0.11936725673406695,0.07252849210405014,-0.07959012262844455,0.14634453731247746,0.031133693547993554,0.007659161073373913,0.039975863600196254,0.016908126668106108,0.013269807978680092,-0.08020470403354044,-0.23954559995588018,-0.19684928653991254,0.04133003412126491,-0.32213732495229613,0.09729277538083111,0.018229046796337283,-0.07223089178863767,-0.1236442896394233,1.0,-0.1383852029178606,0.09893921649825783,-0.16478117764521452,0.030605738424968058,0.0012984130744974265,-0.09762455115784026,0.10970945678118688,-0.032392668458519375,0.12588736496624867,-0.3784523508946315,0.09350446260865049,0.05740673514776317,-0.05951280147636646,0.04245699571973557,-0.03736901679633018,-0.1790388284877685,0.080436363772186,-0.03151075162414751,0.004465207778746272,-0.12732458308114042,-0.13139431128701043,-0.12050669889913948,0.04686348747959769,-0.21032956444899553,-0.0047658104248577676,0.47186800466126316,-0.12138956855693561,-0.0762810793738293,0.003443729609676054,0.033932159314151514,-0.16039194054695513,-0.04437257255898212,0.20196080245698397,0.059205367975614584,-0.0961775243775696,-0.0671014006396241,-0.04062466016908914,0.18865466923914412,-0.09702895886161879,-0.05331611953172751,0.11074126170332729,0.3322558023717227,-0.10746200970735034,0.08609226001712245,0.07696510895488261,0.1424317959325444,-0.09840869016342091,0.25301915318762735,-0.07535438465818886,0.025964424751614607,0.12399913452790243,0.031190194055204352,0.002508927023681908,-0.06255182889672263
BTC_LONG_25b726f17bdbc7e5_3d,0.14175080020959435,0.12488947792583112,0.0352795235646837,0.05710507467769315,0.05436710410936476,-0.08757347451334337,0.022427668340329804,-0.00550025749833727,-0.0066272638801190805,0.13920541876732107,0.025179153463934886,-0.0022068607130196513,0.06396106863292153,-0.014837546290837991,0.13612861228103545,0.08953205811696245,-0.03807278405260696,0.017628034955562435,-0.025130060746622395,-0.06757570973385003,0.02681047049565959,0.07079555593655924,0.15665954472598992,0.1387502609612739,0.0458790403673129,0.05280942818208677,0.03526089016145346,0.1526853178061369,0.049872987138625334,0.06564326353440164,0.105738881846349,0.1511018842535814,0.019131517021726465,0.07559739277517821,0.011570078947583171,0.03972347690501013,0.03210232217492538,0.1344834249873488,0.14146315914841942,0.011788627976718336,0.12298495152813833,0.0977668683721308,0.005740742671922891,-0.0197273395276503,0.09209156257768035,-0.1383852029178606,1.0,0.037916164450314975,0.21464416770194003,0.067343625793247,0.025731827233745643,0.1342392608805641,-0.0991335685573181,0.09355303797100795,0.065736094023756,0.10693144899739813,0.18929440236557446,0.04770219118254165,0.06975132399979497,0.08933737294241431,-0.08130262590085434,0.02976616423011885,0.041813037986094,0.18555227697514623,-0.07690564175529403,0.21388426334664182,0.08805407949986171,0.14669281139895388,-0.016589360391382188,0.22113991234693892,-0.013640132221711896,-0.031026981776556672,0.3075698519166994,-0.021647249759096796,-0.014007261890257172,0.028005505095729206,0.0732136546622523,0.039300527757296644,0.01934481082533959,-0.019648786573377548,-0.0008560283871541545,0.0946953882745534,0.09054469529664785,0.012304738698229617,0.06190121136187369,0.06797761031879179,0.027463529993885853,0.06618506634240102,0.09099889247474949,0.016213139599055505,-0.06487941384264782,0.05350636265917535,0.1391110003140429,-0.054205529599889286,0.12474687244274481,0.08314957754527187,-0.08747736760142476,0.06513827048907432,0.10817692640009346,0.0593098546147129
BTC_LONG_21f85655a3d4dbed_2d,0.11446579391170063,0.14098224105814827,0.11430014129950841,0.11795771333412608,0.17424385099065712,0.05493005703777382,0.06775865796137749,0.07529115307114156,0.10810804896655477,-0.017790856487030732,0.21139530099086373,0.021864657066523383,0.03887417895834075,0.1707685388519959,0.24142295949033005,0.16155472978421515,-0.02955781651284961,0.008602765900434189,0.05272935974778946,-0.05163776205985759,0.10216566275192485,0.023299506289926546,0.09242071173810816,0.07826356224908139,0.232777786828131,0.17252819860529678,0.09131947363877864,0.010879882338048501,0.10165296967929292,0.512793299006018,0.15439951276381902,0.17763277707564346,0.02918189530797994,0.006983330122983466,-0.002007665839752888,0.0829819650935013,-0.05409488221140501,0.030417571421832833,0.03785114803639084,0.07865090096736263,0.11168580610998392,0.15800921688047084,0.09665959119567473,-0.01995252129749643,0.060102966259931334,0.09893921649825783,0.037916164450314975,1.0,0.07114557524350296,0.06006682084107495,-0.018478791586029487,-0.031371497961567706,0.06705564764240349,0.07171044913682174,0.06865284812739895,0.15926771276987736,-0.02137884200589795,0.00010992353935532743,0.05551388971569296,0.060834445466857325,-0.011485551368840352,0.00714741735894522,0.10749171665582931,0.0542273810425758,-0.12174315430957565,0.03215530858913286,-0.055956445690532014,0.1765253451426946,-0.008684947370208054,0.05205845150560135,0.04309279788224205,0.2825417015571191,0.0922074458079257,-0.049288540446816534,-0.04206718712874108,0.080936119913836,-0.021024789966193537,0.07915407725354828,0.053625753455979856,0.004186279071351816,-0.11441167740212307,0.5407501234264774,0.24032486747623827,0.08611532997051412,-0.019837908878264122,0.0029712240461881832,0.15042223624008844,0.12482317173466186,0.013844980951542348,0.04218369512657312,0.05487438343576927,0.11508162125498399,0.07120643853383216,0.21973457511901356,0.11826896842062969,-0.015737912427382837,0.07984338672535227,0.0863646324334108,0.21533545527516185,0.05520095872708126
BTC_LONG_66839828a010ad14_1d,0.1977212061034538,0.32380396458292166,0.136431516532359,0.09351823878658531,0.10502510063732015,-0.01970912977035959,0.05489179772604499,-0.10072322297123715,0.019910150882541052,0.1545302500928842,-0.07127770730250228,-0.05259184974285555,-0.0026843846067087034,0.01712475890984847,0.5212338036179547,0.3267195256672382,-0.14995165843672315,0.04735081526368659,-0.039761487000217935,-0.14196987329843977,-0.02662339168642283,0.008225209987945147,0.24128006328986965,0.1881496334753561,0.09373524997160233,0.03011593278328438,-0.013092653181853042,0.16196859812014444,0.18200713092629198,0.22849419851258895,0.13752619752325948,0.035609648701921126,0.1335352990547462,0.14745927658915803,0.005156873363279193,0.09657069716007023,0.02759064910046734,0.3001695494413528,0.12387124955906322,0.06166749456526967,0.313731498169514,0.06921276047481462,-0.03656894830705408,0.12507458560607201,0.23287389829707195,-0.16478117764521452,0.21464416770194003,0.07114557524350296,1.0,0.1698392058684348,0.15008054232105017,0.36807537231403903,-0.0019233288388335035,0.2782992154904332,0.10343783984011491,0.18450383385863223,-0.022852856521894265,0.08896377151162452,0.18854266686515245,0.17355291335961356,0.1830868879729268,0.25691861941934163,0.04282443925072835,0.08355951786130929,-0.08562100478446212,0.16802134478705558,0.2283212909182407,0.30884534494502436,-0.025374366356898808,0.338133987749703,0.05394578870953316,-0.1055103099710113,0.2539175765776893,0.043661666104474035,0.17851338879240053,0.17301993622346915,0.2366401192279514,0.06455141553275785,0.005648389080119027,-0.01272084918836462,0.11733849735566686,0.2261441719995966,0.286734323272501,-0.1737240818692511,0.2299704139719934,0.1364182073105528,0.01710557930935929,0.1030090256942454,0.23469549983470145,0.07616769802139411,0.16386613074172116,-0.025838067723386166,0.3712344893495571,-0.0579554680361702,0.35197447576627455,0.007428964064586153,-0.11647244889256987,0.051108642308502324,0.08513010115493896,0.2699912392685766
BTC_LONG_c1626e74d2f236cc_2d,-0.04618563455317042,0.3241429773254662,0.3470463410705077,0.399705741649532,0.44700630945393316,0.24953184471567327,0.06388298077819735,0.04166658494354882,0.34860484077054277,0.09904354551491622,-0.002139460648881337,-0.05390020526634197,0.06790052796157686,0.07625852278128543,0.23659353156934393,0.10015906051778335,-0.02970795340597616,-0.01920443198208661,0.02793788583450329,-0.042763261248589854,0.013073348153848988,0.1894544597505621,0.24863364986213282,0.005775219873927922,0.10372424142490956,0.002406881217427534,-0.11559135077567442,0.008271785952320358,0.01629870686511567,-0.00013055286932925185,0.11137811652991755,0.03130943762445719,-0.019220620395485326,0.00993473434128618,-0.03539651764089994,0.08463977786850854,0.10766021385034491,0.05379481147862904,0.0937300424921385,0.03964040142950488,0.1041602080917067,-0.07642859948826662,0.06073152660752273,-0.13134577103340656,0.2913520123325413,0.030605738424968058,0.067343625793247,0.06006682084107495,0.1698392058684348,1.0,-0.021526236597181943,-0.02564114286898839,0.16080806354606492,0.033805841195535084,0.047840946351856095,0.02664140377132088,0.0129282473622928,-0.05705126924445418,-0.0970478936669326,0.2512628244469824,-0.03823800099357095,0.026702391138501303,0.04329362653563099,0.2301851938971959,-0.2031582426528113,0.06508809861864087,0.0203155857146592,0.09731623232492728,0.04325585571476755,0.006523797144685077,-0.015262158179851833,0.058517838905182376,0.1435876324748327,-0.0316255266952811,-0.03782249535537508,0.09838420730513316,0.019198760018696727,-0.3149430426555049,0.08752447550711544,-0.0557001270528851,-0.11342064396842642,0.045875891030684526,-0.03319628358843847,0.04802438265667316,0.134410725928216,0.06956046274329275,0.264087521446994,0.1111928574456744,-0.2725861044922482,0.04599741290291705,0.14675287445100427,0.2977371410386887,0.11835303002885998,-0.03228971234914361,0.03182398360139811,0.008152010012713243,0.0019681462183923073,0.1496054467952899,-0.11903419663619834,0.05241387679236875
BTC_LONG_3872f77e98ff3b88_1d,0.03859234083639927,0.06119534777186483,0.011284334731610965,0.05876659326193458,0.13020801079962271,-0.06400920269911467,0.14167372015634763,-0.07151750921647913,-0.05275776261791986,0.0368609320375387,-0.04165625411553758,0.00455322459778308,0.1255414177364512,0.120231223230067,0.1115836023832879,-0.0008308719243118323,-0.1442360460629116,0.1045615299967808,0.0918695432923019,-0.00695165644728097,-0.013608058753968772,-0.05189283787107581,0.03808572247338543,0.03175457090132746,0.09659737791189643,0.05622227272735805,0.04700467703796367,0.08925297530440762,-0.001753821624649555,0.042104198608618214,0.11011432989653022,0.05071057369215945,0.13767436493880086,0.21513119039195316,0.09071352966431634,0.09962536596833996,0.04391792278632219,0.04602859908874409,0.0340643188966228,0.11751549070286314,0.06418456650850052,-0.00425543421950971,-0.04238212883238203,0.026900310478033478,0.0622709922843827,0.0012984130744974265,0.025731827233745643,-0.018478791586029487,0.15008054232105017,-0.021526236597181943,1.0,0.19958553364423237,0.06463520818328569,0.09062337391769079,0.05636647498790134,0.005877462225530812,0.08435120519639845,0.0075644166789149096,0.13456792900446768,0.10127250520219916,0.08011938976971367,0.027803059231678386,0.11725282092745853,-0.2548264380638949,0.032540154597094265,-0.0736313103943103,0.09936534776476504,0.0934008166772349,0.019277637496838602,0.04046059310617028,-0.005107876652149392,0.021519503614912987,0.11347443170035436,0.044441565725735196,0.13664293088595858,0.13806889393467178,0.0550660856041514,0.06954272571972536,0.01139981081211872,0.017283333997542272,0.1447836020895804,0.020969773098599806,0.08841513837850504,-0.13330586723557836,0.039570316110200746,-0.045067559985322504,-0.017339989943036357,0.030050763337692382,0.03515405454767074,0.19915141029558803,0.05847368939087595,-0.03854919557936848,0.10609844769169537,0.07003845889901204,0.0015010540507390238,-0.14384391354757095,-0.12246117608548025,0.014797939466905854,0.04240528471305054,0.02887638359215261
BTC_LONG_3327ddfbab14e535_1d,0.04681140178348353,0.21009116132512112,0.0004570062092001578,0.007665541170006003,0.06528563997051078,0.015040178847643925,0.09464131410305997,-0.002148036646114212,-0.04379002676758718,0.03602121583210063,-0.02967863872450191,0.02121083658293188,0.035052057858930084,0.011376692118585632,0.29990802547644074,0.14581107746678143,0.12695006844579437,0.01438706525290201,-0.0041023187014925504,-0.0847057289855997,0.06083103063051039,0.08867471617817901,0.2999370319956122,0.14271657176208005,0.06986755709480087,-0.03873513049497464,0.10039526552544975,0.20803132595365387,0.31150761405667976,0.07772075012654718,0.13344570699889668,0.008940131964423786,0.05724076928443061,0.11891022226476715,0.004841668031486117,0.1122248616952637,0.14886154961487555,0.1754002425755416,0.044541439400241495,0.3559576813606321,0.24068669200558696,0.13657602551834924,0.02523865444294992,0.14872062433846628,0.017197524301549298,-0.09762455115784026,0.1342392608805641,-0.031371497961567706,0.36807537231403903,-0.02564114286898839,0.19958553364423237,1.0,-0.018552760977062443,0.029287223012165672,0.04264109598239725,0.07238022955260487,0.008533802923179724,0.08774655695666912,0.08905578823823876,0.06162867506810649,0.009358619708518128,0.19854332894997295,0.04442186153113023,0.05628598360350831,0.01406510591105375,0.12141006593201356,0.21926002526651547,0.22243417631394363,0.04458662929218657,0.24651998170008108,0.11651878637018866,-0.04059974050235113,0.17108242538564106,0.057784654701230224,0.1020377852012558,0.03742586163076473,0.13988633671232342,0.199272784294864,0.0740917484201216,-0.03906364295990606,0.17146604692703937,0.08448908474003011,0.02629665142384865,-0.0012613680869481604,0.08807678727207242,0.13678387348414156,0.0574490489385054,0.03665283380820787,0.16081196168225334,0.15151450007035383,0.07427517516774935,0.025478585715705625,0.2692457903223788,-0.0921720851474752,0.23367909308698326,0.009066447405316121,-0.13309781317141706,-0.011519600964272018,0.16721459568908215,0.15679698607741618
BTC_LONG_25abe5371fffe146_3d,-0.04297851040898002,0.10138369238995913,0.13668548429603677,0.23679903641304137,0.15628026732001868,0.01247735038474651,0.04478125294750394,0.010800944594319658,-0.14485735163056662,-0.0019595815031755908,0.025292081162360442,-0.05054482119970026,-0.011860874193797959,0.0738008399963695,-0.015643659491999393,0.062447832814833154,-0.04636093037213337,0.025002853369091242,0.010532495027458002,0.04767814074776588,-0.02484546801610939,-0.16871215588807983,0.020659441102525808,-0.007467684137827733,0.04858799380392183,-0.009092526753401487,-0.03274661119987039,0.021854589933068682,0.001013307943829756,0.019534768761598143,0.0025077248439262247,-0.059131531057501574,0.11184931273903796,-0.04229751990827103,-0.03760916767146981,-0.009821427111021606,-0.008489913556449196,-0.04266237813414231,-0.00014136802320186359,0.02048045992953248,-0.03216284186150365,-0.025871690950605288,-0.020204771168118096,-0.03766878664056292,0.11862531091615372,0.10970945678118688,-0.0991335685573181,0.06705564764240349,-0.0019233288388335035,0.16080806354606492,0.06463520818328569,-0.018552760977062443,1.0,0.032196708604268064,-0.018632972603987268,0.019884814962905114,-0.10623180890363818,0.007507425346926311,-0.0309106272319217,0.013082670065799886,0.06310327594956337,0.09973973964690686,-0.011065758244080437,-0.00206771341791614,-0.029829607893474958,-0.052654759605603826,-0.017338807205679325,-0.03492947112115959,0.05878973030003769,-0.019839897678209834,-0.027067308606697888,0.2619668914778058,0.14292821222753832,-0.001966737621621117,-0.02160901508622125,0.09099783513494272,0.014444722575794114,-0.066314335907762,0.058927748611310164,0.042432236527795444,-0.045028255766911635,6.655067638826338e-05,0.0647584470113031,-0.07310373393591273,-0.005772886185161002,-0.05319973180435081,0.13765791171318328,0.009219207995327926,-0.25965234552647676,0.0005353409420384669,0.07876876664090193,0.056552866900615555,-0.03604825787384559,0.3381634383883193,-0.12382584079935727,-0.1518136447620045,-0.010916761349343274,0.07422206871896495,-0.04920969477131676,-0.039856374056169
BTC_LONG_234317c3f71f1454_2d,0.1822199224322028,-0.021778895118379698,-0.09713454003765584,0.006690112106084494,0.23094156155606768,0.0011253052841697696,0.34543744835477896,-0.326703877987644,-0.053926780619208095,0.00909557231328609,-0.008843803095812232,0.01205575851138354,-0.03868387113212003,0.29618596767981786,0.04501256341926809,0.04356758206772689,-0.572292305911835,0.4320548277380023,-0.005301194157817398,-0.010143725651382439,-0.1715417692425881,-0.05364971999057701,0.021815694187016964,0.06736554823495011,0.16980486080031787,0.015371871110463928,0.1398364757779321,0.067350336584262,-0.026008862208172136,0.0337590630125817,0.14956948912933185,0.19486690927670466,0.2792710269647221,0.10209676302700117,0.0653754682779615,0.15262384718399488,-0.02474638750552906,0.032423789441223885,0.020511352678234913,0.2876389744081918,-0.06985757311485674,0.03623516383776932,-0.24607427154767397,0.03443999288050225,0.05684357004717805,-0.032392668458519375,0.09355303797100795,0.07171044913682174,0.2782992154904332,0.033805841195535084,0.09062337391769079,0.029287223012165672,0.032196708604268064,1.0,0.17298891435780125,0.2240736391146618,0.20225391933528983,0.007709473722391466,0.0388759855033203,0.006266780382356977,0.17500453653982262,0.029285145735961044,0.3556165836513556,0.07153180492087846,-0.0032820203528591994,-0.27031514852292254,0.05941639928733745,0.15616082131362755,-0.030229776677994688,0.04418361290730435,0.2585878187673942,0.06699176573137867,0.09238737812830584,0.036312318788626737,0.3758836962049938,0.048273392924772764,0.0788994395749134,0.03613108200539182,0.0035080803289576656,0.014694682507848257,0.12200192609037723,0.019346307436099493,0.5064962041467741,-0.20888804540015193,-0.0893894504704212,-0.26282249320424517,0.03546651871132881,0.054538333090662576,0.016807959492512077,-0.03527262067295031,0.08709251458001588,-0.047084416182025066,-0.1801623247475169,0.04269312367210196,-0.07312800471313884,-0.01302854325160797,-0.04802039806544966,-0.018342384459763727,0.09480673953774624,0.012993173232479133
BTC_LONG_54c24918a2d046b4_2d,0.25785601749689835,-0.31367773067814014,-0.04584670297182275,0.18373782851617804,0.02275186657197331,0.08439670270555782,0.1552648237774576,0.0040060307813926015,0.2563813331732589,0.07275774797969795,-0.02847236406900681,0.1226113562103709,0.2674089444425398,0.0473534835757775,0.15285573712835196,0.03198258214442433,-0.208351556170734,0.21074585442342766,0.02544109735140638,-0.005320366888562056,0.04623668958806693,0.07907864816283834,0.25169808524471543,0.10856976293348419,0.21170632576292917,0.030817099547393426,0.16127128358291684,0.03546158763818317,0.10746365219032775,0.04023110613060536,0.21451348999164097,0.1068832573720989,0.5893182730436384,0.058344120416495886,0.24224846455781432,0.01346667224390733,-0.08930079631798667,0.04876345686151328,0.005759162020644338,0.11613741402552731,0.03595638386660516,0.2269664032966027,-0.11225117787187013,-0.06048518027488192,0.03406349961331837,0.12588736496624867,0.065736094023756,0.06865284812739895,0.10343783984011491,0.047840946351856095,0.05636647498790134,0.04264109598239725,-0.018632972603987268,0.17298891435780125,1.0,-0.006316683957586921,0.05958062995496703,-0.07236688449702608,0.13142465086575786,0.11937725236395193,0.02626438603740879,-0.0551825756125722,0.12016095172565741,0.08657813966756245,-0.03900865996849713,-0.04473189707640161,-0.00919207717379288,0.0266260028953699,0.013114599905123828,0.04560412755778357,0.11770543454779375,0.07825516195480262,0.15604838942915944,-0.10564946049358911,0.12332583543377144,0.013347422952238374,0.021683285879034026,0.04153537066221733,0.20231890588443915,-0.012525641323993121,-0.09417026259089033,0.1480769241748606,0.10018675348268304,0.21983427248360798,-0.010910578590747358,-0.1620898400646963,0.10101093892714705,0.17411181171023837,0.03507296760984972,0.08300021221332407,0.07126812124948806,0.25503438830920616,-0.03110127492689337,-0.023858745595012203,-0.0031127153808625197,0.27780332470388786,0.0017916633019960271,0.1024907662307353,0.1310276803733464,0.20323932565248612
BTC_LONG_ac6867f81c702dfd_1d,0.0018191299497597227,0.09670688719301514,0.07838242373432533,-0.030122973779949956,0.3159221353955407,0.0004925377877532507,0.07254157779812045,0.11811418899029456,-0.12693781645339086,-0.0148567470256994,-0.014650855272387176,-0.051535772114208865,-0.06853029976403968,0.043499796992978915,0.2754723470290433,0.23839271314539512,0.05928877399004758,0.06276096470221054,-0.08053286988209134,-0.05576298196271635,0.0971912634871475,-0.12604671698207023,0.00806796795993496,0.5439396509647535,0.21031393737716042,0.006753615829522398,0.14615272576542016,0.13482423932018564,0.19816102544274017,0.2067029223137277,0.19601503080924454,0.18469391960763032,0.056418582295776794,0.0227092530417982,-0.016466815033934094,0.18137525684330968,0.12457518857444584,0.20738276147272647,0.18425087495350184,0.18456161073419378,0.3050664161217623,0.10725011813314118,0.1784106933850797,0.15503903806312472,0.1921902003477449,-0.3784523508946315,0.10693144899739813,0.15926771276987736,0.18450383385863223,0.02664140377132088,0.005877462225530812,0.07238022955260487,0.019884814962905114,0.2240736391146618,-0.006316683957586921,1.0,-0.04450826455198955,-0.03063241331600101,0.06479570600835192,-0.11269591657465651,0.05246425124597893,0.23644859958087594,0.1063694060797251,0.048297842167760556,0.0542597072040689,0.19824531839317888,0.23469297908327183,0.3098133358159332,-0.054455869457075146,0.21066647978004185,0.2596877303659604,0.04199755750648757,0.17815371337944233,0.14031930451465385,0.1394620588669159,0.057978868597806835,0.19441592192705348,0.05184083290948163,-0.07110865223452852,0.05651616884206198,0.11030298451495722,0.10289260208263427,0.019966762790901708,-0.12200261820068113,0.17991317010531066,0.07992555570618677,0.0674377689305233,-0.08011301339447227,0.09155367892510423,-0.0990462475310348,0.17766217469228485,0.02800436439547029,0.2135987494991595,0.020526361588012854,0.11404341540857517,0.021419257697275047,0.11769789142891984,-0.03999652815482097,0.23504121753799911,0.10593636575223767
BTC_LONG_c5f939c61dde6693_1d,0.10482958473604923,0.010810342995070868,-0.05841538891813751,0.03758968372790091,0.0935713037162412,0.025843004141638336,0.24907042237772067,-0.05636845049227667,0.05814017145718627,-0.09026189725140979,0.026268008979444018,-0.01689454287890098,0.048650905257498434,0.2788403588459487,0.01747066728411368,-0.5383079848616372,-0.22485004701726444,0.20465392014859865,0.027364266594826363,0.005327750458067671,-0.001127239586530912,0.014968842755587576,0.032814916602894595,-0.07518551644150702,0.02598792108540268,-0.018569517876882657,0.022736937788042547,-0.022929651046101472,-0.05381984180425082,-0.02921177893545952,0.13089970634241396,0.3919663892320681,0.06408783218868043,0.06550576718001869,-0.0009145522981143481,0.2528156820485743,0.058433335161476904,0.037102942870873026,-0.1147932773719106,0.22746383140830603,-0.009052019285242323,-0.014124411724930733,0.08143711905256733,0.03054967900965566,-0.0004232805518941885,0.09350446260865049,0.18929440236557446,-0.02137884200589795,-0.022852856521894265,0.0129282473622928,0.08435120519639845,0.008533802923179724,-0.10623180890363818,0.20225391933528983,0.05958062995496703,-0.04450826455198955,1.0,-0.036631127465736865,0.00948700519406987,-0.06448066398896432,0.025353858392583233,-0.06922515738993539,0.24462989194835705,0.04849321355759126,-0.01682745647198978,-0.1616072456955368,-0.15090722860885164,0.08466362540306344,-0.01460189262278327,-0.011344015895215071,0.054822194680870684,0.02254375120634491,0.037137308294109286,0.012047286408820107,0.1595534867274336,-0.1078963716402648,-0.007043600334567195,-0.04088364765311267,0.0311188573065621,0.0020509503522881892,0.13330761077606743,-0.13196148331029076,0.060358949572848174,-0.02878769127797535,-0.21277410312936387,0.024090037916428015,0.0496758827578452,-0.029729500806488722,0.05886090322277617,0.04538124391647081,-0.09218077491604305,0.0854418196366908,0.004999260377852218,0.006336479802658783,0.07090934763326152,0.009913703962218808,-0.014887835606977429,0.07465496817865407,-0.03397635258955421,-0.02865818595617235
BTC_LONG_6d14459a98f6eceb_2d,0.1676888308192814,-0.030476028432503667,-0.0028175685401717852,-0.08557637396724858,-0.056861414248967034,0.024078342765108257,0.012800015950865542,0.08467494117413366,-0.1435420286432399,0.017650717360768352,0.09257127609317767,0.1336070017730547,0.003933714404454594,0.03188907433246224,-0.03268745159531691,0.05000317531805667,0.04013341984919064,-0.15168434052705315,-0.031584659538239586,0.024656822469989906,-0.08159261259004114,0.06792083020249533,-0.04023647154418157,0.08068111013878068,0.022728649140245527,0.06354730668898916,0.08622028589215193,0.12666577612380908,-0.011092071572837205,-0.005995741634377091,-0.031067830084728385,-0.039422760196943074,0.08586814411279535,0.14221701347581936,-0.1330419399629272,-0.1120951147739472,-0.0653425592829345,-0.021391330850848825,-0.035130947409073736,-0.06548976813335039,-0.04707416981805702,0.5055007789788948,0.04288915694792611,-0.0032170946569648573,0.36727906706418,0.05740673514776317,0.04770219118254165,0.00010992353935532743,0.08896377151162452,-0.05705126924445418,0.0075644166789149096,0.08774655695666912,0.007507425346926311,0.007709473722391466,-0.07236688449702608,-0.03063241331600101,-0.036631127465736865,1.0,0.05993759133699482,0.09765270445148995,0.20345008413783425,0.0021283774212174835,-0.16640933670996705,0.11148444428474744,0.06344064471042372,-0.03803213189698055,0.11662465121400074,-0.05142396017650063,0.21802189641548309,0.18877166286346472,-0.19463475649045833,0.03369636065979948,0.09489766778805886,-0.049679489532246254,-0.15879488463410282,0.019207385670657325,-0.0057837583326007785,0.27043722555826694,-0.003747610078341659,-0.05208273497441231,0.004684419474282305,0.03580865387456005,0.09943257024637,-0.0970926242928387,-0.05469017826632238,-0.021871036747828528,0.10885132946514825,0.06705310008044145,0.05774462012802349,0.03373864147638229,0.05552175773179457,-0.12247128093642587,-0.09356314990049702,-0.01847633754209658,0.0695983895051745,-0.13437814567629017,-0.13622319072832115,-0.16656713182382502,0.14993073476306648,-0.14736280805380225
BTC_LONG_5b55989455e686eb_2d,0.048599136382014484,0.019558307290155147,-0.009013209109485035,-0.001750012781547651,0.00557518125830184,-0.058019615549074026,0.02737742392380027,-0.02607726536177942,-0.02146436235395082,0.050532353053488556,0.012715618742309311,-0.03348924771138356,0.056054953402652645,-0.029870982491823034,0.17017493358015887,0.11079939907636296,-0.05668569793207229,-0.005653524123058042,0.05708861913953267,-0.08847773786409664,0.019438780539200413,0.0540726773403873,0.11678106441647343,0.08549295436295866,0.05495677244196455,0.07740228177657023,0.039606796744828615,0.0957964133292037,0.07060671788028006,0.0966821581080339,0.08292791874112092,0.05852547299786954,0.13973096835923893,0.023470116954213707,0.0597500553705131,0.1235029250518717,-0.26193823221496104,0.1052942809360015,0.014078295116411274,0.023607975559574255,0.08506212821730703,0.08867928776518971,0.009400416842562192,0.009007359218405663,0.0027209334736751135,-0.05951280147636646,0.06975132399979497,0.05551388971569296,0.18854266686515245,-0.0970478936669326,0.13456792900446768,0.08905578823823876,-0.0309106272319217,0.0388759855033203,0.13142465086575786,0.06479570600835192,0.00948700519406987,0.05993759133699482,1.0,0.021483000374262387,0.022102533239150377,0.06501678585398185,0.015688479251357867,-0.05258739831202526,-0.12767584903717114,0.10663451793079348,0.019349754752227513,0.16591387728796406,-0.0007479178892287099,0.14609493645445232,0.02382523567742585,-0.029095495105020627,0.07869639906012188,-0.041312844899500954,0.03155549526164826,0.03548716310028196,0.031458484372808154,0.1566372165181513,0.05408887005633397,-0.027200387394515805,-0.04093696812441389,0.1610501003709423,0.03819904256553212,-0.021486610789885667,0.011080983857323673,-0.004633633483905389,-0.00552735578357457,0.013560903129448276,0.10720297041814865,0.05433530891909962,-0.03358431500347443,-0.020674798043269202,0.14556545352816702,-0.0230265264804457,0.10877314338865123,0.016052336965912746,-0.05171533792283869,0.05947859831235583,0.090466200443844,0.11810657905314374
BTC_LONG_0777fdef3d9cb3fe_2d,0.11035378003057893,0.03123372146004846,-0.001818484996864556,0.07455549031626774,0.2473875017016261,0.26246939309938894,0.18145760729042718,0.0464228609269445,0.19197507215188367,0.12579346604814304,-0.04789387609653318,0.06412761976590163,0.3066935636861412,0.18500376031336543,0.25473233003676393,0.1923989374852735,-0.2778684939622423,0.08511708157078446,0.08275325447760791,0.004775745085288886,0.0033607463321392254,0.3588099627622384,0.10656886062351945,0.12226679061619761,0.3658036510045096,0.03909867670524116,0.19794306743346288,0.08105763954414437,-0.16787830072462165,-0.00032645354152770293,0.2117461039085214,0.13218635908346063,0.07906830048786784,0.27516162561644614,-0.02688357663925244,0.07538351227941557,0.019858259219680277,-0.02119346749904996,0.26713053620433835,-0.035897739073847794,0.000838144557541877,0.14518024866101717,0.022232296667258983,-0.22940402056416634,0.08726207765522066,0.04245699571973557,0.08933737294241431,0.060834445466857325,0.17355291335961356,0.2512628244469824,0.10127250520219916,0.06162867506810649,0.013082670065799886,0.006266780382356977,0.11937725236395193,-0.11269591657465651,-0.06448066398896432,0.09765270445148995,0.021483000374262387,1.0,0.017988021538718355,-0.16780655594666996,0.13191399231245274,0.22096456289935895,-0.11353577639633386,-0.23888086839932743,0.023940297310815286,0.07684722357712086,0.07534324223505746,0.048617092495045616,-0.29622338055267944,0.19273350297750086,0.28695426707753663,-0.1941347691175468,-0.19311759307577644,0.533950554285114,-0.09285169518055399,0.18460763134264213,0.10921226959298296,-0.01490511751572333,-0.11797267119099444,0.07832964789975616,0.08861930484541279,0.04063449698382012,0.41320619509086043,-0.10862610369689886,0.42941998173788587,0.19835049297263674,0.017394640380445896,0.13445742804836985,0.2206693632018038,0.09009996610505655,-0.08036237046443935,-0.05653930402209384,-0.07844632748596912,-0.07250589525709175,-0.3652572529085208,0.055163881528221555,0.17657777349020543,0.007708671572110175
BTC_LONG_09ea97ee62d22743_2d,0.18675359473739078,-0.041074189782340224,-0.009630488373723028,-0.03430942366160336,0.017191743968069786,-0.02139313669274504,0.06578928622407305,-0.040429764534976806,-0.06694689634343348,0.004418610118275818,0.012864517055295583,0.07250101670211045,-0.050485933961486734,0.10682967743052504,-0.023595315028793383,-0.004463044078784125,-0.09490493335109547,0.04735820173684205,0.009118511922113015,0.007342253771026335,-0.043882765400471896,0.017355568206219522,-0.0586189006741236,0.06316400614822056,0.03517019357755565,0.061905208556993205,0.03248565704014471,0.13167252549425393,-0.036510259026432616,0.043227732485878675,0.024130693765068382,-0.001123829565014515,0.30638924526998834,0.11974536550642284,0.012050388242188499,0.01539664580990273,-0.04202568025124407,0.0013393474926489534,-0.00708193959966828,0.030093712638879607,-0.006614500606923875,0.08018436748810916,-0.038448417341162056,0.058053486915419276,0.08464453537976561,-0.03736901679633018,-0.08130262590085434,-0.011485551368840352,0.1830868879729268,-0.03823800099357095,0.08011938976971367,0.009358619708518128,0.06310327594956337,0.17500453653982262,0.02626438603740879,0.05246425124597893,0.025353858392583233,0.20345008413783425,0.022102533239150377,0.017988021538718355,1.0,0.008489769134877034,-0.04740668668249624,0.027103467694900577,0.06669016823981715,-0.0728769499607537,0.01246115081469005,-0.005886983324921988,0.10925634529691383,-0.013727875737741674,-0.026335836911225617,0.0015603432131925511,0.17834431971077153,-0.011367571452628256,0.20844203303913408,0.02178251497837968,0.1834106144092197,0.14417077793025956,-0.01706592508380756,0.04043646650508429,0.029077437480696473,0.007696347793810422,0.24077988129169342,-0.12239054738792146,-0.040707984985349804,-0.07361500000432229,0.05596569109038516,0.02401343966559511,0.044238108768027286,0.014651190022882832,0.022354590846319335,-0.08409750533600074,-0.039931179362351577,0.060028025931110916,-0.011222257874030462,-0.05615088586198262,-0.07633603295998072,-0.10013604817602197,0.013747601731940432,-0.053040267328208414
BTC_LONG_00496e0a18c5c27f_12h,-0.04999855821279299,0.1585255562741867,0.07841751692487814,-0.02944239426059387,-0.010767480378743909,-0.04674221248669633,-0.0685364250889151,-0.009404692281520386,-0.07582554380630753,0.008772553464001409,0.012557357125155402,-0.05822602284648745,-0.1364032290353557,-0.11071852936494377,0.19431050837274383,0.1156517655831435,0.20103735606766573,-0.06234166152797617,-0.10485580983371937,-0.08886760209555689,0.045513363872922284,-0.11897848049597722,0.043565889189547485,0.06447393830466647,-0.07559045158432565,-0.033403367384709504,-0.0914641302767273,0.1100150075043814,0.19735538147093545,0.10630516126739217,-0.00569539348248507,-0.04632873029550673,-0.04062029196166779,0.031576333193258796,-0.06501744242880596,0.060190488095352754,0.2688511190409699,0.19423831531639005,-0.007269729818094771,0.12546207064210452,0.2733825309121172,-0.03835836199678833,0.03689995365304839,0.2694744216238066,0.06567992203106846,-0.1790388284877685,0.02976616423011885,0.00714741735894522,0.25691861941934163,0.026702391138501303,0.027803059231678386,0.19854332894997295,0.09973973964690686,0.029285145735961044,-0.0551825756125722,0.23644859958087594,-0.06922515738993539,0.0021283774212174835,0.06501678585398185,-0.16780655594666996,0.008489769134877034,1.0,-0.05039468454683532,-0.03580761610743923,0.07592646910997783,0.30070015748431184,0.23003801748049107,0.20902102293079017,-0.03047638258160095,0.16191009102570234,0.22316651640235086,-0.16686225719570438,-0.003723881496284821,0.2730580511387564,0.19202370189396292,-0.03944072166051332,0.24854633527915176,-0.041132583755235486,-0.07281748000642409,-0.03177974501735595,0.25729861366268103,0.08684643257476103,-0.0038745837613116175,-0.15035731798425314,0.1826243059783416,0.29025919092225577,-0.06781804693455071,-0.07270220178311441,0.1710941426415916,-0.1745593660370523,-0.025018975717056295,-0.03222065776070013,0.23959853842165263,-0.06104697979686007,0.258234973378796,0.0514713659063449,0.23256514019694116,-0.056439508269069884,-0.013093371579133846,0.1510040502466224
BTC_LONG_8c198db3ea178cb2_2d,0.11940176696225452,0.03878665108609984,-0.057898688240514785,0.06587808263844393,0.22749150309298255,0.003441165048987292,0.46582992253907596,-0.11628267728611946,0.08696314697185263,-0.03123577098887708,-0.03193355974083766,0.07282056326115229,0.09301638974571358,0.48009097216471935,0.1769350875378021,-0.0034815917021939324,-0.401857590005836,0.3193937320388598,0.01081127210005506,0.0035732904888614433,-0.020326639506704706,-0.05889587956440634,0.12161298398325512,0.023126166845143892,0.23448652250774119,0.013334784869680996,0.199747697492765,-0.054868952359970025,0.009385149276111619,0.08385364003591377,0.2090855395046972,0.21911601951810436,-0.01818877746547372,0.13689098659192203,-0.0006149804910653971,0.18901746598562938,0.03629956666584432,-0.034599381033757176,-0.004974838518734892,0.3409134119512502,-0.05144901717477399,0.11219996340772066,-0.0959097333082969,-0.06422425180598793,-0.0051390938679119315,0.080436363772186,0.041813037986094,0.10749171665582931,0.04282443925072835,0.04329362653563099,0.11725282092745853,0.04442186153113023,-0.011065758244080437,0.3556165836513556,0.12016095172565741,0.1063694060797251,0.24462989194835705,-0.16640933670996705,0.015688479251357867,0.13191399231245274,-0.04740668668249624,-0.05039468454683532,1.0,0.1713552638907041,-0.0428091082280672,-0.25875720993902585,0.0002258346309554573,0.10575891814369145,-0.3488333610920001,-0.0003855554919545443,0.027652535051871624,0.177048834585333,0.010228922591552454,-0.020536073997643,0.10579281135585232,0.04070695981567568,-0.03521625076236258,0.013205697463705585,0.11212933931614186,0.09812635681951194,0.03920503985157672,0.04363892603285998,0.17757182306836722,-0.04153160290941444,-0.14524732138014204,-0.14228413070287135,0.05066473988059398,0.09917081806498192,-0.0015754543340397082,0.04457543076792891,0.10832876827590893,0.10295708313946499,-0.06645518586426566,0.04081323503415085,-0.07800253779104933,-0.037813401839662544,-0.08557069049052098,0.03724024333009136,0.15165650358691005,-0.036280414329726986
BTC_LONG_5fcd25c8e6a72764_2d,0.10903404104477671,0.04268646998763096,0.03530923378936665,0.003214520551883574,0.028530636623889338,0.208168535121943,0.1390859767818291,0.056498225891257324,0.13517444651257252,0.2756887967503739,-0.012548740776065917,0.03020081960084145,0.15912108551549728,0.15426020379702118,0.11101478159650147,0.06150091571192269,-0.07073157582133853,0.028680419773985,0.0167747419089392,-0.02617466696879563,-0.012873303519632995,0.22857335152237826,0.09788917280934037,0.11835379102300336,0.05643247100406309,0.1106071722166115,0.05502583631439281,0.21774168001535535,0.011942844876942296,0.013312796624388312,0.13314277594931315,0.04804020883078268,0.006388633253363039,0.043151435267353676,-0.09229721168678295,0.019921881073369483,0.02174017440869282,0.0347923210779498,0.08494281481010815,0.06000139047701786,0.06095034447904724,0.09864406440867564,0.03249439656521436,-0.0608332211758718,0.028463154547470823,-0.03151075162414751,0.18555227697514623,0.0542273810425758,0.08355951786130929,0.2301851938971959,-0.2548264380638949,0.05628598360350831,-0.00206771341791614,0.07153180492087846,0.08657813966756245,0.048297842167760556,0.04849321355759126,0.11148444428474744,-0.05258739831202526,0.22096456289935895,0.027103467694900577,-0.03580761610743923,0.1713552638907041,1.0,-0.06774609052328677,-0.0669511812686417,-0.04545987419515139,0.05599586139718677,0.050808588530900506,0.07876052700776147,-0.10263779410680324,0.040624214487166625,0.34149903440025126,-0.10551064109153328,-0.12069253384320486,-0.028008995699789457,0.08879726221121241,0.0930585252406643,0.05032625942130809,-0.02791790005817499,-0.08446198882587547,0.03280820966966167,0.0355959106593541,0.08503375457536595,-0.034181663434259976,0.04313206592023208,0.30097258732112264,0.07645035387423799,0.04842910997244814,0.07308034162224873,-0.0020063455663639645,0.10677744355634027,-0.033375820428504156,-0.07418928077945532,0.0312974043933269,0.10505229731510667,-0.16863525462641588,0.02686572872638584,0.0774450985801354,-0.017212518114646243
BTC_LONG_a7dad690be812564_3d,0.09956291295824952,-0.22207810604718908,-0.12240248380135614,-0.28143813615751306,-0.17020257821767137,0.03985399504618341,0.0051698347451749225,0.03795823294139165,-0.08318362331998239,-0.014759565660672188,0.034516607265304644,0.16312140291506616,-0.028634368522487956,0.06279213819118827,-0.1133452141717108,-0.10741787909593851,0.09637269131746319,0.025667115103529953,-0.033063363352436155,0.1222400880531028,-0.019639578177502753,-0.08859215434313501,-0.254724145672608,-0.04316722616046759,-0.07555547335423439,0.012106702574527808,0.13848780211316206,0.00031879799434946724,0.004147369268044096,-0.10098934573571697,-0.057188606352289964,-0.10857783724023366,-0.023249543222140255,0.15178476729095508,-0.026224279155342953,-0.040554968234637175,0.055263788603806985,0.0010655071325770325,-0.021762685779114277,0.036070292430795334,0.025551299289812836,-0.014750361244002577,-0.027522279986831107,0.12378894390912143,-0.05370871887671299,0.004465207778746272,-0.07690564175529403,-0.12174315430957565,-0.08562100478446212,-0.2031582426528113,0.032540154597094265,0.01406510591105375,-0.029829607893474958,-0.0032820203528591994,-0.03900865996849713,0.0542597072040689,-0.01682745647198978,0.06344064471042372,-0.12767584903717114,-0.11353577639633386,0.06669016823981715,0.07592646910997783,-0.0428091082280672,-0.06774609052328677,1.0,0.0017139045625685593,0.2623303079340057,-0.022694182457569274,0.042929713755768546,-0.05476011270602773,0.07427747106221394,-0.018939700277619615,-0.06933216406172228,0.10579640230438764,0.1567298394594775,-0.03143148052680959,0.2174479436624393,0.07645501755326341,-0.10582796173717955,-0.05541426037502889,0.3027336674837882,-0.13785769490809194,-0.0196711186400838,-0.06642787478185701,0.15442483832519951,0.012549262850019305,-0.049890990812380916,-0.0340127906880119,-0.0032925272894906354,-0.057713404056141025,0.05838462135564338,-0.17058965913769894,-0.06846238914308415,-0.0024353647510179026,0.013717726796720904,0.028578799415285936,0.06615644851055397,-0.3100837766777937,0.04262491366183248,-0.055671601705755774
BTC_LONG_1a18cc95e5440427_1d,-0.06427720234413477,0.22040114737009242,0.1543582287123168,0.010851426060868247,-0.09892365463936365,-0.10181784921632349,-0.30601246333249527,0.0924031851872992,-0.06353588776316613,0.11179070021046056,0.2321085212458677,-0.07460620905277343,-0.16083688435340987,-0.35226390601793955,0.21144281492972244,0.2500301627138928,0.4739239162296957,-0.1950296822322738,-0.1626078674480398,-0.10911942214295581,0.23587577145708605,-0.10695116515632562,0.15492847746649643,0.038692203939538074,-0.09809474463577098,0.002760259734933223,-0.14175231350484827,0.029237314749346443,0.28367385662589745,0.11224193030145788,-0.029239579924386423,-0.05951815459641279,-0.14677096610023993,-0.12892414132087962,0.1207967370830059,0.008737705520957546,0.1619312989068132,0.2725204206339661,0.07023429129460558,-0.06662323541903346,0.3058111989906058,0.016849813515879546,0.09978032115490607,0.21542802091267582,0.08595444174191989,-0.12732458308114042,0.21388426334664182,0.03215530858913286,0.16802134478705558,0.06508809861864087,-0.0736313103943103,0.12141006593201356,-0.052654759605603826,-0.27031514852292254,-0.04473189707640161,0.19824531839317888,-0.1616072456955368,-0.03803213189698055,0.10663451793079348,-0.23888086839932743,-0.0728769499607537,0.30070015748431184,-0.25875720993902585,-0.0669511812686417,0.0017139045625685593,1.0,0.20885046528202048,0.2053289577170098,-0.07536278698192743,0.3152453875353865,0.25876272554588936,-0.16295423894069566,-0.02833412711781093,0.14057404252974146,0.09080784426520812,-0.03901595619284603,0.17877483202512404,-0.1524385638248872,-0.06275707283283195,-0.08645694810996883,-0.04013218172701888,0.14216743893800962,-0.21424482982709994,0.19985905988751182,0.3338187275610555,0.41050442531205406,-0.13111145097945154,-0.08965486592587017,0.2140946291018167,-0.06402293503811249,-0.10154317051304682,0.09833555617933891,0.46665221703818655,-0.10407469069929452,0.42251914269902113,0.11712345612013507,0.27968667889320825,0.006940059417782769,-0.05967230058206932,0.2922142423331723
BTC_LONG_9044a6d8eaac417b_1d,0.02875055212996499,0.01808313512885751,-0.06649860503875285,-0.0596098458547146,-0.0120561179355534,-0.03733603967720824,0.03871085816447142,0.023197408472056587,-0.22167968221586742,0.07479036350598685,0.08370845210662921,-0.001985867339672714,-0.05563677361046282,-0.028610580234632848,0.1934390060926855,0.32553013428302796,0.0795212933025813,0.04304372329591427,-0.08415990461027435,0.024837627271818763,-0.019752159735698126,-0.09385093722532215,-0.07254503054631349,0.16970946173217072,-0.006444941862872187,-0.017510926845216275,0.2978876673603538,0.07696143460154564,0.16666620073204705,0.046145272983951276,0.006856231679346137,0.022565749571336224,0.020561463035210236,0.20973960052400817,-0.01011249081700737,-0.09635412494382828,0.20091289143627705,0.15222573317784668,0.14507343078668253,0.11391977391136594,0.15420850815719858,0.07977341510386518,-0.04757984033723228,0.17588698589043092,0.1123001268474717,-0.13139431128701043,0.08805407949986171,-0.055956445690532014,0.2283212909182407,0.0203155857146592,0.09936534776476504,0.21926002526651547,-0.017338807205679325,0.05941639928733745,-0.00919207717379288,0.23469297908327183,-0.15090722860885164,0.11662465121400074,0.019349754752227513,0.023940297310815286,0.01246115081469005,0.23003801748049107,0.0002258346309554573,-0.04545987419515139,0.2623303079340057,0.20885046528202048,1.0,0.0758465595991262,0.030241400417941804,0.397817988070783,0.13760480004600806,-0.08520712558714563,0.013764960302620236,0.1848749198111351,0.22523374234830537,0.09703883755306451,0.16113580138097428,0.12319523508236864,-0.07148700925265045,-0.04518927890524303,0.15563313046148844,0.04643316443163882,-0.023748664957549608,-0.10048299268643494,0.31624421332710434,0.08635279537203651,-0.004411903778850668,0.0069163644321867754,0.1400478095104613,-0.09082501992324873,0.21958816213978635,-0.043697668173596056,0.14680366182231872,-0.09837938408846643,0.24228889368375897,0.014506248280548353,0.05260506921224886,-0.11685622122202431,0.15590666695852687,0.12184710471202359
BTC_LONG_3c323377de3e4078_3d,-0.013537878345048177,0.23709381009046684,0.11496203450334311,0.06133145346541144,0.4103777933709448,0.0748131454527133,0.030551198767361842,0.018853524520900722,0.02940407592645294,0.055865122694757234,-0.053832946051108534,-0.10764404180351395,0.19277356058609005,0.029016218747457776,0.4107618628272186,0.09871914017070389,-0.06636733668669512,-0.028863229542487982,-0.07702345773026496,-0.20957492241527226,0.13944526442937694,0.04493818074298997,0.3716115884953973,0.033707245935867665,0.23692294754749252,-0.010638282585641656,0.09859909936917909,0.07415986102406832,0.07704552561725955,0.22625771484563903,0.3280488251002614,0.1522672929783853,0.06921338155847645,0.2030546832555801,0.004359039909125513,0.371187311950238,0.15816351590404362,0.3255792995111676,-0.028129916763713722,0.09040138697499345,0.29576071368910406,-0.026344951777412702,0.294440086513707,0.0802570555615165,0.04608212521999192,-0.12050669889913948,0.14669281139895388,0.1765253451426946,0.30884534494502436,0.09731623232492728,0.0934008166772349,0.22243417631394363,-0.03492947112115959,0.15616082131362755,0.0266260028953699,0.3098133358159332,0.08466362540306344,-0.05142396017650063,0.16591387728796406,0.07684722357712086,-0.005886983324921988,0.20902102293079017,0.10575891814369145,0.05599586139718677,-0.022694182457569274,0.2053289577170098,0.0758465595991262,1.0,-0.10988944025081435,0.2316430604967974,0.08782315711268252,-0.027862174487406067,0.20460627518178068,-0.09458007469702223,0.191482203280222,-0.03686672582935601,0.25434907770492465,-0.044548908823789084,-0.005682188222172595,-0.009871159976551856,0.05900334275624454,0.18097416911875963,0.028572173194855794,-0.026915844012094018,0.15330027848895986,0.2719518468976273,0.11855136287681053,-0.056215952198985536,0.20196488254126077,0.001762710421598157,-0.238130646251801,0.09587391865414632,0.22366609056245765,-0.0762394748102477,0.24767369485503915,0.029265124871673428,-0.09359891032695157,0.08863340226408861,0.03282986817674872,0.1530633039752702
BTC_LONG_7633d7a44ab2b4b5_3d,0.03108433222138506,-0.02884651367796181,0.023711339702357462,-0.0025523534727616547,-0.025909803970270137,0.09308696279985566,0.5635746998659042,0.056240221002621216,0.03916783301462329,-0.00103261362471612,0.020006655215138454,0.04622639978621275,0.049208145694634844,0.051446547567526764,-0.024900194979312073,0.01889144384220773,0.022440938612904658,-0.025052300918868294,0.06560046840302523,0.053252476245077264,0.0623831343452685,0.1384910959517017,-0.05842726150414078,0.051065508774146354,0.0006598176127715282,0.043764943576758475,0.025451160559057065,0.10188571113587994,-0.001643862421014094,-0.10811994081855035,0.002739706473601923,-3.957880323695476e-05,0.15618743220939277,0.011294295565570595,-0.056485752553773076,-0.0789464811123552,-0.01450125705141558,-0.007110052538748619,0.025507769397488705,0.022238519928132142,0.010826463219091682,0.06080743144366517,0.050328287923914396,-0.018354681484821375,0.0358654009982057,0.04686348747959769,-0.016589360391382188,-0.008684947370208054,-0.025374366356898808,0.04325585571476755,0.019277637496838602,0.04458662929218657,0.05878973030003769,-0.030229776677994688,0.013114599905123828,-0.054455869457075146,-0.01460189262278327,0.21802189641548309,-0.0007479178892287099,0.07534324223505746,0.10925634529691383,-0.03047638258160095,-0.3488333610920001,0.050808588530900506,0.042929713755768546,-0.07536278698192743,0.030241400417941804,-0.10988944025081435,1.0,-0.00580231726494429,-0.04258930077961168,0.05840613824995621,0.12258556451133298,-0.044220311520858584,-0.08063965669980568,0.03657674974501997,-0.004320582419858611,0.10809948734423859,0.03006813733230867,-0.07829269531328653,-0.01830530735347856,-0.02509632515243096,-0.012097461226491853,-0.020041186857143668,-0.026902694621795113,-0.054848404840407455,0.14877296420451405,0.059270177032127135,-0.030380003068944863,0.0494353175276146,0.12472136064773728,-0.0023600280143319533,-0.04481845898664116,0.018144794090827712,-0.031115255802525048,0.0069918331526328675,-0.01639891036898683,-0.006705739084524501,0.09015627187365995,-0.04834673631154571
BTC_LONG_8d4a1327987b861e_12h,0.08906954581474928,0.24238629986164306,0.05480914175083978,0.08734051750820175,0.03232422471818602,-0.11909468750997375,0.006549524197203535,0.004868753831571298,-0.10159545991729757,0.07514699919892771,0.04289086038727789,-0.2844394345498932,0.007921539370645677,-0.11659761990674476,0.30318797338106457,0.2702026793908929,0.012279208398565371,-0.03828782662916973,-0.10351918255071792,-0.13897056052592646,0.016815868644074437,0.005794022107207401,0.21190333438339598,0.23146623238489278,0.03682500140367987,0.01886272200981709,0.1191623630081885,0.10922217917886526,0.1707865533691248,0.1371729503601825,0.11637499844633868,0.1670642177023259,0.03297778822244444,0.023110507545104412,0.006951850979041497,-0.05621521344540156,0.061750539932818926,0.22377515610422874,0.1013968367865831,0.030234674247689226,0.26013912997741523,0.3101116179456473,0.05946818129842672,0.1183795412586105,0.2977379814716721,-0.21032956444899553,0.22113991234693892,0.05205845150560135,0.338133987749703,0.006523797144685077,0.04046059310617028,0.24651998170008108,-0.019839897678209834,0.04418361290730435,0.04560412755778357,0.21066647978004185,-0.011344015895215071,0.18877166286346472,0.14609493645445232,0.048617092495045616,-0.013727875737741674,0.16191009102570234,-0.0003855554919545443,0.07876052700776147,-0.05476011270602773,0.3152453875353865,0.397817988070783,0.2316430604967974,-0.00580231726494429,1.0,0.0634840944042974,-0.12697375142573197,0.15653229104282712,0.040981326836999586,0.06418472567401712,0.023839289117738582,0.11403513852533798,0.08728318886933402,0.021211486072870534,-0.04350066368920789,0.010998009951728631,0.16378483950876793,0.006943916005518084,0.03390213620149862,0.11246489697115393,0.16915988457401146,0.026070274625054537,-0.003229814675757363,0.1904150792540132,0.02957394932146559,0.005952144391939405,0.07513829596378176,0.2272747708977058,-0.09257282876589795,0.3218739158454686,0.016241270641854846,-0.04309742819260337,0.38953091596960443,0.13217777450730941,0.23382085796916516
BTC_LONG_b69cfade287b0e6b_12h,0.010438481306788743,0.07972810404885568,-0.03210822001783332,0.031137985104028564,-0.022147760710574487,-0.03596461142369242,0.028810132983659788,-0.14161008082259108,-0.003130677205249086,-0.006432485791198828,0.035276180230458844,-0.0200746346323453,-0.21423627293864375,-0.05688800906379903,0.0572181437358165,0.02057508989332019,0.0721535087713398,0.3078498234343553,-0.042024762265829414,-0.021939755108339735,0.08109399017747282,-0.11664945140807874,0.04664119843527629,-0.01972663242356137,-0.028816487657430064,-0.06742275587438198,-0.007407222511109185,0.036823792140267694,0.3767571244956056,0.017151907255132468,0.013498519004695425,0.07493547011692821,0.03915337939696416,-0.14743720196775226,0.12736624723452322,0.10870188592687104,0.2023821921562634,0.11784994613802982,-0.019709807601497143,0.4404396140472485,0.012482717666791373,-0.00725824749432911,-0.15612894622821819,0.2391129567428452,0.003387289142818486,-0.0047658104248577676,-0.013640132221711896,0.04309279788224205,0.05394578870953316,-0.015262158179851833,-0.005107876652149392,0.11651878637018866,-0.027067308606697888,0.2585878187673942,0.11770543454779375,0.2596877303659604,0.054822194680870684,-0.19463475649045833,0.02382523567742585,-0.29622338055267944,-0.026335836911225617,0.22316651640235086,0.027652535051871624,-0.10263779410680324,0.07427747106221394,0.25876272554588936,0.13760480004600806,0.08782315711268252,-0.04258930077961168,0.0634840944042974,1.0,-0.07929186869874122,-0.11234782486135363,0.16686933895273204,0.4423035042048446,-0.055986537739056964,0.12857567028529845,-0.0998776677680646,-0.0006672788159390894,-0.017719446656733917,0.08039049680375941,0.037548350808378636,0.07447307642209404,0.03551460881564283,0.12779088488415533,0.11122531399336708,-0.09630098518038858,-0.00719366700757803,0.07495395494395848,-0.12839703093492247,-0.007709987863838927,0.1874837119593791,0.1748918996503501,-0.02036726216744371,0.07540758418129286,0.08979965733565277,0.3466388701555849,0.01672339139880128,-0.0335516285497388,0.18111256148904545
BTC_LONG_27cd54206caf7f3f_3d,0.11500337656208046,-0.031096155766454702,0.0902900253059263,0.05889371812602544,0.24396531062206075,0.14869732226298468,0.17113042803749035,0.14405736046232107,0.13606828910329688,-0.06613238283497813,0.03612840808450717,0.16366806512335758,0.1568808293096773,0.2908973481861998,0.14965478323236314,0.05342158270251724,-0.1239541165177517,0.11342633063143351,0.10236556577194773,0.14109389771540704,0.08401967444357215,0.10176427468479422,0.03806600242576274,0.024398579282785614,0.33036804294881994,0.06846257484959463,0.21398529138947991,0.021266731812211337,-0.020822542793489357,-0.05188428050067643,0.17407196286162951,0.13269690942047782,0.0560334531258903,0.13393174666448873,-0.007173517494259474,0.10701779799381249,-0.03986571360531714,-0.09206798735362824,0.0009902988370416657,0.07282903401473878,-0.0883963244108162,0.1747353191011385,0.06387236308849283,-0.1308862542540633,0.006557674182852471,0.47186800466126316,-0.031026981776556672,0.2825417015571191,-0.1055103099710113,0.058517838905182376,0.021519503614912987,-0.04059974050235113,0.2619668914778058,0.06699176573137867,0.07825516195480262,0.04199755750648757,0.02254375120634491,0.03369636065979948,-0.029095495105020627,0.19273350297750086,0.0015603432131925511,-0.16686225719570438,0.177048834585333,0.040624214487166625,-0.018939700277619615,-0.16295423894069566,-0.08520712558714563,-0.027862174487406067,0.05840613824995621,-0.12697375142573197,-0.07929186869874122,1.0,0.09611234574286957,-0.09941179163559925,-0.07891480559368134,0.1514797932371331,-0.10381780678899358,0.1306610078965267,0.132154242665472,0.019299993694802866,-0.10222600148496419,0.007787436161533211,0.07993424357165466,0.0881097539541402,-0.08326629092483413,-0.13600720780852024,0.23533120821126363,0.1501983875849718,-0.1518830672242544,0.07161933020034947,0.2907502029977,0.10609687077297343,-0.1054995972820281,0.47785283437011006,-0.13413668325256425,-0.05441656972093685,0.003976377678965592,-0.0135125371058751,0.25586688055365364,-0.07510102933957405
BTC_LONG_721f882d099afd18_3d,0.22121312073446134,0.1544568884977066,0.08049423822913304,0.10757012710431026,0.26006209278020004,0.26046913811858813,0.12357022170094559,0.12197295342304143,0.09002379425206482,0.191911493366624,-0.037000841342152244,0.04752741487864875,0.23762758078744614,0.1219903338510818,0.2770931527810527,0.0990784322693383,-0.11579153891209486,0.015729104191868442,0.053483399322890736,-0.046813305657093705,0.06601312956489223,0.2678950841055259,0.19535321338928013,0.1456110517133433,0.27893957279859644,0.1127572313257309,0.19558955221622423,0.3318054788337091,0.026163330655338574,0.09790228632836978,0.2818374488482533,0.1460828740918387,0.21412795279982388,0.18758469770760247,-0.03626864389635046,0.12753907426141065,-0.017382670394285617,0.09107999322689052,0.1128780781540344,0.03761137814188505,0.18276814992078425,0.1730421491364332,0.12419764545407753,-0.06879270310155906,0.10718368043000084,-0.12138956855693561,0.3075698519166994,0.0922074458079257,0.2539175765776893,0.1435876324748327,0.11347443170035436,0.17108242538564106,0.14292821222753832,0.09238737812830584,0.15604838942915944,0.17815371337944233,0.037137308294109286,0.09489766778805886,0.07869639906012188,0.28695426707753663,0.17834431971077153,-0.003723881496284821,0.010228922591552454,0.34149903440025126,-0.06933216406172228,-0.02833412711781093,0.013764960302620236,0.20460627518178068,0.12258556451133298,0.15653229104282712,-0.11234782486135363,0.09611234574286957,1.0,-0.09532012441988713,-0.061518462150928835,0.06039246293754436,0.1809322010963228,0.25879508402999324,0.09358050167120463,0.012973371200910695,-0.055599600691068674,0.11560108289750028,0.1215115500765246,0.04952077231255246,-0.010696777479274406,0.006514179013154218,0.47790903411908353,0.11059065349010151,0.07645019024154155,0.10789674129135465,0.09288438826113515,0.1413213158514178,0.07686522935417593,0.00562620537387368,0.06750336892053943,0.034944476682408694,-0.1979902194231524,0.07369196247310912,0.18136440144842933,0.04295449330021061
BTC_LONG_94dd72fe1d374b6a_12h,-0.11115434629515693,0.018828425802332495,0.008862134603644923,-0.0544216458450051,-0.026403797251600313,-0.07221863308788028,-0.05773223925244719,-0.032291908840746085,-0.1303951481196667,-0.03020324522748571,-0.0009869863790264105,-0.08686559699780368,-0.1986838109970468,-0.07463108859690122,-0.004794253751049865,-0.010746192085988952,0.1460173789021544,-0.007035042818799828,-0.06845445794725999,-0.01741076076673025,-1.9161950948937913e-05,-0.14783937940921318,-0.08731245690011437,-0.017022885885014268,-0.1133428090958635,-0.06866347657959496,-0.08751921045220563,0.03966463127581701,0.06622141484370223,-0.00787314906094019,-0.06241380221241885,-0.025306949233611174,-0.03997302457111349,0.017430358507920185,-0.04647797017580144,0.02452904811253033,0.2417317650981296,0.020581248737012014,-0.026854187353485347,0.10384249598466516,0.1016496448841089,-0.1304454144263246,0.013684943169238179,0.2482154396487312,0.003486539425652727,-0.0762810793738293,-0.021647249759096796,-0.049288540446816534,0.043661666104474035,-0.0316255266952811,0.044441565725735196,0.057784654701230224,-0.001966737621621117,0.036312318788626737,-0.10564946049358911,0.14031930451465385,0.012047286408820107,-0.049679489532246254,-0.041312844899500954,-0.1941347691175468,-0.011367571452628256,0.2730580511387564,-0.020536073997643,-0.10551064109153328,0.10579640230438764,0.14057404252974146,0.1848749198111351,-0.09458007469702223,-0.044220311520858584,0.040981326836999586,0.16686933895273204,-0.09941179163559925,-0.09532012441988713,1.0,0.19542520140884317,-0.03404426323363083,0.11977832540212399,-0.10467334879833183,-0.10155681233695465,-0.03383609456891023,0.2979718706755054,-0.06021152533454585,-0.026926877214825545,-0.20367171531795225,0.11161717541014869,0.1435104132919995,-0.09689529694961042,-0.08797458472505475,0.06534907734166484,-0.2168263463243244,-0.03644664531199874,-0.08180365847297767,0.09404180636589599,-0.002130386523976957,0.07637515318553822,0.011687411350684681,0.23330009909057842,-0.030394287939471343,-0.05251565654307767,0.05632953106912709
BTC_LONG_8a84f7adec6f2c5d_12h,0.03123775271512778,0.045332536487276386,-0.0843204511973548,-0.017189347951037943,0.04645941141219314,-0.06191365160238316,0.08610865022130533,-0.34357383850819634,-0.09537633371240278,0.044997124882557235,-0.021697439870238592,-0.035681738835245856,-0.03703758456842413,0.022399812940386576,0.03602645948796459,-0.06223773344081524,-0.37936614126275686,0.4867231726054425,-0.06178377681179764,-0.02735640193571443,-0.006807363883655978,-0.11114751611891785,-0.008717313371417455,0.001187578210141476,-0.2141987031406795,-0.052643390938394645,-0.03606746129445238,0.02731868084740349,0.049153895314967375,0.03453706562054319,0.09438734459744497,0.047138548765333944,0.16356450191105826,0.2040796371701576,0.23151387531877554,0.15639441817378585,0.24170282517727032,0.10943969202540295,-0.1367904599083067,0.1610614739435849,-0.01218818070105571,-0.06295302316128176,-0.22752075494294144,0.19511620324351925,0.028497150825366434,0.003443729609676054,-0.014007261890257172,-0.04206718712874108,0.17851338879240053,-0.03782249535537508,0.13664293088595858,0.1020377852012558,-0.02160901508622125,0.3758836962049938,0.12332583543377144,0.1394620588669159,0.1595534867274336,-0.15879488463410282,0.03155549526164826,-0.19311759307577644,0.20844203303913408,0.19202370189396292,0.10579281135585232,-0.12069253384320486,0.1567298394594775,0.09080784426520812,0.22523374234830537,0.191482203280222,-0.08063965669980568,0.06418472567401712,0.4423035042048446,-0.07891480559368134,-0.061518462150928835,0.19542520140884317,1.0,-0.09784994970784347,0.24945472603163402,-0.06620766651673005,-0.07137217362747073,-0.018652365342915308,0.25320209455329196,-0.03562234889386932,0.23160572768242685,-0.12495548142044477,0.037500696450563926,-0.025216045177503456,-0.09642669805536223,-0.028325660209559116,0.07542139485637633,-0.08550765507578091,-0.06935806997720496,0.05150656646703598,0.06405915506981216,-0.0007909489406207194,0.03509836591264488,0.08430439037492751,0.02593858512347981,-0.046338228427592235,-0.0503737033321075,0.16909245115069751
BTC_LONG_044d4841e5e18788_2d,0.016424091242762458,0.02330332475434593,0.08157169720820615,0.006954911748860114,0.043224906642396206,-0.0426212808351623,0.07167323472549017,-0.027585229150273564,-0.018346983633971144,0.13883094901450765,-0.02815891321936581,0.012139771485103229,0.06564385666793855,0.1715189915476196,0.1534706260845083,0.25656482527576263,-0.1058186150259056,0.04370047040423542,0.0952280691341972,0.019202387532038012,-0.007040178506219989,-0.0314537983609659,-0.041335191069869465,0.12286461299289728,0.2207057776635304,-0.02487696847906521,0.022234096629550885,0.010131268639806647,-0.023184839722834534,0.023919414098835377,0.02190538394337488,0.04933189725454577,0.03575846899030996,0.09506243113790312,-0.04051595062716728,-0.035059513618831445,-0.06364160664341448,0.04123450376419469,0.3026387668321676,0.005655763139992585,0.019472287388836003,0.03091709072837397,-0.056458784104082886,0.05250888063213941,0.10717485412972229,0.033932159314151514,0.028005505095729206,0.080936119913836,0.17301993622346915,0.09838420730513316,0.13806889393467178,0.03742586163076473,0.09099783513494272,0.048273392924772764,0.013347422952238374,0.057978868597806835,-0.1078963716402648,0.019207385670657325,0.03548716310028196,0.533950554285114,0.02178251497837968,-0.03944072166051332,0.04070695981567568,-0.028008995699789457,-0.03143148052680959,-0.03901595619284603,0.09703883755306451,-0.03686672582935601,0.03657674974501997,0.023839289117738582,-0.055986537739056964,0.1514797932371331,0.06039246293754436,-0.03404426323363083,-0.09784994970784347,1.0,-0.012550533098384234,0.03109921565536975,-0.0057353262712933565,0.006132798669378583,-0.013974037656124646,0.04420425531610622,0.04232307802502571,-0.1373782238230614,0.5812832307220583,-0.060478957557684516,0.02118289576389285,0.1745778406567877,0.03330100453126759,0.02122756265457447,0.22093295834187893,-0.054051128104338625,0.05449529691172923,0.14075775731026577,-0.0431134433065102,-0.12345436995329927,-0.059286023086011025,-0.005872007734698146,0.07994028123734279,0.03391689337912034
BTC_LONG_b16e26d3230fb605_1d,0.055690680430435534,0.1392977207229972,0.10746853356938794,0.028594930903975652,0.02545604813621381,-0.02264320287341366,-0.021038209342399583,-0.00493375845196822,-0.04065797086316312,0.12589989393811588,-0.0372765986697969,-0.03676676723950148,0.004286543685202683,-0.05100555921096195,0.10130128592024708,0.05710850831230302,0.07988430126683996,0.009089851834530642,-0.0792711899726797,-0.054467173817149765,0.02173883481012317,-0.0648760023585996,0.0487344951416349,0.07283007748236547,-0.04119694383974863,-0.009418556860879827,-0.0986662338785229,0.13367968639172614,0.09876342694718705,0.061911904361881084,0.04760307637752832,-0.04521463781848374,0.006230966704622281,0.15475095665296687,0.0011750217372337897,0.04717377511028512,0.14319609967304742,0.12254060513963182,0.03371945318722251,0.058071953607943406,0.23807972475879002,-0.03534103355894615,0.024290871974036964,0.1839973407784507,0.10619689985106474,-0.16039194054695513,0.0732136546622523,-0.021024789966193537,0.2366401192279514,0.019198760018696727,0.0550660856041514,0.13988633671232342,0.014444722575794114,0.0788994395749134,0.021683285879034026,0.19441592192705348,-0.007043600334567195,-0.0057837583326007785,0.031458484372808154,-0.09285169518055399,0.1834106144092197,0.24854633527915176,-0.03521625076236258,0.08879726221121241,0.2174479436624393,0.17877483202512404,0.16113580138097428,0.25434907770492465,-0.004320582419858611,0.11403513852533798,0.12857567028529845,-0.10381780678899358,0.1809322010963228,0.11977832540212399,0.24945472603163402,-0.012550533098384234,1.0,-0.06103825921370296,-0.05826815258949197,-0.008233909066953706,0.14681479900387986,0.039573413309282095,0.05311316593535751,-0.08106822087433817,0.24915842427425955,0.16451086611501078,-0.06269140563273472,-0.007484434823856587,0.10402142717568102,-0.04844831783636437,-0.02920096402626308,-0.014272519434283358,0.14059065841368007,-0.011187355088450944,0.16017750469295355,0.09351619408061006,0.012181503969241479,-0.02260733223075191,-0.05236223077188368,0.09188813659393205
BTC_LONG_8d967f7e7ca4eab1_2d,0.20095306786426936,-0.0985983462705704,-0.22049929069053262,-0.20998663277756674,-0.06963652406918094,0.0893567255501243,0.11158548822127422,0.08108940740946084,-0.18100631504126813,-0.047115576029329954,0.058656501212424966,0.1581200751619299,0.1142590617120801,0.1152848620286184,0.08964716986788701,0.11196251789066491,-0.11016657887049797,0.07047554380299989,0.08763028483565205,0.04657320519091509,0.0359479088826119,0.40421543720749903,-0.10824142407395096,0.20957271589532975,0.15742571772800143,0.12430539735225674,0.2790426813167528,0.3902295764324794,0.005346315744928795,0.07864434310459616,0.08231581333204935,0.06526697028443451,0.17212918479085693,0.18207429531425087,0.005964583874855068,-0.014530314181943865,-0.09275374692264492,-0.074557308243937,0.03358193583409192,-0.003558591658867573,-0.04448896937885445,0.346859465911685,-0.00045088563318485957,-0.0313207238048389,-0.015321835124688625,-0.04437257255898212,0.039300527757296644,0.07915407725354828,0.06455141553275785,-0.3149430426555049,0.06954272571972536,0.199272784294864,-0.066314335907762,0.03613108200539182,0.04153537066221733,0.05184083290948163,-0.04088364765311267,0.27043722555826694,0.1566372165181513,0.18460763134264213,0.14417077793025956,-0.041132583755235486,0.013205697463705585,0.0930585252406643,0.07645501755326341,-0.1524385638248872,0.12319523508236864,-0.044548908823789084,0.10809948734423859,0.08728318886933402,-0.0998776677680646,0.1306610078965267,0.25879508402999324,-0.10467334879833183,-0.06620766651673005,0.03109921565536975,-0.06103825921370296,1.0,0.025386439085982,-0.022234163646640378,-0.05505358011515215,0.12614943831050526,0.09556324223548869,0.06437641167123805,-0.07652769350620366,-0.154304027336768,0.17508749388688075,0.0453781417942853,0.27732999943038905,0.11737631030416193,0.22028896205921597,-0.16060874319035365,-0.04202732856535598,-0.007717831874843281,0.025550674253638623,-0.07053292099984265,-0.1987774972743938,-0.17090714343164398,0.40430685911226283,-0.022129950103313322
BTC_LONG_3fc88102a54ee0ad_12h,-0.17351354461715343,0.10908537814981112,0.01887812498248579,0.1968312201557538,0.04660918626236922,0.07650709572118242,0.11260208641252291,0.08088403517761589,0.32131552008696734,-0.005441531522743298,-0.02782754762836703,0.13899232055633864,0.1065318553537363,0.031174975653815128,0.1574355696130412,0.004503794257048973,-0.059536928646897525,0.05231648173306016,0.04374196960521952,-0.05230683840985111,0.05156071737952454,0.07616119496807533,0.42576719326296847,0.006725103712831944,0.16512506876503702,0.0020966300016787313,0.13488827637541903,-0.030853617628808044,0.1853110445960477,-0.05204168977900892,0.14424897006355447,0.10317338493384359,0.03959395650383246,-0.017352542975896924,0.023047598210626012,0.009491430064112997,-0.02822321449145901,-0.018123975489577716,0.0020843175759320347,0.09571189585142041,-0.007532006134624835,0.30764984549157376,-0.035692806147760915,-0.09682620532399651,0.008004205551928953,0.20196080245698397,0.01934481082533959,0.053625753455979856,0.005648389080119027,0.08752447550711544,0.01139981081211872,0.0740917484201216,0.058927748611310164,0.0035080803289576656,0.20231890588443915,-0.07110865223452852,0.0311188573065621,-0.003747610078341659,0.05408887005633397,0.10921226959298296,-0.01706592508380756,-0.07281748000642409,0.11212933931614186,0.05032625942130809,-0.10582796173717955,-0.06275707283283195,-0.07148700925265045,-0.005682188222172595,0.03006813733230867,0.021211486072870534,-0.0006672788159390894,0.132154242665472,0.09358050167120463,-0.10155681233695465,-0.07137217362747073,-0.0057353262712933565,-0.05826815258949197,0.025386439085982,1.0,0.008105920065247664,-0.1094017898361024,0.06645075890300178,0.01567539039783083,0.2299706993157469,-0.07283531320872388,-0.045122066285934154,0.14974680595269696,0.2417682392195664,-0.07345055859898192,0.09073982727202476,0.06966620561202723,0.24654504533126123,-0.0008949078203588978,-0.035435654747365715,-0.028941213417430858,-0.017046245831848942,0.09050964010703776,0.16224522623684834,0.11234657091679096,0.013826262578543191
BTC_LONG_68a3d0b0c63c3b13_2d,-0.09833754220566893,-0.04425624724627174,0.0028991972007346824,0.023897903386705773,0.024335313353254836,-0.1965046099975036,0.014187177866618992,0.034873219997568795,-0.01707523945889265,-0.011536348003472818,-0.033336490056439266,0.0997445446140322,-0.017067106263136615,0.03840422218733257,-0.027900225659786903,-0.0579685766912802,-0.010014295599687912,0.025057177726625645,0.051717615562277004,0.006404792901341587,-8.973138121629867e-05,-0.056149503518129085,-0.06105360277623796,-0.05920262695624352,0.03204529890976916,0.014832009549295016,0.01352045118058269,-0.003210212072071106,-0.02282287202160904,0.3035801658905078,0.021966368379576676,0.03092142016399994,0.06064515178290693,0.007473499379147933,0.01021860296351957,0.01780575163875303,-0.052066529136554004,-0.03643396106588117,-0.02716662393935985,0.020395696060335092,-0.05548838072192998,-0.045517407595275866,0.03243060116512569,0.0027351583844133216,-0.03364372810044678,0.059205367975614584,-0.019648786573377548,0.004186279071351816,-0.01272084918836462,-0.0557001270528851,0.017283333997542272,-0.03906364295990606,0.042432236527795444,0.014694682507848257,-0.012525641323993121,0.05651616884206198,0.0020509503522881892,-0.05208273497441231,-0.027200387394515805,-0.01490511751572333,0.04043646650508429,-0.03177974501735595,0.09812635681951194,-0.02791790005817499,-0.05541426037502889,-0.08645694810996883,-0.04518927890524303,-0.009871159976551856,-0.07829269531328653,-0.04350066368920789,-0.017719446656733917,0.019299993694802866,0.012973371200910695,-0.03383609456891023,-0.018652365342915308,0.006132798669378583,-0.008233909066953706,-0.022234163646640378,0.008105920065247664,1.0,0.0007221171658889322,-0.026581817832871647,0.02072387120999114,-0.01593946335963555,-0.021114221953188163,-0.04651897120753313,0.0008515660099152493,0.041497155854542396,-0.02048454184472364,0.011939408708669772,0.02582548507571644,-0.022721552824158622,-0.009015013400083568,0.08950855138075695,-0.06577431317375892,-0.04839122327533235,0.0037763689148563873,0.06801871931584894,-0.29310186086108797,0.005032338340688226
BTC_LONG_82eb18af626016be_12h,-0.06324552665470613,-0.03423963076072829,-0.07110536230084359,-0.16790447874266398,-0.06071019477989135,-0.06941227115603921,0.02248777908353222,-0.11354694786389552,-0.13458807662737554,-0.03533897029705553,-0.051250720416606256,-0.04072925090136254,-0.10273153955788179,0.0328631971974007,-0.03251698147294573,-0.11602443827174228,0.013649095912564373,0.04297984973309068,-0.09338321986605377,-0.0017144575784986897,-0.06606546157714192,-0.14864405462167107,-0.10868186749132275,-0.017721367765849184,-0.11839824145630462,-0.08281339729423777,-0.05435512988559735,0.07554642207098815,0.021762805568913513,-0.03693330308016672,-0.047113867142343134,-0.01640755197780127,-0.007035500003556676,0.14076883051443934,-0.08649757707271553,0.05419243618832442,0.2724211795023257,0.07640413063378507,-0.027666703467903293,0.13047829749520978,0.14204933386255794,-0.1300022034970682,-0.03905020103849146,0.2513063961772808,-0.033188028391257236,-0.0961775243775696,-0.0008560283871541545,-0.11441167740212307,0.11733849735566686,-0.11342064396842642,0.1447836020895804,0.17146604692703937,-0.045028255766911635,0.12200192609037723,-0.09417026259089033,0.11030298451495722,0.13330761077606743,0.004684419474282305,-0.04093696812441389,-0.11797267119099444,0.029077437480696473,0.25729861366268103,0.03920503985157672,-0.08446198882587547,0.3027336674837882,-0.04013218172701888,0.15563313046148844,0.05900334275624454,-0.01830530735347856,0.010998009951728631,0.08039049680375941,-0.10222600148496419,-0.055599600691068674,0.2979718706755054,0.25320209455329196,-0.013974037656124646,0.14681479900387986,-0.05505358011515215,-0.1094017898361024,0.0007221171658889322,1.0,-0.11811410100502008,0.08543676284551378,-0.3160003098171038,0.06128934825654434,0.09165515770218277,-0.09150453792578878,-0.10480169999631751,0.1416729992044425,-0.16890870563279606,-0.06135868988888695,-0.1742663235102196,0.015172083163177736,-0.00024030321993708906,-0.01205101112474665,0.00046687737585571947,0.11803850198556902,-0.10006359590427874,-0.0531866188844723,-0.004166850251186309
BTC_LONG_0fd6615935a42929_12h,0.19298434931109365,0.25525948388342307,0.053100046733577703,0.1839462109178182,0.018979505939369958,-0.0033377940204534543,0.033974718262916814,0.020465789347676597,0.10738181564782634,0.03386972415306185,-0.006795655200155043,0.012292838962237962,0.017085486526139594,0.0017109730340304444,0.25870500022340237,0.2788834775286457,-0.01919584527341073,-0.015316075012632793,0.01684719773607018,-0.10770006642940597,0.08981860968744668,0.0005924552388995197,0.16433144851751758,0.13817020322104961,0.18108278804945938,0.16806573329646807,0.0492366791591609,0.007560223297582599,0.18360198780354497,0.6639725828098753,0.10065549696568618,0.11628396059467254,0.04151649013514188,0.035561623084956896,0.02807633170276078,0.001241244703707742,-0.09026133428863356,0.1288149041526111,0.10066257655666534,0.06452469216432355,0.10196448235639534,0.22350022063947703,-0.1845867582028326,0.012919176462292402,0.10753276912116391,-0.0671014006396241,0.0946953882745534,0.5407501234264774,0.2261441719995966,0.045875891030684526,0.020969773098599806,0.08448908474003011,6.655067638826338e-05,0.019346307436099493,0.1480769241748606,0.10289260208263427,-0.13196148331029076,0.03580865387456005,0.1610501003709423,0.07832964789975616,0.007696347793810422,0.08684643257476103,0.04363892603285998,0.03280820966966167,-0.13785769490809194,0.14216743893800962,0.04643316443163882,0.18097416911875963,-0.02509632515243096,0.16378483950876793,0.037548350808378636,0.007787436161533211,0.11560108289750028,-0.06021152533454585,-0.03562234889386932,0.04420425531610622,0.039573413309282095,0.12614943831050526,0.06645075890300178,-0.026581817832871647,-0.11811410100502008,1.0,0.019937266725191423,0.15639382626521398,0.07746938031739868,0.00904161659705685,0.03212689240387078,0.13723633824292783,0.09765384707235346,0.04814419749227736,0.023439969491965036,0.16051962930653607,0.17351127175894615,0.11209431546731867,0.12237876836009888,-0.05531352502215987,0.028069656627399273,0.10355401097635361,0.17805298971799183,0.1079074709620551
BTC_LONG_a92d11c420091618_3d,0.22426048365282988,-0.018304498162056603,-0.1120299978259797,-0.020085978851734902,0.05741757074508206,-0.03043935881629645,0.16854609730795417,-0.32784162610203293,-0.0540814706516523,0.009363035903302931,0.281544546691995,0.04596642624556986,-0.006113118163009451,0.16516697415015663,-0.09933221937399035,0.031406590654353854,-0.42817545331177775,0.27964432970233305,-0.01547755608598601,0.01837112430317,-0.13398885346476233,-0.0038164116064488096,-0.002083688067081363,0.06698958088104005,0.09926252602001653,0.033092507352225804,0.0693504217688775,0.10895360941863386,-0.08463254427216138,0.007915854011966029,0.0342774030916534,0.04145041960736585,0.18255208262819733,0.11239276672845694,0.07515846184772737,-0.0220910339217483,-0.08030410490624772,-0.009966471578881786,0.045165959443635516,0.11120183312139402,0.029498148106674067,0.06698901776698013,-0.30684906650472654,0.003409179430139725,0.03285708409902486,-0.04062466016908914,0.09054469529664785,0.24032486747623827,0.286734323272501,-0.03319628358843847,0.08841513837850504,0.02629665142384865,0.0647584470113031,0.5064962041467741,0.10018675348268304,0.019966762790901708,0.060358949572848174,0.09943257024637,0.03819904256553212,0.08861930484541279,0.24077988129169342,-0.0038745837613116175,0.17757182306836722,0.0355959106593541,-0.0196711186400838,-0.21424482982709994,-0.023748664957549608,0.028572173194855794,-0.012097461226491853,0.006943916005518084,0.07447307642209404,0.07993424357165466,0.1215115500765246,-0.026926877214825545,0.23160572768242685,0.04232307802502571,0.05311316593535751,0.09556324223548869,0.01567539039783083,0.02072387120999114,0.08543676284551378,0.019937266725191423,1.0,-0.2180457642984857,-0.10580112614503191,-0.23287378823734323,0.012131496963499157,0.051832917542146695,-0.005450606091833793,-0.051575987642703706,0.028699484245236603,-0.17146208263855925,-0.15741662945800225,0.06004311561542704,-0.06951461156894438,-0.08572284080394157,-0.11336269547913902,-0.04173404672083968,0.06507812740992812,-0.013547516387598532
BTC_LONG_3bf312a1be80dfa7_1d,0.2308611599141429,0.10617858412919357,0.04884921879763792,0.1673455116998243,-0.05815462701961894,0.1205977347483859,-0.05527729901857655,0.2153136631570966,0.3055255672497948,0.02396952476950734,-0.028049413225488495,0.1241974420269586,0.06653308877721557,-0.08732579218347178,0.11440672208623907,-0.00705730449096943,0.2145573884259207,-0.026496864596278147,0.0699266982159701,-0.013454565203122368,0.24748624415583143,0.1519756701509307,0.2508037086924985,-0.018321424469046377,0.15734506870471954,0.04367964992205376,0.1295510152900793,-0.07428851892386948,0.21099880826943188,-0.006743945896438234,0.13422432640062693,0.07039977548328631,-0.1463176501894133,-0.07069408111876666,0.20581206690358744,-0.02592580738322825,-0.08455579194177978,-0.02195861623882208,0.010355225889752821,-0.01747413461253567,-0.032658686554912504,0.2650335343844979,0.06488473084182492,-0.09251957974682846,-0.008786279212069287,0.18865466923914412,0.012304738698229617,0.08611532997051412,-0.1737240818692511,0.04802438265667316,-0.13330586723557836,-0.0012613680869481604,-0.07310373393591273,-0.20888804540015193,0.21983427248360798,-0.12200261820068113,-0.02878769127797535,-0.0970926242928387,-0.021486610789885667,0.04063449698382012,-0.12239054738792146,-0.15035731798425314,-0.04153160290941444,0.08503375457536595,-0.06642787478185701,0.19985905988751182,-0.10048299268643494,-0.026915844012094018,-0.020041186857143668,0.03390213620149862,0.03551460881564283,0.0881097539541402,0.04952077231255246,-0.20367171531795225,-0.12495548142044477,-0.1373782238230614,-0.08106822087433817,0.06437641167123805,0.2299706993157469,-0.01593946335963555,-0.3160003098171038,0.15639382626521398,-0.2180457642984857,1.0,0.0013032241295968577,0.06858887630236626,0.09202384149955066,0.18903218278954959,-0.0036447410691844047,0.29053744393838266,0.042536517151429094,0.3981675640552343,0.11299303913245728,-0.06439663812061375,0.0679062508318401,0.14554220406362176,0.04248458084239953,0.12209895211992737,0.07892123725904439,0.1385627357191077
BTC_LONG_ac861e14bae89319_1d,-0.06427367922032849,0.06921182161138512,0.04970580790716575,-0.011359217181884559,-0.009387434721772267,-0.04802304518145737,-0.1392037216845569,0.08947396524111875,-0.0674311285575862,0.2388259024811907,-0.024134488478951,-0.0495066802833632,-0.02759767125172488,-0.166758612662572,0.18514954524666308,0.3078992586390888,0.20951265863984533,-0.05127333588457493,-0.07848501903712685,-0.03623830505213497,0.08171527981865222,-0.09406502785641951,-0.010768173949766343,0.09315482539723169,0.08083166736052873,-0.06824055088163038,-0.07114313110769041,0.007388137050472182,0.11281315511094442,0.06703899302097473,-0.006587527799150635,-0.056261847609900856,-0.06721311592049511,0.08568628760052568,0.04286376695870591,-0.03486794804148337,0.1311386000364388,0.17763857472953232,0.34926494982211287,-0.02697575645310938,0.1826793794202287,-0.06220526913197186,0.04805234116562229,0.16167158908027687,0.09591306424492178,-0.09702895886161879,0.06190121136187369,-0.019837908878264122,0.2299704139719934,0.134410725928216,0.039570316110200746,0.08807678727207242,-0.005772886185161002,-0.0893894504704212,-0.010910578590747358,0.17991317010531066,-0.21277410312936387,-0.05469017826632238,0.011080983857323673,0.41320619509086043,-0.040707984985349804,0.1826243059783416,-0.14524732138014204,-0.034181663434259976,0.15442483832519951,0.3338187275610555,0.31624421332710434,0.15330027848895986,-0.026902694621795113,0.11246489697115393,0.12779088488415533,-0.08326629092483413,-0.010696777479274406,0.11161717541014869,0.037500696450563926,0.5812832307220583,0.24915842427425955,-0.07652769350620366,-0.07283531320872388,-0.021114221953188163,0.06128934825654434,0.07746938031739868,-0.10580112614503191,0.0013032241295968577,1.0,0.1913721530380555,-0.07704954143702142,0.06850733203091874,0.13154334138658397,-0.09106820564209188,0.12977333463325302,-0.0027650805071280557,0.2319103311715865,-0.02196355198502658,0.13220176888467441,0.02465112118580841,0.08638178551155343,-0.03292692866192905,-0.01049150971060765,0.18054301214513624
BTC_LONG_06bafab89a238836_12h,-0.056346081586612244,0.25478087123277837,0.14281787766068965,0.008854017171528426,-0.024415356365912116,-0.005690000535932655,-0.18474537742291722,0.2098069856518612,0.02789616032829362,0.0773817048096515,0.01812983595897662,-0.08031391244459223,-0.06740982474208501,-0.15794975002438216,0.23389752865866034,0.013340302414808835,0.3712299691775817,-0.15215392737222125,-0.07700149991221192,-0.06670109358834515,0.145115200735902,-0.034461194178884734,0.14618816897584733,-0.034286790053565865,-0.07944180435523371,-0.05679860456380843,-0.11855535414816269,0.03130655987480403,0.18733544477274403,0.07121962871126251,0.039410946321472094,-0.014744398614484587,-0.2210214578835386,-0.01125282989719388,-0.26396669405247325,0.16042056865111426,0.343907701173774,0.22290231728919538,-0.018827514399922682,-0.002808383050707858,0.3213674107278644,-0.08053415720170858,0.25295911003469873,0.20416880006340313,0.01576761275984387,-0.05331611953172751,0.06797761031879179,0.0029712240461881832,0.1364182073105528,0.06956046274329275,-0.045067559985322504,0.13678387348414156,-0.05319973180435081,-0.26282249320424517,-0.1620898400646963,0.07992555570618677,0.024090037916428015,-0.021871036747828528,-0.004633633483905389,-0.10862610369689886,-0.07361500000432229,0.29025919092225577,-0.14228413070287135,0.04313206592023208,0.012549262850019305,0.41050442531205406,0.08635279537203651,0.2719518468976273,-0.054848404840407455,0.16915988457401146,0.11122531399336708,-0.13600720780852024,0.006514179013154218,0.1435104132919995,-0.025216045177503456,-0.060478957557684516,0.16451086611501078,-0.154304027336768,-0.045122066285934154,-0.04651897120753313,0.09165515770218277,0.00904161659705685,-0.23287378823734323,0.06858887630236626,0.1913721530380555,1.0,-0.04188421029153779,-0.04637556992182381,0.21706692831847804,-0.09655972573267609,-0.15295421502234963,0.2057705000433572,0.29783381654212454,-0.08823695877175304,0.3142849635840688,0.0896743428535807,0.20120714750226468,0.022715553946886024,-0.18320910095702458,0.05273485222889592
BTC_LONG_a864e0a32e9d3bfb_2d,0.1444337622066412,0.06405473294971595,0.015217840741055874,0.10835060770570909,0.2822075327824585,0.49157581837548725,0.14723123445401382,0.17614267931406874,0.28686489828643674,-0.0460286118988169,-0.007260050619649678,0.08873670436182515,0.1709465555743209,0.14738334557645072,0.2670089254752612,0.0009655879167690413,-0.08936425030688376,0.02104351965162504,0.06581998594290478,0.013777130819432852,0.06050963703444771,0.4325612231385149,0.1518617908091253,0.03956421421197442,0.28302810013003415,0.07542841602509333,0.2500972888807855,0.09828406266280006,0.020203619927019627,-0.012269757436772612,0.23487901665739136,0.1702285966541487,0.12407121386610907,0.15371256091750496,-0.05757157839529678,0.1437397745970896,-0.007534827856775707,-0.047512625771160145,-0.00783514354958249,0.0644988159703175,0.015174260088369904,0.19013486906343455,0.15034937775014615,-0.09892786536497832,0.037293853296904704,0.11074126170332729,0.027463529993885853,0.15042223624008844,0.01710557930935929,0.264087521446994,-0.017339989943036357,0.0574490489385054,0.13765791171318328,0.03546651871132881,0.10101093892714705,0.0674377689305233,0.0496758827578452,0.10885132946514825,-0.00552735578357457,0.42941998173788587,0.05596569109038516,-0.06781804693455071,0.05066473988059398,0.30097258732112264,-0.049890990812380916,-0.13111145097945154,-0.004411903778850668,0.11855136287681053,0.14877296420451405,0.026070274625054537,-0.09630098518038858,0.23533120821126363,0.47790903411908353,-0.09689529694961042,-0.09642669805536223,0.02118289576389285,-0.06269140563273472,0.17508749388688075,0.14974680595269696,0.0008515660099152493,-0.09150453792578878,0.03212689240387078,0.012131496963499157,0.09202384149955066,-0.07704954143702142,-0.04188421029153779,1.0,0.1342844817611817,-0.023087842699674604,0.1024748035603092,0.14945559618202403,0.23045222088596162,-0.035164279645593065,-0.05155052613439421,-0.03187967114971142,-0.09082079526766995,-0.05255257600140011,0.08616542523181729,0.21346377852799422,-0.028787869130066084
BTC_LONG_0c7f2f1a3357a313_2d,0.26888847221890694,0.0688521843178277,0.046486409235273515,0.1424923711133747,0.005379821888897369,0.06465388196863119,0.12452988907757098,0.12156203079307218,0.3068679820085666,0.4625507428940753,-0.016703631308555667,0.14552997814286706,0.07336094169233422,0.0877008924306032,0.1667170859436644,0.07687679307307033,-0.05029146627592614,0.10061716504929828,0.6095393391948486,0.023745607254650657,0.05370708854228219,0.0417715513826824,0.23004896361478105,-0.0019435339993308237,0.12504674177973754,0.061516235534153425,0.12805924109786004,-0.010899673786443808,0.1657096588366442,0.04772663364274893,0.1464483982963509,0.209402483266002,0.03719562972161528,0.07828085556402888,0.015708982916548746,-0.02349868536985392,-0.08277734131907982,-0.04482364836936141,0.3507328390072419,0.07864105739372308,-0.08187361007013992,0.2796500145110704,-0.03369254355333951,0.019562559647528156,0.06379737909751099,0.3322558023717227,0.06618506634240102,0.12482317173466186,0.1030090256942454,0.1111928574456744,0.030050763337692382,0.03665283380820787,0.009219207995327926,0.054538333090662576,0.17411181171023837,-0.08011301339447227,-0.029729500806488722,0.06705310008044145,0.013560903129448276,0.19835049297263674,0.02401343966559511,-0.07270220178311441,0.09917081806498192,0.07645035387423799,-0.0340127906880119,-0.08965486592587017,0.0069163644321867754,-0.056215952198985536,0.059270177032127135,-0.003229814675757363,-0.00719366700757803,0.1501983875849718,0.11059065349010151,-0.08797458472505475,-0.028325660209559116,0.1745778406567877,-0.007484434823856587,0.0453781417942853,0.2417682392195664,0.041497155854542396,-0.10480169999631751,0.13723633824292783,0.051832917542146695,0.18903218278954959,0.06850733203091874,-0.04637556992182381,0.1342844817611817,1.0,-0.04628352734167939,0.09289069734685101,0.17844154029426734,0.17788901016061465,0.006145362231547115,0.0393965018565741,-0.014010774512998947,-0.004791995546992741,0.15882162413933015,0.1247257855828143,0.10480696062339694,0.03567400998771959
BTC_LONG_845287272ef90cce_1d,0.07363446202906268,-0.03655588370715497,-0.09990818949772641,-0.31107653582836486,-0.223590676740532,-0.0014151493377733688,-0.01999760931365642,-0.027164104287358194,0.004281694915263035,0.01372256488954347,-0.02247635061455088,0.07082148065628528,0.03228391030872344,0.004428255296715919,0.2029018072721566,0.10428082710936641,0.04433985429831194,-0.024168400452581847,-0.054297260867482544,-0.05024256212157035,0.04731091504883316,-0.022730791976830738,-0.009859396198203304,0.0712112469533016,0.038226465753428265,0.03393898510520318,0.06824375523305166,0.028709341127225882,0.10947792784327635,0.10028670345848169,0.0314058888948374,0.07761129904739045,0.006466076289890524,0.13435856908062146,-0.02327504068564504,0.05498240820016902,0.03712054351805205,0.2581866587850122,0.020961188821091912,0.028215797174981135,0.22265839147524083,0.07719639596348482,0.022481959223209447,0.15792410084362235,-0.09013596817734407,-0.10746200970735034,0.09099889247474949,0.013844980951542348,0.23469549983470145,-0.2725861044922482,0.03515405454767074,0.16081196168225334,-0.25965234552647676,0.016807959492512077,0.03507296760984972,0.09155367892510423,0.05886090322277617,0.05774462012802349,0.10720297041814865,0.017394640380445896,0.044238108768027286,0.1710941426415916,-0.0015754543340397082,0.04842910997244814,-0.0032925272894906354,0.2140946291018167,0.1400478095104613,0.20196488254126077,-0.030380003068944863,0.1904150792540132,0.07495395494395848,-0.1518830672242544,0.07645019024154155,0.06534907734166484,0.07542139485637633,0.03330100453126759,0.10402142717568102,0.27732999943038905,-0.07345055859898192,-0.02048454184472364,0.1416729992044425,0.09765384707235346,-0.005450606091833793,-0.0036447410691844047,0.13154334138658397,0.21706692831847804,-0.023087842699674604,-0.04628352734167939,1.0,-0.026537403256158384,-0.05921388445522748,-0.21079535831411464,0.15598561250431092,-0.11728872864415552,0.26094222100073117,0.08344411936561964,0.01591555181704665,-0.13701712865364826,0.08913576540032514,0.1272493032887652
BTC_LONG_7959fffc20283c3d_3d,0.1018600293623301,0.05914554193004071,0.07580523141807445,0.06653696609621354,0.03599553734854355,0.07800615213848608,0.0911989270679506,0.06367493243364371,0.11353592646403639,0.03553939144426093,-0.03621788250257008,0.056906752298530275,0.1093396996744338,0.08512251824878343,0.09939753122007274,0.01933545724960831,-0.08704710605729712,0.031249788640726042,0.12602256354474198,0.0058188601975091596,0.07178951741908121,0.16602110927078342,0.09350879642619402,0.047573817777458435,0.15881638586210198,0.20663577289661286,0.07423894668394587,0.031164171453239877,0.0346492034215544,0.015287560532590894,0.09618811065139761,0.05697742089977987,0.02286377230980623,0.025738080860438634,0.10635013362152512,0.03770631312980033,-0.1713770814363024,-0.016769325670705684,0.04306251356029133,-0.011458068379312937,0.008914574027921444,0.12138088855945586,0.01617043671632292,-0.12968394204648676,0.025356981753692876,0.08609226001712245,0.016213139599055505,0.04218369512657312,0.07616769802139411,0.04599741290291705,0.19915141029558803,0.15151450007035383,0.0005353409420384669,-0.03527262067295031,0.08300021221332407,-0.0990462475310348,0.04538124391647081,0.03373864147638229,0.05433530891909962,0.13445742804836985,0.014651190022882832,-0.1745593660370523,0.04457543076792891,0.07308034162224873,-0.057713404056141025,-0.06402293503811249,-0.09082501992324873,0.001762710421598157,0.0494353175276146,0.02957394932146559,-0.12839703093492247,0.07161933020034947,0.10789674129135465,-0.2168263463243244,-0.08550765507578091,0.02122756265457447,-0.04844831783636437,0.11737631030416193,0.09073982727202476,0.011939408708669772,-0.16890870563279606,0.04814419749227736,-0.051575987642703706,0.29053744393838266,-0.09106820564209188,-0.09655972573267609,0.1024748035603092,0.09289069734685101,-0.026537403256158384,1.0,0.07588741474288924,0.0826952593941685,0.04006962318774098,-0.00509553616164665,0.005391852627554154,4.91067364144189e-05,-0.20922534890734615,0.053400491703770266,0.06777777915949325,0.028762997673202836
BTC_LONG_19ec377e06899c5b_2d,0.10747373584377622,0.03203538543308307,0.037117874880354604,0.06939300657181634,0.24412218926206852,0.10082733390010767,0.22338655707287927,0.20429350625395368,0.04108933368510524,-0.001186781579469333,-0.022440878250820546,0.10677369554734369,0.040337553304968916,0.17860552024767157,0.26273874599498,0.25490203356346874,-0.08010956412997887,0.18463883442745666,0.09124225368927207,0.14268588696433007,0.01226336323700088,0.0425356007722809,-0.18446608226839573,0.13877620332682516,0.3003795320848511,0.01843007045573536,0.2378947723261505,0.07570228729982507,0.07364559902914991,-0.07102747043072108,0.1076137414735979,0.14406221511945072,0.06575341461705783,0.09972915927247937,0.002655455436456177,-0.009507452130134824,0.010934672105546987,-0.03241754711105704,0.15027251737604536,0.10184545685433506,-0.03844038720051936,0.1446539532860542,-0.0339018120649374,-0.04859512658301636,0.17017347832141233,0.07696510895488261,-0.06487941384264782,0.05487438343576927,0.16386613074172116,0.14675287445100427,0.05847368939087595,0.07427517516774935,0.07876876664090193,0.08709251458001588,0.07126812124948806,0.17766217469228485,-0.09218077491604305,0.05552175773179457,-0.03358431500347443,0.2206693632018038,0.022354590846319335,-0.025018975717056295,0.10832876827590893,-0.0020063455663639645,0.05838462135564338,-0.10154317051304682,0.21958816213978635,-0.238130646251801,0.12472136064773728,0.005952144391939405,-0.007709987863838927,0.2907502029977,0.09288438826113515,-0.03644664531199874,-0.06935806997720496,0.22093295834187893,-0.02920096402626308,0.22028896205921597,0.06966620561202723,0.02582548507571644,-0.06135868988888695,0.023439969491965036,0.028699484245236603,0.042536517151429094,0.12977333463325302,-0.15295421502234963,0.14945559618202403,0.17844154029426734,-0.05921388445522748,0.07588741474288924,1.0,0.08985792578183349,0.03430003944750799,0.11204994614863524,0.013145302597715902,-0.10638113287233994,0.017215745568916474,-0.040839565429826086,0.3146094266246272,0.11842527835600629
BTC_LONG_724dd62221db474d_1d,0.18023020009392526,0.2669685010431587,0.15575280180950205,0.38172737751110813,0.21411525561495448,0.23064992411122553,0.15568953618286488,0.17170437713128558,0.3167613340303801,-0.0014903145513407137,-0.02920796060099991,0.04468780453366759,0.0907604850908642,0.08757743302191968,0.29424574177336893,0.03813040005992069,-0.056747397343828485,0.2010860616353833,0.02568853499852696,-0.04228717973154331,0.1959371968644812,0.13653705131159724,0.3730672072105656,0.0031080578086790903,0.24053412932989837,0.009454015522639999,0.13613736430660775,-0.03548228607168557,0.21422562064250988,0.002539335509451347,0.2265970338771204,0.17904055474522046,-0.008673489051334223,-0.014552203559756416,-0.05722311815559166,0.28185246944756115,0.43748230383554243,0.029434993993791087,-0.004898671126635748,0.19864105105258967,0.028831537329246794,0.2031646847981563,0.06688707095563909,-0.051016773619231646,0.09643461614502505,0.1424317959325444,0.05350636265917535,0.11508162125498399,-0.025838067723386166,0.2977371410386887,-0.03854919557936848,0.025478585715705625,0.056552866900615555,-0.047084416182025066,0.25503438830920616,0.02800436439547029,0.0854418196366908,-0.12247128093642587,-0.020674798043269202,0.09009996610505655,-0.08409750533600074,-0.03222065776070013,0.10295708313946499,0.10677744355634027,-0.17058965913769894,0.09833555617933891,-0.043697668173596056,0.09587391865414632,-0.0023600280143319533,0.07513829596378176,0.1874837119593791,0.10609687077297343,0.1413213158514178,-0.08180365847297767,0.05150656646703598,-0.054051128104338625,-0.014272519434283358,-0.16060874319035365,0.24654504533126123,-0.022721552824158622,-0.1742663235102196,0.16051962930653607,-0.17146208263855925,0.3981675640552343,-0.0027650805071280557,0.2057705000433572,0.23045222088596162,0.17788901016061465,-0.21079535831411464,0.0826952593941685,0.08985792578183349,1.0,0.12948243417516922,-0.06546448141831923,0.028640966290889372,0.042905807760430015,0.13296150120311728,0.23004648983710566,0.06038359350360627,0.04091961631541509
BTC_LONG_b7542b0106e09467_1d,0.008553950725874919,0.32666456149701656,0.20554953446932955,0.0880757692771934,0.03811791867978456,-0.04269968614133486,-0.11240804825159746,0.07799864388000136,0.054116454733681825,0.08280213754641184,-0.05640848850387997,-0.080788214273974,-0.026090114576363496,-0.138388559865133,0.41233267444710314,0.21604846832715754,0.30014745339531196,-0.09965821149434313,-0.03755378369651213,-0.12406012786954314,0.30176177697361906,-0.05491720890901355,0.20518743448674262,0.1035745348415173,0.004487428704376065,0.011492589941877573,-0.07166706531279703,0.06191152641613673,0.4283663893502369,0.1879439158003523,0.06773668212751582,0.0555831415600472,-0.09332919530855642,-0.01652575799032299,0.07792872834393495,0.09839087105444695,0.12352508870063561,0.229515781352134,0.0701290635054354,0.10475723346978304,0.265273767247885,0.002612100644058215,0.098134636601843,0.19643232371143785,0.09435171021310013,-0.09840869016342091,0.1391110003140429,0.07120643853383216,0.3712344893495571,0.11835303002885998,0.10609844769169537,0.2692457903223788,-0.03604825787384559,-0.1801623247475169,-0.03110127492689337,0.2135987494991595,0.004999260377852218,-0.09356314990049702,0.14556545352816702,-0.08036237046443935,-0.039931179362351577,0.23959853842165263,-0.06645518586426566,-0.033375820428504156,-0.06846238914308415,0.46665221703818655,0.14680366182231872,0.22366609056245765,-0.04481845898664116,0.2272747708977058,0.1748918996503501,-0.1054995972820281,0.07686522935417593,0.09404180636589599,0.06405915506981216,0.05449529691172923,0.14059065841368007,-0.04202732856535598,-0.0008949078203588978,-0.009015013400083568,0.015172083163177736,0.17351127175894615,-0.15741662945800225,0.11299303913245728,0.2319103311715865,0.29783381654212454,-0.035164279645593065,0.006145362231547115,0.15598561250431092,0.04006962318774098,0.03430003944750799,0.12948243417516922,1.0,-0.05311163285888502,0.3000649435005656,0.01336271664304846,0.10791734277126737,0.08567582301643886,0.03522831378221927,0.41603775796499787
BTC_LONG_6e2a45b1c1f2f36d_2d,0.014878967823650195,0.027443843019401202,0.09857789679599405,0.0447496450409652,0.060159188363186136,-0.18374831336225303,0.056858277348198344,0.028904209472308314,-0.09249332529270794,-0.023905130679362056,0.18870842576895064,-0.05108444062163361,-0.003929166683614311,0.13490057278244655,-0.05225799203294922,-0.003186046551174637,-0.057832968483528625,0.07005348732485671,0.0643949843897499,0.06861284325467054,-0.0010912666697478453,-0.20841682122876917,-0.16839953599295934,-0.020618714388648308,0.07029304361772722,0.3375044629808348,-0.07550101215936561,-0.004155886448765292,-0.04732966302505227,0.16783724092972407,-0.006096987283529267,0.03333182050746551,0.09870767592397396,0.0013347755653020717,-0.013288273787988837,0.012822600972394913,-0.08265432086014017,-0.047591389679543725,-0.0024328035545776077,0.024053768117512753,-0.06447430814836302,-0.030213393629328976,-0.01372850005742906,0.007373157189382655,0.04337346289104722,0.25301915318762735,-0.054205529599889286,0.21973457511901356,-0.0579554680361702,-0.03228971234914361,0.07003845889901204,-0.0921720851474752,0.3381634383883193,0.04269312367210196,-0.023858745595012203,0.020526361588012854,0.006336479802658783,-0.01847633754209658,-0.0230265264804457,-0.05653930402209384,0.060028025931110916,-0.06104697979686007,0.04081323503415085,-0.07418928077945532,-0.0024353647510179026,-0.10407469069929452,-0.09837938408846643,-0.0762394748102477,0.018144794090827712,-0.09257282876589795,-0.02036726216744371,0.47785283437011006,0.00562620537387368,-0.002130386523976957,-0.0007909489406207194,0.14075775731026577,-0.011187355088450944,-0.007717831874843281,-0.035435654747365715,0.08950855138075695,-0.00024030321993708906,0.11209431546731867,0.06004311561542704,-0.06439663812061375,-0.02196355198502658,-0.08823695877175304,-0.05155052613439421,0.0393965018565741,-0.11728872864415552,-0.00509553616164665,0.11204994614863524,-0.06546448141831923,-0.05311163285888502,1.0,-0.120714116860179,-0.10842757780186765,0.01687087492364935,0.06132733845992043,-0.03359712881760054,-0.03385531828120651
BTC_LONG_a5c815ef1d70fee7_12h,0.023612523035963513,0.19719066000542035,0.09443121515145146,-0.046578040178918326,-0.04846917201875264,-0.009356241368589547,-0.09933220289221277,0.0728207289515922,0.013490052736305744,0.05449291972935032,0.11772312959978624,-0.023296374458154488,-0.028901695857680026,-0.1342930139086774,0.2911535263269571,0.07598942287200988,0.2036825336882339,-0.14373834900785526,-0.07703561712827921,-0.25239638918063234,0.039843305759209954,-0.027210388331060716,0.18737866548062596,0.04708259020714918,-0.03724047390521615,0.019438853495355093,-0.0007906683389247774,0.06078692932949824,0.22210836801678224,0.14124383461558787,0.0663598443512181,-0.022205578417883624,-0.05087998227137354,0.07879511848748713,-0.0390700044783039,0.05797107613237667,0.11468611953734642,0.226705468036067,-0.023448431085929256,0.00019164513213026124,0.30525844891849024,0.07719680424916477,0.13934040034354625,0.1223927147479799,0.10000057228457601,-0.07535438465818886,0.12474687244274481,0.11826896842062969,0.35197447576627455,0.03182398360139811,0.0015010540507390238,0.23367909308698326,-0.12382584079935727,-0.07312800471313884,-0.0031127153808625197,0.11404341540857517,0.07090934763326152,0.0695983895051745,0.10877314338865123,-0.07844632748596912,-0.011222257874030462,0.258234973378796,-0.07800253779104933,0.0312974043933269,0.013717726796720904,0.42251914269902113,0.24228889368375897,0.24767369485503915,-0.031115255802525048,0.3218739158454686,0.07540758418129286,-0.13413668325256425,0.06750336892053943,0.07637515318553822,0.03509836591264488,-0.0431134433065102,0.16017750469295355,0.025550674253638623,-0.028941213417430858,-0.06577431317375892,-0.01205101112474665,0.12237876836009888,-0.06951461156894438,0.0679062508318401,0.13220176888467441,0.3142849635840688,-0.03187967114971142,-0.014010774512998947,0.26094222100073117,0.005391852627554154,0.013145302597715902,0.028640966290889372,0.3000649435005656,-0.120714116860179,1.0,0.0798246802417235,0.07828186059808552,-0.02057856969329458,0.03962442471725242,0.20691905136796207
BTC_LONG_225799ddff2477d1_12h,-0.006494025546051269,0.008063781908405924,0.02635166453587706,0.008460774766445744,-0.003158489066681098,0.009449750449570816,-0.044425603236184004,0.038145197150281654,0.0861718036087207,0.1643326893889321,-0.019978613113640766,0.011162887067235418,0.4028492345781005,-0.07601976312677261,0.02324065166862079,-0.025677062574870936,0.09767889966692679,-0.01440772406561167,0.014464034134269808,-0.003196070216781577,0.03033234738966842,0.12029044522434604,0.025221650505965556,0.05290351030102729,-0.10874287081670034,0.016123849815641637,-0.0209413029068551,0.0673823909670173,0.04786721337687362,-0.008845141904184055,0.10445967298651702,-0.04128959672114324,-0.06122709312246197,-0.024198202835476357,0.05728050052792815,0.005588671556355696,0.06211756165901216,0.04440369557998721,-0.0350133340262005,-0.007049371551533952,0.16519491266003578,-0.0463638430577775,0.0684567592742817,0.055425725115271364,0.005261370966273709,0.025964424751614607,0.08314957754527187,-0.015737912427382837,0.007428964064586153,0.008152010012713243,-0.14384391354757095,0.009066447405316121,-0.1518136447620045,-0.01302854325160797,0.27780332470388786,0.021419257697275047,0.009913703962218808,-0.13437814567629017,0.016052336965912746,-0.07250589525709175,-0.05615088586198262,0.0514713659063449,-0.037813401839662544,0.10505229731510667,0.028578799415285936,0.11712345612013507,0.014506248280548353,0.029265124871673428,0.0069918331526328675,0.016241270641854846,0.08979965733565277,-0.05441656972093685,0.034944476682408694,0.011687411350684681,0.08430439037492751,-0.12345436995329927,0.09351619408061006,-0.07053292099984265,-0.017046245831848942,-0.04839122327533235,0.00046687737585571947,-0.05531352502215987,-0.08572284080394157,0.14554220406362176,0.02465112118580841,0.0896743428535807,-0.09082079526766995,-0.004791995546992741,0.08344411936561964,4.91067364144189e-05,-0.10638113287233994,0.042905807760430015,0.01336271664304846,-0.10842757780186765,0.0798246802417235,1.0,0.04489136312167159,-0.01662484806995915,-0.0025738807097650264,0.07856754583276454
BTC_LONG_39c4aa3f69b92e78_1d,0.009510157506195584,0.039313406322745985,0.023276565342358734,0.04648328852847427,-0.16158482018029358,-0.018567085465406172,-0.11852521097896132,0.13231275409256,0.15128018158557396,-0.09945835701055715,0.06406824264754031,0.042007148963538625,-0.32110932948769233,-0.1476879744233142,-0.015609365490240477,-0.015061634325700306,0.35232545742987864,-0.06846059477271789,0.09805631675279469,0.0021931984683993765,0.09161555917458196,-0.1717846176506474,0.08920951310405506,-0.08699552062500812,-0.07173802128023417,-0.07017683873791057,-0.06835904495321889,-0.21180580922785106,0.2589790196486159,-0.011163755924693947,-0.08759520346605815,0.06579799077867714,-0.11726888583178298,-0.26637397916176403,-0.05239036174695104,-0.07285613316889629,0.1430483798810806,0.031222772652230765,-0.03361269059411988,0.13524656479373945,0.06663086832243659,0.04023274957251927,0.031237211276378275,0.24185441913405892,-0.06565440083594905,0.12399913452790243,-0.08747736760142476,0.07984338672535227,-0.11647244889256987,0.0019681462183923073,-0.12246117608548025,-0.13309781317141706,-0.010916761349343274,-0.04802039806544966,0.0017916633019960271,0.11769789142891984,-0.014887835606977429,-0.13622319072832115,-0.05171533792283869,-0.3652572529085208,-0.07633603295998072,0.23256514019694116,-0.08557069049052098,-0.16863525462641588,0.06615644851055397,0.27968667889320825,0.05260506921224886,-0.09359891032695157,-0.01639891036898683,-0.04309742819260337,0.3466388701555849,0.003976377678965592,-0.1979902194231524,0.23330009909057842,0.02593858512347981,-0.059286023086011025,0.012181503969241479,-0.1987774972743938,0.09050964010703776,0.0037763689148563873,0.11803850198556902,0.028069656627399273,-0.11336269547913902,0.04248458084239953,0.08638178551155343,0.20120714750226468,-0.05255257600140011,0.15882162413933015,0.01591555181704665,-0.20922534890734615,0.017215745568916474,0.13296150120311728,0.10791734277126737,0.01687087492364935,0.07828186059808552,0.04489136312167159,1.0,0.06759152875423241,-0.04427088195054977,0.030684693849219534
BTC_LONG_6e5a22a16dafcf43_12h,0.041374240925422745,0.20470067354964877,0.12236374261185592,0.33377574553778705,0.11107928948161878,-0.17195849574303249,0.021073621587495383,0.1055920007230279,0.256591707532014,0.027940303209093395,-0.05296514899407848,-0.5586851097462125,0.05379693687011577,-0.09302660900025403,0.15930783814239344,-0.008239149508604536,-0.030333462418817375,-0.012576316810756744,0.020118160759825667,-0.146474000498008,0.04340392380142625,0.04846037764177025,0.2288007072814716,-0.015159705305115356,0.05624352113264076,-0.008872764618377847,-0.057577077019082344,-0.042445960975186346,0.09955320123925661,0.04532460490532202,0.11404927639967868,0.21150300915972992,0.01322796776059876,-0.12884873010656134,0.02999491826145671,0.04569189018185443,-0.055915400432822095,-0.009363134686804452,0.0199615597103372,0.0402342671639744,0.03909581833581456,0.011916264466363591,0.1172317056687786,0.088670495132976,0.06847721359863404,0.031190194055204352,0.06513827048907432,0.0863646324334108,0.051108642308502324,0.1496054467952899,0.014797939466905854,-0.011519600964272018,0.07422206871896495,-0.018342384459763727,0.1024907662307353,-0.03999652815482097,0.07465496817865407,-0.16656713182382502,0.05947859831235583,0.055163881528221555,-0.10013604817602197,-0.056439508269069884,0.03724024333009136,0.02686572872638584,-0.3100837766777937,0.006940059417782769,-0.11685622122202431,0.08863340226408861,-0.006705739084524501,0.38953091596960443,0.01672339139880128,-0.0135125371058751,0.07369196247310912,-0.030394287939471343,-0.046338228427592235,-0.005872007734698146,-0.02260733223075191,-0.17090714343164398,0.16224522623684834,0.06801871931584894,-0.10006359590427874,0.10355401097635361,-0.04173404672083968,0.12209895211992737,-0.03292692866192905,0.022715553946886024,0.08616542523181729,0.1247257855828143,-0.13701712865364826,0.053400491703770266,-0.040839565429826086,0.23004648983710566,0.08567582301643886,0.06132733845992043,-0.02057856969329458,-0.01662484806995915,0.06759152875423241,1.0,-0.06314824937926548,0.20795596987203435
BTC_LONG_023dd7bb9d6ce9ce_2d,0.20546308290016016,0.009049343627655953,-0.13465800914367798,-0.07676020023264996,0.12163913451287292,0.14809438206358147,0.19599819971853688,0.023193513720418377,-0.030208239151700778,-0.047232956387103855,-0.008869885805576202,0.19345119079002773,0.14146077073012375,0.1492136284124154,0.27805888009206553,0.21656182393573772,-0.10495682134246152,0.010318010252141826,0.018320780568309426,0.04221791835470936,0.053099210700476775,0.0748600433322737,0.08669169485207277,0.24580064269277016,0.2657830227231536,0.06414708842156314,0.32139568028161936,0.09998865964892571,0.11713348803309966,0.07239589554398364,0.16388807183610185,0.14587148230686478,0.07732912682078633,0.15043984487426165,0.007187790070638434,0.03644447258413515,-0.017996710831379447,-0.0074292800074664544,0.1055698751346945,0.10346615155032132,0.013776415176074152,0.35793421577406676,-0.010281377867521127,-0.0680359338711134,0.02425983827097384,0.002508927023681908,0.10817692640009346,0.21533545527516185,0.08513010115493896,-0.11903419663619834,0.04240528471305054,0.16721459568908215,-0.04920969477131676,0.09480673953774624,0.1310276803733464,0.23504121753799911,-0.03397635258955421,0.14993073476306648,0.090466200443844,0.17657777349020543,0.013747601731940432,-0.013093371579133846,0.15165650358691005,0.0774450985801354,0.04262491366183248,-0.05967230058206932,0.15590666695852687,0.03282986817674872,0.09015627187365995,0.13217777450730941,-0.0335516285497388,0.25586688055365364,0.18136440144842933,-0.05251565654307767,-0.0503737033321075,0.07994028123734279,-0.05236223077188368,0.40430685911226283,0.11234657091679096,-0.29310186086108797,-0.0531866188844723,0.17805298971799183,0.06507812740992812,0.07892123725904439,-0.01049150971060765,-0.18320910095702458,0.21346377852799422,0.10480696062339694,0.08913576540032514,0.06777777915949325,0.3146094266246272,0.06038359350360627,0.03522831378221927,-0.03359712881760054,0.03962442471725242,-0.0025738807097650264,-0.04427088195054977,-0.06314824937926548,1.0,-0.02682616715752681
BTC_LONG_4a5320eb6a3bcada_1d,0.03397066155962407,0.07291072382006852,0.07451842180140511,0.07309836015560009,0.04271166256196427,-0.06827826416404534,-0.05798263813823525,0.0003086711314190699,0.06948315332818852,0.06974325933362337,-0.04384707118921772,-0.19449452847093776,0.03352134001453858,-0.17127779566007525,0.302838367044563,0.1492029735378082,0.07985018491183885,0.059089686965484,-0.011490176337173807,-0.09781161889789722,0.47638759218729054,0.019224021896568515,0.1099153047185153,0.06045930308948291,0.042847724894680535,-0.007481738758513221,0.0001130461595585484,0.04130331399204184,0.25007609768011957,0.0883481040404192,0.07453938471153516,0.09728162572114327,0.11427913807252378,0.007303668159898257,0.3313855900708393,0.06596336745886057,-0.018083959067727008,0.1596143749930168,0.04781924877537995,0.07001446914924582,0.14505035057684207,-0.008398025508480901,0.013007289321548949,0.257560910924214,0.07333094896268057,-0.06255182889672263,0.0593098546147129,0.05520095872708126,0.2699912392685766,0.05241387679236875,0.02887638359215261,0.15679698607741618,-0.039856374056169,0.012993173232479133,0.20323932565248612,0.10593636575223767,-0.02865818595617235,-0.14736280805380225,0.11810657905314374,0.007708671572110175,-0.053040267328208414,0.1510040502466224,-0.036280414329726986,-0.017212518114646243,-0.055671601705755774,0.2922142423331723,0.12184710471202359,0.1530633039752702,-0.04834673631154571,0.23382085796916516,0.18111256148904545,-0.07510102933957405,0.04295449330021061,0.05632953106912709,0.16909245115069751,0.03391689337912034,0.09188813659393205,-0.022129950103313322,0.013826262578543191,0.005032338340688226,-0.004166850251186309,0.1079074709620551,-0.013547516387598532,0.1385627357191077,0.18054301214513624,0.05273485222889592,-0.028787869130066084,0.03567400998771959,0.1272493032887652,0.028762997673202836,0.11842527835600629,0.04091961631541509,0.41603775796499787,-0.03385531828120651,0.20691905136796207,0.07856754583276454,0.030684693849219534,0.20795596987203435,-0.02682616715752681,1.0
