factor_id,BTC_LONG_00496e0a18c5c27f_12h,BTC_LONG_022fc44040f52195_3d,BTC_LONG_023dd7bb9d6ce9ce_2d,BTC_LONG_044d4841e5e18788_2d,BTC_LONG_06bafab89a238836_12h,BTC_LONG_0777fdef3d9cb3fe_2d,BTC_LONG_09ea97ee62d22743_2d,BTC_LONG_0c7f2f1a3357a313_2d,BTC_LONG_0fd6615935a42929_12h,BTC_LONG_110acf71418c051c_1d,BTC_LONG_112acbae6242f1c5_1d,BTC_LONG_13ea5183446add0e_3d,BTC_LONG_149214ecb27245d8_2d,BTC_LONG_18736382b197243b_3d,BTC_LONG_19ec377e06899c5b_2d,BTC_LONG_1a18cc95e5440427_1d,BTC_LONG_21f85655a3d4dbed_2d,BTC_LONG_225799ddff2477d1_12h,BTC_LONG_234317c3f71f1454_2d,BTC_LONG_25abe5371fffe146_3d,BTC_LONG_25b726f17bdbc7e5_3d,BTC_LONG_25e9a00db8b7a09a_3d,BTC_LONG_27cd54206caf7f3f_3d,BTC_LONG_290035753dfa1e36_2d,BTC_LONG_301412f1a92aaecd_3d,BTC_LONG_32790d4266a3dbf2_2d,BTC_LONG_3327ddfbab14e535_1d,BTC_LONG_3872f77e98ff3b88_1d,BTC_LONG_39c4aa3f69b92e78_1d,BTC_LONG_3bf312a1be80dfa7_1d,BTC_LONG_3c323377de3e4078_3d,BTC_LONG_3cd945806cc1e41e_2d,BTC_LONG_3d382c6b95774870_12h,BTC_LONG_3ebd17aa694e737f_3d,BTC_LONG_3fc88102a54ee0ad_12h,BTC_LONG_4a5320eb6a3bcada_1d,BTC_LONG_4a707af33475c4b3_12h,BTC_LONG_53f081fb7aa13377_3d,BTC_LONG_546aae11ff7d6499_2d,BTC_LONG_54c24918a2d046b4_2d,BTC_LONG_5740defe528d6e16_2d,BTC_LONG_5b55989455e686eb_2d,BTC_LONG_5d47cc6741d7c67e_2d,BTC_LONG_5fcd25c8e6a72764_2d,BTC_LONG_618010b07f5aeded_2d,BTC_LONG_6360988c96987bed_2d,BTC_LONG_665a553ed9e4f0c9_3d,BTC_LONG_66839828a010ad14_1d,BTC_LONG_68a3d0b0c63c3b13_2d,BTC_LONG_69d7c8d06b8ae442_3d,BTC_LONG_6acdbb3b70568efb_1d,BTC_LONG_6d14459a98f6eceb_2d,BTC_LONG_6e133e86c2c01d4b_3d,BTC_LONG_6e2a45b1c1f2f36d_2d,BTC_LONG_6e5a22a16dafcf43_12h,BTC_LONG_6e6fadb75ad48781_2d,BTC_LONG_721f882d099afd18_3d,BTC_LONG_724dd62221db474d_1d,BTC_LONG_7633d7a44ab2b4b5_3d,BTC_LONG_774a2fa3bbfb3bcf_3d,BTC_LONG_7959fffc20283c3d_3d,BTC_LONG_7e8a41a51ae079da_3d,BTC_LONG_7f23a3dead14afdf_1d,BTC_LONG_7fefaf095239c223_12h,BTC_LONG_81c364516a41a911_2d,BTC_LONG_82eb18af626016be_12h,BTC_LONG_845287272ef90cce_1d,BTC_LONG_8a7646dc5ccbd0f9_1d,BTC_LONG_8a84f7adec6f2c5d_12h,BTC_LONG_8c198db3ea178cb2_2d,BTC_LONG_8d4a1327987b861e_12h,BTC_LONG_8d967f7e7ca4eab1_2d,BTC_LONG_8f4cb2e57d3d016e_3d,BTC_LONG_9044a6d8eaac417b_1d,BTC_LONG_94dd72fe1d374b6a_12h,BTC_LONG_978f94cff6100d1d_2d,BTC_LONG_986eab606b120088_2d,BTC_LONG_9bf33e9f6e490f1f_2d,BTC_LONG_9d731ebe50ebbe65_3d,BTC_LONG_a1079e0a77d7f501_3d,BTC_LONG_a18389afb4e8507e_2d,BTC_LONG_a5c815ef1d70fee7_12h,BTC_LONG_a67a467959c6c593_2d,BTC_LONG_a7a53d44b1d1b10b_2d,BTC_LONG_a7dad690be812564_3d,BTC_LONG_a800262f87cb7ffd_3d,BTC_LONG_a864e0a32e9d3bfb_2d,BTC_LONG_a92d11c420091618_3d,BTC_LONG_aad29e2812bcd407_2d,BTC_LONG_ac1d6d98aba0a2cd_2d,BTC_LONG_ac6867f81c702dfd_1d,BTC_LONG_ac861e14bae89319_1d,BTC_LONG_ad3c541b70ce7c4c_3d,BTC_LONG_b16e26d3230fb605_1d,BTC_LONG_b69cfade287b0e6b_12h,BTC_LONG_b7542b0106e09467_1d,BTC_LONG_bc16b6bea9830967_2d,BTC_LONG_bc8cc20c800b4673_3d,BTC_LONG_c1626e74d2f236cc_2d,BTC_LONG_c5f939c61dde6693_1d
BTC_LONG_00496e0a18c5c27f_12h,1.0,-0.1097492508096674,0.05768449672512998,0.003346473291161854,0.292408212369515,0.000680995188576714,0.10791455439119339,-0.06173630110337307,0.04349298556454794,0.17561097675474993,0.12416129114100137,-0.016828727663831325,-0.07678342104907271,0.06987738069810703,0.002500225161933978,0.16873341740605527,-0.021888650418524513,0.3108295751051475,0.033182237476217985,0.04045673024014611,0.03383921746508105,-0.009088107240303338,-0.09115911069351895,-0.020925835993869473,0.06898998176219345,-0.0458340601100419,0.148290441701397,-0.02156438246352479,0.14937132718354612,0.0750061379992774,-0.030182054808671865,-0.023366280500634933,0.40739061875322574,-0.010651714196825368,0.03688455723654189,0.2013287361786561,-0.07856735696459084,-0.0017291474558321623,0.033241558959732936,0.008972237255234048,0.07237718784183364,-0.15909844246263552,0.005566059190168429,0.0632722147324666,-0.04088464211558542,-0.008133674763325322,-0.0852740960437669,0.20381566746213894,0.16322345420696815,0.0174685840828219,0.04953694759474603,-0.01703318831222342,-0.016029916911817557,0.010696557646986876,0.09271609888941276,0.05081365207119853,0.0459390618458993,0.046439392474692476,-0.011404673463695772,-0.04487952131327821,-0.05210763379076832,0.03170568258445707,0.15621103216246035,0.23799651958339013,-0.022616051090991338,0.06551789473799696,0.004937750395752603,0.16246286417647382,0.2835889519907633,0.07037906388530274,0.2508366359291053,-0.04111926818350964,-0.06550824325273391,0.048163552797752036,-0.1130202327888882,0.03894189561973542,-0.033988671191412655,-0.07541568357003957,-0.15220112283199771,0.061374849039776976,-0.025348265124185542,0.23213618177710538,0.04102423849567521,0.06281012973787474,-0.030548939215164442,-0.05814749673052602,0.07674040973813069,0.07980330012878438,0.030258088677035982,0.09366266406161972,0.2282429581091924,0.17229917760406674,-0.018920380035929208,0.24924521586864068,0.23677290683499524,0.2534276498753722,0.036435328742720825,-0.004732234804726795,-0.03998684331676099,0.11776620945492476
BTC_LONG_022fc44040f52195_3d,-0.1097492508096674,1.0,0.013717637935518641,0.033020610882399756,-0.10665427755566761,0.0810214394079963,0.023003404740856333,0.04455134211830783,0.07241269999631376,0.043132172225087785,0.03506713585084354,0.034024769657597674,0.0773338923098043,-0.03353967302054601,-0.05687377608972219,0.02425362269999398,-0.00537722418528523,-0.07284577347876407,0.07457866861433052,0.11634870370772936,-0.004155206844781345,0.06297911523532325,0.12193422443552138,0.07555887480081085,0.04073991323665932,0.08054813617381233,0.03231137873350798,0.03492865142568037,0.04480889946289164,0.04777523750683286,0.08254060626576928,0.04078555577934908,0.015584447952368241,0.1297445825873766,0.017280657147605592,-0.0014248821472001765,0.09061377673717164,0.13318835863007,0.033840599863917575,0.11624672832742043,0.019039088476040054,0.06648645183524868,-0.010403739980043599,0.08162205250863612,-0.048748176045359574,0.026396705139876946,-0.02650049722800161,0.030202254516672866,0.1030931348351008,0.014139073126895952,0.03332716106836599,-0.021289064631570664,0.10519906349918419,0.029089057257261255,0.1345298212625773,0.16840068651244666,0.04820478131357097,0.04839433587806804,-0.022644355955722173,0.05800737617512624,0.32381203661292607,0.08106850743774997,0.047480014895275896,-0.1289560254361362,0.05525737099636285,-0.04916557963459029,-0.10421326743615686,0.0280324329025665,-0.057243526284209645,0.013091248496170846,0.012665299959780127,0.07865818317164572,0.10468667932570058,0.11868641299425095,0.06826223337344318,0.09436219762444904,0.12194286272666781,-0.05507453086215267,0.06530171501246994,0.1109765709215126,0.0067573956912801506,-0.04473987281093734,0.1114206983143137,0.08042102010021834,0.14513436802442176,0.12644504204297044,0.07871688675121004,0.17795314174401777,0.08851747774104314,0.07689345641837343,-0.0040531803203487145,0.04445063039050609,0.018527446432268214,-0.028635242526654902,-0.15521536650802506,0.11475627079363913,0.05125349540563875,-0.04686425449084969,-0.017466372182905913,0.11250102831721245
BTC_LONG_023dd7bb9d6ce9ce_2d,0.05768449672512998,0.013717637935518641,1.0,0.11901281597714027,0.1445153054462054,0.20986957028804681,0.1430075284701883,0.224630432959998,0.09233219823214421,0.2504901191565858,0.09432234266045583,0.02605131313220147,0.21182948125105674,0.14409766512126826,0.1681143723808556,0.06099281853326504,0.14412116949465215,0.0414069665625241,0.23006272328756605,0.023167919624875216,0.08773064985188218,0.0864840778360079,0.012857918751440977,0.12404418385712267,0.07344628577824977,0.22818803892434292,0.09229579683805399,0.017167504229716832,0.01001600686795161,0.09577759678293639,0.007930211053402829,0.09415197681284555,0.0759863953734581,0.051249537181688454,0.035315052980975474,0.12362605452067864,0.07927437922628311,0.038342272555399584,0.022660517878629143,0.2237195946941383,0.1039695677901235,0.049786283635702686,0.16830023025050306,0.1577962465907247,0.13205412112803086,0.17194371964069716,0.03811374892687414,0.100798467703327,0.09012361343029418,-0.026957317212563336,0.07432410250920139,0.12266273086498643,0.13365811915112602,0.2607485042893944,0.18282130214844594,0.1706167168877788,0.01576168460562064,0.05087254004425687,0.0584019722660019,0.08394646656737388,0.05067995835423614,0.005108488316452522,-0.0030906620742673454,0.04736515681066921,0.08980560880419708,-0.07354252511506688,0.03361863932311673,0.1256189911607544,0.04667945661487945,0.08821175864297177,-0.1125331914824115,0.14835281085939225,0.08858403209469784,0.0338979538308185,0.03128636559604406,0.14621470752541862,0.2351476943079122,0.09702553285536777,0.023969467253488273,0.05898042150956174,0.14944917130212929,0.023011484416425566,0.22475400450567198,0.11069164218765588,0.06930858627742453,0.08240798462007327,0.23245038119912648,-0.1144423490896963,0.15153984328624617,0.2878087708656501,0.024670160248694683,0.04826841629219476,0.13760755218990567,0.2049014108303313,0.021018975709061066,0.1336828181665434,0.2070607224944236,-0.05501347361535935,-0.081790322063939,0.11984826379368989
BTC_LONG_044d4841e5e18788_2d,0.003346473291161854,0.033020610882399756,0.11901281597714027,1.0,-0.006874975372907506,0.37145241899062,0.08189300040255483,0.1793405253242129,0.02602423013491807,0.04218346832086451,0.0126355627280606,0.030181542112065425,0.044908180987858926,0.03905348628661172,0.20685939183814486,0.015682659605594212,0.04587038545049298,-0.05719132657193209,0.06724243260795688,0.00014481582943648582,0.004599823789944181,0.02203640420677862,0.07443551843123833,0.015153008285614491,0.022405589651337227,0.2209033449124409,0.03377050105922194,0.035821513240862704,0.04749337164029246,0.08027791022807411,-0.02048074745578158,-0.01416490975063904,-0.00889194951896176,0.06631345820215646,-0.00947899147310113,0.02747127331442987,0.0322393181150981,0.0004902822757001198,0.045120340798337794,0.07102001067475473,0.16684073470301278,-0.03561566984502797,0.01107776688758966,-0.005105792137101678,-0.004888001976576029,0.10776010174758956,-0.013999473702577944,0.0162451429168849,8.022076229430265e-05,0.0036875387341164536,0.0662164740141629,0.057307255287712744,0.06479221298105348,0.06457281880343958,0.08090176172453342,0.04754341742495274,-0.015858851717479597,0.07770447193416292,0.01924521002106668,0.04436384243757219,0.0005654018566545884,0.033616106971913404,-0.0008463073271827896,0.021640923217381074,0.14318349236301256,-0.011718773810673148,0.005154430858471311,0.056957989554163875,-0.02394286225018903,0.04151461526269494,0.015042123143887714,0.07273199444301068,0.05045187830759081,0.036597957679649164,0.03218926303621968,0.1793936461542565,0.0779094888928216,-0.051240615002993734,0.06150581129018895,-0.008860128262803095,0.08383366358731523,-0.003661222511279292,0.07681705622257368,0.13475196687915506,0.08375061986341087,0.08722243408506998,-0.09306988686389478,0.032401891932036325,0.030061760464864164,0.09042085869467896,0.016190271470057888,0.011598978371641715,0.08731314615311549,-0.016778442345398634,0.007720967788365235,-0.004519993527291364,0.001608407203400812,-0.00521362041466782,0.15215707256375563,0.036805560802671174
BTC_LONG_06bafab89a238836_12h,0.292408212369515,-0.10665427755566761,0.1445153054462054,-0.006874975372907506,1.0,-0.11621407867645894,0.16275388514417405,0.04535023203990736,0.03678090417392327,0.10103466738173301,0.13863507257713584,0.04373249579762376,-0.04821845883849746,0.08334729173820755,0.11936728263524328,0.20628968448277762,-0.08704631761893568,0.14452844505172238,-0.032193062527012685,0.00797365949698681,0.05121706485263856,-0.002754746363038831,-0.12471613863363462,-0.030440591127977437,0.017757103554344924,-0.043285820833997325,0.044197382024340905,0.04470823358594706,0.051156402382431576,0.012310512489175718,-0.04020380487888021,-0.020170778836007014,0.17288201373691753,-0.04230755277876968,0.02659939004137475,0.2638600725649205,-0.06734124223866039,-0.01132068423846133,-0.12396962605432434,0.024117897198371437,0.004808821605071943,-0.024577369400651146,0.13292466584024684,0.026448783282410272,0.035005150141204915,0.06428261808953808,-0.011416882209477957,0.1283966139614322,-0.015279333840554927,0.16842497493656336,0.012010416236936246,0.010944449867744503,-0.0186873528217295,-0.13097712803103917,-0.005407431664651759,-0.009105866870106224,-0.009456519130613218,-0.14037905026221364,0.09602500440962454,0.05179520765797244,-0.03999997871831855,0.03253355444201336,0.19762279530551388,0.1610094949564393,-0.14459322157503832,0.025244506168633964,0.38365259415156305,0.008879236347556134,0.309201247879553,0.14223299260980438,0.007629528155429831,0.07547215500233748,-0.05673845089079786,0.10702559600763638,-0.10866703305175479,-0.17267357347931167,0.1725424307780378,0.12670318209234482,-0.05492402236837495,0.0813619651955584,-0.1782602303265334,0.2202477525903363,0.12318517252298669,-0.09227370533516602,-0.04773033823559647,-0.03650605051714957,0.08238425646755218,-0.017530131708069083,0.0051709123757473895,0.08325872484010922,0.34137038329953406,0.0493641011892595,-0.055157191125586764,0.23472525696341762,0.10673873633679803,0.03648661781882746,-0.01056582660216104,0.012124375544436631,-0.09566107046910839,-0.003891248924629193
BTC_LONG_0777fdef3d9cb3fe_2d,0.000680995188576714,0.0810214394079963,0.20986957028804681,0.37145241899062,-0.11621407867645894,1.0,0.08297629984024325,0.25716803661327486,0.09016667503711133,0.05612709247653598,-0.0007068954685771249,-0.005953117059937447,0.09948776278124362,0.12820739077913165,0.17082715070054486,-0.02079932106784671,0.03532210064765855,-0.046037045606513345,0.1867064806924756,0.15118029256381893,-0.017369503182161437,0.04351824639180497,0.10641341004341656,0.2241171998412253,0.12770518782865228,0.27102928765085255,0.04240499480558239,0.011401153034354692,-0.005518210385539285,0.05877500297270801,0.036807181223532465,0.18444835951677777,0.009679959813064952,0.036920756730020335,0.011194592030492785,-0.0597731022450156,-0.04190989556628033,0.03550479372045471,0.22969027199915962,0.13646368126582215,0.054701820746865665,0.04600251743431492,0.04332865861821158,0.13829842120046307,0.039978948560147796,0.1331107990374357,0.15697320924226174,-0.03337001953205109,0.04484470173948934,0.027986152322654747,-0.03135020823477427,0.14280261056146537,0.09876573639826615,0.08107603852886928,0.05178228844006527,0.10690715270376323,0.05948019220122071,0.0797822110905402,0.07109388502366212,0.11421390148306228,0.11160843043045791,-0.001517818810272909,0.004663360056410093,-0.06211638027138932,0.1416530452298468,-0.058941735259705925,-0.06951820907801577,0.04513660138553878,0.029514004410300082,-0.01711190454154253,0.037978696972010444,0.2678617026864593,0.06772432043247155,0.021569106707101635,-0.04783561078482555,0.2644882880120657,0.26518049978909725,-0.01883030209794533,0.059531249372727954,0.06229960735835076,0.1567325172153202,0.09064762547614656,0.2037298623808642,0.1922337004707297,0.10867939424495818,0.03193026294389808,0.1994209420352199,0.023918370903055864,0.10394478867640575,0.15626573448488656,0.005267569823672975,-0.0342762538481046,0.06313100407198624,-0.09866154954308709,0.013200747234510982,0.10998795207338727,0.3130683926433892,0.046979941337671596,0.16232686383573597,0.06418294401437243
BTC_LONG_09ea97ee62d22743_2d,0.10791455439119339,0.023003404740856333,0.1430075284701883,0.08189300040255483,0.16275388514417405,0.08297629984024325,1.0,0.04668563934263852,0.0005590021399515507,0.1671349341094853,0.10606721067617718,0.07611516970743101,0.0025805752389197584,0.03888751986488348,0.07856029005196215,-0.016557721245932435,-0.0848397125189617,0.04130756860122831,0.11420057935524792,-0.10820370965832518,-0.0789081854986848,0.025284535837558787,-0.04384973052057425,0.174243437408865,-0.05193282085940089,0.08048776503829379,0.05345931540775833,0.04160261876598394,-0.019250790622178056,0.14873390087127228,-0.03293164531054606,0.09237667906806864,0.0401476577508975,-0.00869891347820136,0.022997896420465083,0.10275922966970484,0.10915826809494132,0.035226631941713354,0.022822873119214892,0.01690059463442334,0.12213399589769318,-0.08302115585319034,0.1733803144332833,0.14337861831378318,-0.028151991065205145,-0.0850246544847868,-0.06428768483477071,0.14078560822465097,0.07289225586909243,0.0007477947018498915,0.08341094743774526,0.1014784788878673,0.06847622053183804,0.030985951576101484,0.0724598085165582,-0.02522931094450326,-0.058455820802110516,-0.0675969495058914,0.04796064472732813,0.006441212672202943,0.04691840877846689,0.048936614056303285,0.03002933890363518,0.016620289605515474,-0.030996919433038395,-0.02761182829399853,0.019590237879928876,0.06614920654569523,0.009660815736360401,0.08755661277260414,0.07730788262423091,0.13022719632520482,0.06939062590544125,0.1144402689545194,0.06218716773887572,0.1396951350028881,0.043004410693956975,-0.08205700450132676,0.006262769781207691,-0.005863993652489993,-0.01337292999329634,0.028044282203601906,0.1662419964407321,0.023959323543170215,0.01468468187266993,0.018988872969001834,-0.03689292933080697,0.020589642832215253,0.0690274024702277,0.05689379298342498,0.05298196568153377,-0.014201520880448813,0.15164216880101072,0.09034351349109734,-0.02595941978348913,0.06125564661827042,0.023172331765957465,-0.020844429220406264,0.04858957863005301,-0.014636670243349508
BTC_LONG_0c7f2f1a3357a313_2d,-0.06173630110337307,0.04455134211830783,0.224630432959998,0.1793405253242129,0.04535023203990736,0.25716803661327486,0.04668563934263852,1.0,0.08834531090454076,0.11762359961066557,-0.036193302311084,0.1582167079913984,0.263916004290356,0.07253407036008627,0.09949927033824442,0.014515343675357185,0.1593694442796126,-0.012662257551031623,0.1742193313971312,-0.003501730611680434,0.12102750533542038,0.08481371736882251,0.03154974034277412,0.06420039566494991,0.04671003335981291,0.3916102032226026,0.13390459497439305,0.09539166588594852,0.014454523452094508,0.048433780162483814,-0.021884859862630338,0.16356249517173344,-0.08009497057147093,0.015012913043246152,0.02931501068838245,-0.005430860314823571,0.05406049998023138,0.015888628726571524,0.27032031803693946,0.38323069998813825,0.12506907991209507,0.1552823427313242,0.12733143125984395,0.1631965028858047,0.15073540160880008,0.1666295099759805,0.09557945855787217,0.04475630512271578,0.05065753876138982,0.022858341527514998,0.03193287895936976,0.19506573280622064,0.21936679854724994,0.1904382081018959,0.13423425656422422,0.19071033988492817,0.06942049235053013,0.005964902062718517,0.19497606925522817,0.1575635282021084,0.02545877448099359,0.10628170045327667,-0.12473528395151769,0.005901259639072981,0.310663160588592,-0.15348057026207065,0.06284462282077678,0.07340830459241028,-0.13873855191306722,0.12775733966768615,-0.05300885257427458,0.2762849754146164,0.10618169061197606,-0.018036261813498662,0.042954810204769205,0.1391200291146209,0.1187468125261984,0.141144303871374,0.14683465153494032,0.1846916731117089,0.16728451120406793,-0.016726788192999425,0.16397063630420458,0.06398323453321195,0.05566053820445919,0.08489254288865522,0.1317715791716904,-0.17820736571608686,0.23485570805815772,0.1583373157003633,-0.028554106306024635,-0.036096295742096024,0.10198922845457961,-0.028984547049770666,-0.07385051789103364,-0.0025872897966416875,0.21402114458730961,0.1551868722937611,0.13372023521650134,0.0749132149960105
BTC_LONG_0fd6615935a42929_12h,0.04349298556454794,0.07241269999631376,0.09233219823214421,0.02602423013491807,0.03678090417392327,0.09016667503711133,0.0005590021399515507,0.08834531090454076,1.0,0.06476419070766212,0.09735250450093373,0.07227840135894481,0.17901206507011982,0.008728500209275793,0.011036535518140812,0.10253394095479962,0.1441832695479353,0.18749996177591116,0.06457620057546093,0.013723398714407392,0.1310806834527952,0.04305279177839271,-0.10041369883240814,0.17667832999735839,0.05690706383600074,0.0709114181793707,0.208093968591231,0.05854273329673352,0.045456927055643644,0.2199047567397675,0.1035879572546853,0.11409543821442751,-0.07302021022078373,0.015520222347455719,0.16595250905785353,0.058125067726150635,0.1773521620929494,0.04854947899080783,0.08603914148468382,-0.013159407879168012,-0.06330683571254851,0.019133465370078206,0.031067502534820893,0.1802358133320989,0.16453209469396504,0.06285837423330255,-0.007422699265977704,0.190014094571748,0.05507157978461064,-0.012803880878578557,0.16300423143017698,0.11358050643740698,0.050726721344821,0.03577525965625008,0.3112116521699143,0.1045411286714191,-0.008112414804554272,0.28746909457347275,0.023605204970001487,0.05274287808697942,0.1285702371663989,0.0878203379726894,0.04110000766016453,0.10467014535825668,0.08865265636302412,0.031894324297905584,0.06259989822743421,0.22588645321105358,-0.015671516827183398,0.14894518423057723,0.01420420127477292,0.07339731056747822,0.09738503114348467,0.09592272413808363,0.09785214226307581,0.13035402788942085,0.047332836192752824,0.11916673244233114,0.07586512807561202,0.109448046688449,0.11657683234579798,0.09142800907185675,0.20386680189889644,0.16612837490787355,0.09391864397171344,0.005562807019239029,0.14969287017530164,0.1074219040726285,0.13190711981509878,0.01517699958417511,0.09969359271417992,-0.002297860306970998,0.06249601870012401,0.03429855685935978,-0.03630523700405462,0.1540316518467204,0.010529441760131212,0.07783607421151996,0.11923422395742717,0.1685325153899179
BTC_LONG_110acf71418c051c_1d,0.17561097675474993,0.043132172225087785,0.2504901191565858,0.04218346832086451,0.10103466738173301,0.05612709247653598,0.1671349341094853,0.11762359961066557,0.06476419070766212,1.0,0.19328730465991995,0.02730300864461324,0.08433018869391712,0.05357032515479315,0.08103495335049361,0.07027671993331376,0.1261567350802671,0.11587677794044231,0.11871496720996283,0.02365791232042884,0.02847147944747422,-0.03700051066715386,0.02589366064793883,0.04827747911888301,0.04450703040977659,0.13074637396080846,0.22405020886883203,0.12702018743035925,0.16397686194675434,0.10175271888772446,0.0278126314339427,-0.033869928098783815,0.06927340730555555,-0.05452196457199493,0.14866394300196623,0.11890358941472036,0.17460860878908457,-0.05345274699627785,-0.018387366538506766,0.08967038171460559,0.039289761744486076,-0.005995541750536978,0.0700516157033506,0.04794880410853264,0.06045636619528507,0.12322580145441996,-0.048999064593658104,0.23006738657986403,0.17362181175425764,0.009643449861323981,0.19789065802908537,0.013729547331568856,0.08000309962525527,0.11575722513346386,0.1982790133060657,0.13438640680713246,-0.03297926236079183,0.14217915062730832,0.11024104441099146,0.00553700564993283,-0.0007626285104815871,0.03890716073763428,0.07935380466644584,0.09299818337684339,0.09489178932339512,0.06144388191813116,0.11646053621518637,0.2448820951080176,0.06695846797163016,0.05253658382749934,0.014106747593334181,0.028041598316164536,0.015685501360456516,0.09999366359422614,0.05248221269381864,0.052814036048744586,0.08571696928851151,-0.0664608856804925,0.024464788561389412,0.020693522833730875,0.03694469687016692,0.06455417881804597,0.11206999701704903,0.09898297735367904,0.05683291803572947,0.015402404966118256,0.0729366534153157,-0.08060599001860298,0.17626090819200668,0.16066597137851335,0.20109819406062449,0.04672920830617414,0.11485830851368913,0.2767369113552094,0.030911291382095005,0.2415482530172273,0.012398287800144658,-0.023716528499027105,-0.005784136714841821,0.2164453079246248
BTC_LONG_112acbae6242f1c5_1d,0.12416129114100137,0.03506713585084354,0.09432234266045583,0.0126355627280606,0.13863507257713584,-0.0007068954685771249,0.10606721067617718,-0.036193302311084,0.09735250450093373,0.19328730465991995,1.0,0.032150946011278235,-0.018905272189831384,0.023929640960654214,0.09809793035125988,0.3638120083891031,0.03519971586558388,0.027583287475093816,0.042148032548040254,-0.013051912497994932,0.15480906277098583,-0.024226122636279657,-0.0638234905564169,0.05817596853649063,0.024361522532287926,-0.008729772483706046,0.2766789405588487,0.15259030525554595,0.1316899429162363,0.07362035511085718,0.11658958475376834,0.01971820352339953,0.2093703817542876,-0.02840477139167318,0.21315513310153172,0.24351325439764493,0.042298960594587716,-0.015142834248864983,-0.004984388221607155,0.020348263634083662,-0.053140618947459854,-0.03360151622438105,-0.06219246250274405,0.06592779097306219,0.1628993502416923,0.13326038976688934,-0.03744650926801699,0.2356377675584523,0.1492766104498134,0.00447445953864292,0.344079419631803,0.08896400030815307,-0.00457787487493651,-0.010071422750396101,0.10715879777631937,0.032613662442115346,0.06813746244183153,0.1808626317334511,-0.023792818460115047,0.07207696242896902,-0.03403273797547013,0.027480965263228442,0.29958372979297804,0.018525976404914723,-0.09730890048737334,0.010697743221800957,0.1652450808697264,0.34435844060946,0.22153359221177887,0.062468129503037505,0.20164201933329534,0.0432726551205487,0.13545257439093109,0.24018473509349966,-0.10028646175589503,0.009780311843365712,-0.00682830115532737,0.01869459080132263,0.02026759716570719,0.05107938368516785,-0.020725818775927756,0.2033815175913563,0.16794247855971123,0.12199690008450442,0.1469602329378097,-0.015291534872486856,0.07464501266709053,-0.03868242537322391,0.10148996236520161,0.09461257181173922,0.2739779384280054,0.18176855484600415,0.08994732956568943,0.24882948148379855,0.051561513187578505,0.39575603619117555,0.037922190787218965,-0.01619987701707082,-0.0313150582659449,0.286053062223848
BTC_LONG_13ea5183446add0e_3d,-0.016828727663831325,0.034024769657597674,0.02605131313220147,0.030181542112065425,0.04373249579762376,-0.005953117059937447,0.07611516970743101,0.1582167079913984,0.07227840135894481,0.02730300864461324,0.032150946011278235,1.0,0.12129193356668114,0.13616612090075653,-0.04091948310908537,0.03772761696454987,0.16382966521014453,0.07837905229547557,-0.11546240478054506,-0.0530625834137519,0.06061591862991894,0.04237848396117165,0.10678352378306592,-0.03864867729806636,0.09818226578944916,0.15863648326583704,-0.0246713062264565,0.07485442770833926,-0.007083228507333199,0.02756782836442819,0.048827261504439994,0.1480108235279717,-0.02091008418569403,0.15744410987664495,0.0829934680939512,-0.017975730490023205,-0.023373960632485227,0.0833118271357102,0.15358607205470873,0.09198121889131029,0.0242758156495899,0.10394462187816558,0.14647407146857314,0.16096730177116486,0.24453928398389663,0.09178950537752391,0.09246682555717903,0.04841825999888183,0.11774716445645447,0.09977243011368876,0.06449572079159116,0.16780389808496976,0.25530682293033163,0.11931007754539073,0.07708509605320958,0.07502173226942473,0.1963422165832199,0.05318788920234206,0.19522473897074794,0.3138936736533403,-0.010765516576115245,0.1819291167049325,-0.09758504061972653,0.015176566097168725,0.14830064661312772,-0.049831934619755755,0.13090231026426716,0.033466158550825575,-0.14264363406839486,0.15894510399950337,-0.012054450681910675,0.16824541282114128,0.13059011589076738,0.002520752120532781,-0.00025818742670351974,0.08316547939704579,-0.056449235044624846,0.04203682124434925,0.32036622672987297,0.1078714437210329,0.13871137032384526,-0.033734631123917176,0.1509945024717777,0.134943515601068,0.08859372119640324,0.14443293748927083,-0.009792886415568742,-0.0043491616226179475,0.1686892006224816,0.06655305618457762,-0.016636923879704814,-0.01483414344451167,0.20168805139016888,0.07767068313772525,-0.053089300459871494,0.012101726051758249,0.19029347885871986,0.23444051628811027,0.15933352431992906,-0.04406148206989099
BTC_LONG_149214ecb27245d8_2d,-0.07678342104907271,0.0773338923098043,0.21182948125105674,0.044908180987858926,-0.04821845883849746,0.09948776278124362,0.0025805752389197584,0.263916004290356,0.17901206507011982,0.08433018869391712,-0.018905272189831384,0.12129193356668114,1.0,0.046250897317193056,0.08224034500080506,0.012315369306417712,0.05256898285250311,0.029764568186425616,0.2173237092881836,0.048367476858072196,0.05644878369276205,0.05132147893266197,0.047741806804038715,0.1306370188388713,0.09426240363016376,0.2600765895273297,0.1654075543953636,0.0803013975867148,-0.00158652564923478,0.12511292168297952,0.019285401824361833,0.06514417808770864,-0.0022948943924690148,0.015146609761089712,0.06052461161898916,0.0366078800068578,0.09234588270147158,0.06641460329416227,0.08163929435620075,0.13935027587687665,-0.029396796074164955,0.17103556438499257,0.1367820879857168,0.1471315030036323,0.20133344707920794,0.0728271375646732,0.03182840444388379,0.09072139725488973,0.014813624140009696,-0.02344791427336796,0.18938001384531405,0.11106816944975746,0.11421287764381756,0.16727837641906723,0.1545000163214644,0.2884680966582317,0.0528057108934876,0.050620585192232045,0.08916566959658824,0.12487778656185686,0.07265273289952179,0.027440391615286424,-0.050407640560643986,0.021688317963580454,0.2183926096085054,-0.008501345346991268,0.040622532388595624,0.1098849515898676,-0.06840511687361583,0.12773985572783453,-0.04776640303729753,0.16161931732533688,0.07926610626033434,0.06708911457944747,-0.0006529347600115975,0.14770429741208982,0.10677334846336749,0.21339558421863516,0.10290329209265545,0.143564719002256,0.08075195262635787,-0.03820915851017578,0.2548855645137809,0.05224881918223223,0.05205907006966281,0.042746542748563474,0.15288139219630648,-0.10951107386072666,0.21106877776073177,0.15548958326757598,-0.020637461892420775,0.025275872228279764,-0.013597701987197956,0.014373824425880158,-0.02109540440310445,0.01342754745519404,0.15302034510143964,0.07956255088201081,-0.03904589526618164,0.09128112003248533
BTC_LONG_18736382b197243b_3d,0.06987738069810703,-0.03353967302054601,0.14409766512126826,0.03905348628661172,0.08334729173820755,0.12820739077913165,0.03888751986488348,0.07253407036008627,0.008728500209275793,0.05357032515479315,0.023929640960654214,0.13616612090075653,0.046250897317193056,1.0,0.024802516543152693,0.045079051738165996,0.07879786157638533,0.08208336297184934,0.061165096526252245,0.039737766502143196,0.03186391612925033,-0.043611108767927974,0.08624834526581965,-0.07460212791746276,0.2122619980523519,0.06996571465754306,0.002468786703227115,-0.04412639718373401,-0.06287377490666349,-0.026724605562523204,0.03564499430937306,-0.01130699203538926,-0.023840130922955713,0.08658000013005357,-0.04995281416887626,0.13024217545858105,0.0014523523769953558,-0.10921263052440315,0.06295687842910372,0.06432914687222416,0.12185008274050142,-0.023247453142823636,0.28403056526548087,-0.00038659702917086383,0.02075158115712276,0.04064272708323008,0.012811578595090724,0.08040334596730146,0.06107518004469833,0.08717211384472465,0.029492558328020363,0.12500967581622413,0.0893241046256281,0.04020708589328139,0.04748253523974733,0.04446689030954481,0.057076687484816646,-0.029401372776720728,0.24249686121376746,0.048494352914131726,0.0544975533552778,0.02572874139698537,0.1172213554967304,-0.021394290723931165,-0.010157957407142116,0.062168038674885226,0.12104646268100418,0.030420976501252087,0.04954674867767357,-0.013471222280402382,0.000691757970294778,0.08596840746891285,0.11227300285819379,0.06801542422861172,-0.06231486272667136,0.09150492735052533,0.0864990108399385,0.027774894843447213,0.051401490087847855,0.048585423156822856,0.0205574700281237,-0.027823488427367343,0.09190258082873291,0.1175084824454184,0.07222438861217191,0.035168964528593784,0.04427634875516648,-0.04120560832072401,0.05030305510504328,0.10823995558474599,0.07192834716832094,-0.005673481545939414,0.13468587815788416,0.07473607382771107,0.023733743836043594,0.05940519386921951,0.19746732905148132,0.024230856277748437,-0.0429790625299337,0.07554480810906188
BTC_LONG_19ec377e06899c5b_2d,0.002500225161933978,-0.05687377608972219,0.1681143723808556,0.20685939183814486,0.11936728263524328,0.17082715070054486,0.07856029005196215,0.09949927033824442,0.011036535518140812,0.08103495335049361,0.09809793035125988,-0.04091948310908537,0.08224034500080506,0.024802516543152693,1.0,0.04828054311434943,0.03786526974195144,-0.020609495047570904,0.0947410238753758,0.08708908731725246,-0.023991408751229282,0.17145223840094212,0.07642820867582524,0.19782001261770776,0.006384941891731315,0.0024472086934308737,0.015226627341601405,0.07620190986098768,0.04148742408666246,0.08632061278512511,-0.014474915415258879,0.017425715597968867,0.07680004536230325,0.012886371580975458,0.016565634216117196,0.11778254568622712,0.013967702034087792,0.06992846118584335,-0.009888634140378582,-0.05520064266783765,-0.01296875951141903,-0.09735439222636524,-0.03459502887315551,0.12669570933030752,0.08737972757428757,0.11654481211744637,0.1015376687307798,0.023383100904260996,0.11016011743027807,0.05721025233334453,0.03618862673507379,0.035471508544271835,0.0025204782236165823,-0.0096499178942425,0.07769401395332313,0.022925597176154135,-0.026324717917731815,0.04058125821129943,0.0015223617544426863,0.062104911424242785,-0.11840424957857952,-0.09109188827994111,0.028521725719549338,-0.014705354164149172,0.010919341029281198,0.007986836166045645,0.027856114307965495,0.10480051361859836,0.07844361776053724,0.08009577203322006,-0.006023971617500971,0.21501501079971366,0.13397372679663022,0.008668026040987436,0.0157605785290827,0.03916822052419532,0.21154038422141666,0.05707693873973724,0.02214722698103956,-0.008796137631904734,-0.010326282469271197,0.07049694821602805,0.17709732017263224,0.04858793516268304,-0.08197737756131482,0.05489784015972827,0.18457783858885468,0.037433699400182416,0.059499409101550486,0.10794855943931396,0.07978516046284718,0.0014256403500040758,0.10553648515914181,0.0506367333981144,0.05270330200068438,0.003942226319479189,0.0325842591309075,-0.03675620899198495,0.08058366388424935,-0.04100107100593798
BTC_LONG_1a18cc95e5440427_1d,0.16873341740605527,0.02425362269999398,0.06099281853326504,0.015682659605594212,0.20628968448277762,-0.02079932106784671,-0.016557721245932435,0.014515343675357185,0.10253394095479962,0.07027671993331376,0.3638120083891031,0.03772761696454987,0.012315369306417712,0.045079051738165996,0.04828054311434943,1.0,0.03521078991231532,0.08614454969347939,-0.0008241020371481932,0.04852928899118743,0.061953826533866475,0.007347851112963417,-0.005726250422749675,-0.06123552002356071,0.00410391608672623,0.021029764991077667,0.1417955585833862,0.022567623419954847,0.0638668255000855,0.040820278808245784,-0.011034633868419984,-0.011831940359628852,0.20336649027217255,-0.03420556072623985,0.09235864191296254,0.4228553333067106,-0.08174387050539846,-0.0015308009488473346,-0.06913697592070338,-0.002594953592118124,-0.0015743428586991438,0.006382318477438522,0.057652106036397734,-0.037334323484933395,0.10518072817629177,0.09815657748672443,0.07446282546076954,0.18871924068165563,0.002949998488529996,0.05803062748141621,0.15763131836450772,0.023635599141347025,0.07886702583543899,-0.04765894419514373,0.009099429647270051,-0.03388570915486959,0.010475687184007995,0.05019084045109097,0.051448451069494645,0.08797351104608372,-0.0648680022288835,0.016143288848556845,0.3799992476978685,0.04901227740005351,-0.0894253983613069,-0.09996254891212206,0.22700341435398164,0.18205772342515486,0.21662967065763175,0.0004963871578385381,0.1605696583014837,-0.0133096418619278,0.08688685102433619,0.18953620949938652,-0.20296392095388438,-0.017902366377847676,0.06774987077348356,0.050977965617252395,0.06168059982778884,0.07958996841827552,0.02396735247190194,0.2098975920851737,0.07437521185735993,0.04688479391198284,0.06713727764083174,-0.004040318163827179,-0.009955987207493997,-0.05826379442928274,0.0522869832465596,0.05240079706454301,0.27876072060616525,0.17532469545634405,-0.017721349265473384,0.2204506123967116,0.05716557435413797,0.2525248598833279,-0.015156504436583952,-0.008628550581598459,-0.08762679208451023,0.09003514286265077
BTC_LONG_21f85655a3d4dbed_2d,-0.021888650418524513,-0.00537722418528523,0.14412116949465215,0.04587038545049298,-0.08704631761893568,0.03532210064765855,-0.0848397125189617,0.1593694442796126,0.1441832695479353,0.1261567350802671,0.03519971586558388,0.16382966521014453,0.05256898285250311,0.07879786157638533,0.03786526974195144,0.03521078991231532,1.0,-0.050305544301131634,0.10666401654003717,-0.005022869998874464,0.06130091283091951,0.01046703198497052,0.020258314270356313,-0.0826290876353702,0.06418680272977634,0.13843725145302851,0.06351980050755,-0.01906661092336571,-0.0025837364130768545,0.0811228740413901,0.10034507688193596,0.11578999191447176,-0.03171529010038452,0.01898871397526892,0.034358145749502,-0.005124807446361577,0.053208651611455965,0.013344455934124899,0.11492074738126033,0.2836541375709175,-0.06937596316837523,0.028824298690551333,0.07171013050170132,0.026902526865346776,0.15568545301416822,0.22009592280137844,0.040161946432394735,0.0789976196441371,0.19832530988344746,0.05385207599081131,0.040043090266242753,0.08858930954320199,0.07385308002741911,0.22317856619186116,0.11371865069127406,0.21529238459481362,-0.010788450652812127,0.1314593525441513,0.0455748687420809,-0.016928019516798582,-0.04103582293553641,0.056179052394264274,-0.08414574097715403,0.041392995001107734,0.0733851257684537,-0.11259072686631863,-0.002525262084277067,0.08187072241252698,-0.14001094834578803,0.12849825955501978,-0.17041536414493344,-0.017223286796999502,0.02670067447568853,-0.0018566021150481498,-0.025781785975145553,0.07927794660828273,0.061044322624143985,0.020683802891654928,0.03707871741280584,0.20199669010283627,0.19302796180297652,-0.04356235562092625,0.13781132203872973,0.14769372325870123,0.09991369682953928,0.01380835541155452,0.18342197984118344,-0.07611701251707023,0.16524366577733593,0.0019608877394079816,-0.04729780089298198,-0.002249511881557577,0.05897157443771711,-0.027538608610413216,-0.04904687056110804,0.002548351482765848,0.15288034454927762,-6.086811134732098e-05,0.05330194718915649,0.05390471179938005
BTC_LONG_225799ddff2477d1_12h,0.3108295751051475,-0.07284577347876407,0.0414069665625241,-0.05719132657193209,0.14452844505172238,-0.046037045606513345,0.04130756860122831,-0.012662257551031623,0.18749996177591116,0.11587677794044231,0.027583287475093816,0.07837905229547557,0.029764568186425616,0.08208336297184934,-0.020609495047570904,0.08614454969347939,-0.050305544301131634,1.0,-0.06493669777710874,0.009411907561763619,0.08331470548608085,-0.06470915026280484,-0.06209745090783239,0.0022408788951859947,-0.011050322560545786,-0.023047171503706377,0.019158721148319357,0.01945626499103372,-0.0008989088899658482,0.10575526433461716,0.012260843104956152,0.09133000655874034,0.19003138812798692,-0.04722931878113393,9.450157544528379e-05,0.13995019323794267,0.09100896563885785,-0.013004202849061623,0.10151949820773859,-0.06735625189431715,0.13757728698944377,0.07414784859154348,0.08046081273403541,0.13069959356697652,0.08307650004231056,-0.044386261568277345,-0.046950605162543624,0.18048450820297768,0.08057367453726726,0.02817376504946089,0.1468299066503257,0.09473014200164115,0.0785795767832852,-0.03810868134331896,0.15085675025136575,0.057678266249262186,-0.010853193975055414,0.13773590897219976,0.14313417156051952,0.030475920473132353,0.031911301299879416,0.08479410918857563,0.03290699060299123,0.16332894731562064,0.1740673928201246,0.13201641301804745,0.06708010556640219,0.07393090950882593,0.07226982121780362,0.08350050899974197,0.1531810254409107,0.07483994289620612,-0.0685765350164635,-0.014853746268297855,0.006199931151599812,0.041009839035173676,0.0562514807681783,-0.04212275824292224,-0.015461531665597954,-0.01674587337175571,0.009073095397434628,0.06342758042222395,0.15591288562417713,0.0023294923817869574,0.044210854257680746,-0.009374205976305143,0.04455932203909997,0.06531057537632842,0.0666061697910461,0.01591305114371747,0.12282920608611121,0.06023878666093945,0.008641069932838948,0.23068959396410627,0.23245556514630875,0.13829365836989366,-0.01466320163389533,0.014319105083357687,-0.04667297595842131,0.09247204514577073
BTC_LONG_234317c3f71f1454_2d,0.033182237476217985,0.07457866861433052,0.23006272328756605,0.06724243260795688,-0.032193062527012685,0.1867064806924756,0.11420057935524792,0.1742193313971312,0.06457620057546093,0.11871496720996283,0.042148032548040254,-0.11546240478054506,0.2173237092881836,0.061165096526252245,0.0947410238753758,-0.0008241020371481932,0.10666401654003717,-0.06493669777710874,1.0,0.08498796678938735,0.07741110074416631,0.03982432119279072,0.10530733611079063,0.12666472395641493,0.06659868845648924,0.18314041099077175,0.15516749477459224,-0.07472151809041566,0.010731469908432333,0.05568867565373392,0.06643414296606363,0.06430287539673878,-0.003927171266302143,-0.008530900320009317,0.03868958467965458,0.036056793352207274,0.09141884332503183,0.06384314599819886,0.10481278961573477,0.16444987096112537,-0.04729518958626787,-0.0819555680785655,0.002062645515323061,0.0463002235514886,0.0852804858483919,0.10614477296697787,0.10000994382286105,0.08073917633458132,0.1267164873905477,-0.04819127560979549,0.11083222594723796,-0.034473697347079515,-0.02201012839049164,0.20586935142386487,0.15262876736668224,0.1978128789281924,0.04921373140616812,0.04653314161261928,-0.10665720238223682,-0.055215763438154444,0.056634854587696015,0.09981575090876746,0.05793033781727142,0.04827181231728834,-0.09671227260833992,-0.03008212436038492,-0.07649324879196147,0.15448437463104023,0.013221276345002015,-0.02047783282090717,0.005144279848113346,0.07676083074815966,0.15777334777945737,0.0764977631783026,0.020454748506809443,0.20166238923384336,0.06138221923546961,0.11030376100368686,-0.04009057461614322,0.1794263028143926,0.08297988401264528,-0.0033212464571968497,0.2690752944264659,0.18183244522153597,0.09009947914974326,0.05455772681902827,0.14301984568558437,0.0267031125587095,0.20393844301464822,0.2307304366223155,0.035997503468609485,0.017326065152453437,0.114093033473244,0.006749190726394236,-0.06277600714154466,0.08927080024091492,0.13447976801351713,-0.02480492052604868,0.005931430829167434,0.08978870324792002
BTC_LONG_25abe5371fffe146_3d,0.04045673024014611,0.11634870370772936,0.023167919624875216,0.00014481582943648582,0.00797365949698681,0.15118029256381893,-0.10820370965832518,-0.003501730611680434,0.013723398714407392,0.02365791232042884,-0.013051912497994932,-0.0530625834137519,0.048367476858072196,0.039737766502143196,0.08708908731725246,0.04852928899118743,-0.005022869998874464,0.009411907561763619,0.08498796678938735,1.0,-0.01452957112678628,0.13519583845973693,0.2214479395411591,0.04219724859742807,0.10465314400481406,-0.05448405014186982,0.0259761557875946,-0.038789738414087685,0.07230046379928272,-0.011596065805144478,-0.02169283047203627,-0.04939502745520803,0.07712277841317672,0.03770482697820339,-0.012605854482880523,-0.003124360965147978,0.023153802793798556,-0.041650652700326335,0.06928241372016619,0.04274728896169882,0.008039648123760318,-0.023412550999386213,-0.01776407219985942,0.07149620234809748,-0.01785368061057985,0.04372377459020519,0.03413813903161756,0.015494878229725055,0.0801049401501342,0.033866530238269785,0.003759748959440704,-0.0772791111459743,0.07755935654499625,-0.012356155049033982,-0.004362243460471746,0.07423737224011695,0.06738042803764599,0.012035696991787132,0.021181172751599427,0.11050464925789355,-0.0004828588675228362,-0.006330118349307973,0.03492200581866228,-0.009310104587163453,-0.02458996472948173,0.026777321009723437,-0.05550506018665243,-0.009637888449830146,0.01102037504784973,-0.09251911848356446,-0.024612459107363822,0.015549996714835894,-0.020120080373664678,0.011013765354319995,0.03136358985839443,0.049628402760223456,0.18425875883992834,0.05536902080757508,0.08427018151631041,-0.022423869861639998,0.03930706784506951,0.04536417094037586,0.05795002545462109,0.04089127113877782,0.02364989915158432,0.1284271506389243,0.11856354020451437,0.09470291467952041,0.07409569494737456,0.0743196732509741,0.009257661010182413,0.02274044367936275,0.015182623943023155,0.009909136291198852,0.020028390336302878,0.016020532235089317,0.028137206954514028,0.0035955721987394698,-0.009792446352013037,0.02654222847965956
BTC_LONG_25b726f17bdbc7e5_3d,0.03383921746508105,-0.004155206844781345,0.08773064985188218,0.004599823789944181,0.05121706485263856,-0.017369503182161437,-0.0789081854986848,0.12102750533542038,0.1310806834527952,0.02847147944747422,0.15480906277098583,0.06061591862991894,0.05644878369276205,0.03186391612925033,-0.023991408751229282,0.061953826533866475,0.06130091283091951,0.08331470548608085,0.07741110074416631,-0.01452957112678628,1.0,0.05114905538283135,-0.07120003064909243,0.039276472042891884,0.08603451626967731,0.03187599123087736,0.18974387857731637,0.007424332093409648,-0.07163036761744354,0.11778180989659891,0.1977785831969279,0.08238260150447904,0.00827225723284308,0.14668626593389827,0.18266294055363294,-0.006308773641914268,0.04138929544359788,0.03241449332832834,0.03894307377831876,0.058373747453912175,0.021474142855685913,0.03353142813297657,0.03242344635965635,0.059793889438875474,0.005039023841116522,-0.006977984086654884,0.17361978829502048,0.16996681472238342,0.016743377132552636,0.014861894932130092,0.18935186347902874,0.14821628851105073,0.03201125232384941,0.05163395052755297,0.11008250766575166,0.08848552415577432,0.16937164489684434,0.14724712577193871,0.03598438194620337,0.06155922201897788,-0.008918248967959364,0.2765273354404296,-0.0016984591514031559,0.13600112995641356,0.030438945292048936,0.006717408563031021,-0.0385855868481508,0.1252629465183416,0.09805852731947914,0.04214108744771685,0.05508625167305834,0.03291311089169052,0.08889617527187933,0.12006778708276503,0.01839381125000774,0.06898908429484862,0.07247686447257626,-0.027528625950136578,-0.0005903043287755855,0.23919865516169192,0.10970767805349965,0.0760207793981027,0.15839900434935014,0.09407699908181462,0.27329153994424465,0.08496125541261687,0.11409387639303926,0.04412506626959917,0.10572372616539512,0.09222440758548155,0.023754778272665207,0.0560936993861707,0.0801355214719199,0.11427763626373157,0.09411353994378423,0.142653448914693,-0.011991932234011035,0.13041928953117893,-0.014442608375687413,0.2131058323665428
BTC_LONG_25e9a00db8b7a09a_3d,-0.009088107240303338,0.06297911523532325,0.0864840778360079,0.02203640420677862,-0.002754746363038831,0.04351824639180497,0.025284535837558787,0.08481371736882251,0.04305279177839271,-0.03700051066715386,-0.024226122636279657,0.04237848396117165,0.05132147893266197,-0.043611108767927974,0.17145223840094212,0.007347851112963417,0.01046703198497052,-0.06470915026280484,0.03982432119279072,0.13519583845973693,0.05114905538283135,1.0,0.20910233706982956,0.05049937474744332,0.1196833067230808,-0.0675295007129231,0.03198187275808427,0.018482968383907183,0.031995408185246266,-0.08243159807359862,0.04470944283024765,0.004046113528986286,-0.04420805762254435,0.1702549388940669,-0.053168212141760755,0.0017648185913914055,-0.053314925963889315,0.24785295554847264,0.08429052582497819,-0.11734689446542282,-0.046834945941454306,-0.06124373560245207,0.008160724500743781,0.05881163124695124,-0.04720090662043562,0.012614934466406033,0.05570125361261379,-0.015422758385450519,0.05330029834430332,0.014799893923553641,0.0008012355598448496,0.042073076867383756,0.1900191696483333,0.0477792846099043,-0.12860580457779278,-0.05252786896829832,0.1258524136374899,-0.026741490753251877,-0.004241051063067322,0.15929420000770214,-0.10272029323703502,0.023287733797585006,0.006877927039426039,-0.016002448620498818,-0.04224727717399882,0.0104973266324666,-0.040701613055058025,-0.026528025921634238,0.001563380727791881,-0.05185130158177898,-0.004858967035664166,0.1214803941803816,0.15537331075392205,0.040311258924423075,-0.05723066006248968,0.0634192478467037,0.009333019101869025,0.04261011800192379,0.0766150209224485,0.059220453515710696,0.06894801296752107,0.017678403175323033,0.06673387995895537,0.067467595638938,-0.003446611044486884,0.34168033627416544,0.05764104111568879,0.06360846087592198,-0.038605302391545776,0.01388565134476392,0.0055265420019307955,0.021875637501739265,0.04726700268115751,0.0009370232877014537,-0.0005315239274504396,-0.013927863096076952,-0.012719072374030003,0.13174364156701734,0.00557999970221174,-0.04422008210929117
BTC_LONG_27cd54206caf7f3f_3d,-0.09115911069351895,0.12193422443552138,0.012857918751440977,0.07443551843123833,-0.12471613863363462,0.10641341004341656,-0.04384973052057425,0.03154974034277412,-0.10041369883240814,0.02589366064793883,-0.0638234905564169,0.10678352378306592,0.047741806804038715,0.08624834526581965,0.07642820867582524,-0.005726250422749675,0.020258314270356313,-0.06209745090783239,0.10530733611079063,0.2214479395411591,-0.07120003064909243,0.20910233706982956,1.0,0.1030558087157717,0.17370815827100916,-0.020951667209775423,-0.0724206570085282,0.0409089227649907,0.001247177285802026,-0.06007843608842506,-0.01910025742104299,0.06919783104622032,-0.037030656659465123,0.11520703161456415,-0.0571574957675416,-0.02149404418942661,-0.018649988475538375,0.03699476284542441,0.04548447343640956,-0.013286911838978455,-0.02094504672279626,0.011964548022696784,0.016805381768993,-0.010578456067148068,0.07925408544642884,0.02543390122610626,0.09440025550960823,-0.08811694121391202,0.03571847638839557,-0.08016455602484929,0.00841357702736255,-0.05404195432457155,0.1281916570703303,0.09469457781638838,0.0010170630392505064,0.062878836458825,0.10071265077087836,0.0022605887394862964,0.05508676712912009,0.1278102238396597,0.004898132332302822,-0.06361351146641661,-0.027126833058985726,-0.08882115634461692,0.05038970786708198,0.003301895885842583,-0.01866472001431662,-0.03824555930728804,-0.08454645836533328,-0.02747683229521144,-0.02473321417149629,0.0716401262389396,0.16136235440645122,-0.07258021513707695,0.0667383943502665,0.09454417197552413,0.045752835765955444,0.0032955106364487238,0.21781099496110165,0.025393719178136525,-0.04098046346778997,-0.08793190102104988,0.05801730807318074,0.09161485271870622,0.019910070045971506,0.2273518229040883,-0.040351317320183835,0.028528519578580783,0.11322343214809164,0.0861040284591768,0.00465606131997951,-0.026348229135199866,0.16966465572157916,-0.007612321545023384,-0.05019575881243,-0.07714161495567909,-0.002555877720828229,0.12172370671206954,0.02949443211681056,-0.059769748742776595
BTC_LONG_290035753dfa1e36_2d,-0.020925835993869473,0.07555887480081085,0.12404418385712267,0.015153008285614491,-0.030440591127977437,0.2241171998412253,0.174243437408865,0.06420039566494991,0.17667832999735839,0.04827747911888301,0.05817596853649063,-0.03864867729806636,0.1306370188388713,-0.07460212791746276,0.19782001261770776,-0.06123552002356071,-0.0826290876353702,0.0022408788951859947,0.12666472395641493,0.04219724859742807,0.039276472042891884,0.05049937474744332,0.1030558087157717,1.0,0.05714977045449567,0.13092351331097904,0.11389623605484943,0.00036671149347278063,-0.013038144604586011,0.1832849181870707,0.0633595574299522,0.18333256122716055,-0.02035239460737584,-0.0038578022319797393,0.16368673391299005,0.0011562666046627996,0.1701365391501131,-0.005094518988825818,0.10099791426991123,0.08938245485684086,-0.08621654315443135,0.02383881645701718,-0.05121005919803656,0.20120220671720637,0.09922302770531544,0.048966954943730066,0.05667544423490097,-0.00796577736073023,0.02621952281394883,0.09513593298177186,0.039975494133769794,0.009856568548085093,-0.006205457620260826,0.1009426558464644,0.08125429186708025,0.11168099971094281,-0.0295776655255904,0.09032633141372914,-0.03469087150235669,0.08763175479307862,0.06506719811129284,-0.03164754503687163,0.01591909322772395,-0.0431201231658713,0.01879209663086556,0.053172931441721506,-0.05069320722363119,0.13340826252815666,0.06475918311236149,0.095001704451815,0.026297834471950887,0.38020247632931475,0.09646409385854249,0.06884030602865221,0.24639370718333414,0.11526486500807867,0.22886968202911234,0.07103197435218708,0.058902405393345486,0.029039996847393293,0.03154087051836705,0.11659273432061916,0.10973173692139304,0.1983019985846886,0.05489401363233728,0.0015377730662947673,0.2696586290551867,0.021783865190300827,0.19306444976076523,0.15590918171325227,0.023028364912687914,0.0072881923456515904,0.060694644546174716,0.04992143728913852,-0.0219061520793292,0.07215379438088411,0.14831269594084293,-0.0010914002115987986,-0.011226004162515934,0.07910706059411363
BTC_LONG_301412f1a92aaecd_3d,0.06898998176219345,0.04073991323665932,0.07344628577824977,0.022405589651337227,0.017757103554344924,0.12770518782865228,-0.05193282085940089,0.04671003335981291,0.05690706383600074,0.04450703040977659,0.024361522532287926,0.09818226578944916,0.09426240363016376,0.2122619980523519,0.006384941891731315,0.00410391608672623,0.06418680272977634,-0.011050322560545786,0.06659868845648924,0.10465314400481406,0.08603451626967731,0.1196833067230808,0.17370815827100916,0.05714977045449567,1.0,0.07752100614373594,0.004483978718755055,0.03792738383937286,0.0115082566280353,-0.01935328260663626,0.1612450461871019,0.06168329337228893,-0.029342574092691222,0.12218979722464737,0.01832640185452961,-0.008311324130159763,0.02760038295413101,0.07096787629748241,0.03793315334877711,0.10160463642143956,0.06294037226637292,-0.01889542930445361,0.058280489579411364,0.06575283655631467,0.09705383754064352,0.06622474182834659,0.16506056472075056,0.04472642190348424,0.1358800537210214,0.0618988553092268,-0.0007204846081227204,0.10758220511480668,0.19440289639797786,0.07330694641870418,0.019519510032347958,0.06630237832177527,0.3330824978679869,0.03126755166904639,0.10941240021463264,0.10033672466302125,0.08723554716619775,0.09727412241502562,0.05000904150425734,0.03801741289865896,-0.010572438168866312,0.046899589823843985,0.050059202425531725,0.025422135593246697,0.029236596736570794,0.03351528433301382,-0.034357051800450136,0.05961989230828969,0.220069106488379,-0.005430847935957672,0.07392915820542043,0.10963114176013895,0.14638175920016921,0.0343960437282856,0.09226896070264472,0.08199164172410192,0.018291348446026975,-0.006863209646791505,0.027241833036362267,0.13137565692865263,0.1393843833503841,0.11855753898116358,0.1263576835956932,-0.02495699021001313,0.06825039393325391,0.09050709975374273,0.011621341928852488,-0.040114175115410634,0.13618378217780144,0.04748872503299493,0.03798809544326516,0.058481420354758104,0.21015789211171274,0.12825463756289085,0.00019249764112930622,0.008068783032354549
BTC_LONG_32790d4266a3dbf2_2d,-0.0458340601100419,0.08054813617381233,0.22818803892434292,0.2209033449124409,-0.043285820833997325,0.27102928765085255,0.08048776503829379,0.3916102032226026,0.0709114181793707,0.13074637396080846,-0.008729772483706046,0.15863648326583704,0.2600765895273297,0.06996571465754306,0.0024472086934308737,0.021029764991077667,0.13843725145302851,-0.023047171503706377,0.18314041099077175,-0.05448405014186982,0.03187599123087736,-0.0675295007129231,-0.020951667209775423,0.13092351331097904,0.07752100614373594,1.0,0.11100615574928005,0.04577827269162076,0.01425719521463801,0.07712450989652274,-0.022133738723543867,0.18756160834681232,-0.06562364783755982,0.007441354454337383,0.159379770351922,0.01899171410683245,0.06964274016902942,-0.044267956777499506,0.23413170461674426,0.3247706928584575,0.1077345930924861,0.2958957653440129,0.19356669145956815,0.1348042890316751,0.146700891716832,0.23133330266867855,0.06767887648224503,0.01647422128290614,0.04767984730245491,-0.04142375328727621,-0.012631152790553294,0.22555626682824526,0.14950638093553176,0.2209523508311213,0.13562211555887926,0.21375394352378013,0.060873364587212986,0.012583988643333,0.12846201096801532,0.15159207277346082,0.051185342587166525,0.1208096349438736,-0.11616112107145934,0.042303583260989125,0.34121497262951983,-0.09709346188588312,-0.027139143450727855,0.06979591371739884,-0.08810299477652983,0.06506711088272493,-0.0150053640213077,0.2639373465508439,0.05236573852165434,-0.039765157879156535,0.07195443975374777,0.22216076070542953,0.049621025702290045,0.11625584726146578,0.14579436192007134,0.13184637257319093,0.20325089980349254,0.032976907513260274,0.1400933715887989,0.12173130441033839,0.08949284304307129,-0.00893999897085324,0.07680945165107997,-0.1521748579012797,0.2532417122041053,0.1338805851026504,-0.02974071595493879,0.025607335051866974,0.1137176214418125,-0.02056738667017899,-0.04227464287039861,0.021440551597549568,0.158060670406487,0.10714216244781391,0.07254584519070227,0.11596285296895856
BTC_LONG_3327ddfbab14e535_1d,0.148290441701397,0.03231137873350798,0.09229579683805399,0.03377050105922194,0.044197382024340905,0.04240499480558239,0.05345931540775833,0.13390459497439305,0.208093968591231,0.22405020886883203,0.2766789405588487,-0.0246713062264565,0.1654075543953636,0.002468786703227115,0.015226627341601405,0.1417955585833862,0.06351980050755,0.019158721148319357,0.15516749477459224,0.0259761557875946,0.18974387857731637,0.03198187275808427,-0.0724206570085282,0.11389623605484943,0.004483978718755055,0.11100615574928005,1.0,0.20088649580041038,0.11764957461273162,0.14471117126939315,0.13206105154372616,0.007232225108810227,0.04747799605576623,-0.014873907947354988,0.20219864873898505,0.2638246178106536,0.28906140965059907,-0.03643164318822117,0.05099170171601809,0.13750370610339654,-0.03177649565065137,-0.02338494799400177,-0.015301305036451045,0.03480880611425345,0.016822566344134236,0.08334574366353675,-0.02605825341253986,0.35494414923245243,-0.0024906058331116082,0.06752440110147491,0.2738305261481761,0.0019725109403717425,-0.03259797896429834,0.05294818747713942,0.13059707147752947,0.06512978079181399,0.05164513033995675,0.28854430814165355,-0.039173344449404186,0.006463676361560776,0.014386486287615796,0.052882278462262296,0.24709667185728657,0.23566455772215722,0.07220112863793485,0.15841961765875456,0.06627769788103546,0.39538024553464524,0.014734342379252075,0.025304820473197497,0.24491959318229004,0.02909945213578429,0.021526570133745777,0.3297899708583139,0.0667563678385719,0.07363701701271401,0.01206047060070541,-0.01923547024872069,0.019733325284736803,0.14473512401936492,0.09191962145433143,0.14373164254208537,0.08910446073144487,0.13755030289815653,0.062013733738708304,-0.03408936187095221,0.07808035057447887,-0.0026181437308945136,0.07856848996260646,0.044559965856311314,0.150046851163174,0.26386239393356636,0.02260381518285846,0.3088070631512461,-0.015081761972278514,0.3395892817601439,-0.004036630569142277,0.02460482507460035,0.022909457357743794,0.3018945314602107
BTC_LONG_3872f77e98ff3b88_1d,-0.02156438246352479,0.03492865142568037,0.017167504229716832,0.035821513240862704,0.04470823358594706,0.011401153034354692,0.04160261876598394,0.09539166588594852,0.05854273329673352,0.12702018743035925,0.15259030525554595,0.07485442770833926,0.0803013975867148,-0.04412639718373401,0.07620190986098768,0.022567623419954847,-0.01906661092336571,0.01945626499103372,-0.07472151809041566,-0.038789738414087685,0.007424332093409648,0.018482968383907183,0.0409089227649907,0.00036671149347278063,0.03792738383937286,0.04577827269162076,0.20088649580041038,1.0,0.002730056578500669,0.013836813199528168,-0.03636187989058647,0.0053635278709405826,0.08920025104573301,-0.009023435257008256,0.10607954294824075,-0.03886999711179145,0.1423888353313883,0.07219576108472642,0.021644839376100344,-0.0008541496996580658,-0.036100659795824996,0.04990728276285826,-0.006941341921780294,0.11045243622342396,0.13381428792629482,-0.015196354584163584,-0.09235633560852377,0.08721834697919632,-0.025475428959083335,0.057065064935176345,0.20424355349739395,0.09180807860609232,0.14076683273903437,0.027208573427833446,0.06234310442777738,0.04930218968803446,0.04774664747018542,0.08462707043484176,0.10615348270166057,0.0950745876761884,0.0561471991254214,0.03335551739275736,0.12100049308165453,-0.015640336136641217,0.08075040355744123,0.1101503294617402,0.14801461128928411,0.11894241252438789,0.09545999007656396,0.06126990543349079,-0.017798479285924648,0.07366226463511319,0.06162920220851194,0.044948215793272704,0.015026099420097366,-0.0032421811350683716,0.045995960020661156,0.08131813264680604,0.10181026395787032,-0.02941262858035302,-0.04680078779903988,0.20796654854965402,0.10210834240709578,0.021022877390762577,0.019750108923004488,0.005148442998125279,0.01164265480474122,-0.05585873496744369,0.03174857223458255,0.02265919344077891,0.1713672279247242,-0.008383595418222511,0.039726379150545985,0.07745743619777641,0.007397347332169944,0.05582857257466136,0.015163971669159714,0.05822856762123146,0.0751750151765335,0.13231318086669042
BTC_LONG_39c4aa3f69b92e78_1d,0.14937132718354612,0.04480889946289164,0.01001600686795161,0.04749337164029246,0.051156402382431576,-0.005518210385539285,-0.019250790622178056,0.014454523452094508,0.045456927055643644,0.16397686194675434,0.1316899429162363,-0.007083228507333199,-0.00158652564923478,-0.06287377490666349,0.04148742408666246,0.0638668255000855,-0.0025837364130768545,-0.0008989088899658482,0.010731469908432333,0.07230046379928272,-0.07163036761744354,0.031995408185246266,0.001247177285802026,-0.013038144604586011,0.0115082566280353,0.01425719521463801,0.11764957461273162,0.002730056578500669,1.0,0.009095564438746153,-0.011922841693992511,0.04847836077663955,0.17071860493907107,-0.014953928943734096,0.0929164538631068,0.06960759589028023,-0.05910779823658482,0.027923041663537634,0.011013454787193481,0.012970693595669526,-0.004830854110872441,-0.0741151375233501,-0.043440687523910206,0.028440519609813933,0.0016259683875898974,0.05311745494175491,-0.1022419863127704,0.07336245662830526,-0.04741546087226504,0.059620900660051206,0.013876322405540802,-0.02976345925432245,-0.0007905463718361014,-0.016402559256292033,0.019073551883938424,0.011112495784010518,0.0011874246484478372,0.12451384090804607,-0.0011819053890210166,-4.425308289823783e-06,-0.0624896119428744,-0.0011184643090559386,0.05034421108261876,0.06447334420790768,-0.04013505932021115,-0.0009941422450233982,0.01815465917843432,0.16447759268188827,0.037024033793315154,0.003718043996442267,0.14531365128822013,0.035447347287444364,0.0018170057133023013,0.11221742998056895,-0.10987587210073098,0.021275507570663533,-0.011304989402120762,-0.008212885755682667,-0.028341367475060653,0.03151407465130833,-0.09741776327405736,0.08794522392957899,0.002484206473082103,0.1015002321252059,-0.05360852040738653,0.01580317814279234,0.018447053340735552,-0.016161329101712103,-0.000505703731933053,0.013580541962962553,0.15624870003661934,0.1080713270292703,-0.0028758157364260554,0.09959483486991264,0.09254259390815125,0.2068174618742663,0.009975678427059799,-0.01809360918998777,-0.053612597652475225,0.0732743328931581
BTC_LONG_3bf312a1be80dfa7_1d,0.0750061379992774,0.04777523750683286,0.09577759678293639,0.08027791022807411,0.012310512489175718,0.05877500297270801,0.14873390087127228,0.048433780162483814,0.2199047567397675,0.10175271888772446,0.07362035511085718,0.02756782836442819,0.12511292168297952,-0.026724605562523204,0.08632061278512511,0.040820278808245784,0.0811228740413901,0.10575526433461716,0.05568867565373392,-0.011596065805144478,0.11778180989659891,-0.08243159807359862,-0.06007843608842506,0.1832849181870707,-0.01935328260663626,0.07712450989652274,0.14471117126939315,0.013836813199528168,0.009095564438746153,1.0,0.09897894604244974,0.08455624140605325,-0.05657422544553153,-0.0044157947048830545,0.15571103729424063,0.05931251956697071,0.27928324189157683,-0.08366161911914245,0.027377928452195666,0.10570305675844771,0.05867934851437252,0.019797766975369044,0.02260293573849459,0.08747817551158694,0.04165239202987494,-0.012374656304868592,0.01877855694776956,0.20045531877508976,0.061769513185381764,0.06614972307771375,0.1654479403565362,0.07631900415590198,0.0826321224767876,0.0975629110474325,0.2625370783155083,0.15956392492068874,0.0040590046453884985,0.28968380951084105,0.009903476226259223,0.001277806395928759,0.05565521410988284,0.06333876903981556,0.0013105765606523127,0.061958701604120946,0.08583648728521903,-6.49789954701125e-05,0.013394655686108328,0.30742528675510467,-0.01579757018494512,0.10169179017520734,0.07087633950041976,0.07478031939762161,0.0007852088585888756,0.13730501287665245,0.15956094178765137,0.09845028948563235,0.07816257609172365,0.06393638835971746,0.030004691376063562,-0.016293681809003657,0.07794745366498221,0.04255043716124576,0.20261191037745924,0.135999001395797,0.0778404744050921,-0.009019494102791712,0.15927801944082148,0.005897756136023249,0.15904105062872181,0.12472263695664382,-0.028549646015057585,0.057627414062391906,0.060872580372721904,0.11945394443683229,0.04964920830702627,0.1382425211584146,0.03459848789197401,-0.042162369368435,0.0448572475587353,0.11775176680576217
BTC_LONG_3c323377de3e4078_3d,-0.030182054808671865,0.08254060626576928,0.007930211053402829,-0.02048074745578158,-0.04020380487888021,0.036807181223532465,-0.03293164531054606,-0.021884859862630338,0.1035879572546853,0.0278126314339427,0.11658958475376834,0.048827261504439994,0.019285401824361833,0.03564499430937306,-0.014474915415258879,-0.011034633868419984,0.10034507688193596,0.012260843104956152,0.06643414296606363,-0.02169283047203627,0.1977785831969279,0.04470944283024765,-0.01910025742104299,0.0633595574299522,0.1612450461871019,-0.022133738723543867,0.13206105154372616,-0.03636187989058647,-0.011922841693992511,0.09897894604244974,1.0,0.09285512441094923,-0.07980761072172589,0.1593226924717404,0.09104259675743398,0.0014576544530636544,0.05275311400429757,-0.01884234916360801,0.11704685062305674,-0.002307967965034273,-0.021875258561360487,0.0025278639244926794,0.009331652646729945,0.04891826477242593,-0.003408232688929012,0.02224852905484125,0.15441056532750938,0.1099293053935667,0.013224070542363594,0.03681071798236144,0.11801897905026114,0.15465837520310602,0.04959671797025058,0.004243239453975274,0.08637257648134536,0.08462963446022971,0.1537879978385132,0.15319784586137422,-0.04454345468097911,0.11479365767303136,0.22632444169504262,0.03092911031238859,0.013430367500603235,-0.041023721445911016,-0.029401425289633035,-0.025810774521485485,0.050669447054949954,0.1525890154881313,0.005177469014364674,0.049573869254988454,0.05104330363106495,0.006738859404371971,0.07138266410904516,0.1729256551315998,0.15152300172493008,0.016327589776638715,0.007508928759897566,-0.0066584614007913785,0.1347022254256014,0.14956013088371262,0.04904720059612607,-0.024345580011440406,0.0700103874930472,0.050277637966224656,0.3070501619369053,0.08904196425802068,0.06459338817793689,0.17575049414416263,0.07212122277062101,0.0868063805301166,0.008183988853878664,-0.02994695106791969,-0.00870674227038263,0.016023213817286972,-0.07762175667610707,0.09604878598530871,0.049043724598459314,0.0849182324923164,-0.02787077933043663,0.09141319010034393
BTC_LONG_3cd945806cc1e41e_2d,-0.023366280500634933,0.04078555577934908,0.09415197681284555,-0.01416490975063904,-0.020170778836007014,0.18444835951677777,0.09237667906806864,0.16356249517173344,0.11409543821442751,-0.033869928098783815,0.01971820352339953,0.1480108235279717,0.06514417808770864,-0.01130699203538926,0.017425715597968867,-0.011831940359628852,0.11578999191447176,0.09133000655874034,0.06430287539673878,-0.04939502745520803,0.08238260150447904,0.004046113528986286,0.06919783104622032,0.18333256122716055,0.06168329337228893,0.18756160834681232,0.007232225108810227,0.0053635278709405826,0.04847836077663955,0.08455624140605325,0.09285512441094923,1.0,0.006799404429377048,0.02789932635532964,0.07203740913549134,0.04012254208147411,0.019137495266070444,0.07442321925411226,0.2872108208213427,0.09878011573032382,0.018756938716660742,0.15453890417632987,0.12719881182543927,0.30119284222800974,0.14293359964235477,0.16139996280852636,0.1066862275070409,0.011731691424228391,0.07812605995293943,0.019896307214724403,-0.06115098392958357,0.2990290319142609,0.1787182397057127,0.02741223741526354,0.09734707704797137,0.18717676244949227,0.0193171656607909,0.07662367823963823,0.1381615228691734,0.13109327815452884,0.06483273406049612,0.10095385874109038,-0.0753000952949074,-0.0041346813378537505,0.1376075166069497,-0.08684944510486846,0.02643046685838536,0.040994085638603156,-0.11347870360880502,0.17832381568845124,0.020140975370111617,0.36441753109071656,0.0689741701190948,-0.0068758449000912054,-0.017457830598162527,0.10148989135003597,0.12040411912020045,0.06885551710727536,0.106365789539497,0.031362487189499064,0.04783902457849586,-0.015042852815022989,0.1698322040718277,0.05820523257221731,0.11177459220051568,-0.03578626746424917,0.19631159839447598,-0.06479549110839772,0.19084256605054245,0.18504338501759052,-0.006537590996385549,0.05175476717227655,0.12181840353586522,0.016474731096816405,-0.0026966265018159062,0.012615748212721682,0.23461888044138196,0.09387362699753968,0.0380294615517413,0.03970046216623145
BTC_LONG_3d382c6b95774870_12h,0.40739061875322574,0.015584447952368241,0.0759863953734581,-0.00889194951896176,0.17288201373691753,0.009679959813064952,0.0401476577508975,-0.08009497057147093,-0.07302021022078373,0.06927340730555555,0.2093703817542876,-0.02091008418569403,-0.0022948943924690148,-0.023840130922955713,0.07680004536230325,0.20336649027217255,-0.03171529010038452,0.19003138812798692,-0.003927171266302143,0.07712277841317672,0.00827225723284308,-0.04420805762254435,-0.037030656659465123,-0.02035239460737584,-0.029342574092691222,-0.06562364783755982,0.04747799605576623,0.08920025104573301,0.17071860493907107,-0.05657422544553153,-0.07980761072172589,0.006799404429377048,1.0,-0.016826955581631057,0.1085796209597215,0.23964148511263425,-0.096963356378615,0.10038147784213805,0.015031098085696531,0.010144269247047902,0.04020421859954132,-0.1325561985445578,-0.009865857313616883,0.10340772227289532,0.09134880704853104,0.03978257420635501,-0.050358750666188765,0.14327755554352045,0.09967450557590124,0.007014342300678734,0.05581713361867303,0.022838998074092846,-0.01938955066535136,-0.009313435735050859,0.037315247369900204,0.10265919672839038,-0.004522385607967269,-0.03168958326887959,0.0005164952333465742,0.03248416394554557,0.01755108490793395,0.033819290037804,0.1404823403932822,0.07134593653927314,-0.01821757008712154,0.06319685400782638,0.07594221022360652,0.09704292582458479,0.2818479984084266,0.013610400796531467,0.21721653097933322,0.0673968943407624,-0.010413807048490115,0.0011676605063435485,-0.17968856807047937,0.023397077383818566,0.024329868891193818,-0.06973840432537036,-0.09134786076595042,0.07107951284536983,-0.06744911280703131,0.2668904284964958,0.09268382177373037,0.050604460222089094,0.03144327456827576,-0.02191866775997581,0.06994532540378827,0.07928578860578078,0.054388336658134945,0.13443246588267146,0.2141527957244006,0.19304181408294505,0.06665267535027561,0.14043174272957676,0.2190395404166107,0.18116334629466674,0.03020981081431095,-0.08341035404879366,-0.05669990967728583,0.09579118720048374
BTC_LONG_3ebd17aa694e737f_3d,-0.010651714196825368,0.1297445825873766,0.051249537181688454,0.06631345820215646,-0.04230755277876968,0.036920756730020335,-0.00869891347820136,0.015012913043246152,0.015520222347455719,-0.05452196457199493,-0.02840477139167318,0.15744410987664495,0.015146609761089712,0.08658000013005357,0.012886371580975458,-0.03420556072623985,0.01898871397526892,-0.04722931878113393,-0.008530900320009317,0.03770482697820339,0.14668626593389827,0.1702549388940669,0.11520703161456415,-0.0038578022319797393,0.12218979722464737,0.007441354454337383,-0.014873907947354988,-0.009023435257008256,-0.014953928943734096,-0.0044157947048830545,0.1593226924717404,0.02789932635532964,-0.016826955581631057,1.0,0.0029470771297528263,-0.05059341199810753,-0.0076072499513284994,0.08856389683790357,0.024405563680352217,0.034619119742188766,0.01685347223062007,0.005439864670906234,0.0355107703729254,0.057100469428638556,-0.03746177522893897,0.04944563615433081,0.1708860705650427,-0.01923002245890982,-0.00535207672198159,0.07005230919158734,-0.023637076836210254,0.08268083938118845,0.10328453969940102,0.03410889397664258,-0.007950384559641673,0.023535532818703353,0.24147713309944466,0.02942043769910927,-0.004859108272112236,0.2128792756195929,0.16126948434055535,0.10824433681103926,0.014540628371765287,-0.07649692111179587,0.049240987080812176,-0.03826820352672839,-0.05679344570190383,-0.05477534708412455,-0.06256735163654246,0.054202865025339254,-0.010501729807891986,0.007883475702096293,0.08547596771379495,0.011749533851905098,-0.02299855503256956,0.05556562271821097,0.044190504740525376,-0.009122868618844525,0.13906435645001616,0.13932470771226238,0.02844965790494354,-0.13297686616269916,0.05442562479830386,0.028935609476997366,0.06643952536467874,0.5121259451121287,-0.014319570261361035,0.12510001050440744,0.004246231469952454,-0.0018648952796246007,-0.09930620375159092,0.011187359854077953,0.08221705132138095,-0.013066541138585188,-0.05493615684411875,-0.011912323335792917,0.0325458689252309,0.2873662375920242,0.012754438986304054,0.00836029991966924
BTC_LONG_3fc88102a54ee0ad_12h,0.03688455723654189,0.017280657147605592,0.035315052980975474,-0.00947899147310113,0.02659939004137475,0.011194592030492785,0.022997896420465083,0.02931501068838245,0.16595250905785353,0.14866394300196623,0.21315513310153172,0.0829934680939512,0.06052461161898916,-0.04995281416887626,0.016565634216117196,0.09235864191296254,0.034358145749502,9.450157544528379e-05,0.03868958467965458,-0.012605854482880523,0.18266294055363294,-0.053168212141760755,-0.0571574957675416,0.16368673391299005,0.01832640185452961,0.159379770351922,0.20219864873898505,0.10607954294824075,0.0929164538631068,0.15571103729424063,0.09104259675743398,0.07203740913549134,0.1085796209597215,0.0029470771297528263,1.0,0.02878900903371011,0.1415121437008763,-0.07536664672687035,0.06343085873222401,0.07252652149159461,-0.023128780560257356,0.026517960704033547,0.07921489088261108,0.16518921313722712,0.16880798907340872,0.05471818508159592,0.07857462592777488,0.21966352269398962,0.027435832009075047,0.07607608920555486,0.1836043367172667,0.045859984344008224,0.06679338031700617,0.08838408939231465,0.218661714577424,0.10793039559525835,0.04621240259925436,0.23098923770534566,0.03309702136219158,0.043256634749369,0.12050978446570786,0.15425237839247508,-0.001349003795800946,0.14796223410605827,0.11567231465458132,-0.047590986407157455,0.04525442816044809,0.26040665588746736,0.13019216372757136,0.09585781261513257,0.0421521438763032,0.02569166760794546,-0.005735049885369577,0.11456236411147704,0.11301083167573,0.08224854964486347,0.07143987561323514,0.004219900958033222,0.050144035447825766,0.08198954438254749,0.12626064752377994,0.1561860822176327,0.10391612998633747,0.11292950427609302,0.1651880008570878,0.04647425570367791,0.027892808032601503,-0.05893810065669284,0.07881248301219962,0.09654353168155863,0.04850187678502739,0.1083268233329753,0.06963281178932318,0.15230721913914883,0.0364287033492949,0.23854033310076858,-0.005461058735153807,0.061699621248408894,0.06976248255588206,0.16860010646017595
BTC_LONG_4a5320eb6a3bcada_1d,0.2013287361786561,-0.0014248821472001765,0.12362605452067864,0.02747127331442987,0.2638600725649205,-0.0597731022450156,0.10275922966970484,-0.005430860314823571,0.058125067726150635,0.11890358941472036,0.24351325439764493,-0.017975730490023205,0.0366078800068578,0.13024217545858105,0.11778254568622712,0.4228553333067106,-0.005124807446361577,0.13995019323794267,0.036056793352207274,-0.003124360965147978,-0.006308773641914268,0.0017648185913914055,-0.02149404418942661,0.0011562666046627996,-0.008311324130159763,0.01899171410683245,0.2638246178106536,-0.03886999711179145,0.06960759589028023,0.05931251956697071,0.0014576544530636544,0.04012254208147411,0.23964148511263425,-0.05059341199810753,0.02878900903371011,1.0,-0.050717674607123384,-0.032544760309668214,-0.07231332942141006,0.011916892597899966,0.12277173177868539,-0.004447830009401645,0.10015090656884752,0.04760365443913033,0.039415772040372075,0.11240723010575898,-0.05896158314932606,0.3177849069764216,0.028077746448946346,0.03873685627608959,0.12823131485002734,0.0025727171998200476,-0.015829870061380598,-0.07314919178517514,0.04539032658335601,0.06699424133924706,0.010443122527231802,-0.003140233519076793,0.043240809858706555,0.042208005700326304,-0.011072563029708793,-0.009799961669415113,0.33584663856850366,0.07703678810825867,-0.08079225811526672,0.01598745549748711,0.2335522694589414,0.26045260505634044,0.08697772584918162,0.09001060990785732,0.2112676564851573,0.06894263402985018,0.016956647444526907,0.2395520789121704,-0.03577039560115178,-0.04884243982937826,0.12437484688118136,0.11178079612730757,-0.000992377204306893,0.04529861884440729,-0.007314964057626403,0.0922806737940159,0.11293486289195313,0.0322268657981276,0.02566559088820157,-0.06465478009406123,0.006404831845520348,-0.018786117852890236,0.09643069567790584,0.09332837729314879,0.20213225441758023,0.2979967743161127,0.01524137288928873,0.26189440752227877,0.07112081477302679,0.274903441743126,-0.013796580491332448,-0.016582165524312777,-0.10175913162865398,0.09315289756394891
BTC_LONG_4a707af33475c4b3_12h,-0.07856735696459084,0.09061377673717164,0.07927437922628311,0.0322393181150981,-0.06734124223866039,-0.04190989556628033,0.10915826809494132,0.05406049998023138,0.1773521620929494,0.17460860878908457,0.042298960594587716,-0.023373960632485227,0.09234588270147158,0.0014523523769953558,0.013967702034087792,-0.08174387050539846,0.053208651611455965,0.09100896563885785,0.09141884332503183,0.023153802793798556,0.04138929544359788,-0.053314925963889315,-0.018649988475538375,0.1701365391501131,0.02760038295413101,0.06964274016902942,0.28906140965059907,0.1423888353313883,-0.05910779823658482,0.27928324189157683,0.05275311400429757,0.019137495266070444,-0.096963356378615,-0.0076072499513284994,0.1415121437008763,-0.050717674607123384,1.0,-0.032040439799467114,0.01479436699381605,0.06665880031215903,0.09177770649368443,0.020521339916761017,0.010591473324506166,0.07351147435648898,0.039437756906280125,0.02069580129954636,-0.03278174795543137,0.16329208624325545,-0.010011151397620571,0.09964723319073081,0.11285263659482318,0.02531927734498871,0.08176348045732358,0.09663864424367836,0.23278136851426962,0.07559293583400753,0.07416679886261981,0.20049245689709638,0.0027758221866998646,-0.10871606692585925,0.03389342798635179,0.02424655017069147,-0.07876525871964687,0.02290782256758415,0.1661940007434421,0.20846439302712838,-0.06886585772190097,0.11575564976668663,-0.10652927382577071,0.04198584119343642,0.0144651603207537,-0.01451540180744514,0.08880695108544985,0.020102291159714042,0.3664634771510297,0.04163238610119022,0.0594099706224155,0.042328865637866496,0.03309665424560019,-0.13820966082269298,0.05258966286382879,-0.0922348765366979,0.09627590875631817,0.04982147076642316,0.020468794151183113,0.018614476147995607,0.07763920493140528,0.02144172328516431,0.11534220031202204,0.018750374954847274,-0.1361278845862554,0.02186927689038484,0.09201892034418284,0.15908894582475933,-0.12888714350918393,0.07089825527217064,0.013752835038518088,-0.038142152708850546,0.03749424699362394,0.13385644642707412
BTC_LONG_53f081fb7aa13377_3d,-0.0017291474558321623,0.13318835863007,0.038342272555399584,0.0004902822757001198,-0.01132068423846133,0.03550479372045471,0.035226631941713354,0.015888628726571524,0.04854947899080783,-0.05345274699627785,-0.015142834248864983,0.0833118271357102,0.06641460329416227,-0.10921263052440315,0.06992846118584335,-0.0015308009488473346,0.013344455934124899,-0.013004202849061623,0.06384314599819886,-0.041650652700326335,0.03241449332832834,0.24785295554847264,0.03699476284542441,-0.005094518988825818,0.07096787629748241,-0.044267956777499506,-0.03643164318822117,0.07219576108472642,0.027923041663537634,-0.08366161911914245,-0.01884234916360801,0.07442321925411226,0.10038147784213805,0.08856389683790357,-0.07536664672687035,-0.032544760309668214,-0.032040439799467114,1.0,0.046189544031851514,-0.0761483707325422,-0.08524426367330824,-0.019541696398700983,-0.04452857964533356,0.09010766017343506,0.020487747213936064,0.0036306637058903194,0.08674664262562977,-0.033381824654195716,0.08828574095975315,0.04969678902480384,-0.011242720829694318,0.024293878943654482,0.1238179550497893,0.08197959023504789,-0.11711743208290065,0.06269240606686673,0.2710416141091272,-0.03202700476663893,-0.05350514326949369,0.0982945169671442,-0.0816851206504982,0.1269161912335792,0.06306127213220643,-0.008576249614893132,-0.08533521811730678,0.00976682088117852,-0.024055699205276893,-0.014943866281534764,-0.02206449567632906,-0.043011732663747644,-0.045089284677319666,0.028914885025998115,0.15261814371530508,0.0018809285312054648,-0.10645106569655893,0.08163516772384975,-0.048683923482168504,0.034230526452966384,-0.019503308939048704,0.1566247468562877,0.024254619361964325,0.0490751729731784,0.06491099435513732,0.03981885077348415,0.028585248061330552,0.22451420746212172,0.07323778143268689,0.13847025679367678,0.007022669070798913,0.02118048604664923,-0.01217675620392836,0.007392917924840892,0.07740346831809813,-0.006706590609784728,-0.027165467069055378,-0.00988483850522128,0.11382027640988357,0.07772669660995035,0.018748509749931017,-0.017102295953668068
BTC_LONG_546aae11ff7d6499_2d,0.033241558959732936,0.033840599863917575,0.022660517878629143,0.045120340798337794,-0.12396962605432434,0.22969027199915962,0.022822873119214892,0.27032031803693946,0.08603914148468382,-0.018387366538506766,-0.004984388221607155,0.15358607205470873,0.08163929435620075,0.06295687842910372,-0.009888634140378582,-0.06913697592070338,0.11492074738126033,0.10151949820773859,0.10481278961573477,0.06928241372016619,0.03894307377831876,0.08429052582497819,0.04548447343640956,0.10099791426991123,0.03793315334877711,0.23413170461674426,0.05099170171601809,0.021644839376100344,0.011013454787193481,0.027377928452195666,0.11704685062305674,0.2872108208213427,0.015031098085696531,0.024405563680352217,0.06343085873222401,-0.07231332942141006,0.01479436699381605,0.046189544031851514,1.0,0.08112414384870995,0.15861154668909336,0.06139662769512133,0.16574231072215204,0.30073718993564724,0.13638062291313824,-0.006190602822124905,0.1204231218512709,0.032195742093475845,0.031157655498776016,-0.0028042331048186747,0.0011723612628556483,0.24083426683211495,0.16417817366963466,0.15385256869285416,0.06425649903089428,0.16713784678133445,0.05788282259342742,0.0532067246880344,0.15933933059670694,0.12028269224663138,0.05157950918227363,0.12637465020948482,-0.10950485645171237,0.0025446667588048272,0.2723059338591755,0.02383342182263831,-0.10760799085093298,0.058288357108131246,-0.0971493901280039,0.05884628773945778,0.19570341964708463,0.38500380405033663,0.05990116988413639,-0.041895459049250204,-0.09020509200595327,0.23340911680361984,0.04864339212328738,-0.048947688206388354,0.14762564864552188,0.033201156686472326,0.15729375804866882,0.05634314490782842,0.2525456225705425,0.06648813688587599,0.12244556893706074,0.04146576628372831,0.1226725914461868,0.04226507998759561,0.15865243450583447,0.14829659331361755,-0.04073011345655515,0.0026197358794622216,0.063010557170755,-0.053302324453588665,0.0067132836773352725,0.06842454086234714,0.29532268373175474,0.12733961275569095,0.016264835092530995,0.08789298444959091
BTC_LONG_54c24918a2d046b4_2d,0.008972237255234048,0.11624672832742043,0.2237195946941383,0.07102001067475473,0.024117897198371437,0.13646368126582215,0.01690059463442334,0.38323069998813825,-0.013159407879168012,0.08967038171460559,0.020348263634083662,0.09198121889131029,0.13935027587687665,0.06432914687222416,-0.05520064266783765,-0.002594953592118124,0.2836541375709175,-0.06735625189431715,0.16444987096112537,0.04274728896169882,0.058373747453912175,-0.11734689446542282,-0.013286911838978455,0.08938245485684086,0.10160463642143956,0.3247706928584575,0.13750370610339654,-0.0008541496996580658,0.012970693595669526,0.10570305675844771,-0.002307967965034273,0.09878011573032382,0.010144269247047902,0.034619119742188766,0.07252652149159461,0.011916892597899966,0.06665880031215903,-0.0761483707325422,0.08112414384870995,1.0,0.17288969227535123,0.19477748873768727,0.06262508119024222,0.0347792045025468,0.05637919892238474,0.2113965520367696,0.019900968903195013,0.04559446367748423,0.14684259075043235,0.05172672368087673,-0.021075313723703238,0.06343108835374701,0.06903126410348326,0.24630979803825584,0.13038944389878274,0.180389404394165,0.12505269975548097,0.045058373341147706,0.04461790045793871,0.01376601016978793,0.1340060278120629,0.19170465505435563,-0.07016043463395082,0.04067219122123436,0.1468759815633107,-0.1631343215810805,0.01781491110849468,0.08092097396364545,-0.0807435932963669,0.13913557733017806,-0.1336623191573144,0.15589709086244294,-0.04918432498306935,0.003004345586976498,0.0561303397885079,0.14803060588965128,0.19224502213714284,0.04127701561711408,0.026523855955563128,0.21008445883653354,0.10362680448179847,-0.002611802113357627,0.05535848453826999,0.13952543488239352,0.15375062911524065,0.011846989832290171,0.1574129576283587,-0.06857025639636975,0.18922044492109463,0.26719026320291117,-0.03746413892893709,-0.002340019230366316,0.14156364011327582,-0.043785850019913905,-0.07558001351952998,0.08387478479068584,0.32078309470450106,0.05352008715622342,0.0009686647149204859,0.12244570884210915
BTC_LONG_5740defe528d6e16_2d,0.07237718784183364,0.019039088476040054,0.1039695677901235,0.16684073470301278,0.004808821605071943,0.054701820746865665,0.12213399589769318,0.12506907991209507,-0.06330683571254851,0.039289761744486076,-0.053140618947459854,0.0242758156495899,-0.029396796074164955,0.12185008274050142,-0.01296875951141903,-0.0015743428586991438,-0.06937596316837523,0.13757728698944377,-0.04729518958626787,0.008039648123760318,0.021474142855685913,-0.046834945941454306,-0.02094504672279626,-0.08621654315443135,0.06294037226637292,0.1077345930924861,-0.03177649565065137,-0.036100659795824996,-0.004830854110872441,0.05867934851437252,-0.021875258561360487,0.018756938716660742,0.04020421859954132,0.01685347223062007,-0.023128780560257356,0.12277173177868539,0.09177770649368443,-0.08524426367330824,0.15861154668909336,0.17288969227535123,1.0,0.11125988820696883,0.19542701593326672,0.06256906310763687,-0.051499316113356335,-0.13836404829865961,0.012959364353595924,0.04727328107531353,-0.020079525326594884,-0.02731985025486589,-0.028492036619265873,0.047812315521432176,0.05228478667673994,-0.044734983684444035,0.030453376997976622,0.06197756170371135,0.050605378450145726,-0.05578328545064485,0.08138677833154531,-0.05162680955182945,0.06762893897388232,0.13694882982498383,0.061386395146750906,0.030119869910248724,0.24798053462898798,0.13133119868705312,-0.014952802172461878,-0.05817434759910748,-0.008122348604393474,0.06978884431143195,-0.0030420108374185867,0.06141363591991421,-0.04456471383082462,-0.06210048822530357,0.08302557122986491,0.11631451617728342,0.16297554527991903,-0.1518287020223906,0.031890451707337994,-0.10877414603149513,0.13587370704755658,-0.15179425972215346,-0.05703180441534469,-0.002230719190724286,0.09221031201035673,0.0035252508590912068,-0.016429086841944426,0.06300183982398759,-0.02988494629817468,0.07563265017270165,0.023471991437987685,-0.006847403811326238,0.07433012236043031,0.0843196282674376,0.0936906478343097,0.06112895806412449,0.13151883216966626,0.0029306089343882403,-0.047341136757706216,0.06850895079379642
BTC_LONG_5b55989455e686eb_2d,-0.15909844246263552,0.06648645183524868,0.049786283635702686,-0.03561566984502797,-0.024577369400651146,0.04600251743431492,-0.08302115585319034,0.1552823427313242,0.019133465370078206,-0.005995541750536978,-0.03360151622438105,0.10394462187816558,0.17103556438499257,-0.023247453142823636,-0.09735439222636524,0.006382318477438522,0.028824298690551333,0.07414784859154348,-0.0819555680785655,-0.023412550999386213,0.03353142813297657,-0.06124373560245207,0.011964548022696784,0.02383881645701718,-0.01889542930445361,0.2958957653440129,-0.02338494799400177,0.04990728276285826,-0.0741151375233501,0.019797766975369044,0.0025278639244926794,0.15453890417632987,-0.1325561985445578,0.005439864670906234,0.026517960704033547,-0.004447830009401645,0.020521339916761017,-0.019541696398700983,0.06139662769512133,0.19477748873768727,0.11125988820696883,1.0,0.10610975897934548,0.024312225839994185,0.03356188700049849,0.06417168719832696,0.01681862384715753,0.0185794405960498,-0.08908646572418567,0.0015506023291170289,0.015466711034626573,0.15360713055563438,0.13323359700059986,-0.040073981267230115,0.0411144368346662,0.18200337765134605,0.05383203651659019,0.05197244328542983,0.06544574644650704,0.11809390175809029,0.0792564921428699,0.06425379296867922,-0.031763770679995335,-0.02238731385325488,0.22361723423122287,-0.022820040724661806,0.06513554209246952,0.005245929379467881,-0.14678840544250843,-0.015612854589945397,-0.04038539295187189,0.13254749103113117,-0.04242933527370754,0.02005202313559839,0.0034065131345971337,0.00783075127213439,0.10943207259777857,0.16234275449355598,0.11482476351487295,-0.00881186784210481,0.02312426868966041,-0.0714835346780175,0.027052534739261988,-0.07504156768807431,0.021687126304233927,-0.008534590862379529,0.04109737167585164,-0.06684401320191667,0.04447975324258394,-0.026450373976397754,-0.028231046073583923,0.01965452648669359,0.012885151364908327,-0.07557661435992435,-0.024809948264720095,-0.015536716267736665,0.15205756182678626,0.10089165385857682,-0.09026612132549137,0.017625508888467315
BTC_LONG_5d47cc6741d7c67e_2d,0.005566059190168429,-0.010403739980043599,0.16830023025050306,0.01107776688758966,0.13292466584024684,0.04332865861821158,0.1733803144332833,0.12733143125984395,0.031067502534820893,0.0700516157033506,-0.06219246250274405,0.14647407146857314,0.1367820879857168,0.28403056526548087,-0.03459502887315551,0.057652106036397734,0.07171013050170132,0.08046081273403541,0.002062645515323061,-0.01776407219985942,0.03242344635965635,0.008160724500743781,0.016805381768993,-0.05121005919803656,0.058280489579411364,0.19356669145956815,-0.015301305036451045,-0.006941341921780294,-0.043440687523910206,0.02260293573849459,0.009331652646729945,0.12719881182543927,-0.009865857313616883,0.0355107703729254,0.07921489088261108,0.10015090656884752,0.010591473324506166,-0.04452857964533356,0.16574231072215204,0.06262508119024222,0.19542701593326672,0.10610975897934548,1.0,0.22913663950725716,0.16278446237751418,-0.04258171806840167,0.1547481749089539,0.10175532636308306,-0.03305985831661076,0.060544086635163134,0.01522607243506422,0.21613208058021927,0.2283852756869381,-0.0031509555533234413,0.04781904322787994,0.1785883862636193,0.00695669518540604,-0.1256521037972437,0.28687516663792084,0.12922266730155763,0.018736827433679503,-0.005053874574098966,-0.055682731116958775,-0.06296080406482545,0.17260896148154384,-0.05117768930318192,0.044775813256827744,0.009219866683367623,-0.028606548011606687,0.10492987962338333,0.0023506331281891164,0.16328121978657786,0.09418794520978575,0.0339232726313483,0.03771077376979986,0.13539244183776378,0.14354530929092923,0.10532244729822064,0.13621995525214872,0.02728694498237808,0.1939511969926501,0.010840854252442021,0.19372621058937067,0.11785639703893658,0.02627004690808068,0.0169403249438445,0.01147430725087846,-0.06128519166560127,0.05626351403227219,0.09354879215006692,-0.021890296590958987,-0.09460272961387274,0.0722677650940288,-0.009553893840561389,-0.10130657699693628,-0.030583949100864653,0.13228361362245122,0.09136164156297642,0.05717377591802744,0.010670903935615874
BTC_LONG_5fcd25c8e6a72764_2d,0.0632722147324666,0.08162205250863612,0.1577962465907247,-0.005105792137101678,0.026448783282410272,0.13829842120046307,0.14337861831378318,0.1631965028858047,0.1802358133320989,0.04794880410853264,0.06592779097306219,0.16096730177116486,0.1471315030036323,-0.00038659702917086383,0.12669570933030752,-0.037334323484933395,0.026902526865346776,0.13069959356697652,0.0463002235514886,0.07149620234809748,0.059793889438875474,0.05881163124695124,-0.010578456067148068,0.20120220671720637,0.06575283655631467,0.1348042890316751,0.03480880611425345,0.11045243622342396,0.028440519609813933,0.08747817551158694,0.04891826477242593,0.30119284222800974,0.10340772227289532,0.057100469428638556,0.16518921313722712,0.04760365443913033,0.07351147435648898,0.09010766017343506,0.30073718993564724,0.0347792045025468,0.06256906310763687,0.024312225839994185,0.22913663950725716,1.0,0.23693638059208233,-0.007177842928154654,0.09720569465233828,0.08903085390238087,0.07773998801795744,0.12211771005957416,-0.017309421970318664,0.28856556707553926,0.27938255669588485,0.0891141151508355,0.22145598869781113,0.2867287577438861,-0.009477245881057913,0.03449125733743426,0.17051488521108052,0.2274980051753974,0.08143088207487681,0.09574049545857982,-0.03453077761851436,0.02783806770946676,0.19566073456574407,0.07365531419986757,0.06408473976347176,0.07881341899089576,-0.025316719550910197,0.2751072104410635,0.11410292334200335,0.21756680460855832,0.19853814007892132,0.03468849845180142,0.09848763963881729,0.1280861314761231,0.19870420760585267,0.1415170344242893,0.09647010234244409,0.04565343959699085,0.13482302356903547,0.06583846031430698,0.36606460825594894,0.12233235369844365,0.030504281944795333,0.0633048628788084,0.28561657454018674,-0.06077528254121417,0.1945059127818677,0.1872897051596041,0.025208878525329822,0.02057278833813118,0.06230248007337672,0.03434390717438068,-0.046548232516793485,0.1261309217362154,0.16599846810157726,0.045571545856488906,0.2568826622678543,0.006335323618357919
BTC_LONG_618010b07f5aeded_2d,-0.04088464211558542,-0.048748176045359574,0.13205412112803086,-0.004888001976576029,0.035005150141204915,0.039978948560147796,-0.028151991065205145,0.15073540160880008,0.16453209469396504,0.06045636619528507,0.1628993502416923,0.24453928398389663,0.20133344707920794,0.02075158115712276,0.08737972757428757,0.10518072817629177,0.15568545301416822,0.08307650004231056,0.0852804858483919,-0.01785368061057985,0.005039023841116522,-0.04720090662043562,0.07925408544642884,0.09922302770531544,0.09705383754064352,0.146700891716832,0.016822566344134236,0.13381428792629482,0.0016259683875898974,0.04165239202987494,-0.003408232688929012,0.14293359964235477,0.09134880704853104,-0.03746177522893897,0.16880798907340872,0.039415772040372075,0.039437756906280125,0.020487747213936064,0.13638062291313824,0.05637919892238474,-0.051499316113356335,0.03356188700049849,0.16278446237751418,0.23693638059208233,1.0,0.1096224374988836,-0.006986442827637287,0.04672313695507167,0.1414257806421379,0.009299513509859659,0.17948008821054165,0.1228883751265611,0.21236820726592412,0.23878647626891503,0.1920964603514278,0.25992093763629,0.011890320974239619,0.08463415331988278,0.14700019233426057,0.15048265944005965,-0.023786064338098944,-0.042021222360308204,-0.1541167656220054,0.0808153329121917,0.12116354361398494,-0.04775256938611275,0.12268907020574604,0.09391602880766564,-0.006379716405773003,0.27259391879645034,-0.06644983009094503,0.12986359597198668,0.12687419343038536,0.04714223305643085,0.01667030032361225,0.024222032551843672,0.022984722611785902,0.19845265239951992,0.13782448430878474,-0.021313549300123597,0.07902501336514797,0.08108932518252461,0.23634229771842916,0.25310422936072313,0.09247085539122774,-0.02921543241335237,0.10926405326580145,-0.15332427160605108,0.27563015670925556,0.14477634272044163,-0.01854280553838499,-0.026988630644935455,0.12184164548156942,0.14416623315725471,-0.04633292727342557,0.08172473228006988,0.12987459228923506,0.08079738558320224,0.10965664074371906,0.08914480296931787
BTC_LONG_6360988c96987bed_2d,-0.008133674763325322,0.026396705139876946,0.17194371964069716,0.10776010174758956,0.06428261808953808,0.1331107990374357,-0.0850246544847868,0.1666295099759805,0.06285837423330255,0.12322580145441996,0.13326038976688934,0.09178950537752391,0.0728271375646732,0.04064272708323008,0.11654481211744637,0.09815657748672443,0.22009592280137844,-0.044386261568277345,0.10614477296697787,0.04372377459020519,-0.006977984086654884,0.012614934466406033,0.02543390122610626,0.048966954943730066,0.06622474182834659,0.23133330266867855,0.08334574366353675,-0.015196354584163584,0.05311745494175491,-0.012374656304868592,0.02224852905484125,0.16139996280852636,0.03978257420635501,0.04944563615433081,0.05471818508159592,0.11240723010575898,0.02069580129954636,0.0036306637058903194,-0.006190602822124905,0.2113965520367696,-0.13836404829865961,0.06417168719832696,-0.04258171806840167,-0.007177842928154654,0.1096224374988836,1.0,0.028653115346991408,0.09626472323563473,0.14765049411108672,-0.006777159321496026,0.0542186579124126,0.11394538321672741,0.08813889235939183,0.0723429249101499,0.10873933986081424,0.12262810476503834,0.06774734622265315,0.04033857419776368,-0.03321227709584181,0.13438641585173772,0.018064675788617975,0.009157831777856878,0.06189566100167312,0.03731461332722966,0.053794459145797884,-0.11873330307135448,-0.005566411477997026,0.03585510898343017,-0.031614016539047884,0.09509932568901815,-0.11784282104069348,0.22221753630368538,0.05991098688851814,0.011730458327785374,0.04930780685092502,-0.01999651286680206,0.0629173335990104,0.04226987333015077,0.011761617549048083,0.10518415189454058,0.11269165646139576,0.04298413705117369,0.10584921914063895,0.16929697553531123,0.009175196561758463,0.030993760891280957,0.09004673911073535,-0.07467896119003957,0.243394056091764,0.23333277742867187,-0.008296956836217922,0.028502593332941608,0.06134344500976434,0.06965874616713585,-0.08727592589118374,0.05185032451786812,0.1778785960965394,-0.006235160857709565,0.07388688194673589,0.10192291574767302
BTC_LONG_665a553ed9e4f0c9_3d,-0.0852740960437669,-0.02650049722800161,0.03811374892687414,-0.013999473702577944,-0.011416882209477957,0.15697320924226174,-0.06428768483477071,0.09557945855787217,-0.007422699265977704,-0.048999064593658104,-0.03744650926801699,0.09246682555717903,0.03182840444388379,0.012811578595090724,0.1015376687307798,0.07446282546076954,0.040161946432394735,-0.046950605162543624,0.10000994382286105,0.03413813903161756,0.17361978829502048,0.05570125361261379,0.09440025550960823,0.05667544423490097,0.16506056472075056,0.06767887648224503,-0.02605825341253986,-0.09235633560852377,-0.1022419863127704,0.01877855694776956,0.15441056532750938,0.1066862275070409,-0.050358750666188765,0.1708860705650427,0.07857462592777488,-0.05896158314932606,-0.03278174795543137,0.08674664262562977,0.1204231218512709,0.019900968903195013,0.012959364353595924,0.01681862384715753,0.1547481749089539,0.09720569465233828,-0.006986442827637287,0.028653115346991408,1.0,0.03285121429991618,0.004554389589106961,0.1785006177470287,-0.014315353947591593,0.13260618815528027,0.12153165034144929,0.02705290226742407,0.029546778250243117,0.0921121617971319,0.2128440340593827,-0.09139943184812387,0.020092743845310845,0.07123613868736306,-0.015043570565084999,0.0950662888368333,-0.06627028038680799,-0.011700723885824943,0.034203033255203484,-0.0946322621361593,-0.06120789361980628,-0.03282290393651982,0.0033888346010119102,0.029419294428417002,-0.06797185387879326,0.10961877657640301,0.16084629099519404,-0.04255591199802599,0.042132231334920694,0.13754904570870466,0.11021887018708863,0.017209200060672947,0.1789995777892078,0.23303397042740157,0.13457721099746353,0.005967277275208322,0.08186601758204115,0.05141176802839383,0.0886791372235214,0.13668498983654723,0.075263045179133,0.061350822855691156,0.09011873320299417,0.10584696282751448,-0.13985414332225846,-0.09091971900333942,0.1438753649538,-0.08272989038676837,-0.07137466250971111,-0.05821350534209099,0.12375670770540487,0.0636449061141474,0.13086693429548366,-0.053137893789079294
BTC_LONG_66839828a010ad14_1d,0.20381566746213894,0.030202254516672866,0.100798467703327,0.0162451429168849,0.1283966139614322,-0.03337001953205109,0.14078560822465097,0.04475630512271578,0.190014094571748,0.23006738657986403,0.2356377675584523,0.04841825999888183,0.09072139725488973,0.08040334596730146,0.023383100904260996,0.18871924068165563,0.0789976196441371,0.18048450820297768,0.08073917633458132,0.015494878229725055,0.16996681472238342,-0.015422758385450519,-0.08811694121391202,-0.00796577736073023,0.04472642190348424,0.01647422128290614,0.35494414923245243,0.08721834697919632,0.07336245662830526,0.20045531877508976,0.1099293053935667,0.011731691424228391,0.14327755554352045,-0.01923002245890982,0.21966352269398962,0.3177849069764216,0.16329208624325545,-0.033381824654195716,0.032195742093475845,0.04559446367748423,0.04727328107531353,0.0185794405960498,0.10175532636308306,0.08903085390238087,0.04672313695507167,0.09626472323563473,0.03285121429991618,1.0,0.11243478487598389,0.055277293349919834,0.37711741320221026,0.061273951813008834,0.030569515983351586,0.04717910972952465,0.2611832274320825,0.11544549535679617,0.05442804220349125,0.16453330334209504,0.10415139373364606,0.07291820750241555,0.04459161310678553,0.1954861134002048,0.21756813767017547,0.08603630333039765,0.029866840455000293,0.026077739410221804,0.10238810796653038,0.3465929368052171,0.10628518934628742,0.09161020896194373,0.08787403506196008,0.07907955643114246,-0.010601646148873769,0.31024854432965737,-0.020466214773233994,0.03645004401964976,0.026411653063973778,0.006449727158851325,0.0028250661909819076,0.07963233008271703,0.09584773135525543,0.1400429586513914,0.23023138412104915,0.10346304152406081,0.10701275096844604,-0.00506869612290837,0.01738601153544939,0.018531758581892155,0.1675543967521079,0.07022396466967225,0.13748249991313488,0.28147765168567807,0.0826956796296918,0.2723458475039226,0.07029529419835114,0.34770242253967265,-0.021264843104209757,0.012358566760252189,-0.03791094508108639,0.1589112729232083
BTC_LONG_68a3d0b0c63c3b13_2d,0.16322345420696815,0.1030931348351008,0.09012361343029418,8.022076229430265e-05,-0.015279333840554927,0.04484470173948934,0.07289225586909243,0.05065753876138982,0.05507157978461064,0.17362181175425764,0.1492766104498134,0.11774716445645447,0.014813624140009696,0.06107518004469833,0.11016011743027807,0.002949998488529996,0.19832530988344746,0.08057367453726726,0.1267164873905477,0.0801049401501342,0.016743377132552636,0.05330029834430332,0.03571847638839557,0.02621952281394883,0.1358800537210214,0.04767984730245491,-0.0024906058331116082,-0.025475428959083335,-0.04741546087226504,0.061769513185381764,0.013224070542363594,0.07812605995293943,0.09967450557590124,-0.00535207672198159,0.027435832009075047,0.028077746448946346,-0.010011151397620571,0.08828574095975315,0.031157655498776016,0.14684259075043235,-0.020079525326594884,-0.08908646572418567,-0.03305985831661076,0.07773998801795744,0.1414257806421379,0.14765049411108672,0.004554389589106961,0.11243478487598389,1.0,-0.029041662246378896,0.1292540760312173,0.03200458001278076,0.032442962810238174,0.16158576001513403,0.19022223424074242,0.10390163045505346,0.08307197760328797,0.04481720888686669,0.04676317495300228,0.03271562320195113,-0.017431813664170438,0.07605472145040543,-0.04802763732427344,0.09437059402291421,-0.011988251157048178,-0.06488835336776794,-0.025834277218758975,0.10837342267569354,-0.005557313982298078,0.10301115142419687,-0.06239601035824854,0.08280865104796654,0.07908023124814202,0.029224323506453376,0.021645050738453298,0.07756999682828321,0.08254874904071362,-0.08064495240569095,0.03201106093190276,0.0761327877625104,0.1284640057598418,-0.02416956090594603,0.15956296339339684,0.13398193926731972,0.09497868340058263,0.028874946613094737,0.11022102577920977,-0.008842189212954701,0.24591346672341713,0.16026576655086436,0.019732542754830745,-0.004179984255862421,0.09209326239707116,0.12310809794296293,-0.00363345793603532,0.10018072760367973,0.09702856178355877,0.012573603165205765,0.12878920166051128,0.10150098386859793
BTC_LONG_69d7c8d06b8ae442_3d,0.0174685840828219,0.014139073126895952,-0.026957317212563336,0.0036875387341164536,0.16842497493656336,0.027986152322654747,0.0007477947018498915,0.022858341527514998,-0.012803880878578557,0.009643449861323981,0.00447445953864292,0.09977243011368876,-0.02344791427336796,0.08717211384472465,0.05721025233334453,0.05803062748141621,0.05385207599081131,0.02817376504946089,-0.04819127560979549,0.033866530238269785,0.014861894932130092,0.014799893923553641,-0.08016455602484929,0.09513593298177186,0.0618988553092268,-0.04142375328727621,0.06752440110147491,0.057065064935176345,0.059620900660051206,0.06614972307771375,0.03681071798236144,0.019896307214724403,0.007014342300678734,0.07005230919158734,0.07607608920555486,0.03873685627608959,0.09964723319073081,0.04969678902480384,-0.0028042331048186747,0.05172672368087673,-0.02731985025486589,0.0015506023291170289,0.060544086635163134,0.12211771005957416,0.009299513509859659,-0.006777159321496026,0.1785006177470287,0.055277293349919834,-0.029041662246378896,1.0,0.00525049131537734,0.01179974509789599,0.10448467398545574,-0.04624102060118293,-0.08279355972846296,0.059496213937753006,0.08213704171635507,-0.01593136234695836,0.031495194930901894,0.08556025488054299,-0.02383463338618007,-0.023830181571118842,0.04646308991038893,0.07497367180654381,-0.12637838110526817,-0.0039057541115094774,0.05803194929203679,0.0316915151830684,0.0764447520044974,0.11582137355218709,-0.03583970947208323,0.07622672301667968,0.005098186457579999,0.12426273147795695,0.04202907565967377,0.018892908230827603,0.1610870605821002,0.14540973111646144,0.10705975699587114,0.03417856487681595,-0.03105776435344209,0.03444087013766576,0.008996591459468625,0.02778792897660838,-0.00438970780753295,0.05436879765317923,0.16245455907822182,0.05131870015724918,0.028719815210222384,0.09236904948283439,0.03821595402677031,-0.013969608671595324,0.06868345354701963,0.025265776903073356,-0.014256048405024438,0.07717512048201064,0.09406644726692297,0.035569040303579665,-0.027516833974241095,-0.0055437970981242965
BTC_LONG_6acdbb3b70568efb_1d,0.04953694759474603,0.03332716106836599,0.07432410250920139,0.0662164740141629,0.012010416236936246,-0.03135020823477427,0.08341094743774526,0.03193287895936976,0.16300423143017698,0.19789065802908537,0.344079419631803,0.06449572079159116,0.18938001384531405,0.029492558328020363,0.03618862673507379,0.15763131836450772,0.040043090266242753,0.1468299066503257,0.11083222594723796,0.003759748959440704,0.18935186347902874,0.0008012355598448496,0.00841357702736255,0.039975494133769794,-0.0007204846081227204,-0.012631152790553294,0.2738305261481761,0.20424355349739395,0.013876322405540802,0.1654479403565362,0.11801897905026114,-0.06115098392958357,0.05581713361867303,-0.023637076836210254,0.1836043367172667,0.12823131485002734,0.11285263659482318,-0.011242720829694318,0.0011723612628556483,-0.021075313723703238,-0.028492036619265873,0.015466711034626573,0.01522607243506422,-0.017309421970318664,0.17948008821054165,0.0542186579124126,-0.014315353947591593,0.37711741320221026,0.1292540760312173,0.00525049131537734,1.0,0.074996818376102,0.11638743045540359,0.07189029782424206,0.20035225062914416,0.06020920197743363,0.04562507039741791,0.2114124282027303,0.0030493055496064792,0.07878767280344591,0.03238446308735697,0.024467340777018252,0.12104209081579678,0.09303607449626418,-0.002315733558011752,0.026707563801655388,0.058576087238717996,0.2717317255886484,0.12185952100244275,0.05246867255661602,0.03517917839237621,0.04589003137430607,0.06839314942496735,0.3018771095715767,-0.02063075041680026,0.06257927137362156,-0.0336195685751361,-0.008034412255749135,0.0641823261320224,0.02747467778597007,0.08320602870191397,0.12519596344119968,0.19811472248820458,0.15252183581407577,0.18428905145413554,-0.005116804753307004,-0.061686163590728586,0.0029995128669014757,0.14223008159018527,0.024967209358848927,0.1859370856516819,0.1805000210110092,0.048847399151801175,0.2620261129836398,0.06194714263835437,0.20598538660754387,0.012313551662043587,0.0018414449013303457,-0.025251010963624088,0.22080649330139665
BTC_LONG_6d14459a98f6eceb_2d,-0.01703318831222342,-0.021289064631570664,0.12266273086498643,0.057307255287712744,0.010944449867744503,0.14280261056146537,0.1014784788878673,0.19506573280622064,0.11358050643740698,0.013729547331568856,0.08896400030815307,0.16780389808496976,0.11106816944975746,0.12500967581622413,0.035471508544271835,0.023635599141347025,0.08858930954320199,0.09473014200164115,-0.034473697347079515,-0.0772791111459743,0.14821628851105073,0.042073076867383756,-0.05404195432457155,0.009856568548085093,0.10758220511480668,0.22555626682824526,0.0019725109403717425,0.09180807860609232,-0.02976345925432245,0.07631900415590198,0.15465837520310602,0.2990290319142609,0.022838998074092846,0.08268083938118845,0.045859984344008224,0.0025727171998200476,0.02531927734498871,0.024293878943654482,0.24083426683211495,0.06343108835374701,0.047812315521432176,0.15360713055563438,0.21613208058021927,0.28856556707553926,0.1228883751265611,0.11394538321672741,0.13260618815528027,0.061273951813008834,0.03200458001278076,0.01179974509789599,0.074996818376102,1.0,0.3296078552261488,-0.01580388546508005,0.10757443667336336,0.2484019429556695,0.02446868970974058,0.08690227165144855,0.16096300433539484,0.1837657412446142,0.09783648776814086,0.1228210247598177,-0.06702801832140215,0.0024142604973198998,0.12759686058137626,-0.028485835351576907,0.09884282738994614,0.07615370447850495,-0.043351065347054574,0.18854100909207147,-0.00997072048116111,0.20072103239309036,0.20312070898464937,-0.001377912451531529,0.008741951916884722,0.10173194703542968,0.1384914300885847,0.02957251064194145,0.10848748544642421,0.0429711851750177,0.11724919693288936,-0.09290581452400307,0.15836456638659388,0.1084481015323603,0.1865800520677613,0.08186475315712043,0.1917436799500257,-0.0636960482133854,0.15971958584635992,0.18814177445351607,0.0038863052957557533,0.004658202676096885,0.15816887530112592,-0.027000777774646403,0.044460097422708976,0.016534315884633527,0.2516086566680515,0.15775506752670695,0.10497185782285387,0.0459196132853825
BTC_LONG_6e133e86c2c01d4b_3d,-0.016029916911817557,0.10519906349918419,0.13365811915112602,0.06479221298105348,-0.0186873528217295,0.09876573639826615,0.06847622053183804,0.21936679854724994,0.050726721344821,0.08000309962525527,-0.00457787487493651,0.25530682293033163,0.11421287764381756,0.0893241046256281,0.0025204782236165823,0.07886702583543899,0.07385308002741911,0.0785795767832852,-0.02201012839049164,0.07755935654499625,0.03201125232384941,0.1900191696483333,0.1281916570703303,-0.006205457620260826,0.19440289639797786,0.14950638093553176,-0.03259797896429834,0.14076683273903437,-0.0007905463718361014,0.0826321224767876,0.04959671797025058,0.1787182397057127,-0.01938955066535136,0.10328453969940102,0.06679338031700617,-0.015829870061380598,0.08176348045732358,0.1238179550497893,0.16417817366963466,0.06903126410348326,0.05228478667673994,0.13323359700059986,0.2283852756869381,0.27938255669588485,0.21236820726592412,0.08813889235939183,0.12153165034144929,0.030569515983351586,0.032442962810238174,0.10448467398545574,0.11638743045540359,0.3296078552261488,1.0,0.07254752229423776,0.05959522614325409,0.21523709614384376,0.14272224763133962,0.05703042291486905,0.22380066223952708,0.2803722093798168,0.0480802134448495,0.07486375196956702,-0.031440770376204526,0.008264583584312132,0.19007468845072312,-0.01316137283467276,0.0777060666151526,0.004585846590884906,-0.06902077584244858,0.1090495852683641,-0.05253142881452723,0.15339698360998064,0.19705855757089946,0.0070474839821664656,0.025239670764757607,0.11007493458351685,0.11337371051456734,0.120716660929614,0.2724453944402419,0.07797853292545608,0.13109855043665927,-0.021522044848842663,0.19821491548232217,0.08738693877067735,0.18068683602260935,0.22157785028431495,0.06010467721176908,-0.028508663357741073,0.17568849709993914,0.10323644141802757,0.0022638643361584834,-0.047666263834262465,0.09825701435927052,0.013738925201063885,0.01947956216258794,0.024072077006878332,0.15831476257645052,0.15172902627423537,0.09558357357475063,-0.026561993013631265
BTC_LONG_6e2a45b1c1f2f36d_2d,0.010696557646986876,0.029089057257261255,0.2607485042893944,0.06457281880343958,-0.13097712803103917,0.08107603852886928,0.030985951576101484,0.1904382081018959,0.03577525965625008,0.11575722513346386,-0.010071422750396101,0.11931007754539073,0.16727837641906723,0.04020708589328139,-0.0096499178942425,-0.04765894419514373,0.22317856619186116,-0.03810868134331896,0.20586935142386487,-0.012356155049033982,0.05163395052755297,0.0477792846099043,0.09469457781638838,0.1009426558464644,0.07330694641870418,0.2209523508311213,0.05294818747713942,0.027208573427833446,-0.016402559256292033,0.0975629110474325,0.004243239453975274,0.02741223741526354,-0.009313435735050859,0.03410889397664258,0.08838408939231465,-0.07314919178517514,0.09663864424367836,0.08197959023504789,0.15385256869285416,0.24630979803825584,-0.044734983684444035,-0.040073981267230115,-0.0031509555533234413,0.0891141151508355,0.23878647626891503,0.0723429249101499,0.02705290226742407,0.04717910972952465,0.16158576001513403,-0.04624102060118293,0.07189029782424206,-0.01580388546508005,0.07254752229423776,1.0,0.1252043594613558,0.23994350513542761,0.05517790935269859,-0.008169956829214705,-0.011396939060943537,0.04999883715822507,0.045409419332479474,0.09285997544060273,-0.14624777974128075,0.06234463063521716,0.13564985554450143,-0.06199600731294251,-0.04733607164329012,0.0816400302336505,-0.05726022042048773,-0.023349543942166737,-0.07295352460441865,0.03648475588721302,0.08012018132190016,0.012220999475245466,0.053312058698313514,0.29870220012829407,-0.11507685598072767,-0.03624185239348315,0.052795102404258734,0.11189862977413687,0.13931926749737322,0.05416158622140203,0.1723081235412094,0.2961832080950823,0.1322243402683307,0.05749632331216949,0.08654807752912401,-0.1114818495828955,0.21181942427891418,0.20747833822430461,-0.07292009517489194,0.04971897422497727,0.16504634658816184,0.06012437212199194,-0.11048041230333504,0.013083203316817463,0.13142856916107573,-0.008052482784695777,-0.041520663290919094,0.11267829725100133
BTC_LONG_6e5a22a16dafcf43_12h,0.09271609888941276,0.1345298212625773,0.18282130214844594,0.08090176172453342,-0.005407431664651759,0.05178228844006527,0.0724598085165582,0.13423425656422422,0.3112116521699143,0.1982790133060657,0.10715879777631937,0.07708509605320958,0.1545000163214644,0.04748253523974733,0.07769401395332313,0.009099429647270051,0.11371865069127406,0.15085675025136575,0.15262876736668224,-0.004362243460471746,0.11008250766575166,-0.12860580457779278,0.0010170630392505064,0.08125429186708025,0.019519510032347958,0.13562211555887926,0.13059707147752947,0.06234310442777738,0.019073551883938424,0.2625370783155083,0.08637257648134536,0.09734707704797137,0.037315247369900204,-0.007950384559641673,0.218661714577424,0.04539032658335601,0.23278136851426962,-0.11711743208290065,0.06425649903089428,0.13038944389878274,0.030453376997976622,0.0411144368346662,0.04781904322787994,0.22145598869781113,0.1920964603514278,0.10873933986081424,0.029546778250243117,0.2611832274320825,0.19022223424074242,-0.08279355972846296,0.20035225062914416,0.10757443667336336,0.05959522614325409,0.1252043594613558,1.0,0.280050753680224,-0.01274980035962726,0.3232636508915831,0.06624377407717996,0.03403350944636016,0.11542785579585124,0.15515152881147662,-0.08051964113059763,0.05858862283835288,0.22860759752188228,-0.042320826629516944,0.09089854467443721,0.2859158546849136,0.0029719422631355723,0.24699840190713768,0.05025430046131579,0.043044166233184265,0.062177682737557714,0.019081885336193927,0.20111004237821842,0.05038499449266764,0.11770116004864697,-0.00918468418293229,0.048708790526186735,0.017068572394094803,0.11529774294036735,0.11437394116662986,0.2769687410767116,0.18743924492742522,0.19914717949606575,-0.0004769091905447666,0.12410310615929367,-0.031872792102710226,0.23295648306099215,0.22949965051868962,0.007086363757765847,0.016638917682792465,0.11447445631367327,0.1634074929163851,-0.0549576779755797,0.1398728331049886,0.058791026298983445,0.0365904071103998,0.15188952827196875,0.1830952930131861
BTC_LONG_6e6fadb75ad48781_2d,0.05081365207119853,0.16840068651244666,0.1706167168877788,0.04754341742495274,-0.009105866870106224,0.10690715270376323,-0.02522931094450326,0.19071033988492817,0.1045411286714191,0.13438640680713246,0.032613662442115346,0.07502173226942473,0.2884680966582317,0.04446689030954481,0.022925597176154135,-0.03388570915486959,0.21529238459481362,0.057678266249262186,0.1978128789281924,0.07423737224011695,0.08848552415577432,-0.05252786896829832,0.062878836458825,0.11168099971094281,0.06630237832177527,0.21375394352378013,0.06512978079181399,0.04930218968803446,0.011112495784010518,0.15956392492068874,0.08462963446022971,0.18717676244949227,0.10265919672839038,0.023535532818703353,0.10793039559525835,0.06699424133924706,0.07559293583400753,0.06269240606686673,0.16713784678133445,0.180389404394165,0.06197756170371135,0.18200337765134605,0.1785883862636193,0.2867287577438861,0.25992093763629,0.12262810476503834,0.0921121617971319,0.11544549535679617,0.10390163045505346,0.059496213937753006,0.06020920197743363,0.2484019429556695,0.21523709614384376,0.23994350513542761,0.280050753680224,1.0,0.03889965246004568,0.03741467374072545,0.04627300644238267,0.13572543274163137,0.14225124258366817,0.11281728596992176,-0.05116154733284627,0.07219340158413284,0.16376973045025442,-0.02358152227628356,0.0007310077230531876,0.1791264875154103,-0.014215155659364952,0.17216499673197164,-0.09768893359948706,0.19165134337577558,0.12742509518911005,0.06267002279261047,0.11198853139135602,0.14005937631467055,0.2553866310822789,0.1726603680697447,0.07996436733497302,0.15277262930741675,0.14872692680673957,0.04908235603156223,0.2867799621092794,0.19776865121570233,0.23403855574309462,0.04680488656487299,0.3366013613754655,-0.044928807723426126,0.29700705192271193,0.2781100209911784,-0.004155190981080941,-0.016904090579191334,0.11471904886638822,0.01700631667320988,-0.0010280256018190088,0.07237023235291878,0.22640345373695597,0.04498253967818349,0.01764485924800602,0.1473136838187785
BTC_LONG_721f882d099afd18_3d,0.0459390618458993,0.04820478131357097,0.01576168460562064,-0.015858851717479597,-0.009456519130613218,0.05948019220122071,-0.058455820802110516,0.06942049235053013,-0.008112414804554272,-0.03297926236079183,0.06813746244183153,0.1963422165832199,0.0528057108934876,0.057076687484816646,-0.026324717917731815,0.010475687184007995,-0.010788450652812127,-0.010853193975055414,0.04921373140616812,0.06738042803764599,0.16937164489684434,0.1258524136374899,0.10071265077087836,-0.0295776655255904,0.3330824978679869,0.060873364587212986,0.05164513033995675,0.04774664747018542,0.0011874246484478372,0.0040590046453884985,0.1537879978385132,0.0193171656607909,-0.004522385607967269,0.24147713309944466,0.04621240259925436,0.010443122527231802,0.07416679886261981,0.2710416141091272,0.05788282259342742,0.12505269975548097,0.050605378450145726,0.05383203651659019,0.00695669518540604,-0.009477245881057913,0.011890320974239619,0.06774734622265315,0.2128440340593827,0.05442804220349125,0.08307197760328797,0.08213704171635507,0.04562507039741791,0.02446868970974058,0.14272224763133962,0.05517790935269859,-0.01274980035962726,0.03889965246004568,1.0,0.026329037165466005,0.043650545596803036,0.15336922532760489,0.05365866254079219,0.21146431707433486,0.016774960504464496,-0.030544893071641425,-0.025186605579440233,-0.09178180345204547,-0.0992590952544349,-0.025584351097019207,-0.01837954977394291,0.02930138697510549,-0.01572618487449581,0.009774317661677663,0.12762534707506565,0.0916426973429601,0.0493694043124448,0.04268586485900381,0.08464588942371175,0.058700233927234884,0.1339592034485243,0.20830315822948875,0.021466910730855375,-0.029496413999788643,0.06489303329249865,0.09378649719194267,0.11158632173077769,0.2401890637784775,0.0459007600797726,0.11408717132398326,0.1100778861559626,0.05312862040222748,-0.12827486014254766,0.045938897829023946,0.06954603538194934,0.007071027166565663,-0.15521397215114469,0.048667253029702075,0.17022797333417866,0.2728803068954039,0.05881756224207365,-0.004209409166167589
BTC_LONG_724dd62221db474d_1d,0.046439392474692476,0.04839433587806804,0.05087254004425687,0.07770447193416292,-0.14037905026221364,0.0797822110905402,-0.0675969495058914,0.005964902062718517,0.28746909457347275,0.14217915062730832,0.1808626317334511,0.05318788920234206,0.050620585192232045,-0.029401372776720728,0.04058125821129943,0.05019084045109097,0.1314593525441513,0.13773590897219976,0.04653314161261928,0.012035696991787132,0.14724712577193871,-0.026741490753251877,0.0022605887394862964,0.09032633141372914,0.03126755166904639,0.012583988643333,0.28854430814165355,0.08462707043484176,0.12451384090804607,0.28968380951084105,0.15319784586137422,0.07662367823963823,-0.03168958326887959,0.02942043769910927,0.23098923770534566,-0.003140233519076793,0.20049245689709638,-0.03202700476663893,0.0532067246880344,0.045058373341147706,-0.05578328545064485,0.05197244328542983,-0.1256521037972437,0.03449125733743426,0.08463415331988278,0.04033857419776368,-0.09139943184812387,0.16453330334209504,0.04481720888686669,-0.01593136234695836,0.2114124282027303,0.08690227165144855,0.05703042291486905,-0.008169956829214705,0.3232636508915831,0.03741467374072545,0.026329037165466005,1.0,-0.01858243392344729,0.015041445662601812,0.04888952957198139,0.05499693592981388,-0.023241166128826294,0.09385994664187733,0.05779826430627023,0.00596831804395189,0.048263263796349855,0.3389880121006206,-0.0023831510468471174,0.03574419513398487,0.14164776354606323,-0.06212463090430047,0.038734730860732945,0.15869931093897396,0.07496787145728853,0.10546564529125645,0.07243427510572178,-0.007762083080164823,0.008957665656302294,0.008500671978924632,0.08368843602947615,0.0808085604952004,0.1088314437188564,0.14602739846614585,0.10173493264459733,0.06514319308286635,0.10632320611258139,0.035120773524457555,0.04815012925497554,0.020875366611577375,0.09762319270073204,0.1319933949366561,0.010384823604724633,0.13527273390143502,0.06737904947842129,0.2433886584193883,0.010139366161847222,-0.00983609834920822,0.0033860027875463753,0.22681719565271455
BTC_LONG_7633d7a44ab2b4b5_3d,-0.011404673463695772,-0.022644355955722173,0.0584019722660019,0.01924521002106668,0.09602500440962454,0.07109388502366212,0.04796064472732813,0.19497606925522817,0.023605204970001487,0.11024104441099146,-0.023792818460115047,0.19522473897074794,0.08916566959658824,0.24249686121376746,0.0015223617544426863,0.051448451069494645,0.0455748687420809,0.14313417156051952,-0.10665720238223682,0.021181172751599427,0.03598438194620337,-0.004241051063067322,0.05508676712912009,-0.03469087150235669,0.10941240021463264,0.12846201096801532,-0.039173344449404186,0.10615348270166057,-0.0011819053890210166,0.009903476226259223,-0.04454345468097911,0.1381615228691734,0.0005164952333465742,-0.004859108272112236,0.03309702136219158,0.043240809858706555,0.0027758221866998646,-0.05350514326949369,0.15933933059670694,0.04461790045793871,0.08138677833154531,0.06544574644650704,0.28687516663792084,0.17051488521108052,0.14700019233426057,-0.03321227709584181,0.020092743845310845,0.10415139373364606,0.04676317495300228,0.031495194930901894,0.0030493055496064792,0.16096300433539484,0.22380066223952708,-0.011396939060943537,0.06624377407717996,0.04627300644238267,0.043650545596803036,-0.01858243392344729,1.0,0.1683876706778703,-0.014926162839514916,0.04637822421829676,-0.043153668625690755,0.011205420821034422,0.20060780672937534,-0.017755972402379836,0.12647908792361864,0.01165700538106534,-0.03226677356594865,0.14023338834248344,-0.052699719995098634,0.1639205765895943,0.02994889773821764,0.015291395726369988,-0.07208065192399751,0.06314096100770493,0.021352060587435877,0.1027204692511346,0.1740141309212981,0.007913570908423533,0.03350417993698326,-0.057508761667880506,0.1901773709942486,0.052260826420055716,0.011730887625304458,0.01850072364323823,-0.01766623762789138,-0.16508601300757705,0.15656434059795468,0.012253466143490958,0.038198065426801396,-0.029703149605074475,-0.004546393799592553,0.056119558853136596,0.0471516327927594,0.03263400449033956,0.0015499564955295745,0.15258260198507037,0.028536886457904576,0.030337738063180533
BTC_LONG_774a2fa3bbfb3bcf_3d,-0.04487952131327821,0.05800737617512624,0.08394646656737388,0.04436384243757219,0.05179520765797244,0.11421390148306228,0.006441212672202943,0.1575635282021084,0.05274287808697942,0.00553700564993283,0.07207696242896902,0.3138936736533403,0.12487778656185686,0.048494352914131726,0.062104911424242785,0.08797351104608372,-0.016928019516798582,0.030475920473132353,-0.055215763438154444,0.11050464925789355,0.06155922201897788,0.15929420000770214,0.1278102238396597,0.08763175479307862,0.10033672466302125,0.15159207277346082,0.006463676361560776,0.0950745876761884,-4.425308289823783e-06,0.001277806395928759,0.11479365767303136,0.13109327815452884,0.03248416394554557,0.2128792756195929,0.043256634749369,0.042208005700326304,-0.10871606692585925,0.0982945169671442,0.12028269224663138,0.01376601016978793,-0.05162680955182945,0.11809390175809029,0.12922266730155763,0.2274980051753974,0.15048265944005965,0.13438641585173772,0.07123613868736306,0.07291820750241555,0.03271562320195113,0.08556025488054299,0.07878767280344591,0.1837657412446142,0.2803722093798168,0.04999883715822507,0.03403350944636016,0.13572543274163137,0.15336922532760489,0.015041445662601812,0.1683876706778703,1.0,0.10136326036421633,0.11037070047032228,0.01578398353422275,-0.06574946496223173,0.15276602209663873,-0.08182163293906695,0.13585576301986674,0.044490599598366876,-0.0017788802382223484,0.050188893663202824,0.03588159830898523,0.26424575586223126,0.09068592430231351,0.09518526026185521,-0.037233215190428534,0.08192708192337103,0.06571330808099801,0.06379061710477993,0.2631046305844803,0.0632041581672246,0.1427794603217358,0.13855112199065803,0.2297716159086553,0.134741159022518,0.15639899448194378,0.2899575168822794,0.014533927087663786,-0.026100408006634317,0.16819337794320613,0.13621140517041017,0.05524798823417687,-0.013559499962308362,0.1422266916038158,0.019789691653970022,-0.01810060211134018,0.06637180499853385,0.06243584582555858,0.30925361566701715,0.10699861046118218,0.07795393427675128
BTC_LONG_7959fffc20283c3d_3d,-0.05210763379076832,0.32381203661292607,0.05067995835423614,0.0005654018566545884,-0.03999997871831855,0.11160843043045791,0.04691840877846689,0.02545877448099359,0.1285702371663989,-0.0007626285104815871,-0.03403273797547013,-0.010765516576115245,0.07265273289952179,0.0544975533552778,-0.11840424957857952,-0.0648680022288835,-0.04103582293553641,0.031911301299879416,0.056634854587696015,-0.0004828588675228362,-0.008918248967959364,-0.10272029323703502,0.004898132332302822,0.06506719811129284,0.08723554716619775,0.051185342587166525,0.014386486287615796,0.0561471991254214,-0.0624896119428744,0.05565521410988284,0.22632444169504262,0.06483273406049612,0.01755108490793395,0.16126948434055535,0.12050978446570786,-0.011072563029708793,0.03389342798635179,-0.0816851206504982,0.05157950918227363,0.1340060278120629,0.06762893897388232,0.0792564921428699,0.018736827433679503,0.08143088207487681,-0.023786064338098944,0.018064675788617975,-0.015043570565084999,0.04459161310678553,-0.017431813664170438,-0.02383463338618007,0.03238446308735697,0.09783648776814086,0.0480802134448495,0.045409419332479474,0.11542785579585124,0.14225124258366817,0.05365866254079219,0.04888952957198139,-0.014926162839514916,0.10136326036421633,1.0,0.14769165263546263,0.05971834093916177,-0.13813290722197952,0.0790696726289328,-0.06711920038309109,0.014031859045185724,-0.006681547768934915,0.012209662052186073,0.11824065066072767,0.009716189377540627,0.06636188908381489,-0.07154845426872372,0.021695748114133075,0.08069607600714393,0.07034210744130616,0.1276608032946771,-0.04034581794389349,0.016005313929812394,0.1757269594085192,0.016050802068955698,-0.08571266121628732,0.08742353850864827,0.035808729775960634,0.19542672128984734,0.13272195042332133,0.05942779449326201,0.17971834878208562,0.0705184151421788,0.09790586188640367,-0.024601182272088556,-0.01005367489232258,-0.024692524633896425,-0.1035198344631246,-0.05916222468578463,0.012164014058648306,-0.025561667393672875,0.08316916696710189,0.021127766510285684,0.029579699780199833
BTC_LONG_7e8a41a51ae079da_3d,0.03170568258445707,0.08106850743774997,0.005108488316452522,0.033616106971913404,0.03253355444201336,-0.001517818810272909,0.048936614056303285,0.10628170045327667,0.0878203379726894,0.03890716073763428,0.027480965263228442,0.1819291167049325,0.027440391615286424,0.02572874139698537,-0.09109188827994111,0.016143288848556845,0.056179052394264274,0.08479410918857563,0.09981575090876746,-0.006330118349307973,0.2765273354404296,0.023287733797585006,-0.06361351146641661,-0.03164754503687163,0.09727412241502562,0.1208096349438736,0.052882278462262296,0.03335551739275736,-0.0011184643090559386,0.06333876903981556,0.03092911031238859,0.10095385874109038,0.033819290037804,0.10824433681103926,0.15425237839247508,-0.009799961669415113,0.02424655017069147,0.1269161912335792,0.12637465020948482,0.19170465505435563,0.13694882982498383,0.06425379296867922,-0.005053874574098966,0.09574049545857982,-0.042021222360308204,0.009157831777856878,0.0950662888368333,0.1954861134002048,0.07605472145040543,-0.023830181571118842,0.024467340777018252,0.1228210247598177,0.07486375196956702,0.09285997544060273,0.15515152881147662,0.11281728596992176,0.21146431707433486,0.05499693592981388,0.04637822421829676,0.11037070047032228,0.14769165263546263,1.0,0.0016310395503914062,0.08161992648815625,0.08349639216113663,-0.004207472263902177,0.014456855387760627,0.0260620992044249,-0.0005227183030214041,0.05834373370336553,0.05905445367847888,0.04203614705780028,0.10156046045559991,0.05318090914216574,0.037761952161042826,0.07711443336796618,0.05568189161013269,-0.12527690408684475,0.08598958216340598,0.25503841817442413,0.040837375449062914,0.06600841272214122,0.1548589195480822,0.04366200979850403,0.250145583382605,0.20979810550216269,0.024116730680878527,0.05018632289400587,0.1477086543341088,0.127819697556339,0.007824920776094346,0.05038152393259038,0.1419755746211116,-0.01483278101559705,0.03367357677192794,0.07408104225269808,0.04660176322690725,0.10344727152772464,0.07597657930272579,0.08427794279564112
BTC_LONG_7f23a3dead14afdf_1d,0.15621103216246035,0.047480014895275896,-0.0030906620742673454,-0.0008463073271827896,0.19762279530551388,0.004663360056410093,0.03002933890363518,-0.12473528395151769,0.04110000766016453,0.07935380466644584,0.29958372979297804,-0.09758504061972653,-0.050407640560643986,0.1172213554967304,0.028521725719549338,0.3799992476978685,-0.08414574097715403,0.03290699060299123,0.05793033781727142,0.03492200581866228,-0.0016984591514031559,0.006877927039426039,-0.027126833058985726,0.01591909322772395,0.05000904150425734,-0.11616112107145934,0.24709667185728657,0.12100049308165453,0.05034421108261876,0.0013105765606523127,0.013430367500603235,-0.0753000952949074,0.1404823403932822,0.014540628371765287,-0.001349003795800946,0.33584663856850366,-0.07876525871964687,0.06306127213220643,-0.10950485645171237,-0.07016043463395082,0.061386395146750906,-0.031763770679995335,-0.055682731116958775,-0.03453077761851436,-0.1541167656220054,0.06189566100167312,-0.06627028038680799,0.21756813767017547,-0.04802763732427344,0.04646308991038893,0.12104209081579678,-0.06702801832140215,-0.031440770376204526,-0.14624777974128075,-0.08051964113059763,-0.05116154733284627,0.016774960504464496,-0.023241166128826294,-0.043153668625690755,0.01578398353422275,0.05971834093916177,0.0016310395503914062,1.0,0.07864409600957434,-0.15715248001941612,0.14178570603576698,0.13859732796858823,0.1292850948757282,0.24301716642545368,-0.04132607901065403,0.061657049605855996,0.027927152246789468,0.005176202514037784,0.19310206732854834,-0.18072277348976806,-0.04254979896593534,0.08818559283784469,-0.012193555051637744,-0.04724010482081417,-0.0019839459528147455,-0.10592961470811833,0.17428264330664228,0.06615315774836875,-0.012672661459323664,0.02985232034333812,-0.037785659229949066,-0.036117455496279864,0.06539634400105462,-0.02499035904668264,0.009659452606138168,0.3806601428096398,0.21868020585479186,-0.023950319145504616,0.26880206714820515,0.06642906198225143,0.2799766080716349,-0.003516502804281494,-0.07898116509990954,-0.1604553390335932,0.10748036376635553
BTC_LONG_7fefaf095239c223_12h,0.23799651958339013,-0.1289560254361362,0.04736515681066921,0.021640923217381074,0.1610094949564393,-0.06211638027138932,0.016620289605515474,0.005901259639072981,0.10467014535825668,0.09299818337684339,0.018525976404914723,0.015176566097168725,0.021688317963580454,-0.021394290723931165,-0.014705354164149172,0.04901227740005351,0.041392995001107734,0.16332894731562064,0.04827181231728834,-0.009310104587163453,0.13600112995641356,-0.016002448620498818,-0.08882115634461692,-0.0431201231658713,0.03801741289865896,0.042303583260989125,0.23566455772215722,-0.015640336136641217,0.06447334420790768,0.061958701604120946,-0.041023721445911016,-0.0041346813378537505,0.07134593653927314,-0.07649692111179587,0.14796223410605827,0.07703678810825867,0.02290782256758415,-0.008576249614893132,0.0025446667588048272,0.04067219122123436,0.030119869910248724,-0.02238731385325488,-0.06296080406482545,0.02783806770946676,0.0808153329121917,0.03731461332722966,-0.011700723885824943,0.08603630333039765,0.09437059402291421,0.07497367180654381,0.09303607449626418,0.0024142604973198998,0.008264583584312132,0.06234463063521716,0.05858862283835288,0.07219340158413284,-0.030544893071641425,0.09385994664187733,0.011205420821034422,-0.06574946496223173,-0.13813290722197952,0.08161992648815625,0.07864409600957434,1.0,0.005902901007287697,-0.014531451039213123,-0.018003557864447305,0.18502951201036255,0.03830360784495385,0.00833112631763493,-0.05988577693780227,-0.018530315262708447,-0.018569509818384566,0.04001418020822124,-0.06615618134016947,0.07656394827940013,0.015002081117021488,0.011432362709265785,-0.0865294599929225,0.081097223056055,0.053581181789051996,0.10385558782480346,-0.01050557201589482,0.031154985688465392,0.05237280499288028,-0.05042550119644366,0.051102367831603664,-0.06425313897087949,0.029926793277603145,0.07303460403735584,0.08554331325279312,0.08979730439909808,-0.03179547588602454,0.24436203111559282,0.21876306315794436,0.19523849611212854,0.01744862913376182,-0.02994644036491285,0.017712903741651367,0.10694872552816433
BTC_LONG_81c364516a41a911_2d,-0.022616051090991338,0.05525737099636285,0.08980560880419708,0.14318349236301256,-0.14459322157503832,0.1416530452298468,-0.030996919433038395,0.310663160588592,0.08865265636302412,0.09489178932339512,-0.09730890048737334,0.14830064661312772,0.2183926096085054,-0.010157957407142116,0.010919341029281198,-0.0894253983613069,0.0733851257684537,0.1740673928201246,-0.09671227260833992,-0.02458996472948173,0.030438945292048936,-0.04224727717399882,0.05038970786708198,0.01879209663086556,-0.010572438168866312,0.34121497262951983,0.07220112863793485,0.08075040355744123,-0.04013505932021115,0.08583648728521903,-0.029401425289633035,0.1376075166069497,-0.01821757008712154,0.049240987080812176,0.11567231465458132,-0.08079225811526672,0.1661940007434421,-0.08533521811730678,0.2723059338591755,0.1468759815633107,0.24798053462898798,0.22361723423122287,0.17260896148154384,0.19566073456574407,0.12116354361398494,0.053794459145797884,0.034203033255203484,0.029866840455000293,-0.011988251157048178,-0.12637838110526817,-0.002315733558011752,0.12759686058137626,0.19007468845072312,0.13564985554450143,0.22860759752188228,0.16376973045025442,-0.025186605579440233,0.05779826430627023,0.20060780672937534,0.15276602209663873,0.0790696726289328,0.08349639216113663,-0.15715248001941612,0.005902901007287697,1.0,0.04727062365050606,-0.11064797803491233,0.0038298234021104513,-0.15306842318528607,0.11189115322988728,-0.02401521965019865,0.20662499741706758,-0.034812557574338154,-0.13832603001457586,0.0710226113776625,0.15756699743359376,-0.04618506879592857,-0.09284168811269293,0.1929025054434422,-0.003963003543126453,0.23388298087513543,-0.039439870668226,0.07900803675493806,0.034005208327109654,0.01603511087814044,0.061585068396570096,-0.02557112671332458,-0.06690022259519113,0.20536433863653575,0.08214863631297935,-0.09238506485367429,0.005781094337376348,0.005425806411749474,0.040249357784073105,0.05122654247227217,0.008175660371163995,0.03458173461233561,0.10581313444703838,0.13500042080960076,0.12523178344163227
BTC_LONG_82eb18af626016be_12h,0.06551789473799696,-0.04916557963459029,-0.07354252511506688,-0.011718773810673148,0.025244506168633964,-0.058941735259705925,-0.02761182829399853,-0.15348057026207065,0.031894324297905584,0.06144388191813116,0.010697743221800957,-0.049831934619755755,-0.008501345346991268,0.062168038674885226,0.007986836166045645,-0.09996254891212206,-0.11259072686631863,0.13201641301804745,-0.03008212436038492,0.026777321009723437,0.006717408563031021,0.0104973266324666,0.003301895885842583,0.053172931441721506,0.046899589823843985,-0.09709346188588312,0.15841961765875456,0.1101503294617402,-0.0009941422450233982,-6.49789954701125e-05,-0.025810774521485485,-0.08684944510486846,0.06319685400782638,-0.03826820352672839,-0.047590986407157455,0.01598745549748711,0.20846439302712838,0.00976682088117852,0.02383342182263831,-0.1631343215810805,0.13133119868705312,-0.022820040724661806,-0.05117768930318192,0.07365531419986757,-0.04775256938611275,-0.11873330307135448,-0.0946322621361593,0.026077739410221804,-0.06488835336776794,-0.0039057541115094774,0.026707563801655388,-0.028485835351576907,-0.01316137283467276,-0.06199600731294251,-0.042320826629516944,-0.02358152227628356,-0.09178180345204547,0.00596831804395189,-0.017755972402379836,-0.08182163293906695,-0.06711920038309109,-0.004207472263902177,0.14178570603576698,-0.014531451039213123,0.04727062365050606,1.0,0.04163145414380534,-0.07351476089384001,0.08947888224687554,0.027550389073650726,0.12314840541566098,0.03716015203093941,0.10023102476388383,-0.04986099358410198,0.07615997288624812,0.015322921284684767,0.03171090557439096,-0.09681471740758564,-0.0110498736903392,-0.1621007990983275,-0.07340072354806405,-0.031098672375721167,-0.0877194366670776,-0.04986586468963014,-0.01830442689521803,0.015644157930966702,0.02228662119827398,0.1679857962722596,-0.10889818764676151,-0.02162660107674093,0.17175459405906005,0.09937554237628882,0.03407820018208136,0.14858415667635472,0.0823459154719995,0.04919582646116219,-0.023024650213889542,-0.04285686252941015,-0.11699661600341887,0.14249834522681168
BTC_LONG_845287272ef90cce_1d,0.004937750395752603,-0.10421326743615686,0.03361863932311673,0.005154430858471311,0.38365259415156305,-0.06951820907801577,0.019590237879928876,0.06284462282077678,0.06259989822743421,0.11646053621518637,0.1652450808697264,0.13090231026426716,0.040622532388595624,0.12104646268100418,0.027856114307965495,0.22700341435398164,-0.002525262084277067,0.06708010556640219,-0.07649324879196147,-0.05550506018665243,-0.0385855868481508,-0.040701613055058025,-0.01866472001431662,-0.05069320722363119,0.050059202425531725,-0.027139143450727855,0.06627769788103546,0.14801461128928411,0.01815465917843432,0.013394655686108328,0.050669447054949954,0.02643046685838536,0.07594221022360652,-0.05679344570190383,0.04525442816044809,0.2335522694589414,-0.06886585772190097,-0.024055699205276893,-0.10760799085093298,0.01781491110849468,-0.014952802172461878,0.06513554209246952,0.044775813256827744,0.06408473976347176,0.12268907020574604,-0.005566411477997026,-0.06120789361980628,0.10238810796653038,-0.025834277218758975,0.05803194929203679,0.058576087238717996,0.09884282738994614,0.0777060666151526,-0.04733607164329012,0.09089854467443721,0.0007310077230531876,-0.0992590952544349,0.048263263796349855,0.12647908792361864,0.13585576301986674,0.014031859045185724,0.014456855387760627,0.13859732796858823,-0.018003557864447305,-0.11064797803491233,0.04163145414380534,1.0,0.174770894351279,0.14634950404547967,0.04990846881345574,0.1364962858845174,-0.06472877586543327,0.014880396990066791,0.1459796456977657,-0.018262631154780124,-0.168632580616576,0.05405491041275763,0.1347811219069687,0.0261199335092664,-0.012125009161717255,-0.12290136388327226,0.1378776312485141,0.09064741816591833,-0.04864996194545802,0.04664309010866013,-0.015514330606016261,-0.01367794516762699,-0.1437219213870438,0.013953488528548576,0.051667148185295865,0.3662039119635162,0.0730788546347461,0.014851398322118275,0.13561780789649502,0.08098183257077932,0.07470157697526432,0.026556528937440902,0.04954389726181361,-0.032904102510622465,-0.005733433461066734
BTC_LONG_8a7646dc5ccbd0f9_1d,0.16246286417647382,0.0280324329025665,0.1256189911607544,0.056957989554163875,0.008879236347556134,0.04513660138553878,0.06614920654569523,0.07340830459241028,0.22588645321105358,0.2448820951080176,0.34435844060946,0.033466158550825575,0.1098849515898676,0.030420976501252087,0.10480051361859836,0.18205772342515486,0.08187072241252698,0.07393090950882593,0.15448437463104023,-0.009637888449830146,0.1252629465183416,-0.026528025921634238,-0.03824555930728804,0.13340826252815666,0.025422135593246697,0.06979591371739884,0.39538024553464524,0.11894241252438789,0.16447759268188827,0.30742528675510467,0.1525890154881313,0.040994085638603156,0.09704292582458479,-0.05477534708412455,0.26040665588746736,0.26045260505634044,0.11575564976668663,-0.014943866281534764,0.058288357108131246,0.08092097396364545,-0.05817434759910748,0.005245929379467881,0.009219866683367623,0.07881341899089576,0.09391602880766564,0.03585510898343017,-0.03282290393651982,0.3465929368052171,0.10837342267569354,0.0316915151830684,0.2717317255886484,0.07615370447850495,0.004585846590884906,0.0816400302336505,0.2859158546849136,0.1791264875154103,-0.025584351097019207,0.3389880121006206,0.01165700538106534,0.044490599598366876,-0.006681547768934915,0.0260620992044249,0.1292850948757282,0.18502951201036255,0.0038298234021104513,-0.07351476089384001,0.174770894351279,1.0,0.09288985301447529,0.0018110939874688599,0.1671458653813142,0.0009518539634759667,0.09577947659127477,0.2566997237060774,0.07741763322166861,0.13464618500400433,-0.009612943534585748,0.06827857638870635,0.014615629579204719,0.038459072804521266,0.12499536147957035,0.21165173050720854,0.2023763551509181,0.17306489701656816,0.11211422107312118,0.03646936226175192,0.10945440875656864,-0.01170011923194617,0.17218303682108899,0.11292419886971954,0.1548275356438655,0.20245747248683035,0.0889156242776945,0.27072436665149174,0.07914971033684,0.4085191404927196,-0.004959354246314731,0.041710308543697935,-0.006280933886879295,0.22494499721386185
BTC_LONG_8a84f7adec6f2c5d_12h,0.2835889519907633,-0.057243526284209645,0.04667945661487945,-0.02394286225018903,0.309201247879553,0.029514004410300082,0.009660815736360401,-0.13873855191306722,-0.015671516827183398,0.06695846797163016,0.22153359221177887,-0.14264363406839486,-0.06840511687361583,0.04954674867767357,0.07844361776053724,0.21662967065763175,-0.14001094834578803,0.07226982121780362,0.013221276345002015,0.01102037504784973,0.09805852731947914,0.001563380727791881,-0.08454645836533328,0.06475918311236149,0.029236596736570794,-0.08810299477652983,0.014734342379252075,0.09545999007656396,0.037024033793315154,-0.01579757018494512,0.005177469014364674,-0.11347870360880502,0.2818479984084266,-0.06256735163654246,0.13019216372757136,0.08697772584918162,-0.10652927382577071,-0.02206449567632906,-0.0971493901280039,-0.0807435932963669,-0.008122348604393474,-0.14678840544250843,-0.028606548011606687,-0.025316719550910197,-0.006379716405773003,-0.031614016539047884,0.0033888346010119102,0.10628518934628742,-0.005557313982298078,0.0764447520044974,0.12185952100244275,-0.043351065347054574,-0.06902077584244858,-0.05726022042048773,0.0029719422631355723,-0.014215155659364952,-0.01837954977394291,-0.0023831510468471174,-0.03226677356594865,-0.0017788802382223484,0.012209662052186073,-0.0005227183030214041,0.24301716642545368,0.03830360784495385,-0.15306842318528607,0.08947888224687554,0.14634950404547967,0.09288985301447529,1.0,-0.03238307592845654,0.10416567787462254,0.02562571016352925,-0.07143395019391358,0.12759973550713402,-0.025014858036681683,-0.09007222613195467,0.10359220318290441,-0.01673647896744393,-0.11099238324524592,0.016030726854780197,-0.08472009731355021,0.281110092217392,0.02476141567195125,0.015487947551353298,0.06207174289270976,-0.02642852486246319,0.04665463136868183,0.02076482067011592,-0.04006330704830042,0.08849455276018194,0.32565760448568704,-0.04791303524765398,-0.03859283630048974,0.15746634574625434,0.19458449950490092,0.16800771239354842,-0.0003819805203159447,-0.11939090768944079,-0.10740603499876573,0.21472673942832513
BTC_LONG_8c198db3ea178cb2_2d,0.07037906388530274,0.013091248496170846,0.08821175864297177,0.04151461526269494,0.14223299260980438,-0.01711190454154253,0.08755661277260414,0.12775733966768615,0.14894518423057723,0.05253658382749934,0.062468129503037505,0.15894510399950337,0.12773985572783453,-0.013471222280402382,0.08009577203322006,0.0004963871578385381,0.12849825955501978,0.08350050899974197,-0.02047783282090717,-0.09251911848356446,0.04214108744771685,-0.05185130158177898,-0.02747683229521144,0.095001704451815,0.03351528433301382,0.06506711088272493,0.025304820473197497,0.06126990543349079,0.003718043996442267,0.10169179017520734,0.049573869254988454,0.17832381568845124,0.013610400796531467,0.054202865025339254,0.09585781261513257,0.09001060990785732,0.04198584119343642,-0.043011732663747644,0.05884628773945778,0.13913557733017806,0.06978884431143195,-0.015612854589945397,0.10492987962338333,0.2751072104410635,0.27259391879645034,0.09509932568901815,0.029419294428417002,0.09161020896194373,0.10301115142419687,0.11582137355218709,0.05246867255661602,0.18854100909207147,0.1090495852683641,-0.023349543942166737,0.24699840190713768,0.17216499673197164,0.02930138697510549,0.03574419513398487,0.14023338834248344,0.050188893663202824,0.11824065066072767,0.05834373370336553,-0.04132607901065403,0.00833112631763493,0.11189115322988728,0.027550389073650726,0.04990846881345574,0.0018110939874688599,-0.03238307592845654,1.0,-0.04555691275013655,0.14438683868172233,0.017468831855362958,-0.04430383459923336,0.10271767785280418,-0.03666131671501395,0.1728623602860291,0.11429499660743796,0.09323492157281935,0.0008127673547764481,0.005305415351537856,-0.0922814265879141,0.09337086876688055,0.04887235752345743,0.05852084730669227,0.014575625902620692,0.1726112270612153,-0.05950812265267037,0.2206669695547165,0.1741957149231359,-0.05087148947078325,-0.0073345865602829526,0.06279996130124363,0.08722945973979622,-0.038605845585733774,-0.001889852562449649,0.09459429171940228,0.08522342193191045,0.17425013868278202,-0.03646659832794051
BTC_LONG_8d4a1327987b861e_12h,0.2508366359291053,0.012665299959780127,-0.1125331914824115,0.015042123143887714,0.007629528155429831,0.037978696972010444,0.07730788262423091,-0.05300885257427458,0.01420420127477292,0.014106747593334181,0.20164201933329534,-0.012054450681910675,-0.04776640303729753,0.000691757970294778,-0.006023971617500971,0.1605696583014837,-0.17041536414493344,0.1531810254409107,0.005144279848113346,-0.024612459107363822,0.05508625167305834,-0.004858967035664166,-0.02473321417149629,0.026297834471950887,-0.034357051800450136,-0.0150053640213077,0.24491959318229004,-0.017798479285924648,0.14531365128822013,0.07087633950041976,0.05104330363106495,0.020140975370111617,0.21721653097933322,-0.010501729807891986,0.0421521438763032,0.2112676564851573,0.0144651603207537,-0.045089284677319666,0.19570341964708463,-0.1336623191573144,-0.0030420108374185867,-0.04038539295187189,0.0023506331281891164,0.11410292334200335,-0.06644983009094503,-0.11784282104069348,-0.06797185387879326,0.08787403506196008,-0.06239601035824854,-0.03583970947208323,0.03517917839237621,-0.00997072048116111,-0.05253142881452723,-0.07295352460441865,0.05025430046131579,-0.09768893359948706,-0.01572618487449581,0.14164776354606323,-0.052699719995098634,0.03588159830898523,0.009716189377540627,0.05905445367847888,0.061657049605855996,-0.05988577693780227,-0.02401521965019865,0.12314840541566098,0.1364962858845174,0.1671458653813142,0.10416567787462254,-0.04555691275013655,1.0,0.003320330808818718,0.029006528721339016,0.14694836971661213,-0.046696681121613744,0.044038911894601934,-0.0968840912198023,-0.08837462518718397,-0.020253560270677415,0.03376281697311627,-0.02737680972615539,0.10957111877834956,0.09726353031186225,-0.04257594903959816,0.010327568231488417,-0.02493761425438465,-0.05997314982576679,0.08781159875925243,-0.03864407451281081,-0.06099464023957453,0.14308541313898035,0.2219710984500273,0.014285767074318795,0.11778446799547428,0.14453749302744795,0.19075297226154445,-0.04650891294948633,0.02342585056159655,0.016005039222886246,0.07944152447938922
BTC_LONG_8d967f7e7ca4eab1_2d,-0.04111926818350964,0.07865818317164572,0.14835281085939225,0.07273199444301068,0.07547215500233748,0.2678617026864593,0.13022719632520482,0.2762849754146164,0.07339731056747822,0.028041598316164536,0.0432726551205487,0.16824541282114128,0.16161931732533688,0.08596840746891285,0.21501501079971366,-0.0133096418619278,-0.017223286796999502,0.07483994289620612,0.07676083074815966,0.015549996714835894,0.03291311089169052,0.1214803941803816,0.0716401262389396,0.38020247632931475,0.05961989230828969,0.2639373465508439,0.02909945213578429,0.07366226463511319,0.035447347287444364,0.07478031939762161,0.006738859404371971,0.36441753109071656,0.0673968943407624,0.007883475702096293,0.02569166760794546,0.06894263402985018,-0.01451540180744514,0.028914885025998115,0.38500380405033663,0.15589709086244294,0.06141363591991421,0.13254749103113117,0.16328121978657786,0.21756680460855832,0.12986359597198668,0.22221753630368538,0.10961877657640301,0.07907955643114246,0.08280865104796654,0.07622672301667968,0.04589003137430607,0.20072103239309036,0.15339698360998064,0.03648475588721302,0.043044166233184265,0.19165134337577558,0.009774317661677663,-0.06212463090430047,0.1639205765895943,0.26424575586223126,0.06636188908381489,0.04203614705780028,0.027927152246789468,-0.018530315262708447,0.20662499741706758,0.03716015203093941,-0.06472877586543327,0.0009518539634759667,0.02562571016352925,0.14438683868172233,0.003320330808818718,1.0,0.05776267270511699,0.027984570841947765,0.038739779395655094,0.19074709260686237,0.29030273051079386,0.08330799818019084,0.17602510300922564,0.044549975434862096,0.06664365354105067,0.12264927582149693,0.20282111218850962,0.14612714208995406,0.06993486337825008,0.06121517805402284,0.21734551393054508,-0.030677420556451705,0.23047952539764732,0.2569967107164646,0.07062998007375397,0.03208281122270307,0.18196813516309848,0.044664624151831644,0.0349155799766052,0.06596091445923619,0.25349713574570587,0.028139275449709122,-0.0037293908361818893,0.10343839949879738
BTC_LONG_8f4cb2e57d3d016e_3d,-0.06550824325273391,0.10468667932570058,0.08858403209469784,0.05045187830759081,-0.05673845089079786,0.06772432043247155,0.06939062590544125,0.10618169061197606,0.09738503114348467,0.015685501360456516,0.13545257439093109,0.13059011589076738,0.07926610626033434,0.11227300285819379,0.13397372679663022,0.08688685102433619,0.02670067447568853,-0.0685765350164635,0.15777334777945737,-0.020120080373664678,0.08889617527187933,0.15537331075392205,0.16136235440645122,0.09646409385854249,0.220069106488379,0.05236573852165434,0.021526570133745777,0.06162920220851194,0.0018170057133023013,0.0007852088585888756,0.07138266410904516,0.0689741701190948,-0.010413807048490115,0.08547596771379495,-0.005735049885369577,0.016956647444526907,0.08880695108544985,0.15261814371530508,0.05990116988413639,-0.04918432498306935,-0.04456471383082462,-0.04242933527370754,0.09418794520978575,0.19853814007892132,0.12687419343038536,0.05991098688851814,0.16084629099519404,-0.010601646148873769,0.07908023124814202,0.005098186457579999,0.06839314942496735,0.20312070898464937,0.19705855757089946,0.08012018132190016,0.062177682737557714,0.12742509518911005,0.12762534707506565,0.038734730860732945,0.02994889773821764,0.09068592430231351,-0.07154845426872372,0.10156046045559991,0.005176202514037784,-0.018569509818384566,-0.034812557574338154,0.10023102476388383,0.014880396990066791,0.09577947659127477,-0.07143395019391358,0.017468831855362958,0.029006528721339016,0.05776267270511699,1.0,0.02353161814760701,0.05606276612646011,0.10228793675552338,0.001647122651563059,0.10134804866060593,0.1867326811005246,0.11827867459776623,0.09034287592307232,-0.0607066238101357,0.1445270093569018,0.17102227729649966,0.07518601011491258,0.12284459388966713,0.11707668484144204,-0.0013558348582662198,0.014713984033077563,0.13123588449763046,0.013891485540051516,-0.0030855955507762046,0.1746246534792603,-0.0005713320267910661,-0.13280773116678765,0.06699257041927571,0.12707006329503215,0.004480458609221998,0.06392513608422284,-0.04176539357795956
BTC_LONG_9044a6d8eaac417b_1d,0.048163552797752036,0.11868641299425095,0.0338979538308185,0.036597957679649164,0.10702559600763638,0.021569106707101635,0.1144402689545194,-0.018036261813498662,0.09592272413808363,0.09999366359422614,0.24018473509349966,0.002520752120532781,0.06708911457944747,0.06801542422861172,0.008668026040987436,0.18953620949938652,-0.0018566021150481498,-0.014853746268297855,0.0764977631783026,0.011013765354319995,0.12006778708276503,0.040311258924423075,-0.07258021513707695,0.06884030602865221,-0.005430847935957672,-0.039765157879156535,0.3297899708583139,0.044948215793272704,0.11221742998056895,0.13730501287665245,0.1729256551315998,-0.0068758449000912054,0.0011676605063435485,0.011749533851905098,0.11456236411147704,0.2395520789121704,0.020102291159714042,0.0018809285312054648,-0.041895459049250204,0.003004345586976498,-0.06210048822530357,0.02005202313559839,0.0339232726313483,0.03468849845180142,0.04714223305643085,0.011730458327785374,-0.04255591199802599,0.31024854432965737,0.029224323506453376,0.12426273147795695,0.3018771095715767,-0.001377912451531529,0.0070474839821664656,0.012220999475245466,0.019081885336193927,0.06267002279261047,0.0916426973429601,0.15869931093897396,0.015291395726369988,0.09518526026185521,0.021695748114133075,0.05318090914216574,0.19310206732854834,0.04001418020822124,-0.13832603001457586,-0.04986099358410198,0.1459796456977657,0.2566997237060774,0.12759973550713402,-0.04430383459923336,0.14694836971661213,0.027984570841947765,0.02353161814760701,1.0,-0.0016884604551582834,-0.003179347988290775,0.044131574382714985,0.04631114717270253,0.03669348350074629,0.060858986494630334,-0.0038090129052015436,0.09494958762034973,0.1666747800666168,0.05936883888226145,0.13486845166943529,-0.04219595944751351,0.02309701254435788,0.011565628564008126,0.05703927042478596,0.011796037808051269,0.1672924150151553,0.3610189149439926,-0.024272011647715325,0.059937162723215656,-0.0029504319120127634,0.23868072312009786,0.06517124991894607,-0.00810288639960007,-0.09744515286224095,0.1261633117953884
BTC_LONG_94dd72fe1d374b6a_12h,-0.1130202327888882,0.06826223337344318,0.03128636559604406,0.03218926303621968,-0.10866703305175479,-0.04783561078482555,0.06218716773887572,0.042954810204769205,0.09785214226307581,0.05248221269381864,-0.10028646175589503,-0.00025818742670351974,-0.0006529347600115975,-0.06231486272667136,0.0157605785290827,-0.20296392095388438,-0.025781785975145553,0.006199931151599812,0.020454748506809443,0.03136358985839443,0.01839381125000774,-0.05723066006248968,0.0667383943502665,0.24639370718333414,0.07392915820542043,0.07195443975374777,0.0667563678385719,0.015026099420097366,-0.10987587210073098,0.15956094178765137,0.15152300172493008,-0.017457830598162527,-0.17968856807047937,-0.02299855503256956,0.11301083167573,-0.03577039560115178,0.3664634771510297,-0.10645106569655893,-0.09020509200595327,0.0561303397885079,0.08302557122986491,0.0034065131345971337,0.03771077376979986,0.09848763963881729,0.01667030032361225,0.04930780685092502,0.042132231334920694,-0.020466214773233994,0.021645050738453298,0.04202907565967377,-0.02063075041680026,0.008741951916884722,0.025239670764757607,0.053312058698313514,0.20111004237821842,0.11198853139135602,0.0493694043124448,0.07496787145728853,-0.07208065192399751,-0.037233215190428534,0.08069607600714393,0.037761952161042826,-0.18072277348976806,-0.06615618134016947,0.0710226113776625,0.07615997288624812,-0.018262631154780124,0.07741763322166861,-0.025014858036681683,0.10271767785280418,-0.046696681121613744,0.038739779395655094,0.05606276612646011,-0.0016884604551582834,1.0,-0.016649003509724692,0.14402458133571053,0.09692559779923351,0.08607994211455697,-0.08750038707438576,0.016254634584133985,-0.11382318081033703,0.02461786824842378,0.09505042038550127,0.05906127521365027,0.010218385343056911,0.04135850086654421,0.012375234901087932,0.13346741088541442,0.0923497978724766,-0.1796546333448407,-0.07265061930681715,0.08077783455569566,-0.03170876364884752,-0.24195756163580504,-0.05182329562888701,0.0026848515060657837,-0.0067773426549289,0.1420992866032794,0.006212635378284784
BTC_LONG_978f94cff6100d1d_2d,0.03894189561973542,0.09436219762444904,0.14621470752541862,0.1793936461542565,-0.17267357347931167,0.2644882880120657,0.1396951350028881,0.1391200291146209,0.13035402788942085,0.052814036048744586,0.009780311843365712,0.08316547939704579,0.14770429741208982,0.09150492735052533,0.03916822052419532,-0.017902366377847676,0.07927794660828273,0.041009839035173676,0.20166238923384336,0.049628402760223456,0.06898908429484862,0.0634192478467037,0.09454417197552413,0.11526486500807867,0.10963114176013895,0.22216076070542953,0.07363701701271401,-0.0032421811350683716,0.021275507570663533,0.09845028948563235,0.016327589776638715,0.10148989135003597,0.023397077383818566,0.05556562271821097,0.08224854964486347,-0.04884243982937826,0.04163238610119022,0.08163516772384975,0.23340911680361984,0.14803060588965128,0.11631451617728342,0.00783075127213439,0.13539244183776378,0.1280861314761231,0.024222032551843672,-0.01999651286680206,0.13754904570870466,0.03645004401964976,0.07756999682828321,0.018892908230827603,0.06257927137362156,0.10173194703542968,0.11007493458351685,0.29870220012829407,0.05038499449266764,0.14005937631467055,0.04268586485900381,0.10546564529125645,0.06314096100770493,0.08192708192337103,0.07034210744130616,0.07711443336796618,-0.04254979896593534,0.07656394827940013,0.15756699743359376,0.015322921284684767,-0.168632580616576,0.13464618500400433,-0.09007222613195467,-0.03666131671501395,0.044038911894601934,0.19074709260686237,0.10228793675552338,-0.003179347988290775,-0.016649003509724692,1.0,0.0014876670501878,-0.05062596626812866,0.11183048286721059,0.0835260329486093,0.2237721758629748,0.015925377545387497,0.18668803354585278,0.26185814050033607,0.12436926595384248,0.10233176422491169,0.08456889200483088,0.025292262986918567,0.14892438879368816,0.12623944016912161,0.0009241526936813875,0.05973672976933924,0.18136018093998482,-0.001841763921519844,0.051059147081877705,0.06998530271452176,0.14122150737584824,0.013159835112098223,0.049450393932891,0.09034627059193295
BTC_LONG_986eab606b120088_2d,-0.033988671191412655,0.12194286272666781,0.2351476943079122,0.0779094888928216,0.1725424307780378,0.26518049978909725,0.043004410693956975,0.1187468125261984,0.047332836192752824,0.08571696928851151,-0.00682830115532737,-0.056449235044624846,0.10677334846336749,0.0864990108399385,0.21154038422141666,0.06774987077348356,0.061044322624143985,0.0562514807681783,0.06138221923546961,0.18425875883992834,0.07247686447257626,0.009333019101869025,0.045752835765955444,0.22886968202911234,0.14638175920016921,0.049621025702290045,0.01206047060070541,0.045995960020661156,-0.011304989402120762,0.07816257609172365,0.007508928759897566,0.12040411912020045,0.024329868891193818,0.044190504740525376,0.07143987561323514,0.12437484688118136,0.0594099706224155,-0.048683923482168504,0.04864339212328738,0.19224502213714284,0.16297554527991903,0.10943207259777857,0.14354530929092923,0.19870420760585267,0.022984722611785902,0.0629173335990104,0.11021887018708863,0.026411653063973778,0.08254874904071362,0.1610870605821002,-0.0336195685751361,0.1384914300885847,0.11337371051456734,-0.11507685598072767,0.11770116004864697,0.2553866310822789,0.08464588942371175,0.07243427510572178,0.021352060587435877,0.06571330808099801,0.1276608032946771,0.05568189161013269,0.08818559283784469,0.015002081117021488,-0.04618506879592857,0.03171090557439096,0.05405491041275763,-0.009612943534585748,0.10359220318290441,0.1728623602860291,-0.0968840912198023,0.29030273051079386,0.001647122651563059,0.044131574382714985,0.14402458133571053,0.0014876670501878,1.0,0.07475781129838449,0.07443966211360417,0.01590929969268767,-0.00973253636571012,-0.032496832104010734,0.1465435123679975,0.03288928360288528,0.10591058733142339,0.05813455309668243,0.3239169924935952,0.009277023883581577,0.09167640634278063,0.2597310023445607,0.06300811790040466,5.3060331356476414e-05,0.017973493954903785,0.0424432026597601,0.006053158033207048,0.060628811365688595,0.25405463282812474,-0.02151228878903479,-0.005472508353319657,0.018340832141543754
BTC_LONG_9bf33e9f6e490f1f_2d,-0.07541568357003957,-0.05507453086215267,0.09702553285536777,-0.051240615002993734,0.12670318209234482,-0.01883030209794533,-0.08205700450132676,0.141144303871374,0.11916673244233114,-0.0664608856804925,0.01869459080132263,0.04203682124434925,0.21339558421863516,0.027774894843447213,0.05707693873973724,0.050977965617252395,0.020683802891654928,-0.04212275824292224,0.11030376100368686,0.05536902080757508,-0.027528625950136578,0.04261011800192379,0.0032955106364487238,0.07103197435218708,0.0343960437282856,0.11625584726146578,-0.01923547024872069,0.08131813264680604,-0.008212885755682667,0.06393638835971746,-0.0066584614007913785,0.06885551710727536,-0.06973840432537036,-0.009122868618844525,0.004219900958033222,0.11178079612730757,0.042328865637866496,0.034230526452966384,-0.048947688206388354,0.04127701561711408,-0.1518287020223906,0.16234275449355598,0.10532244729822064,0.1415170344242893,0.19845265239951992,0.04226987333015077,0.017209200060672947,0.006449727158851325,-0.08064495240569095,0.14540973111646144,-0.008034412255749135,0.02957251064194145,0.120716660929614,-0.03624185239348315,-0.00918468418293229,0.1726603680697447,0.058700233927234884,-0.007762083080164823,0.1027204692511346,0.06379061710477993,-0.04034581794389349,-0.12527690408684475,-0.012193555051637744,0.011432362709265785,-0.09284168811269293,-0.09681471740758564,0.1347811219069687,0.06827857638870635,-0.01673647896744393,0.11429499660743796,-0.08837462518718397,0.08330799818019084,0.10134804866060593,0.04631114717270253,0.09692559779923351,-0.05062596626812866,0.07475781129838449,1.0,0.0354989468675917,0.06074029034435908,-0.037160990138535376,0.060929401974674065,0.16646133964314314,0.022926055070374266,-0.12325564303802287,-0.05404790082650695,0.16771851769404092,-0.15018531617081238,0.13044848508616452,0.007894190126340633,-0.0043876256805481595,-0.032089293348619236,-0.023436246387509158,-0.04614146076125869,-0.07417793382624942,-0.03606288866289753,0.07680630806007913,0.05498900475525379,0.01960615090176091,-0.06548365328243505
BTC_LONG_9d731ebe50ebbe65_3d,-0.15220112283199771,0.06530171501246994,0.023969467253488273,0.06150581129018895,-0.05492402236837495,0.059531249372727954,0.006262769781207691,0.14683465153494032,0.07586512807561202,0.024464788561389412,0.02026759716570719,0.32036622672987297,0.10290329209265545,0.051401490087847855,0.02214722698103956,0.06168059982778884,0.03707871741280584,-0.015461531665597954,-0.04009057461614322,0.08427018151631041,-0.0005903043287755855,0.0766150209224485,0.21781099496110165,0.058902405393345486,0.09226896070264472,0.14579436192007134,0.019733325284736803,0.10181026395787032,-0.028341367475060653,0.030004691376063562,0.1347022254256014,0.106365789539497,-0.09134786076595042,0.13906435645001616,0.050144035447825766,-0.000992377204306893,0.03309665424560019,-0.019503308939048704,0.14762564864552188,0.026523855955563128,0.031890451707337994,0.11482476351487295,0.13621995525214872,0.09647010234244409,0.13782448430878474,0.011761617549048083,0.1789995777892078,0.0028250661909819076,0.03201106093190276,0.10705975699587114,0.0641823261320224,0.10848748544642421,0.2724453944402419,0.052795102404258734,0.048708790526186735,0.07996436733497302,0.1339592034485243,0.008957665656302294,0.1740141309212981,0.2631046305844803,0.016005313929812394,0.08598958216340598,-0.04724010482081417,-0.0865294599929225,0.1929025054434422,-0.0110498736903392,0.0261199335092664,0.014615629579204719,-0.11099238324524592,0.09323492157281935,-0.020253560270677415,0.17602510300922564,0.1867326811005246,0.03669348350074629,0.08607994211455697,0.11183048286721059,0.07443966211360417,0.0354989468675917,1.0,0.08578914158224608,0.04234898132152564,-0.07250825200269435,0.07413056152384845,0.08420359071103943,0.1264784374338321,0.24459376142374353,-0.023759508458653482,-0.001616739121753744,0.13959347152948684,0.03369579917088248,0.004434015882662646,-0.016521700672436038,0.1847896587473357,0.03095836015085298,-0.07581787808571192,0.00221562763422576,0.0033178002233734123,0.26082442216313245,0.09634438372247,-0.038405135223858654
BTC_LONG_a1079e0a77d7f501_3d,0.061374849039776976,0.1109765709215126,0.05898042150956174,-0.008860128262803095,0.0813619651955584,0.06229960735835076,-0.005863993652489993,0.1846916731117089,0.109448046688449,0.020693522833730875,0.05107938368516785,0.1078714437210329,0.143564719002256,0.048585423156822856,-0.008796137631904734,0.07958996841827552,0.20199669010283627,-0.01674587337175571,0.1794263028143926,-0.022423869861639998,0.23919865516169192,0.059220453515710696,0.025393719178136525,0.029039996847393293,0.08199164172410192,0.13184637257319093,0.14473512401936492,-0.02941262858035302,0.03151407465130833,-0.016293681809003657,0.14956013088371262,0.031362487189499064,0.07107951284536983,0.13932470771226238,0.08198954438254749,0.04529861884440729,-0.13820966082269298,0.1566247468562877,0.033201156686472326,0.21008445883653354,-0.10877414603149513,-0.00881186784210481,0.02728694498237808,0.04565343959699085,-0.021313549300123597,0.10518415189454058,0.23303397042740157,0.07963233008271703,0.0761327877625104,0.03417856487681595,0.02747467778597007,0.0429711851750177,0.07797853292545608,0.11189862977413687,0.017068572394094803,0.15277262930741675,0.20830315822948875,0.008500671978924632,0.007913570908423533,0.0632041581672246,0.1757269594085192,0.25503841817442413,-0.0019839459528147455,0.081097223056055,-0.003963003543126453,-0.1621007990983275,-0.012125009161717255,0.038459072804521266,0.016030726854780197,0.0008127673547764481,0.03376281697311627,0.044549975434862096,0.11827867459776623,0.060858986494630334,-0.08750038707438576,0.0835260329486093,0.01590929969268767,0.06074029034435908,0.08578914158224608,1.0,0.061693491086528725,0.10015650006743652,0.15588803735565268,0.15996329696738246,0.16285241244063847,0.14276776744057665,0.1079401094106036,-0.04061572138442441,0.12007453708254105,0.08368216478330753,-0.01338079642216971,-0.0006759044549305823,0.07426181292011022,-0.08012103567713816,-0.07844441608725973,0.09669493044751139,-0.02935999882082708,0.13072068538029016,0.06072229520411886,0.11413519420126747
BTC_LONG_a18389afb4e8507e_2d,-0.025348265124185542,0.0067573956912801506,0.14944917130212929,0.08383366358731523,-0.1782602303265334,0.1567325172153202,-0.01337292999329634,0.16728451120406793,0.11657683234579798,0.03694469687016692,-0.020725818775927756,0.13871137032384526,0.08075195262635787,0.0205574700281237,-0.010326282469271197,0.02396735247190194,0.19302796180297652,0.009073095397434628,0.08297988401264528,0.03930706784506951,0.10970767805349965,0.06894801296752107,-0.04098046346778997,0.03154087051836705,0.018291348446026975,0.20325089980349254,0.09191962145433143,-0.04680078779903988,-0.09741776327405736,0.07794745366498221,0.04904720059612607,0.04783902457849586,-0.06744911280703131,0.02844965790494354,0.12626064752377994,-0.007314964057626403,0.05258966286382879,0.024254619361964325,0.15729375804866882,0.10362680448179847,0.13587370704755658,0.02312426868966041,0.1939511969926501,0.13482302356903547,0.07902501336514797,0.11269165646139576,0.13457721099746353,0.09584773135525543,0.1284640057598418,-0.03105776435344209,0.08320602870191397,0.11724919693288936,0.13109855043665927,0.13931926749737322,0.11529774294036735,0.14872692680673957,0.021466910730855375,0.08368843602947615,0.03350417993698326,0.1427794603217358,0.016050802068955698,0.040837375449062914,-0.10592961470811833,0.053581181789051996,0.23388298087513543,-0.07340072354806405,-0.12290136388327226,0.12499536147957035,-0.08472009731355021,0.005305415351537856,-0.02737680972615539,0.06664365354105067,0.09034287592307232,-0.0038090129052015436,0.016254634584133985,0.2237721758629748,-0.00973253636571012,-0.037160990138535376,0.04234898132152564,0.061693491086528725,1.0,0.004037978352269877,0.1394854092864507,0.3183985681372191,0.12767048003685944,0.07371754787788715,0.10833168322253352,0.027687797741840707,0.11217932280251568,0.06446372668349123,-0.1245362533780659,-0.0029127960215425156,0.02303241372720456,0.0005064966006384095,0.019101071736538994,0.05677383749434722,0.09360722568868172,-0.0033630773869790516,0.1621093225842952,0.07206314123083024
BTC_LONG_a5c815ef1d70fee7_12h,0.23213618177710538,-0.04473987281093734,0.023011484416425566,-0.003661222511279292,0.2202477525903363,0.09064762547614656,0.028044282203601906,-0.016726788192999425,0.09142800907185675,0.06455417881804597,0.2033815175913563,-0.033734631123917176,-0.03820915851017578,-0.027823488427367343,0.07049694821602805,0.2098975920851737,-0.04356235562092625,0.06342758042222395,-0.0033212464571968497,0.04536417094037586,0.0760207793981027,0.017678403175323033,-0.08793190102104988,0.11659273432061916,-0.006863209646791505,0.032976907513260274,0.14373164254208537,0.20796654854965402,0.08794522392957899,0.04255043716124576,-0.024345580011440406,-0.015042852815022989,0.2668904284964958,-0.13297686616269916,0.1561860822176327,0.0922806737940159,-0.0922348765366979,0.0490751729731784,0.05634314490782842,-0.002611802113357627,-0.15179425972215346,-0.0714835346780175,0.010840854252442021,0.06583846031430698,0.08108932518252461,0.04298413705117369,0.005967277275208322,0.1400429586513914,-0.02416956090594603,0.03444087013766576,0.12519596344119968,-0.09290581452400307,-0.021522044848842663,0.05416158622140203,0.11437394116662986,0.04908235603156223,-0.029496413999788643,0.0808085604952004,-0.057508761667880506,0.13855112199065803,-0.08571266121628732,0.06600841272214122,0.17428264330664228,0.10385558782480346,-0.039439870668226,-0.031098672375721167,0.1378776312485141,0.21165173050720854,0.281110092217392,-0.0922814265879141,0.10957111877834956,0.12264927582149693,-0.0607066238101357,0.09494958762034973,-0.11382318081033703,0.015925377545387497,-0.032496832104010734,0.060929401974674065,-0.07250825200269435,0.10015650006743652,0.004037978352269877,1.0,0.13742435503937386,0.1692583357934646,0.011552111915859586,-0.05796367057708025,0.07506687356270329,0.039685575932533836,0.05032465809788954,0.1066099397372928,0.2056118851437565,0.07634600556614614,-0.019383651514436422,0.13726111849702316,0.11756022557682144,0.22322999182818754,-0.0025503797692041506,-0.057306709648463676,-0.018451064483297093,0.19382200095398552
BTC_LONG_a67a467959c6c593_2d,0.04102423849567521,0.1114206983143137,0.22475400450567198,0.07681705622257368,0.12318517252298669,0.2037298623808642,0.1662419964407321,0.16397063630420458,0.20386680189889644,0.11206999701704903,0.16794247855971123,0.1509945024717777,0.2548855645137809,0.09190258082873291,0.17709732017263224,0.07437521185735993,0.13781132203872973,0.15591288562417713,0.2690752944264659,0.05795002545462109,0.15839900434935014,0.06673387995895537,0.05801730807318074,0.10973173692139304,0.027241833036362267,0.1400933715887989,0.08910446073144487,0.10210834240709578,0.002484206473082103,0.20261191037745924,0.0700103874930472,0.1698322040718277,0.09268382177373037,0.05442562479830386,0.10391612998633747,0.11293486289195313,0.09627590875631817,0.06491099435513732,0.2525456225705425,0.05535848453826999,-0.05703180441534469,0.027052534739261988,0.19372621058937067,0.36606460825594894,0.23634229771842916,0.10584921914063895,0.08186601758204115,0.23023138412104915,0.15956296339339684,0.008996591459468625,0.19811472248820458,0.15836456638659388,0.19821491548232217,0.1723081235412094,0.2769687410767116,0.2867799621092794,0.06489303329249865,0.1088314437188564,0.1901773709942486,0.2297716159086553,0.08742353850864827,0.1548589195480822,0.06615315774836875,-0.01050557201589482,0.07900803675493806,-0.0877194366670776,0.09064741816591833,0.2023763551509181,0.02476141567195125,0.09337086876688055,0.09726353031186225,0.20282111218850962,0.1445270093569018,0.1666747800666168,0.02461786824842378,0.18668803354585278,0.1465435123679975,0.16646133964314314,0.07413056152384845,0.15588803735565268,0.1394854092864507,0.13742435503937386,1.0,0.24053673339284867,0.14489619667014575,0.08347893413676692,0.21651204155116802,-0.05616953971064866,0.26483556957272747,0.1862113698897269,0.05524363768667892,0.06925979118558677,0.07510897148765616,0.01176772531072662,-0.02477729241836885,0.1777139268369596,0.07568079920168513,0.06833088693434808,0.08894938581355141,0.10511095114763065
BTC_LONG_a7a53d44b1d1b10b_2d,0.06281012973787474,0.08042102010021834,0.11069164218765588,0.13475196687915506,-0.09227370533516602,0.1922337004707297,0.023959323543170215,0.06398323453321195,0.16612837490787355,0.09898297735367904,0.12199690008450442,0.134943515601068,0.05224881918223223,0.1175084824454184,0.04858793516268304,0.04688479391198284,0.14769372325870123,0.0023294923817869574,0.18183244522153597,0.04089127113877782,0.09407699908181462,0.067467595638938,0.09161485271870622,0.1983019985846886,0.13137565692865263,0.12173130441033839,0.13755030289815653,0.021022877390762577,0.1015002321252059,0.135999001395797,0.050277637966224656,0.05820523257221731,0.050604460222089094,0.028935609476997366,0.11292950427609302,0.0322268657981276,0.04982147076642316,0.03981885077348415,0.06648813688587599,0.13952543488239352,-0.002230719190724286,-0.07504156768807431,0.11785639703893658,0.12233235369844365,0.25310422936072313,0.16929697553531123,0.05141176802839383,0.10346304152406081,0.13398193926731972,0.02778792897660838,0.15252183581407577,0.1084481015323603,0.08738693877067735,0.2961832080950823,0.18743924492742522,0.19776865121570233,0.09378649719194267,0.14602739846614585,0.052260826420055716,0.134741159022518,0.035808729775960634,0.04366200979850403,-0.012672661459323664,0.031154985688465392,0.034005208327109654,-0.04986586468963014,-0.04864996194545802,0.17306489701656816,0.015487947551353298,0.04887235752345743,-0.04257594903959816,0.14612714208995406,0.17102227729649966,0.05936883888226145,0.09505042038550127,0.26185814050033607,0.03288928360288528,0.022926055070374266,0.08420359071103943,0.15996329696738246,0.3183985681372191,0.1692583357934646,0.24053673339284867,1.0,0.15116088938857322,0.08764946982821172,0.18665516929677758,-0.03165156562887946,0.2687876686820226,0.2463981319642503,0.04426450937223472,0.018683377651741728,0.1141473029477926,0.11720989840819651,-0.13959801477052924,0.1679084486321047,0.0739836147782393,-0.008116694122600573,0.1481544894998283,0.24321697641382467
BTC_LONG_a7dad690be812564_3d,-0.030548939215164442,0.14513436802442176,0.06930858627742453,0.08375061986341087,-0.04773033823559647,0.10867939424495818,0.01468468187266993,0.05566053820445919,0.09391864397171344,0.05683291803572947,0.1469602329378097,0.08859372119640324,0.05205907006966281,0.07222438861217191,-0.08197737756131482,0.06713727764083174,0.09991369682953928,0.044210854257680746,0.09009947914974326,0.02364989915158432,0.27329153994424465,-0.003446611044486884,0.019910070045971506,0.05489401363233728,0.1393843833503841,0.08949284304307129,0.062013733738708304,0.019750108923004488,-0.05360852040738653,0.0778404744050921,0.3070501619369053,0.11177459220051568,0.03144327456827576,0.06643952536467874,0.1651880008570878,0.02566559088820157,0.020468794151183113,0.028585248061330552,0.12244556893706074,0.15375062911524065,0.09221031201035673,0.021687126304233927,0.02627004690808068,0.030504281944795333,0.09247085539122774,0.009175196561758463,0.0886791372235214,0.10701275096844604,0.09497868340058263,-0.00438970780753295,0.18428905145413554,0.1865800520677613,0.18068683602260935,0.1322243402683307,0.19914717949606575,0.23403855574309462,0.11158632173077769,0.10173493264459733,0.011730887625304458,0.15639899448194378,0.19542672128984734,0.250145583382605,0.02985232034333812,0.05237280499288028,0.01603511087814044,-0.01830442689521803,0.04664309010866013,0.11211422107312118,0.06207174289270976,0.05852084730669227,0.010327568231488417,0.06993486337825008,0.07518601011491258,0.13486845166943529,0.05906127521365027,0.12436926595384248,0.10591058733142339,-0.12325564303802287,0.1264784374338321,0.16285241244063847,0.12767048003685944,0.011552111915859586,0.14489619667014575,0.15116088938857322,1.0,0.07831787118351324,0.02778984625087376,0.057206605632348355,0.1339296864836001,0.23559687637283133,0.0539551741495044,-0.006138470152648472,0.14566677588873778,0.08725153637146266,-0.0006680314809096564,0.14082281369310626,0.12374018607962199,0.11346128985533652,0.0010895326976726662,0.1852981013581522
BTC_LONG_a800262f87cb7ffd_3d,-0.05814749673052602,0.12644504204297044,0.08240798462007327,0.08722243408506998,-0.03650605051714957,0.03193026294389808,0.018988872969001834,0.08489254288865522,0.005562807019239029,0.015402404966118256,-0.015291534872486856,0.14443293748927083,0.042746542748563474,0.035168964528593784,0.05489784015972827,-0.004040318163827179,0.01380835541155452,-0.009374205976305143,0.05455772681902827,0.1284271506389243,0.08496125541261687,0.34168033627416544,0.2273518229040883,0.0015377730662947673,0.11855753898116358,-0.00893999897085324,-0.03408936187095221,0.005148442998125279,0.01580317814279234,-0.009019494102791712,0.08904196425802068,-0.03578626746424917,-0.02191866775997581,0.5121259451121287,0.04647425570367791,-0.06465478009406123,0.018614476147995607,0.22451420746212172,0.04146576628372831,0.011846989832290171,0.0035252508590912068,-0.008534590862379529,0.0169403249438445,0.0633048628788084,-0.02921543241335237,0.030993760891280957,0.13668498983654723,-0.00506869612290837,0.028874946613094737,0.05436879765317923,-0.005116804753307004,0.08186475315712043,0.22157785028431495,0.05749632331216949,-0.0004769091905447666,0.04680488656487299,0.2401890637784775,0.06514319308286635,0.01850072364323823,0.2899575168822794,0.13272195042332133,0.20979810550216269,-0.037785659229949066,-0.05042550119644366,0.061585068396570096,0.015644157930966702,-0.015514330606016261,0.03646936226175192,-0.02642852486246319,0.014575625902620692,-0.02493761425438465,0.06121517805402284,0.12284459388966713,-0.04219595944751351,0.010218385343056911,0.10233176422491169,0.05813455309668243,-0.05404790082650695,0.24459376142374353,0.14276776744057665,0.07371754787788715,-0.05796367057708025,0.08347893413676692,0.08764946982821172,0.07831787118351324,1.0,0.05017666256215715,0.10528958960135462,0.02879405068688119,0.06609028831788408,-0.025052285238516974,-0.033087058931759804,0.17794765082963737,0.008243718309845587,0.019350354089601847,0.02001255997023482,0.004564848184638181,0.3053408301257672,0.04118663726180611,0.009952866819837444
BTC_LONG_a864e0a32e9d3bfb_2d,0.07674040973813069,0.07871688675121004,0.23245038119912648,-0.09306988686389478,0.08238425646755218,0.1994209420352199,-0.03689292933080697,0.1317715791716904,0.14969287017530164,0.0729366534153157,0.07464501266709053,-0.009792886415568742,0.15288139219630648,0.04427634875516648,0.18457783858885468,-0.009955987207493997,0.18342197984118344,0.04455932203909997,0.14301984568558437,0.11856354020451437,0.11409387639303926,0.05764104111568879,-0.040351317320183835,0.2696586290551867,0.1263576835956932,0.07680945165107997,0.07808035057447887,0.01164265480474122,0.018447053340735552,0.15927801944082148,0.06459338817793689,0.19631159839447598,0.06994532540378827,-0.014319570261361035,0.027892808032601503,0.006404831845520348,0.07763920493140528,0.07323778143268689,0.1226725914461868,0.1574129576283587,-0.016429086841944426,0.04109737167585164,0.01147430725087846,0.28561657454018674,0.10926405326580145,0.09004673911073535,0.075263045179133,0.01738601153544939,0.11022102577920977,0.16245455907822182,-0.061686163590728586,0.1917436799500257,0.06010467721176908,0.08654807752912401,0.12410310615929367,0.3366013613754655,0.0459007600797726,0.10632320611258139,-0.01766623762789138,0.014533927087663786,0.05942779449326201,0.024116730680878527,-0.036117455496279864,0.051102367831603664,-0.02557112671332458,0.02228662119827398,-0.01367794516762699,0.10945440875656864,0.04665463136868183,0.1726112270612153,-0.05997314982576679,0.21734551393054508,0.11707668484144204,0.02309701254435788,0.04135850086654421,0.08456889200483088,0.3239169924935952,0.16771851769404092,-0.023759508458653482,0.1079401094106036,0.10833168322253352,0.07506687356270329,0.21651204155116802,0.18665516929677758,0.02778984625087376,0.05017666256215715,1.0,-0.017735272188328433,0.1215888405229388,0.2011773091628998,0.01092414189229761,-0.028705069042385623,0.051369920122447864,0.022614158203893394,-0.06624739452535747,0.10287411275996104,0.2704726937820822,-0.012865552722965945,-0.033285267400881544,0.0758492396433391
BTC_LONG_a92d11c420091618_3d,0.07980330012878438,0.17795314174401777,-0.1144423490896963,0.032401891932036325,-0.017530131708069083,0.023918370903055864,0.020589642832215253,-0.17820736571608686,0.1074219040726285,-0.08060599001860298,-0.03868242537322391,-0.0043491616226179475,-0.10951107386072666,-0.04120560832072401,0.037433699400182416,-0.05826379442928274,-0.07611701251707023,0.06531057537632842,0.0267031125587095,0.09470291467952041,0.04412506626959917,0.06360846087592198,0.028528519578580783,0.021783865190300827,-0.02495699021001313,-0.1521748579012797,-0.0026181437308945136,-0.05585873496744369,-0.016161329101712103,0.005897756136023249,0.17575049414416263,-0.06479549110839772,0.07928578860578078,0.12510001050440744,-0.05893810065669284,-0.018786117852890236,0.02144172328516431,0.13847025679367678,0.04226507998759561,-0.06857025639636975,0.06300183982398759,-0.06684401320191667,-0.06128519166560127,-0.06077528254121417,-0.15332427160605108,-0.07467896119003957,0.061350822855691156,0.018531758581892155,-0.008842189212954701,0.05131870015724918,0.0029995128669014757,-0.0636960482133854,-0.028508663357741073,-0.1114818495828955,-0.031872792102710226,-0.044928807723426126,0.11408717132398326,0.035120773524457555,-0.16508601300757705,-0.026100408006634317,0.17971834878208562,0.05018632289400587,0.06539634400105462,-0.06425313897087949,-0.06690022259519113,0.1679857962722596,-0.1437219213870438,-0.01170011923194617,0.02076482067011592,-0.05950812265267037,0.08781159875925243,-0.030677420556451705,-0.0013558348582662198,0.011565628564008126,0.012375234901087932,0.025292262986918567,0.009277023883581577,-0.15018531617081238,-0.001616739121753744,-0.04061572138442441,0.027687797741840707,0.039685575932533836,-0.05616953971064866,-0.03165156562887946,0.057206605632348355,0.10528958960135462,-0.017735272188328433,1.0,-0.115605285069757,-0.028200022772010187,0.02113721688458006,0.005960620944899947,0.010401079813080473,0.004408175499197792,0.0024537960527916563,-0.02452629502475407,0.017385512663302804,0.0008479567463354624,-0.08742307708344042,0.010188604109037176
BTC_LONG_aad29e2812bcd407_2d,0.030258088677035982,0.08851747774104314,0.15153984328624617,0.030061760464864164,0.0051709123757473895,0.10394478867640575,0.0690274024702277,0.23485570805815772,0.13190711981509878,0.17626090819200668,0.10148996236520161,0.1686892006224816,0.21106877776073177,0.05030305510504328,0.059499409101550486,0.0522869832465596,0.16524366577733593,0.0666061697910461,0.20393844301464822,0.07409569494737456,0.10572372616539512,-0.038605302391545776,0.11322343214809164,0.19306444976076523,0.06825039393325391,0.2532417122041053,0.07856848996260646,0.03174857223458255,-0.000505703731933053,0.15904105062872181,0.07212122277062101,0.19084256605054245,0.054388336658134945,0.004246231469952454,0.07881248301219962,0.09643069567790584,0.11534220031202204,0.007022669070798913,0.15865243450583447,0.18922044492109463,-0.02988494629817468,0.04447975324258394,0.05626351403227219,0.1945059127818677,0.27563015670925556,0.243394056091764,0.09011873320299417,0.1675543967521079,0.24591346672341713,0.028719815210222384,0.14223008159018527,0.15971958584635992,0.17568849709993914,0.21181942427891418,0.23295648306099215,0.29700705192271193,0.1100778861559626,0.04815012925497554,0.15656434059795468,0.16819337794320613,0.0705184151421788,0.1477086543341088,-0.02499035904668264,0.029926793277603145,0.20536433863653575,-0.10889818764676151,0.013953488528548576,0.17218303682108899,-0.04006330704830042,0.2206669695547165,-0.03864407451281081,0.23047952539764732,0.014713984033077563,0.05703927042478596,0.13346741088541442,0.14892438879368816,0.09167640634278063,0.13044848508616452,0.13959347152948684,0.12007453708254105,0.11217932280251568,0.05032465809788954,0.26483556957272747,0.2687876686820226,0.1339296864836001,0.02879405068688119,0.1215888405229388,-0.115605285069757,1.0,0.2860370184469295,0.0220822182709965,-0.006518793630399041,0.11164599040725699,0.09366715738195268,-0.045260361011275806,0.1247590775516129,0.08985930643250087,0.11519126131110603,0.14536238378873656,0.14587380915161235
BTC_LONG_ac1d6d98aba0a2cd_2d,0.09366266406161972,0.07689345641837343,0.2878087708656501,0.09042085869467896,0.08325872484010922,0.15626573448488656,0.05689379298342498,0.1583373157003633,0.01517699958417511,0.16066597137851335,0.09461257181173922,0.06655305618457762,0.15548958326757598,0.10823995558474599,0.10794855943931396,0.05240079706454301,0.0019608877394079816,0.01591305114371747,0.2307304366223155,0.0743196732509741,0.09222440758548155,0.01388565134476392,0.0861040284591768,0.15590918171325227,0.09050709975374273,0.1338805851026504,0.044559965856311314,0.02265919344077891,0.013580541962962553,0.12472263695664382,0.0868063805301166,0.18504338501759052,0.13443246588267146,-0.0018648952796246007,0.09654353168155863,0.09332837729314879,0.018750374954847274,0.02118048604664923,0.14829659331361755,0.26719026320291117,0.07563265017270165,-0.026450373976397754,0.09354879215006692,0.1872897051596041,0.14477634272044163,0.23333277742867187,0.10584696282751448,0.07022396466967225,0.16026576655086436,0.09236904948283439,0.024967209358848927,0.18814177445351607,0.10323644141802757,0.20747833822430461,0.22949965051868962,0.2781100209911784,0.05312862040222748,0.020875366611577375,0.012253466143490958,0.13621140517041017,0.09790586188640367,0.127819697556339,0.009659452606138168,0.07303460403735584,0.08214863631297935,-0.02162660107674093,0.051667148185295865,0.11292419886971954,0.08849455276018194,0.1741957149231359,-0.06099464023957453,0.2569967107164646,0.13123588449763046,0.011796037808051269,0.0923497978724766,0.12623944016912161,0.2597310023445607,0.007894190126340633,0.03369579917088248,0.08368216478330753,0.06446372668349123,0.1066099397372928,0.1862113698897269,0.2463981319642503,0.23559687637283133,0.06609028831788408,0.2011773091628998,-0.028200022772010187,0.2860370184469295,1.0,0.027905860760168755,-0.027385691863410857,0.24149690028894208,0.11341446230306734,-0.049442816698931115,0.18681276110739317,0.22848612974077287,0.01090955174600035,0.055280611620384376,0.14653597712575286
BTC_LONG_ac6867f81c702dfd_1d,0.2282429581091924,-0.0040531803203487145,0.024670160248694683,0.016190271470057888,0.34137038329953406,0.005267569823672975,0.05298196568153377,-0.028554106306024635,0.09969359271417992,0.20109819406062449,0.2739779384280054,-0.016636923879704814,-0.020637461892420775,0.07192834716832094,0.07978516046284718,0.27876072060616525,-0.04729780089298198,0.12282920608611121,0.035997503468609485,0.009257661010182413,0.023754778272665207,0.0055265420019307955,0.00465606131997951,0.023028364912687914,0.011621341928852488,-0.02974071595493879,0.150046851163174,0.1713672279247242,0.15624870003661934,-0.028549646015057585,0.008183988853878664,-0.006537590996385549,0.2141527957244006,-0.09930620375159092,0.04850187678502739,0.20213225441758023,-0.1361278845862554,-0.01217675620392836,-0.04073011345655515,-0.03746413892893709,0.023471991437987685,-0.028231046073583923,-0.021890296590958987,0.025208878525329822,-0.01854280553838499,-0.008296956836217922,-0.13985414332225846,0.13748249991313488,0.019732542754830745,0.03821595402677031,0.1859370856516819,0.0038863052957557533,0.0022638643361584834,-0.07292009517489194,0.007086363757765847,-0.004155190981080941,-0.12827486014254766,0.09762319270073204,0.038198065426801396,0.05524798823417687,-0.024601182272088556,0.007824920776094346,0.3806601428096398,0.08554331325279312,-0.09238506485367429,0.17175459405906005,0.3662039119635162,0.1548275356438655,0.32565760448568704,-0.05087148947078325,0.14308541313898035,0.07062998007375397,0.013891485540051516,0.1672924150151553,-0.1796546333448407,0.0009241526936813875,0.06300811790040466,-0.0043876256805481595,0.004434015882662646,-0.01338079642216971,-0.1245362533780659,0.2056118851437565,0.05524363768667892,0.04426450937223472,0.0539551741495044,-0.025052285238516974,0.01092414189229761,0.02113721688458006,0.0220822182709965,0.027905860760168755,1.0,0.1680263554323,-0.020978960761629615,0.3172965819729558,0.2605061451353307,0.24447812295111943,0.0008043719909637353,-0.06255230447031455,-0.20847351209801304,0.1743698744540379
BTC_LONG_ac861e14bae89319_1d,0.17229917760406674,0.04445063039050609,0.04826841629219476,0.011598978371641715,0.0493641011892595,-0.0342762538481046,-0.014201520880448813,-0.036096295742096024,-0.002297860306970998,0.04672920830617414,0.18176855484600415,-0.01483414344451167,0.025275872228279764,-0.005673481545939414,0.0014256403500040758,0.17532469545634405,-0.002249511881557577,0.06023878666093945,0.017326065152453437,0.02274044367936275,0.0560936993861707,0.021875637501739265,-0.026348229135199866,0.0072881923456515904,-0.040114175115410634,0.025607335051866974,0.26386239393356636,-0.008383595418222511,0.1080713270292703,0.057627414062391906,-0.02994695106791969,0.05175476717227655,0.19304181408294505,0.011187359854077953,0.1083268233329753,0.2979967743161127,0.02186927689038484,0.007392917924840892,0.0026197358794622216,-0.002340019230366316,-0.006847403811326238,0.01965452648669359,-0.09460272961387274,0.02057278833813118,-0.026988630644935455,0.028502593332941608,-0.09091971900333942,0.28147765168567807,-0.004179984255862421,-0.013969608671595324,0.1805000210110092,0.004658202676096885,-0.047666263834262465,0.04971897422497727,0.016638917682792465,-0.016904090579191334,0.045938897829023946,0.1319933949366561,-0.029703149605074475,-0.013559499962308362,-0.01005367489232258,0.05038152393259038,0.21868020585479186,0.08979730439909808,0.005781094337376348,0.09937554237628882,0.0730788546347461,0.20245747248683035,-0.04791303524765398,-0.0073345865602829526,0.2219710984500273,0.03208281122270307,-0.0030855955507762046,0.3610189149439926,-0.07265061930681715,0.05973672976933924,5.3060331356476414e-05,-0.032089293348619236,-0.016521700672436038,-0.0006759044549305823,-0.0029127960215425156,0.07634600556614614,0.06925979118558677,0.018683377651741728,-0.006138470152648472,-0.033087058931759804,-0.028705069042385623,0.005960620944899947,-0.006518793630399041,-0.027385691863410857,0.1680263554323,1.0,-0.027308435641056648,0.20951676755409274,0.1210954795119053,0.22281560618191648,-0.0038290939292553116,-0.03807971527902668,-0.1131350370981026,-0.019627558920564583
BTC_LONG_ad3c541b70ce7c4c_3d,-0.018920380035929208,0.018527446432268214,0.13760755218990567,0.08731314615311549,-0.055157191125586764,0.06313100407198624,0.15164216880101072,0.10198922845457961,0.06249601870012401,0.11485830851368913,0.08994732956568943,0.20168805139016888,-0.013597701987197956,0.13468587815788416,0.10553648515914181,-0.017721349265473384,0.05897157443771711,0.008641069932838948,0.114093033473244,0.015182623943023155,0.0801355214719199,0.04726700268115751,0.16966465572157916,0.060694644546174716,0.13618378217780144,0.1137176214418125,0.02260381518285846,0.039726379150545985,-0.0028758157364260554,0.060872580372721904,-0.00870674227038263,0.12181840353586522,0.06665267535027561,0.08221705132138095,0.06963281178932318,0.01524137288928873,0.09201892034418284,0.07740346831809813,0.063010557170755,0.14156364011327582,0.07433012236043031,0.012885151364908327,0.0722677650940288,0.06230248007337672,0.12184164548156942,0.06134344500976434,0.1438753649538,0.0826956796296918,0.09209326239707116,0.06868345354701963,0.048847399151801175,0.15816887530112592,0.09825701435927052,0.16504634658816184,0.11447445631367327,0.11471904886638822,0.06954603538194934,0.010384823604724633,-0.004546393799592553,0.1422266916038158,-0.024692524633896425,0.1419755746211116,-0.023950319145504616,-0.03179547588602454,0.005425806411749474,0.03407820018208136,0.014851398322118275,0.0889156242776945,-0.03859283630048974,0.06279996130124363,0.014285767074318795,0.18196813516309848,0.1746246534792603,-0.024272011647715325,0.08077783455569566,0.18136018093998482,0.017973493954903785,-0.023436246387509158,0.1847896587473357,0.07426181292011022,0.02303241372720456,-0.019383651514436422,0.07510897148765616,0.1141473029477926,0.14566677588873778,0.17794765082963737,0.051369920122447864,0.010401079813080473,0.11164599040725699,0.24149690028894208,-0.020978960761629615,-0.027308435641056648,1.0,-0.02179038081897277,-0.044871261239500033,0.016768170423301365,0.1475038529626925,0.10943443946573607,0.048676563765937236,0.041302321777039575
BTC_LONG_b16e26d3230fb605_1d,0.24924521586864068,-0.028635242526654902,0.2049014108303313,-0.016778442345398634,0.23472525696341762,-0.09866154954308709,0.09034351349109734,-0.028984547049770666,0.03429855685935978,0.2767369113552094,0.24882948148379855,0.07767068313772525,0.014373824425880158,0.07473607382771107,0.0506367333981144,0.2204506123967116,-0.027538608610413216,0.23068959396410627,0.006749190726394236,0.009909136291198852,0.11427763626373157,0.0009370232877014537,-0.007612321545023384,0.04992143728913852,0.04748872503299493,-0.02056738667017899,0.3088070631512461,0.07745743619777641,0.09959483486991264,0.11945394443683229,0.016023213817286972,0.016474731096816405,0.14043174272957676,-0.013066541138585188,0.15230721913914883,0.26189440752227877,0.15908894582475933,-0.006706590609784728,-0.053302324453588665,-0.043785850019913905,0.0843196282674376,-0.07557661435992435,-0.009553893840561389,0.03434390717438068,0.14416623315725471,0.06965874616713585,-0.08272989038676837,0.2723458475039226,0.12310809794296293,0.025265776903073356,0.2620261129836398,-0.027000777774646403,0.013738925201063885,0.06012437212199194,0.1634074929163851,0.01700631667320988,0.007071027166565663,0.13527273390143502,0.056119558853136596,0.019789691653970022,-0.1035198344631246,-0.01483278101559705,0.26880206714820515,0.24436203111559282,0.040249357784073105,0.14858415667635472,0.13561780789649502,0.27072436665149174,0.15746634574625434,0.08722945973979622,0.11778446799547428,0.044664624151831644,-0.0005713320267910661,0.059937162723215656,-0.03170876364884752,-0.001841763921519844,0.0424432026597601,-0.04614146076125869,0.03095836015085298,-0.08012103567713816,0.0005064966006384095,0.13726111849702316,0.01176772531072662,0.11720989840819651,0.08725153637146266,0.008243718309845587,0.022614158203893394,0.004408175499197792,0.09366715738195268,0.11341446230306734,0.3172965819729558,0.20951676755409274,-0.02179038081897277,1.0,0.11952828240918949,0.3661385155037362,0.026637181888376098,-0.06943858999521237,-0.10585829230738573,0.24522704342246573
BTC_LONG_b69cfade287b0e6b_12h,0.23677290683499524,-0.15521536650802506,0.021018975709061066,0.007720967788365235,0.10673873633679803,0.013200747234510982,-0.02595941978348913,-0.07385051789103364,-0.03630523700405462,0.030911291382095005,0.051561513187578505,-0.053089300459871494,-0.02109540440310445,0.023733743836043594,0.05270330200068438,0.05716557435413797,-0.04904687056110804,0.23245556514630875,-0.06277600714154466,0.020028390336302878,0.09411353994378423,-0.0005315239274504396,-0.05019575881243,-0.0219061520793292,0.03798809544326516,-0.04227464287039861,-0.015081761972278514,0.007397347332169944,0.09254259390815125,0.04964920830702627,-0.07762175667610707,-0.0026966265018159062,0.2190395404166107,-0.05493615684411875,0.0364287033492949,0.07112081477302679,-0.12888714350918393,-0.027165467069055378,0.0067132836773352725,-0.07558001351952998,0.0936906478343097,-0.024809948264720095,-0.10130657699693628,-0.046548232516793485,-0.04633292727342557,-0.08727592589118374,-0.07137466250971111,0.07029529419835114,-0.00363345793603532,-0.014256048405024438,0.06194714263835437,0.044460097422708976,0.01947956216258794,-0.11048041230333504,-0.0549576779755797,-0.0010280256018190088,-0.15521397215114469,0.06737904947842129,0.0471516327927594,-0.01810060211134018,-0.05916222468578463,0.03367357677192794,0.06642906198225143,0.21876306315794436,0.05122654247227217,0.0823459154719995,0.08098183257077932,0.07914971033684,0.19458449950490092,-0.038605845585733774,0.14453749302744795,0.0349155799766052,-0.13280773116678765,-0.0029504319120127634,-0.24195756163580504,0.051059147081877705,0.006053158033207048,-0.07417793382624942,-0.07581787808571192,-0.07844441608725973,0.019101071736538994,0.11756022557682144,-0.02477729241836885,-0.13959801477052924,-0.0006680314809096564,0.019350354089601847,-0.06624739452535747,0.0024537960527916563,-0.045260361011275806,-0.049442816698931115,0.2605061451353307,0.1210954795119053,-0.044871261239500033,0.11952828240918949,1.0,0.0035144439462211183,0.002139722503955438,-0.036378265491229175,-0.14259025911363452,0.023407597104361168
BTC_LONG_b7542b0106e09467_1d,0.2534276498753722,0.11475627079363913,0.1336828181665434,-0.004519993527291364,0.03648661781882746,0.10998795207338727,0.06125564661827042,-0.0025872897966416875,0.1540316518467204,0.2415482530172273,0.39575603619117555,0.012101726051758249,0.01342754745519404,0.05940519386921951,0.003942226319479189,0.2525248598833279,0.002548351482765848,0.13829365836989366,0.08927080024091492,0.016020532235089317,0.142653448914693,-0.013927863096076952,-0.07714161495567909,0.07215379438088411,0.058481420354758104,0.021440551597549568,0.3395892817601439,0.05582857257466136,0.2068174618742663,0.1382425211584146,0.09604878598530871,0.012615748212721682,0.18116334629466674,-0.011912323335792917,0.23854033310076858,0.274903441743126,0.07089825527217064,-0.00988483850522128,0.06842454086234714,0.08387478479068584,0.06112895806412449,-0.015536716267736665,-0.030583949100864653,0.1261309217362154,0.08172473228006988,0.05185032451786812,-0.05821350534209099,0.34770242253967265,0.10018072760367973,0.07717512048201064,0.20598538660754387,0.016534315884633527,0.024072077006878332,0.013083203316817463,0.1398728331049886,0.07237023235291878,0.048667253029702075,0.2433886584193883,0.03263400449033956,0.06637180499853385,0.012164014058648306,0.07408104225269808,0.2799766080716349,0.19523849611212854,0.008175660371163995,0.04919582646116219,0.07470157697526432,0.4085191404927196,0.16800771239354842,-0.001889852562449649,0.19075297226154445,0.06596091445923619,0.06699257041927571,0.23868072312009786,-0.05182329562888701,0.06998530271452176,0.060628811365688595,-0.03606288866289753,0.00221562763422576,0.09669493044751139,0.05677383749434722,0.22322999182818754,0.1777139268369596,0.1679084486321047,0.14082281369310626,0.02001255997023482,0.10287411275996104,-0.02452629502475407,0.1247590775516129,0.18681276110739317,0.24447812295111943,0.22281560618191648,0.016768170423301365,0.3661385155037362,0.0035144439462211183,1.0,0.05193110471418214,0.0022510168878033397,-0.053580969864435266,0.3293163829650739
BTC_LONG_bc16b6bea9830967_2d,0.036435328742720825,0.05125349540563875,0.2070607224944236,0.001608407203400812,-0.01056582660216104,0.3130683926433892,0.023172331765957465,0.21402114458730961,0.010529441760131212,0.012398287800144658,0.037922190787218965,0.19029347885871986,0.15302034510143964,0.19746732905148132,0.0325842591309075,-0.015156504436583952,0.15288034454927762,-0.01466320163389533,0.13447976801351713,0.028137206954514028,-0.011991932234011035,-0.012719072374030003,-0.002555877720828229,0.14831269594084293,0.21015789211171274,0.158060670406487,-0.004036630569142277,0.015163971669159714,0.009975678427059799,0.03459848789197401,0.049043724598459314,0.23461888044138196,0.03020981081431095,0.0325458689252309,-0.005461058735153807,-0.013796580491332448,0.013752835038518088,0.11382027640988357,0.29532268373175474,0.32078309470450106,0.13151883216966626,0.15205756182678626,0.13228361362245122,0.16599846810157726,0.12987459228923506,0.1778785960965394,0.12375670770540487,-0.021264843104209757,0.09702856178355877,0.09406644726692297,0.012313551662043587,0.2516086566680515,0.15831476257645052,0.13142856916107573,0.058791026298983445,0.22640345373695597,0.17022797333417866,0.010139366161847222,0.0015499564955295745,0.06243584582555858,-0.025561667393672875,0.04660176322690725,-0.003516502804281494,0.01744862913376182,0.03458173461233561,-0.023024650213889542,0.026556528937440902,-0.004959354246314731,-0.0003819805203159447,0.09459429171940228,-0.04650891294948633,0.25349713574570587,0.12707006329503215,0.06517124991894607,0.0026848515060657837,0.14122150737584824,0.25405463282812474,0.07680630806007913,0.0033178002233734123,-0.02935999882082708,0.09360722568868172,-0.0025503797692041506,0.07568079920168513,0.0739836147782393,0.12374018607962199,0.004564848184638181,0.2704726937820822,0.017385512663302804,0.08985930643250087,0.22848612974077287,0.0008043719909637353,-0.0038290939292553116,0.1475038529626925,0.026637181888376098,0.002139722503955438,0.05193110471418214,1.0,0.0760690854824278,0.005275621001767937,0.017379208371586543
BTC_LONG_bc8cc20c800b4673_3d,-0.004732234804726795,-0.04686425449084969,-0.05501347361535935,-0.00521362041466782,0.012124375544436631,0.046979941337671596,-0.020844429220406264,0.1551868722937611,0.07783607421151996,-0.023716528499027105,-0.01619987701707082,0.23444051628811027,0.07956255088201081,0.024230856277748437,-0.03675620899198495,-0.008628550581598459,-6.086811134732098e-05,0.014319105083357687,-0.02480492052604868,0.0035955721987394698,0.13041928953117893,0.13174364156701734,0.12172370671206954,-0.0010914002115987986,0.12825463756289085,0.10714216244781391,0.02460482507460035,0.05822856762123146,-0.01809360918998777,-0.042162369368435,0.0849182324923164,0.09387362699753968,-0.08341035404879366,0.2873662375920242,0.061699621248408894,-0.016582165524312777,-0.038142152708850546,0.07772669660995035,0.12733961275569095,0.05352008715622342,0.0029306089343882403,0.10089165385857682,0.09136164156297642,0.045571545856488906,0.08079738558320224,-0.006235160857709565,0.0636449061141474,0.012358566760252189,0.012573603165205765,0.035569040303579665,0.0018414449013303457,0.15775506752670695,0.15172902627423537,-0.008052482784695777,0.0365904071103998,0.04498253967818349,0.2728803068954039,-0.00983609834920822,0.15258260198507037,0.30925361566701715,0.08316916696710189,0.10344727152772464,-0.07898116509990954,-0.02994644036491285,0.10581313444703838,-0.04285686252941015,0.04954389726181361,0.041710308543697935,-0.11939090768944079,0.08522342193191045,0.02342585056159655,0.028139275449709122,0.004480458609221998,-0.00810288639960007,-0.0067773426549289,0.013159835112098223,-0.02151228878903479,0.05498900475525379,0.26082442216313245,0.13072068538029016,-0.0033630773869790516,-0.057306709648463676,0.06833088693434808,-0.008116694122600573,0.11346128985533652,0.3053408301257672,-0.012865552722965945,0.0008479567463354624,0.11519126131110603,0.01090955174600035,-0.06255230447031455,-0.03807971527902668,0.10943443946573607,-0.06943858999521237,-0.036378265491229175,0.0022510168878033397,0.0760690854824278,1.0,0.08340920335793066,0.00855635774095352
BTC_LONG_c1626e74d2f236cc_2d,-0.03998684331676099,-0.017466372182905913,-0.081790322063939,0.15215707256375563,-0.09566107046910839,0.16232686383573597,0.04858957863005301,0.13372023521650134,0.11923422395742717,-0.005784136714841821,-0.0313150582659449,0.15933352431992906,-0.03904589526618164,-0.0429790625299337,0.08058366388424935,-0.08762679208451023,0.05330194718915649,-0.04667297595842131,0.005931430829167434,-0.009792446352013037,-0.014442608375687413,0.00557999970221174,0.02949443211681056,-0.011226004162515934,0.00019249764112930622,0.07254584519070227,0.022909457357743794,0.0751750151765335,-0.053612597652475225,0.0448572475587353,-0.02787077933043663,0.0380294615517413,-0.05669990967728583,0.012754438986304054,0.06976248255588206,-0.10175913162865398,0.03749424699362394,0.018748509749931017,0.016264835092530995,0.0009686647149204859,-0.047341136757706216,-0.09026612132549137,0.05717377591802744,0.2568826622678543,0.10965664074371906,0.07388688194673589,0.13086693429548366,-0.03791094508108639,0.12878920166051128,-0.027516833974241095,-0.025251010963624088,0.10497185782285387,0.09558357357475063,-0.041520663290919094,0.15188952827196875,0.01764485924800602,0.05881756224207365,0.0033860027875463753,0.028536886457904576,0.10699861046118218,0.021127766510285684,0.07597657930272579,-0.1604553390335932,0.017712903741651367,0.13500042080960076,-0.11699661600341887,-0.032904102510622465,-0.006280933886879295,-0.10740603499876573,0.17425013868278202,0.016005039222886246,-0.0037293908361818893,0.06392513608422284,-0.09744515286224095,0.1420992866032794,0.049450393932891,-0.005472508353319657,0.01960615090176091,0.09634438372247,0.06072229520411886,0.1621093225842952,-0.018451064483297093,0.08894938581355141,0.1481544894998283,0.0010895326976726662,0.04118663726180611,-0.033285267400881544,-0.08742307708344042,0.14536238378873656,0.055280611620384376,-0.20847351209801304,-0.1131350370981026,0.048676563765937236,-0.10585829230738573,-0.14259025911363452,-0.053580969864435266,0.005275621001767937,0.08340920335793066,1.0,-0.10227758281686913
BTC_LONG_c5f939c61dde6693_1d,0.11776620945492476,0.11250102831721245,0.11984826379368989,0.036805560802671174,-0.003891248924629193,0.06418294401437243,-0.014636670243349508,0.0749132149960105,0.1685325153899179,0.2164453079246248,0.286053062223848,-0.04406148206989099,0.09128112003248533,0.07554480810906188,-0.04100107100593798,0.09003514286265077,0.05390471179938005,0.09247204514577073,0.08978870324792002,0.02654222847965956,0.2131058323665428,-0.04422008210929117,-0.059769748742776595,0.07910706059411363,0.008068783032354549,0.11596285296895856,0.3018945314602107,0.13231318086669042,0.0732743328931581,0.11775176680576217,0.09141319010034393,0.03970046216623145,0.09579118720048374,0.00836029991966924,0.16860010646017595,0.09315289756394891,0.13385644642707412,-0.017102295953668068,0.08789298444959091,0.12244570884210915,0.06850895079379642,0.017625508888467315,0.010670903935615874,0.006335323618357919,0.08914480296931787,0.10192291574767302,-0.053137893789079294,0.1589112729232083,0.10150098386859793,-0.0055437970981242965,0.22080649330139665,0.0459196132853825,-0.026561993013631265,0.11267829725100133,0.1830952930131861,0.1473136838187785,-0.004209409166167589,0.22681719565271455,0.030337738063180533,0.07795393427675128,0.029579699780199833,0.08427794279564112,0.10748036376635553,0.10694872552816433,0.12523178344163227,0.14249834522681168,-0.005733433461066734,0.22494499721386185,0.21472673942832513,-0.03646659832794051,0.07944152447938922,0.10343839949879738,-0.04176539357795956,0.1261633117953884,0.006212635378284784,0.09034627059193295,0.018340832141543754,-0.06548365328243505,-0.038405135223858654,0.11413519420126747,0.07206314123083024,0.19382200095398552,0.10511095114763065,0.24321697641382467,0.1852981013581522,0.009952866819837444,0.0758492396433391,0.010188604109037176,0.14587380915161235,0.14653597712575286,0.1743698744540379,-0.019627558920564583,0.041302321777039575,0.24522704342246573,0.023407597104361168,0.3293163829650739,0.017379208371586543,0.00855635774095352,-0.10227758281686913,1.0
