factor_id,candidate_index,horizon,cost_bp,q,positive_validation_blocks,worst_validation_block_bp,validation_rank_ic,validation_trades,validation_trades_per_year,validation_cagr,validation_sharpe,validation_max_drawdown,validation_calmar,validation_mean_gross_bp,selection_rank_ic,selection_trades,selection_trades_per_year,selection_cagr,selection_sharpe,selection_max_drawdown,selection_calmar,selection_mean_gross_bp,frequency_retention,balanced_cagr
BTC_LONG_743f64123cf5aa59_1d,562709,1d,5.0,95,3,-11.249479035865013,0.06938563039242103,129,96.3823539856951,1.2628905232082333,2.2319730360048915,-0.24276440486928919,5.202123943533679,97.80248604226942,0.0011962372307354123,507,146.96964285714284,-0.02099139656431459,0.12681237688039246,-0.5732409404335289,-0.03661880211912164,8.183387071591294,1.5248604830605799,-0.02099139656431459
BTC_LONG_5ac7f75bf91a81ca_1d,439268,1d,5.0,99,3,-29.168157620237388,0.08452656116161585,22,16.43730067973095,0.6227873870206178,1.5397323802067802,-0.1947390442642698,3.198061227903875,333.47449883076905,0.06165452878850694,36,10.435714285714285,0.11973486565593805,0.7961658103322622,-0.07299644254713611,1.640283573800483,124.44886358381972,0.6348800505050505,0.11973486565593805
BTC_LONG_3db5d6d355c1f47a_1d,298319,1d,5.0,99,3,-55.50172363647386,0.09144421705937308,22,16.43730067973095,0.5274122590531756,1.395390840399656,-0.15316166792907637,3.4435003626194582,295.80118114092244,0.059632160263901564,59,17.10297619047619,0.07320086317743613,0.5681871108374379,-0.16891719861910037,0.43335352335850846,52.05045289176347,1.040497860549944,0.07320086317743613
BTC_LONG_bdbf1b3c7b72942c_1d,919710,1d,5.0,97,3,-37.09230320502924,0.05105689972801031,99,73.96785305878927,0.3699750208815462,1.3088298978401904,-0.2692693174436266,1.3739962071950624,52.3367567378122,0.001158352270172834,434,125.80833333333334,-0.0985533233160214,-0.17174261565317972,-0.45654623365199176,-0.21586712593744656,0.6975336478499622,1.7008514933283452,-0.0985533233160214
BTC_LONG_c5384017ac052099_1d,955790,1d,5.0,99,3,48.52859631462441,0.031342086342378665,41,30.633151266771314,0.3296138947651641,1.7055810849327198,-0.0777580006488563,4.238970807051123,102.95387490273012,0.005039992654558624,198,57.39642857142857,-0.02097252761258328,0.03633993154341755,-0.4326637864257076,-0.048473036733302985,6.5520911910885244,1.8736703929539296,-0.02097252761258328
BTC_LONG_ae8aa8d84b5efcc8_1d,846121,1d,5.0,95,4,33.28447284120817,0.05536308666533208,120,89.65800370762337,1.4674923863503073,2.6098310313506894,-0.1766027447273254,8.309567264178794,113.38241143349725,-0.012964741201384179,483,140.0125,0.21021908319295335,0.7013060716783055,-0.5528365442265789,0.380255403497341,23.48915021797297,1.5616285686728393,0.21021908319295335
BTC_LONG_b8be476e31b5ac81_1d,895532,1d,5.0,95,3,-54.44055793265678,0.05423524806458761,103,76.95645318237672,0.10235635476214378,0.5022522878261406,-0.31879820941568904,0.3210694155081616,22.095542238775284,-0.030221773833859433,401,116.2422619047619,-0.1591192501991605,-0.4478873876927226,-0.5783151657846606,-0.27514279343386544,-6.243256797518336,1.5104940144432457,-0.1591192501991605
BTC_LONG_3cd945806cc1e41e_1d,294062,1d,5.0,99,4,15.741577379011758,0.0164417964576978,45,33.62175139035876,0.3882361626094075,1.8481603908578994,-0.1191667154314825,3.2579245068865927,107.61752376068043,0.020403179804425974,202,58.55595238095238,0.21579959454192266,0.9717247565092955,-0.2763369211717104,0.7809292859850204,42.68507434891776,1.7416092249657062,0.21579959454192266
BTC_LONG_618010b07f5aeded_1d,471852,1d,5.0,95,3,-111.01468983062857,0.04784845278634881,76,56.78340234816146,0.5680523227727692,1.3286498679519805,-0.30591428314050206,1.856900295537593,97.3683356027332,0.048980942552010194,408,118.27142857142857,0.2228989007900728,0.807713358651439,-0.31396144527705827,0.7099562833053388,25.94435150851654,2.0828520955165692,0.2228989007900728
BTC_LONG_774a2fa3bbfb3bcf_1d,577815,1d,5.0,95,3,-69.38904208730007,0.029110362419500175,131,97.87665404748883,0.3641989055346897,0.9387822092193632,-0.5221342641127397,0.6975196430626349,46.468291914639096,0.007853471933266607,398,115.37261904761904,0.03841658431142947,0.280954274193064,-0.558117960033258,0.06883237426930365,13.441693111265877,1.178755242201489,0.03841658431142947
BTC_LONG_0bd8fa2249cfb7f7_1d,57304,1d,5.0,99,3,43.10246170419793,0.01736207530100762,22,16.43730067973095,0.16607129656029596,1.2941184453746644,-0.054728086299220324,3.034480242051911,103.06682612387652,0.03334533993174539,177,51.308928571428574,-0.018951239764872452,0.013707375623078633,-0.3678739334560607,-0.051515581946324586,5.56333640759303,3.1214935816498315,-0.018951239764872452
BTC_LONG_7833ce95dee6dc63_1d,582129,1d,5.0,97,3,-28.833971485974875,0.0178005127388391,105,78.45075324417044,0.7617373195076487,1.8493545446622286,-0.14430401231595424,5.278698126839478,84.21592764947353,0.025227085406700052,444,128.70714285714286,-0.047137581174932164,0.025024330052897083,-0.5736775075129716,-0.08216738595746029,5.652605376220543,1.6406106701940033,-0.047137581174932164
BTC_LONG_08115a49150b44a2_1d,39054,1d,5.0,95,3,-3.9681897138969195,0.0608000154959836,106,79.1979032750673,0.07442451757120638,0.38922947616545034,-0.30759033772318967,0.24195986818735307,28.23748303496955,0.01434408010376495,502,145.52023809523808,0.27821125885886167,0.9069731472352371,-0.3644155701286691,0.7634450382035813,25.591009213336605,1.8374253872583273,0.07442451757120638
BTC_LONG_c2e76e566accca2b_1d,944681,1d,5.0,97,3,-33.350792312723414,0.04271311750149668,62,46.3233019156054,0.5117095047507718,1.617350057160636,-0.1837094622323041,2.785428134908508,102.45402771603344,0.016554761822510686,321,93.05178571428571,0.2023195526891386,0.7466734174012606,-0.3094032653017087,0.6539024482881606,29.882782861307557,2.0087468264635606,0.2023195526891386
BTC_LONG_1a18cc95e5440427_1d,126172,1d,5.0,99,3,-6.069053294143751,0.06571910999232145,27,20.173050834215257,0.7618083234798618,1.7455993816382318,-0.14002130290598647,5.4406601543434965,315.51271032566393,0.032338094493314484,111,32.176785714285714,0.19158985006135776,0.9844117943255024,-0.1662109335593981,1.1526910171218676,65.51745578678242,1.5950381515775034,0.19158985006135776
BTC_LONG_cbe15b1817b1eb6b_1d,988046,1d,5.0,99,4,152.42006974863025,0.05877960001211445,19,14.195850587040365,0.6753465843406488,2.4596373401781078,-0.046694036994410215,14.46322973576894,384.5766734513011,0.01707692575489177,109,31.597023809523808,-0.015262315522579728,0.018654357660314605,-0.20542027477666458,-0.07429799974307844,6.161930556925136,2.2257929256010396,-0.015262315522579728
BTC_LONG_c24894295c23d336_1d,941649,1d,5.0,99,4,13.832200475381882,0.05193594298571138,29,21.66735089600898,0.24472420862709754,0.7999109822682073,-0.1968579763589663,1.243151093765427,131.36807058420663,0.025874472989426387,127,36.81488095238095,0.0979106072857654,0.5608272486985019,-0.21212928723109803,0.46156100632676694,35.869916519068376,1.6990946945508727,0.0979106072857654
BTC_LONG_13594f82187029b2_1d,93582,1d,5.0,97,4,125.12821385176774,0.11048817801296988,47,35.11605145215248,0.753226423778055,3.020167232567184,-0.041950384872874946,17.95517314228719,170.0308959185051,-0.007658449822463943,276,80.00714285714285,0.05901594447587466,0.34649641144462057,-0.46838758842851835,0.12599809630711684,16.96582212652083,2.278363869188337,0.05901594447587466
BTC_LONG_54482f601a304a7a_1d,407659,1d,5.0,97,2,-539.2958147643939,0.07238269804220844,75,56.0362523172646,0.2915393475456365,1.0871652863770276,-0.1442764862025836,2.0206989733328826,56.895868975508684,0.038797168673302775,281,81.45654761904761,-0.13709631470982941,-0.37139595806305187,-0.7722655931489968,-0.17752482556008264,-8.028244472021575,1.4536401748971193,-0.13709631470982941
BTC_LONG_b7b1719b2bdf9edc_1d,890441,1d,5.0,99,1,-6.523352558726603,0.03388351383731669,51,38.10465157573993,0.15181336286238478,0.778633025465167,-0.09554054559640623,1.588994095801932,47.739235936784375,-0.0018983865588747758,211,61.164880952380955,-0.11500194009494846,-0.44837395960347853,-0.4651886013738864,-0.24721573089990195,-11.01273221436774,1.6051814784555798,-0.11500194009494846
BTC_LONG_0b135253fb0e3ac9_1d,53599,1d,5.0,99,3,-34.971932861127144,0.058268798823621765,21,15.690150648834088,0.22597817198522274,0.9024363494040873,-0.1205591562989623,1.874417331063952,155.61377768492238,0.03870823549926157,76,22.03095238095238,0.1222029140309131,0.8317076168581823,-0.17068612609475187,0.7159510665973836,62.54382570009944,1.404126249265138,0.1222029140309131
BTC_LONG_0947bb4cbd3cd5f1_1d,44866,1d,5.0,99,3,9.970680400914896,0.042878530953935255,43,32.12745132856504,0.32807195557834,1.4861440327451498,-0.10304919588877703,3.183644013413111,99.72988040166945,0.022312697711501645,209,60.585119047619045,-0.054542569922218065,-0.19053243989892038,-0.38179592568441767,-0.14285791506141293,-1.1322159713099047,1.8857742068619006,-0.054542569922218065
BTC_LONG_53335187fd9bc378_1d,402384,1d,5.0,95,4,16.54519001368486,0.0621938492902957,154,115.06110475811664,1.3275032991905729,2.1607784420979046,-0.17841833673253482,7.440397234397606,86.31837333648085,-0.020353334244301743,541,156.82559523809525,-0.26872825803661926,-0.7656879312298703,-0.6737685688558623,-0.3988435650730209,-11.35752025207509,1.3629766163620332,-0.26872825803661926
BTC_LONG_5ef7da26c79420fd_1d,459510,1d,5.0,99,4,123.68751063000873,0.07219614349824448,26,19.425900803318395,0.5007036416911375,1.959419631775234,-0.048769638178421615,10.266708148609485,225.62968939842062,0.020316500786133306,108,31.307142857142857,0.1523707470832958,0.8042979516628005,-0.19471075615537492,0.7825492031971119,56.595648384772986,1.6116185897435895,0.1523707470832958
BTC_LONG_b81f00e30bde9acb_1d,892529,1d,5.0,97,4,41.709687147853764,0.12801020578057692,36,26.897401112287007,0.6414898001360958,1.8706511793664489,-0.08588312038726442,7.469335036308509,204.01136340417827,0.004498554442964829,213,61.74464285714286,0.004644088091286802,0.1424532572011715,-0.4365703655960592,0.010637662235608056,10.680325768182655,2.29556166409465,0.004644088091286802
BTC_LONG_9f89008f508e4620_1d,772890,1d,5.0,95,4,64.13312806204885,0.06616481704954011,101,75.462153120583,1.6547560839616078,2.355616863122299,-0.14129319031571652,11.711506267670025,147.67203934431006,0.020137104606534263,269,77.97797619047618,0.19751626259108823,0.7287553553851988,-0.4340442911570006,0.4550601554154378,34.443354626188615,1.0333388720816525,0.19751626259108823
BTC_LONG_b0aea27198432854_1d,856543,1d,5.0,99,3,-79.7058977154406,0.11671689986528713,29,21.66735089600898,0.1923711704491975,0.9581241037248781,-0.11445767076907865,1.680718899455078,95.20205453448266,0.011690496793763081,198,57.39642857142857,-0.05207358184504174,-0.15618041928670762,-0.37101146082698977,-0.14035572305224478,-0.5839033586177069,2.6489822796934863,-0.05207358184504174
BTC_LONG_569092a8345224fd_1d,418854,1d,5.0,99,2,-86.62158326406878,0.025722180707579652,39,29.13885120497759,0.2186069069479879,1.1511948846891822,-0.09493847527463928,2.3026165768472575,78.6680199772687,-0.017500663397421956,204,59.135714285714286,-0.05384104857562566,-0.1590721032227909,-0.5050651713612693,-0.10660218052753745,-0.6547552640288482,2.029445631528965,-0.05384104857562566
BTC_LONG_8d7be3c37ce6c02f_1d,684978,1d,5.0,95,3,-3.959088311007131,0.06266001713618732,101,75.462153120583,0.33645614250880196,1.1396059846574338,-0.2139510074974298,1.5725849877703606,49.02142623990577,-0.030948145372267522,413,119.72083333333333,0.05307206838579459,0.3206422233277258,-0.4743084816509642,0.11189356808687527,13.710823679771199,1.5865016883632805,0.05307206838579459
BTC_LONG_283ec7ca4860ef29_1d,194273,1d,5.0,99,4,127.34172425436951,0.06885570787321371,19,14.195850587040365,0.5282087469066623,2.0861561082962505,-0.05500232406796046,9.60338959957422,318.97855414106857,-0.013568016491239527,64,18.55238095238095,0.10976838207278528,0.7172792569632048,-0.20547172150414883,0.5342262247536037,68.07644493803662,1.3068875893437295,0.10976838207278528
BTC_LONG_053b771f92828b09_1d,25158,1d,5.0,95,4,40.21924290517875,0.10412586139344734,80,59.772002471748905,0.8441607763121484,1.8242320718601073,-0.20929600408971027,4.033334415454568,118.8646934106774,0.013325961012860106,264,76.52857142857142,-0.0940769295041487,-0.2323310071652779,-0.4754198890687571,-0.19788177076147295,-3.163215610428589,1.2803414351851852,-0.0940769295041487
BTC_LONG_149214ecb27245d8_1d,99534,1d,5.0,95,4,44.931800374818366,0.08168198035419169,120,89.65800370762337,1.1773387628221026,2.3447315268935163,-0.13378280756029481,8.800374160868808,98.85288753832813,-0.0033965828741962935,531,153.9267857142857,-0.02315766191986579,0.10791001109845282,-0.39879294295701295,-0.05806938745744561,7.458429200847993,1.7168214699074071,-0.02315766191986579
BTC_LONG_8c488ff07c84625c_1d,679219,1d,5.0,95,4,69.04140690777938,0.03464933765134721,113,84.42795349134533,1.4500814371549051,2.8056904319217333,-0.18269932380793463,7.9369830546243545,117.89528595443723,-0.03265683201552484,427,123.77916666666667,-0.21188895168037236,-0.6439171513859863,-0.7371241668533375,-0.2874535406767243,-10.59778120434639,1.4660922306893913,-0.21188895168037236
BTC_LONG_6eceee78a3b0f50d_1d,536462,1d,5.0,99,2,-0.26677708883898754,0.04190513120449347,44,32.8746013594619,0.10836108656531351,0.5915660724676489,-0.19657040225990086,0.5512584057392373,42.94694392716683,-0.0037599887266214754,209,60.585119047619045,0.09256193423823178,0.5431060543843103,-0.2578879326378438,0.3589230922573566,22.838621548977226,1.8429157021604936,0.09256193423823178
BTC_LONG_affda81906065bd1_1d,853170,1d,5.0,99,3,-52.72306147400645,0.036123560831499944,31,23.1616509578027,0.31810465014940115,0.988070771280435,-0.3491139777223604,0.9111770666552342,147.7248905104326,0.013105703858801481,51,14.783928571428572,0.0303297732919523,0.28041393424663985,-0.13254620964099262,0.22882414649277302,31.872987265667323,0.6382933841099164,0.0303297732919523
BTC_LONG_5244410a719c78fe_1d,397816,1d,5.0,95,3,-29.007961590095665,0.021030810422693516,31,23.1616509578027,0.13812508629692255,0.6996881186757591,-0.13103366486865142,1.0541190802789466,71.40451611117248,0.06862979098285597,156,45.22142857142857,0.1696556293193856,0.755147978503073,-0.2916423446925184,0.5817249532068306,46.382915946829776,1.9524268219832734,0.13812508629692255
BTC_LONG_80ff23b2edbc57f7_1d,624381,1d,5.0,97,3,-46.331489606398364,0.01181365468601083,58,43.33470179201796,0.3248854034493449,1.264184222057464,-0.1669169613960576,1.9463893946551218,76.85883281002988,0.006018044569624425,261,75.65892857142858,0.021582216634414175,0.20867915779977855,-0.3405682754671201,0.06337118924189936,11.987223008187089,1.7459201388888888,0.021582216634414175
BTC_LONG_9cb93fe65fd3d96b_1d,759067,1d,5.0,97,4,99.41938162334931,0.11160535758732801,48,35.863201483049345,1.044080370570442,2.156033778221004,-0.1368563627726983,7.629023228569445,221.73785101671328,-0.005280467264802492,251,72.76011904761904,-0.022662516631514307,0.0527750339700571,-0.38178794480954936,-0.059358910986095303,6.962827722505957,2.028823865097736,-0.022662516631514307
BTC_LONG_7253f5dc949683e8_1d,553412,1d,5.0,99,3,-113.03468944955466,0.07280495539311044,26,19.425900803318395,0.6348740116337204,2.057049209020171,-0.05548419491896828,11.442429912895378,273.6460957737756,0.022802542499002907,83,24.060119047619047,0.09858398355514919,0.5909343130998205,-0.15800388763876871,0.62393391092081,51.248778819165864,1.2385587310066475,0.09858398355514919
BTC_LONG_bef4a833e03f7a1e_1d,925594,1d,5.0,99,4,31.869612713694817,0.043157335171016324,18,13.448700556143503,0.4864424994922356,1.4663006931016795,-0.13544614797588106,3.591408886569861,331.18450148184013,0.042963756621907136,49,14.204166666666666,0.14603940977178742,0.8858914258937519,-0.18655024795801023,0.782842217420471,111.22719776809507,1.0561739111796982,0.14603940977178742
BTC_LONG_b4619b7a0e5b33e1_1d,874304,1d,5.0,95,3,-38.77001090178805,0.09833817945025966,180,134.48700556143504,0.7892081903926429,1.4127924260607767,-0.4729034222657117,1.668857008078931,57.364722604322004,-0.002630572454793827,470,136.24404761904762,-0.18336351983537036,-0.4073225875369285,-0.6630643521128232,-0.27653955344016184,-5.4071916034042165,1.0130647719478738,-0.18336351983537036
BTC_LONG_26b9aae3bc04b3bb_1d,187054,1d,5.0,99,4,66.95900175159515,0.052193320399217404,24,17.931600741524672,0.3107118657310186,2.135140918230892,-0.027718438802755596,11.209573091112533,160.54941934343609,0.03290401774233491,185,53.62797619047619,0.09829567687921825,0.6000865613962615,-0.2479202691814223,0.3964810025568654,25.56683493112266,2.9906965342078187,0.09829567687921825
BTC_LONG_83b8330cae380ff5_1d,637395,1d,5.0,99,4,115.60219313614434,0.06791695606641902,56,41.84040173022424,0.9477188275511903,2.144153152950495,-0.11020799599382314,8.599365399987015,176.97473462171504,-0.0058612831114462985,228,66.09285714285714,0.029673382645921897,0.24419133449454272,-0.3283566546973795,0.09036936581434453,12.682646261911072,1.5796420304232803,0.029673382645921897
BTC_LONG_36250ad2d59d3ba3_1d,261548,1d,5.0,97,1,-97.08610713870368,0.06694938117431573,67,50.059052070089706,0.008211216322410397,0.18636716786726176,-0.36480938675047647,0.02250823750877532,16.74171563951738,0.03486533796056367,148,42.90238095238095,0.1483339491759723,0.6508954236126872,-0.3199445476865459,0.4636239318611459,45.81332624503756,0.8570354247282108,0.008211216322410397
BTC_LONG_7aca9eb9707402f3_1d,594694,1d,5.0,99,3,-18.303351827803468,0.05565191700686554,21,15.690150648834088,0.549036416391619,1.936146884363923,-0.0387062301158132,14.184703980440437,300.838972843592,-0.004785881058464755,138,40.003571428571426,-0.10358878945974592,-0.45758902022084863,-0.4524347768327498,-0.22895850355473288,-17.457808781491437,2.5495976631393296,-0.10358878945974592
BTC_LONG_ac6cf6c48d0f4004_1d,835812,1d,5.0,95,3,-58.78282705546637,0.10006937959202852,99,73.96785305878927,0.11211292224935687,0.4800511024396581,-0.34922357232701795,0.3210348073078318,27.599197586571787,0.0288625983824958,426,123.48928571428571,0.21040628375464454,0.7327473317743167,-0.5091965058626953,0.41321234794839806,25.186755464308355,1.6694993920688364,0.11211292224935687
BTC_LONG_8d4a1327987b861e_1d,684076,1d,5.0,99,4,100.85344453323012,0.06062242371472725,36,26.897401112287007,0.9434843746049986,1.8991121414371692,-0.1645055900693323,5.735272425741636,278.20644262104304,0.01922472466882971,101,29.27797619047619,0.10356155629398245,0.6109847277988222,-0.20877067387903692,0.4960541361953293,44.85461571568063,1.0885057656035664,0.10356155629398245
BTC_LONG_a2a3ae325bca3b40_1d,787943,1d,5.0,99,4,80.8429093140332,0.07072778063945201,44,32.8746013594619,0.5606134485815562,1.5864519917702182,-0.0839116325050312,6.680997995694372,153.84667130034902,-0.016388196590739947,209,60.585119047619045,-0.10100329508994244,-0.3695634704621631,-0.5150016507218178,-0.19612227445946606,-8.50207087193252,1.8429157021604936,-0.10100329508994244
BTC_LONG_7c2438a06da7a523_1d,601098,1d,5.0,99,4,145.48662183158334,0.0668017596563117,27,20.173050834215257,0.6313259901482839,1.617990032949627,-0.13808006273615014,4.572173401707176,274.2188351716419,0.039690165595619,34,9.855952380952381,0.07611531954252682,0.5188661532193518,-0.2296553239740221,0.33143285435497566,93.8694323930105,0.48857024462734333,0.07611531954252682
BTC_LONG_2c4c37c3a3212b77_1d,213926,1d,5.0,95,2,-111.16563522301745,0.01945546145743638,145,108.33675448004489,0.38376095919869346,1.063692701213763,-0.23610037783626425,1.6254144221015687,41.09548514769933,-0.005166735659658746,506,146.6797619047619,-0.150672291414798,-0.24760068639422408,-0.6324020270302946,-0.23825396658252676,-1.3201165707308913,1.3539242762877821,-0.150672291414798
BTC_LONG_382c404ccaf8baa6_1d,271368,1d,5.0,99,3,-62.48834481594745,0.07304918123376415,30,22.41450092690584,0.4778920594109395,1.4113649765387715,-0.17282878711594496,2.765118400618862,200.16159428505753,0.025853523009805375,58,16.813095238095237,0.18950502787768486,0.9775055840854965,-0.12716974501669476,1.4901738448308344,119.28965549005062,0.7500990226337447,0.18950502787768486
BTC_LONG_40c1a4500df7481d_1d,313213,1d,5.0,95,3,-39.972950326129855,0.017286715191771596,181,135.2341555923319,0.48593696413077625,1.069422066219391,-0.3893531907227157,1.2480621084131407,42.66782930580441,-0.0027321376861394165,555,160.88392857142856,-0.1450241852270977,-0.3550271846381978,-0.5887798499794287,-0.2463130917815287,-1.7864817853145294,1.189669339574381,-0.1450241852270977
BTC_LONG_21bbccc16a8e257f_1d,163088,1d,5.0,95,3,-48.08065862712652,0.004620599470304553,126,94.14090389300452,0.5166273335699332,1.3677812315248667,-0.3645088153180913,1.417324662283118,55.579446283316614,-0.007129052405460813,503,145.81011904761905,0.231087983093905,0.7634214478789088,-0.2666867733455607,0.8665146013614692,23.38986077963277,1.5488497881148346,0.231087983093905
BTC_LONG_aaf7367a70949a76_1d,828557,1d,5.0,95,4,141.5748959179343,0.05542416584828849,32,23.90880098869956,0.5595708841070421,1.768502048043175,-0.0927053602237432,6.036014344332679,205.55634645770198,0.0010743203730487953,96,27.82857142857143,0.04117063823513778,0.29300877575739653,-0.4149153460437839,0.09922659797401963,28.957367487945444,1.1639467592592594,0.04117063823513778
BTC_LONG_4cbb6f9418007a9b_1d,371130,1d,5.0,97,4,72.3907694798905,0.10307232842264244,40,29.886001235874453,0.44561063708859794,1.5655613921938094,-0.11314401166687693,3.9384376647398924,139.0883586995427,0.0508046844242142,73,21.161309523809525,0.25726329708218154,1.2739754981436464,-0.1758933397588449,1.4626096555725037,121.88587114777039,0.708067611882716,0.25726329708218154
BTC_LONG_4422cd310e1a1223_1d,329491,1d,5.0,99,3,-31.71484893134307,0.058479350938948314,31,23.1616509578027,0.6146908572682066,1.8224738124524549,-0.11514406185448545,5.33845034965875,228.9888882149686,0.012713355310545415,110,31.886904761904763,0.041336474154543,0.3028721796584835,-0.2712897786430274,0.15237018645267497,23.81595022232492,1.3767112206292316,0.041336474154543
BTC_LONG_08388dc6560039e1_1d,39777,1d,5.0,99,3,-42.0912988503079,0.05522388923319448,32,23.90880098869956,0.3635472861985569,1.5842955352007202,-0.07961039583939744,4.56658056231703,143.41985182944995,-0.0016107396217622792,131,37.97440476190476,-0.05535526563389981,-0.245694430851092,-0.25746957707411244,-0.2149973067224398,-6.086814951713346,1.5883023485725307,-0.05535526563389981
BTC_LONG_9ea03f20740d3b66_1d,768362,1d,5.0,97,4,5.946303519156075,0.06630763555963971,78,58.27770240995518,0.535616604170092,1.465242628240521,-0.19708983706583783,2.7176267033554318,87.82693187375924,-0.021294456448827007,261,75.65892857142858,-0.1096769459822694,-0.22883123405129355,-0.6236663906181952,-0.1758583557365575,-4.197170387288445,1.2982483084045584,-0.1096769459822694
BTC_LONG_1c0ba68158fdf953_1d,135519,1d,5.0,95,4,17.568902437061247,0.031149470194858853,101,75.462153120583,0.42920327129265345,1.3779731711981809,-0.22650012495221938,1.894936134729262,57.8511891975608,0.04483954489417493,324,93.92142857142856,-0.02324337166151258,0.05330923300548532,-0.4793145238500195,-0.04849294253554807,6.583733097545095,1.2446163366336631,-0.02324337166151258
BTC_LONG_77cbefbe1d778166_1d,580268,1d,5.0,99,4,111.79966756373912,0.07734072613777972,15,11.20725046345292,0.3271473053063496,1.323402823195188,-0.10592500404024674,3.08848046096886,279.854720245751,0.031677575220227724,114,33.04642857142857,-0.07480013318240031,-0.47234943127978674,-0.26116340091450885,-0.2864112387894885,-15.453835916242628,2.9486651234567898,-0.07480013318240031
BTC_LONG_602ab8f4e1838d89_1d,465424,1d,5.0,97,4,35.03726895952579,0.09657839294205507,71,53.04765219367715,0.7822116637369221,1.7291435875288013,-0.17448651334761645,4.48293480527392,126.14619361402616,-0.026730459053243692,346,100.29880952380952,-0.11937699344686814,-0.2677674055826906,-0.6101371562884855,-0.1956559967156372,-3.072058242069681,1.8907304164493133,-0.11937699344686814
BTC_LONG_19ec377e06899c5b_1d,125346,1d,5.0,99,4,14.597613353363458,0.12408135968258414,20,14.943000617937226,0.2869384475609209,1.4811167223994246,-0.06521364107784466,4.399975876495016,184.2601315597724,-0.022221590522728877,89,25.79940476190476,0.09106146873483723,0.6753908495871764,-0.31029011726150735,0.2934720239835809,42.77780853417822,1.7265210262345678,0.09106146873483723
BTC_LONG_56b36a5dd589fb04_1d,419467,1d,5.0,97,4,26.791674053668057,0.05822180137150641,74,55.289102286367736,0.8390305744729614,2.106537684529894,-0.1966161903315159,4.267352414154024,123.74072768774546,-0.026484091957647407,275,79.7172619047619,-0.10375592542899259,-0.2625317850636247,-0.4972922035827463,-0.20864176973111997,-4.035636724607659,1.4418259405238572,-0.10375592542899259
BTC_LONG_72f7803a76a0aefd_1d,556511,1d,5.0,97,3,-31.11771216255978,0.07502288812574316,71,53.04765219367715,0.1763771961941567,0.6373093296643662,-0.2764242897952093,0.6380669235862988,47.64684796766669,0.00636683916655432,254,73.6297619047619,-0.09585340633263972,-0.2358678268054848,-0.4582243053152877,-0.2091844653824865,-3.6812926189313764,1.387992849069727,-0.09585340633263972
BTC_LONG_547ecacae70e9a39_1d,408701,1d,5.0,97,4,14.011851153206688,0.05645050301318188,96,71.72640296609869,0.49280684112537054,1.5771102686844398,-0.2258725759226019,2.1817913888503093,66.1937444932026,0.01307672367455753,449,130.15654761904761,0.1423964629594341,0.5726782575957118,-0.5974990121659536,0.23832083411023933,19.106592399006622,1.8146253295396089,0.1423964629594341
BTC_LONG_cbc274616bb282a3_1d,987460,1d,5.0,95,4,16.78546274214979,0.0927811136736983,85,63.50775262623321,1.3903410723472032,2.283476412848437,-0.18023013508518004,7.714254176695271,155.63527576196597,-0.0055362655531697395,309,89.57321428571429,0.07196675927878982,0.39098546759143665,-0.4095495268807293,0.17572174927636594,16.816711449549523,1.4104296023965142,0.07196675927878982
BTC_LONG_4ae1e048fd8ff880_1d,362305,1d,5.0,99,3,-156.11539180160173,0.09696677798549032,25,18.678750772421534,0.3774269710257032,1.5696599421979645,-0.14419300714714223,2.6175123086278145,188.47450471854515,0.03158456048346975,187,54.20773809523809,0.013245197685617827,0.17308102762394836,-0.27467214921056937,0.04822184456518663,12.170770930443302,2.9021072530864194,0.013245197685617827
BTC_LONG_394cd095e09a5ac6_1d,276960,1d,5.0,95,2,-62.30577644789295,0.053447725483819285,123,91.89945380031394,0.21383754629385088,0.6957807922228377,-0.4477536928700533,0.47757852073352,33.894109999795454,-0.01187935514975654,543,157.40535714285713,-0.21939197909650376,-0.5004627370954432,-0.7095369064444699,-0.3092044643539256,-6.561763738575757,1.7127997026498043,-0.21939197909650376
BTC_LONG_0cf38a65c9e4da34_1d,62656,1d,5.0,95,4,44.24484709325762,0.03210801611928387,71,53.04765219367715,0.8827335920528874,2.0022992631796446,-0.1615338285496961,5.4646980138981425,135.26900148019067,-0.02138533342109663,296,85.8047619047619,0.12973256270357436,0.553105776829163,-0.31416869823903504,0.41293917386024065,24.534621920136438,1.6175034776560597,0.12973256270357436
BTC_LONG_761e16bbbee63ae1_1d,572022,1d,5.0,99,3,59.62784107758205,0.0373573407613889,41,30.633151266771314,0.6225553527199883,2.21821260342797,-0.09021879549755907,6.900506144939964,171.30220782997657,0.0025028676456272103,116,33.62619047619047,0.22392792281601226,1.1088177537146047,-0.15170313677652814,1.476092898104523,70.78672390754282,1.0977058867810898,0.22392792281601226
BTC_LONG_1b3b64b608c2a16d_1d,131630,1d,5.0,99,3,-122.66856349776867,0.061875141577381894,27,20.173050834215257,0.12405725201268547,0.5412446152065117,-0.1527142980843862,0.8123486377427113,83.72031169420688,0.012548647809412988,158,45.80119047619048,-0.06862145007815323,-0.2491488119463519,-0.4110127360595769,-0.16695699198042968,-6.025288911123065,2.2704146662094193,-0.06862145007815323
BTC_LONG_1e07d38860e4d722_1d,145250,1d,5.0,99,3,47.78420817806337,0.021987603726793644,47,35.11605145215248,0.2170814461274333,0.9212213241434931,-0.12502171971503162,1.7363498648253928,69.21453357395123,-0.0019291950685352798,197,57.10654761904762,0.11591592897016523,0.6748549852303637,-0.2515188712953449,0.4608637450271136,27.270129683196043,1.6262234863409508,0.11591592897016523
BTC_LONG_ac861e14bae89319_1d,836282,1d,5.0,99,4,11.587301587300818,0.09073515564919597,17,12.701550525246642,0.34991024884129174,1.685261822210176,-0.06291347806571701,5.561769267879116,254.34733770484965,0.03565667224484237,52,15.073809523809524,0.1514491911639262,1.0306592590498491,-0.1414160391500654,1.0709477657142836,105.57764464811093,1.1867692447349312,0.1514491911639262
BTC_LONG_5115271e12cdc605_1d,391993,1d,5.0,99,4,123.33294272092769,0.04971702157932908,19,14.195850587040365,0.25469403056559803,1.6405591781613074,-0.038613849100111564,6.5959244287009495,171.9475288698519,0.019564447818656912,95,27.538690476190474,0.1034684673676658,0.6228212003675716,-0.1694774331085065,0.6105147185078086,46.72483256376818,1.9399112654320987,0.1034684673676658
BTC_LONG_50cd912235649ce8_1d,390671,1d,5.0,97,3,41.88697710476035,0.07544640506646316,67,50.059052070089706,0.5430991773927138,1.6576402358863007,-0.13861438302407691,3.918057892292311,99.62068979534206,-0.004190968428007996,343,99.42916666666666,0.1447134086164219,0.6051113895405101,-0.4442749885527363,0.32572936209584563,22.847191045947653,1.9862375046065965,0.1447134086164219
BTC_LONG_284dc736c2c20ae0_1d,194563,1d,5.0,97,4,30.42891657954177,0.02771265960439443,101,75.462153120583,0.4113407294618818,1.204543376001808,-0.23973019878494028,1.7158486145956595,57.77677485582563,-0.0006489471291741385,420,121.75,-0.03697449926567098,0.04794338370423317,-0.47480360586134474,-0.07787324866371911,6.290579995414626,1.613391547488082,-0.03697449926567098
BTC_LONG_1ca1726a50d180f7_1d,138405,1d,5.0,99,4,7.63339262416581,0.045403586955492146,34,25.403101050493284,0.39572070213667043,1.1853640182548666,-0.2115990975353157,1.8701436194482115,156.21565981363787,0.02978624489218175,98,28.40833333333333,0.07204249231443405,0.43814084630921546,-0.15539849373758408,0.4635983952076759,36.833271668314254,1.1183017883079158,0.07204249231443405
BTC_LONG_813d4bfec6cff25e_1d,625562,1d,5.0,95,3,-39.79952177494475,0.052101500885074786,97,72.47355299699555,0.39384547190405583,1.065649755331972,-0.2213659007378289,1.7791605237813943,60.63749761997717,0.021420363377148675,391,113.34345238095239,-0.11617696309889924,-0.17260485186204697,-0.6776756276626206,-0.17143447153265148,-0.3770736675412813,1.5639284634720632,-0.11617696309889924
BTC_LONG_ac6867f81c702dfd_1d,835705,1d,5.0,99,4,103.3694485209211,0.07957001391117426,22,16.43730067973095,0.7885302373020506,2.3482332669957637,-0.029083178411361876,27.11293195498869,378.0092328680876,0.005272180507912033,103,29.857738095238094,0.22055667407058133,1.031705965629475,-0.17337405564768749,1.2721434775614489,79.52999399022211,1.8164623667227833,0.22055667407058133
BTC_LONG_2594fd115df61d98_1d,181530,1d,5.0,99,2,-458.2526437803545,0.031720628572553936,20,14.943000617937226,0.12032635603857678,0.513677549684575,-0.14981437528866615,0.8031696277925859,107.93252786880026,-0.007587998599270227,144,41.74285714285714,0.007869867799976893,0.13796927234461123,-0.4183965841053823,0.01880958903334329,11.50366870340104,2.793472222222222,0.007869867799976893
BTC_LONG_505dba7a8db0e767_1d,388580,1d,5.0,95,4,1.2372823931172006,0.06254854985219782,115,85.92225355313906,0.3926075052524618,1.0260517311315582,-0.188032462375734,2.0879772582456413,52.45935124961701,0.01962235728972231,520,150.73809523809524,-0.03662722355548487,0.06400638719731912,-0.5679759097519523,-0.06448728357419382,6.474886338907129,1.7543545356951153,-0.03662722355548487
BTC_LONG_4d2362d89fb0683c_1d,373057,1d,5.0,99,3,-151.94044817582463,0.0729980600361926,22,16.43730067973095,0.6615272896434912,1.7573159082497165,-0.1268425227136769,5.215343210547494,342.6968453073704,0.04805482454075968,67,19.42202380952381,0.0693578263820207,0.472463672182913,-0.2641577692444095,0.262562129368408,47.15577710742291,1.181582316217733,0.0693578263820207
BTC_LONG_4ad7cc906977c33b_1d,362114,1d,5.0,99,3,66.58162283064729,0.04732150596719703,46,34.36890142125562,0.41694101791189797,1.7466580842371529,-0.08977581644448085,4.644246462183305,112.77235924907359,-0.010565048179095933,226,65.51309523809523,0.0477563693012355,0.32832408274614294,-0.26203556330743716,0.1822514802893553,15.280074850422482,1.9061736782071925,0.0477563693012355
BTC_LONG_48f0b75066eef84e_1d,352999,1d,5.0,99,3,-46.23750608157309,0.07165616151932087,24,17.931600741524672,0.11561099589358803,0.6948386909034179,-0.13556154398351572,0.8528303270700894,75.16241584681758,0.008790716377809859,119,34.49583333333333,-0.02199360144309226,-0.04398920582004917,-0.238995453743035,-0.09202518750310419,2.8206448462979257,1.9237453382201644,-0.02199360144309226
BTC_LONG_3be0bf61aaea1667_1d,289348,1d,5.0,97,3,-31.49637288473073,0.1003120250534398,77,57.53055237905832,0.3781955469643601,1.1005087109467495,-0.1776892439796256,2.1284099053723544,70.95915401752279,0.008996545030598418,282,81.74642857142857,-0.20677036922741054,-0.6156374929703508,-0.6122438790799862,-0.33772549843719574,-17.731141625509203,1.4209220177970177,-0.20677036922741054
BTC_LONG_087ad9d7e982a6d8_1d,41014,1d,5.0,99,3,-154.20015711916622,0.07616063002370856,42,31.380301297668176,0.5666160783929837,1.6158326386444026,-0.12129275357988178,4.671475101930289,162.76712956682044,0.026266271967342887,92,26.669047619047618,-0.05731267797256234,-0.17962203964147014,-0.3266901706443541,-0.17543435071682903,-8.958397831169695,0.8498658877131099,-0.05731267797256234
BTC_LONG_5557864e1455de8e_1d,412867,1d,5.0,99,4,91.80390510792826,0.10297753081474983,24,17.931600741524672,0.25917546160409444,1.4570903301348388,-0.11476284966799988,2.258356797115697,141.14192509745212,-0.02346607992413525,63,18.2625,-0.0692497832793213,-0.32047103069969063,-0.3762439944833156,-0.18405551794765498,-25.756237683704455,1.0184534143518518,-0.0692497832793213
BTC_LONG_038e347c236fdc4f_1d,17120,1d,5.0,99,3,-583.5667038467662,0.0604350922281191,36,26.897401112287007,0.24948780758201172,0.8595039026004732,-0.1681673650272697,1.4835685124849,105.84226299563146,0.022885869367724916,84,24.349999999999998,0.0658542330106644,0.41477329850700145,-0.30759822846616636,0.21409171742973124,39.81821986059425,0.9052919238683127,0.0658542330106644
BTC_LONG_b7efbd89d009efd9_1d,891643,1d,5.0,99,4,15.603267177479982,0.0753606102792117,26,19.425900803318395,0.6292514251018893,2.091951685427018,-0.04819218708936912,13.057125295745251,271.0196287130601,0.0343070268592164,124,35.945238095238096,-0.14289254447878996,-0.6522749728603369,-0.4975544641625145,-0.2871897546318014,-32.02997906587382,1.8503768993352325,-0.14289254447878996
BTC_LONG_13ea5183446add0e_1d,96251,1d,5.0,95,3,-2.770303671275045,0.024124248223831805,157,117.30255485080723,0.6399731329791793,1.3273842877328823,-0.2539209963790432,2.520363192116074,55.71708122198182,-0.02765211655374392,559,162.04345238095237,-0.2142287282018286,-0.4628104145731355,-0.7277183918738903,-0.29438410598663733,-5.624978663562915,1.3814145189510103,-0.2142287282018286
BTC_LONG_5103251e7ada49c0_1d,391634,1d,5.0,95,4,46.8061574757029,0.08088051358088161,163,121.7854550361884,1.770855210346383,2.5672960193721974,-0.15480529980984292,11.439241502207198,96.24527289687848,-0.029334683321627083,614,177.98690476190475,-0.056416018248509614,0.03323474070782049,-0.4742374036119832,-0.11896155347263308,5.7010855019761575,1.461479161932894,-0.056416018248509614
BTC_LONG_335e03b7ce41eabf_1d,247997,1d,5.0,97,3,-74.65499654203849,0.04552087446902297,80,59.772002471748905,-0.032167144959897254,0.050724410318078214,-0.2826001995664831,-0.11382562719078963,7.668180771689306,0.009492961079119903,348,100.87857142857143,-0.0854512853713918,-0.19282028062626871,-0.5488170190874861,-0.1557008664080261,-0.19664206124304423,1.687722800925926,-0.0854512853713918
BTC_LONG_98e5fc4dcab54bef_1d,740484,1d,5.0,99,3,24.27970787886572,0.05521459327888991,20,14.943000617937226,0.5414108852391368,1.9267245878751043,-0.06576952020574889,8.231942145015257,312.7537732073102,0.0347996033997957,26,7.536904761904762,-0.04507628056621926,-0.2755952672587517,-0.2657877852141197,-0.16959500426216212,-44.11397833822614,0.5043769290123457,-0.04507628056621926
BTC_LONG_382a54c94cfe4aa9_1d,271339,1d,5.0,99,3,-83.97115664497024,0.07431096667490293,27,20.173050834215257,0.6874556767175404,1.6010233467642982,-0.12782220080659523,5.378218121574307,295.0376878630108,0.03264219888471689,89,25.79940476190476,-0.05718033405417933,-0.1600359543377391,-0.4022440383143421,-0.14215334127461834,-8.533534561230681,1.2789044638774576,-0.05718033405417933
BTC_LONG_a6b97b46f383112d_1d,807922,1d,5.0,97,4,13.27081764899584,0.04210004729704551,116,86.66940358403592,0.6923095804904864,1.8897722138299116,-0.25763364080623874,2.687186263113671,70.92824412252776,-0.01837278678875656,453,131.31607142857143,0.0949621451076259,0.432837212833791,-0.5189064305873556,0.1830043713278659,16.52146718615829,1.5151375917943806,0.0949621451076259
BTC_LONG_543cbdfacaf313d2_1d,407422,1d,5.0,95,3,-38.62550882826201,0.017905332983186178,162,121.03830500529153,0.18813728738210322,0.6175521734126931,-0.4069947033278275,0.4622597931712191,26.814441889837646,-0.007624241991510362,560,162.33333333333334,-0.10315689255767757,-0.13824274613843318,-0.6404243500352083,-0.1610758437776552,2.0413496290495625,1.3411732205456486,-0.10315689255767757
BTC_LONG_b08aca78ba464253_1d,855848,1d,5.0,95,3,-17.683189887647302,0.12023083544715651,80,59.772002471748905,0.631761372524063,1.5169969737300966,-0.15527550192269746,4.068648078423728,97.84815852871868,0.032810512332092895,429,124.35892857142856,-0.003887402514997307,0.16655515840259322,-0.5948495578147168,-0.0065351019664171145,9.731982359039428,2.0805548321759257,-0.003887402514997307
BTC_LONG_9031090d0db14e14_1d,698081,1d,5.0,99,3,89.47014566638536,0.053056399629817626,33,24.655951019596422,0.4061806048003458,2.3122523435625935,-0.054446068437553286,7.460237560884917,147.85365950272777,-0.007575475220921545,139,40.29345238095238,0.09201143607448037,0.5324843940945725,-0.20118017181403003,0.45735837306837224,31.925100278797945,1.6342282781518893,0.09201143607448037
BTC_LONG_c9a6466619463377_1d,977208,1d,5.0,99,3,-7.480775191988642,0.1199607512654268,47,35.11605145215248,0.6580040195155707,1.5870581539308675,-0.11532214614936587,5.70579061773027,166.30899143669527,0.03039625538120647,103,29.857738095238094,0.005660848745953073,0.1429236743724883,-0.317181373654976,0.01784735553895053,16.324047286546943,0.8502589801681113,0.005660848745953073
BTC_LONG_4b3942f5282d3345_1d,363959,1d,5.0,99,3,-344.4489392091352,0.08069689103787064,19,14.195850587040365,0.12105641061544259,0.6271000436843616,-0.1730488234082963,0.6995506137006124,103.46062564560837,0.0516747816894661,133,38.55416666666667,0.07124566157029077,0.4583837668968117,-0.298265082855808,0.2388669196143669,27.34266608824154,2.715875771604938,0.07124566157029077
BTC_LONG_65040dbc704b38ee_1d,488980,1d,5.0,97,4,28.672113098243692,0.040073016115644,62,46.3233019156054,0.573470962760557,1.346699513615749,-0.1333760657923797,4.299654209723448,118.24969961991455,0.0016900390732966601,228,66.09285714285714,0.0663485132006425,0.3687821125519664,-0.25125754417582613,0.2640657553916584,20.577382049752316,1.4267734468339308,0.0663485132006425
BTC_LONG_a11dcfe77d69695d_1d,780471,1d,5.0,95,3,-66.00196852561868,0.058094045050345614,120,89.65800370762337,0.6467972805666982,1.3878452032436892,-0.3638153082096802,1.7778176617953771,70.64210586433553,0.01988952171478482,394,114.21309523809524,0.19141079211031142,0.665619828919476,-0.5449209738569754,0.35126339651692456,26.063314848410553,1.2738750643004113,0.19141079211031142
BTC_LONG_168d0cd40f853196_1d,109071,1d,5.0,95,4,14.84816565562627,0.0414681060852852,129,96.3823539856951,0.46125945341464725,1.2345913372134802,-0.27177657792837284,1.6972009027805661,50.73226751785302,0.0037353754395671864,588,170.45,-0.12193008236271641,-0.1873334160565108,-0.7340074700082999,-0.16611558784454558,1.0737225341310885,1.7684772466264713,-0.12193008236271641
BTC_LONG_af5274f4bac8fb29_1d,849903,1d,5.0,95,4,11.715509483373877,0.07773243639862124,99,73.96785305878927,0.48986659456603165,1.1592380562094975,-0.22899932537626555,2.1391617366607467,70.59478908414384,0.018566935310510624,287,83.19583333333333,0.22215701890362483,0.8126698024137117,-0.40035373334831126,0.5549018290541237,34.69901262030824,1.1247566326848732,0.22215701890362483
BTC_LONG_6aeebe71ecf3c9f9_1d,517528,1d,5.0,97,2,-59.67098067517907,0.07043300174567867,53,39.59895163753365,0.2197879092026771,0.9128369936834755,-0.16348716188371148,1.3443741188620815,63.16009761978843,-0.0014784014995517633,205,59.425595238095234,0.1143609319109331,0.5675266807989067,-0.2982923713801131,0.3833853724847804,28.158065961495204,1.5006860732587932,0.1143609319109331
BTC_LONG_6adf9a9380376ad6_1d,517259,1d,5.0,97,3,-25.01277575885746,0.05142504914535916,94,70.23210290430497,0.474741534960202,1.1574506533456745,-0.1917617395707718,2.4756843363166996,72.19012888421334,0.03700372797646471,195,56.526785714285715,-0.0314217894310147,0.037788335613854064,-0.3616131267199829,-0.08689338718432733,6.959891479080931,0.8048568016154453,-0.0314217894310147
BTC_LONG_37b2da2f286a3f23_1d,269088,1d,5.0,99,4,70.9519582873125,0.06447790017218417,23,17.18445071062781,1.1708380684906805,2.573918304367554,-0.07586220649998587,15.433746558517232,484.0936571675172,0.020219312613640163,60,17.392857142857142,0.03884402331679371,0.3001765802427863,-0.210704964857916,0.18435267219729384,37.02914691197806,1.012127616747182,0.03884402331679371
BTC_LONG_8d0941bdd55a997d_1d,682886,1d,5.0,99,4,27.82322273338886,0.0671991881116393,31,23.1616509578027,0.7733277549354483,2.5543089720657672,-0.04261840428803221,18.14539441010016,263.6572385203316,0.0542492994063951,126,36.525,-0.006231965857610544,0.05400449528420224,-0.2264566700437366,-0.02751946258154788,7.615197014200073,1.5769601254480288,-0.006231965857610544
BTC_LONG_3a7fb1fa941339c5_1d,282753,1d,5.0,99,3,-22.043129991194313,0.06754196985072532,46,34.36890142125562,0.07138149472375166,0.3941571490452501,-0.26998551426700323,0.2643900911408108,35.58918724073087,0.032615533676062784,103,29.857738095238094,0.13340946156076305,0.7310494088971891,-0.22440200259885001,0.5945110115583555,53.44999251418526,0.8687428710413311,0.07138149472375166
BTC_LONG_8b71d1a80a0da5d2_1d,675166,1d,5.0,99,3,-50.693614427077975,0.059266914797482924,32,23.90880098869956,0.6310117346978847,2.0478778054159004,-0.06298120187413814,10.019048794256117,222.3321071155454,0.02396791804735566,71,20.58154761904762,0.007626376803863577,0.13194409553112804,-0.17054319441744825,0.04471815383729744,16.84510470568781,0.8608356240354939,0.007626376803863577
BTC_LONG_7dcc2ca1ed372d09_1d,609103,1d,5.0,99,2,11.515982430862937,0.04651173865540863,13,9.712950401659198,0.10013450990584016,0.8133401566937866,-0.10073142769685273,0.9940741652862405,111.41238680599233,0.03147678079027825,100,28.988095238095237,-0.02873549097707573,-0.13292159089194272,-0.24554303710196268,-0.11702832756419482,-1.5606945485212351,2.9844788698955362,-0.02873549097707573
BTC_LONG_56366fe5280d19f6_1d,417130,1d,5.0,97,3,-200.07441613513768,0.10436245447395508,48,35.863201483049345,0.49671750322057684,1.348163177424763,-0.16226168078426162,3.0612126092851084,133.07479425937458,0.04189686807849741,218,63.194047619047616,0.07879227391005728,0.42859781785611684,-0.4235352046228904,0.1860347688929726,21.922780738966985,1.7620860661008229,0.07879227391005728
BTC_LONG_afe6ca2de1b016ce_1d,852736,1d,5.0,99,1,-34.351128473607886,0.001402986169284211,34,25.403101050493284,0.01712741238527471,0.1859398165170164,-0.10676071034415235,0.16042804820296735,16.49288503649531,-0.006736013822610284,172,49.85952380952381,-0.06611613704450425,-0.31282347650723175,-0.42312302629416976,-0.1562574781702805,-5.760108064094239,1.9627337509077705,-0.06611613704450425
BTC_LONG_157d76fed365f009_1d,103977,1d,5.0,99,3,-82.06188689734856,0.06421662122192835,26,19.425900803318395,0.25825765640928733,0.8792946618957375,-0.19847829572056952,1.3011884018435902,146.0558739922637,0.02145023870200913,212,61.4547619047619,-0.11809428487063667,-0.5339641305832079,-0.40324038179842314,-0.29286324039260314,-12.203431142578244,3.1635476020892686,-0.11809428487063667
BTC_LONG_874f785bcaed10b6_1d,654707,1d,5.0,97,4,81.9912785632875,0.04079538509494982,78,58.27770240995518,0.8643805995868803,2.284788607840744,-0.10306878375760109,8.386444159656964,119.03302044113,-0.016101263793773107,287,83.19583333333333,0.0890354153359858,0.427941009097122,-0.4019396336251153,0.22151439641065146,21.09549812936804,1.4275757261000315,0.0890354153359858
BTC_LONG_23eeab7c3c49c7dd_1d,173570,1d,5.0,95,3,-109.42607752737544,0.05862758994197136,123,91.89945380031394,0.3260555140821564,0.9083315836193749,-0.470045962585949,0.6936673007217595,43.89411081322373,0.017244886392959548,579,167.84107142857144,-0.030172923180653566,0.10545527296527925,-0.6097992750144713,-0.049480090280424695,7.351958770058945,1.8263554840409517,-0.030172923180653566
BTC_LONG_b9232fd5b077a98f_1d,897429,1d,5.0,99,1,-73.4529138226384,0.002602990058879091,28,20.92020086511212,0.006123219359795318,0.10982782492758313,-0.13184370374980892,0.04644301688774571,10.626233991315894,0.01692132882353412,157,45.51130952380952,-0.049599095502059765,-0.25759411832970464,-0.2619563198208753,-0.18934109143072184,-3.6184736825875303,2.1754719190917107,-0.049599095502059765
BTC_LONG_73bfdb527e7fad75_1d,560307,1d,5.0,97,4,40.854870610524976,0.06600809484361715,83,62.01345256443949,0.5809813681881402,1.5301775637316821,-0.14879791425931888,3.904499408342712,87.75547378145488,0.02381899991616098,329,95.37083333333334,0.11495301567376437,0.5116355492527853,-0.5618938525801269,0.20458137270219004,21.279469439994184,1.5379055574148446,0.11495301567376437
BTC_LONG_73333e96e6c993b2_1d,557722,1d,5.0,99,1,-112.24960511667568,0.04272036770504412,35,26.150251081390145,0.012599918598900084,0.16357772733238213,-0.28204343686236877,0.04467368125658098,18.947151444720237,0.041520273946568126,155,44.93154761904762,-0.0673465706859131,-0.19409859209099603,-0.3034058370778381,-0.22196860592578346,-4.72856733255871,1.7182071208112875,-0.0673465706859131
BTC_LONG_a1cae8c28193e536_1d,783725,1d,5.0,99,3,53.11255202499615,-0.005816824997214933,59,44.08185182291482,0.9612027821765348,2.524976546609251,-0.09748102380270962,9.86040918201576,166.5938811673953,-0.0043009967171032185,210,60.875,-0.13115778846596826,-0.5756382205513308,-0.44639811980310884,-0.293813487663921,-14.553734503212095,1.3809537821720024,-0.13115778846596826
BTC_LONG_a7dad690be812564_1d,813511,1d,5.0,99,4,75.25741936413955,0.063891961863188,46,34.36890142125562,1.124447237124611,2.638054948744217,-0.06607834073919949,17.016880638129553,236.94280002651638,0.001852959929883056,187,54.20773809523809,0.17689902134351665,0.7685057273752762,-0.24166231525133153,0.7320091308383754,40.911190715366644,1.5772322027643584,0.17689902134351665
BTC_LONG_2eea2c358cbc9c9c_1d,226397,1d,5.0,95,4,45.084989469858506,0.037207601295676566,135,100.86525417107627,1.2737501345255975,2.407331729458283,-0.14050734407205823,9.065363401021683,93.09394743831554,-0.018482343208082445,518,150.15833333333333,-0.25811139188752996,-0.6036718043931221,-0.7402580882796768,-0.3486775706664254,-10.116675043942266,1.48870227480567,-0.25811139188752996
BTC_LONG_3f2e0a120eca86b6_1d,305487,1d,5.0,97,4,70.1089585035369,0.0350932884031862,64,47.81760197739912,0.6846153429593038,2.1237217829665447,-0.10174431033986708,6.728782579314874,120.91376293512808,-0.02153195425341559,251,72.76011904761904,0.03950768896742263,0.2793159040098016,-0.44159623021448124,0.08946563911615352,14.500104298921634,1.5216178988233025,0.03950768896742263
BTC_LONG_411e9954169112a6_1d,315002,1d,5.0,99,3,-127.12031690505637,0.028854168334980685,24,17.931600741524672,0.49957934846952257,1.804763752533817,-0.09754242566438831,5.121662138979527,246.31951644552956,0.005819271838793087,119,34.49583333333333,0.1093485746751457,0.7096305081119803,-0.2005232218791625,0.5453162663675948,39.00839236346184,1.9237453382201644,0.1093485746751457
BTC_LONG_1172de23554608e7_1d,84388,1d,5.0,95,3,-72.76091920172941,0.08229160304729666,71,53.04765219367715,0.4579321865544339,1.2060012207925304,-0.3119227111171258,1.4680950448089756,88.54342635795535,0.02566785750254389,225,65.22321428571428,0.059881892285379434,0.34902736718815947,-0.46004143576416723,0.1301663016200065,20.140224167911263,1.2295212245696399,0.059881892285379434
BTC_LONG_6c14e4f20f049677_1d,523181,1d,5.0,95,3,-12.816034853477323,0.07132208333167593,79,59.024852440852044,0.3144516989427295,1.32784729861737,-0.17632241087637113,1.783390423144838,55.56380729763511,-0.048165281780554466,359,104.0672619047619,-0.07855073484600339,-0.15950381223994242,-0.4389871942903938,-0.17893627847841367,0.7796579461912277,1.7631092260509456,-0.07855073484600339
BTC_LONG_42b430a46a8e6344_1d,322690,1d,5.0,99,2,-65.36580119661906,0.0689084298422539,36,26.897401112287007,0.17567460817731462,0.7285303126059525,-0.15928604277091118,1.10288764239045,78.17040209321752,0.042709103163829504,94,27.248809523809523,-0.00687661999831668,0.047806265292263304,-0.41212417740411844,-0.016685796115217092,8.064328286430962,1.0130647719478738,-0.00687661999831668
BTC_LONG_a5f930c24f4c99ba_1d,804294,1d,5.0,99,4,100.97050005924058,0.022872421821807803,27,20.173050834215257,0.3998350951366676,1.9470436315007396,-0.10688435917804007,3.7408195007339833,179.71361671959903,0.004218250577404345,136,39.423809523809524,-0.045423986059161536,-0.18125788409406648,-0.3938708089590086,-0.11532712002500535,-2.99817946085,1.9542809785093733,-0.045423986059161536
BTC_LONG_2677aac1f6bce3d2_1d,185861,1d,5.0,95,3,-21.660275824837342,0.07553921637595477,106,79.1979032750673,0.7499633246158663,1.5496876344284098,-0.3496893556907614,2.144655856436982,86.6662437191463,0.02085530195703098,427,123.77916666666667,0.11801229950870917,0.49624097871352935,-0.6329662795476492,0.18644326454964857,18.685357537694838,1.5629096421500115,0.11801229950870917
BTC_LONG_60c1a564bd0bbdca_1d,468255,1d,5.0,97,3,-225.55680169806953,0.06904573359453946,82,61.26630253354263,0.14198454440866626,0.5490459549385698,-0.31603134044136805,0.44927362017441447,36.86413623594304,0.059802870064309184,157,45.51130952380952,0.004811146690953283,0.1492675937434567,-0.35482701960086815,0.013559132831443233,13.389321833686862,0.7428440699337548,0.004811146690953283
BTC_LONG_bc11ad69005d8170_1d,911543,1d,5.0,95,4,43.725520985652246,0.07978635079333544,124,92.6466038312108,1.357803675478031,2.6499329975809776,-0.1155070325235632,11.755160234083943,103.92938550707173,-0.00028292402487423634,466,135.0845238095238,-0.017736273748377496,0.12212164817449721,-0.7280547197363123,-0.024361182295200613,8.142239827619633,1.4580623382118678,-0.017736273748377496
BTC_LONG_14475d5b7d0b36d0_1d,98059,1d,5.0,97,4,2.236988300308335,0.021994490492745555,96,71.72640296609869,0.34124923034741395,0.9705531340251072,-0.24058721116360482,1.4184013717809658,55.71239500541614,0.0021797417861909624,375,108.70535714285714,-0.07408214474441932,-0.06690087898772454,-0.44911545423544086,-0.16495122589476305,2.9531325277728224,1.515555676118827,-0.07408214474441932
BTC_LONG_cd02c83af8305b00_1d,993666,1d,5.0,97,3,-92.25444881617152,0.054309317915184195,69,51.55335213188343,0.5988287239539016,1.4992821803287457,-0.17579443885146595,3.4064144910742606,108.06956272655323,0.024228141683981918,380,110.1547619047619,-0.048971402669151676,0.010344796494475055,-0.49909255492709315,-0.09812088396370762,5.305139248503433,2.136713857577384,-0.048971402669151676
BTC_LONG_3cf8665e78afac77_1d,294659,1d,5.0,99,4,115.59085058441417,0.018664885549234667,38,28.39170117408073,0.5731537578654415,2.056737314110312,-0.12858628491197088,4.4573475177218,174.0122017657093,0.005910472342163412,146,42.32261904761905,0.061445342862867625,0.39097351731460434,-0.20379222737401692,0.30150974673875997,23.979795266037137,1.4906686565951917,0.061445342862867625
BTC_LONG_9c86daf7344558ce_1d,758099,1d,5.0,99,4,19.264783972406587,0.06295387359356733,56,41.84040173022424,0.36381106410752917,1.5717326437132255,-0.08573915053428949,4.243231497401306,84.42566527430357,0.02063243477894349,209,60.585119047619045,-0.08643296942685075,-0.30962410127835144,-0.3495755772559568,-0.2472511669874613,-6.034457113512601,1.4480051945546735,-0.08643296942685075
BTC_LONG_a7994daa45f5d7fb_1d,812260,1d,5.0,99,3,-7.370172455421024,0.04658615562261403,20,14.943000617937226,0.5062695374178001,1.7972729668943177,-0.06395031634787296,7.91660724028051,297.3231928337872,0.028112348486403396,102,29.567857142857143,-0.025555172136504378,-0.07815524843546945,-0.2974226746278231,-0.08592207089954586,0.7056544036323998,1.9787094907407408,-0.025555172136504378
BTC_LONG_c0e178c2cde15e72_1d,934860,1d,5.0,97,3,-27.32861379615364,0.08049260340900755,66,49.311902039192844,0.8152137676245457,1.8622794175993098,-0.19164850605797523,4.253692263992587,138.29847140422262,0.04007883787669664,270,78.26785714285714,0.0799304870571893,0.40347588422321545,-0.4222524329757902,0.18929550386219351,20.893052346404183,1.5872001262626263,0.0799304870571893
BTC_LONG_4b381d85f38430dc_1d,363939,1d,5.0,99,4,6.271707215703295,0.0489768900130407,19,14.195850587040365,0.2017591705169841,0.7073642034266023,-0.19193687394765702,1.0511746199013625,170.39394434546315,0.01906430690491035,47,13.624404761904762,0.05118088895589157,0.42181281493873,-0.20952833361809753,0.24426715028039023,49.4974777492937,0.9597455734243014,0.05118088895589157
BTC_LONG_9b10b6db9d0ac5da_1d,751061,1d,5.0,99,4,51.51442964907771,0.05922684981068131,29,21.66735089600898,0.6229849727915993,1.689211845460151,-0.12493130189861612,4.986620353137456,250.20889239796375,0.010825239127269501,54,15.653571428571428,0.040939857448226924,0.3342920941330735,-0.1640639095901355,0.24953603477146732,38.37411833547195,0.7224497126436781,0.040939857448226924
BTC_LONG_39c4aa3f69b92e78_1d,279315,1d,5.0,99,3,-161.51195499296722,0.04407781211615425,20,14.943000617937226,0.8147908876551406,2.097055766844766,-0.05408831646737633,15.064082982626873,432.6583378306189,0.04665728304941062,117,33.91607142857143,0.13257073267529074,0.917771543334478,-0.1126897916348274,1.1764218457771913,44.87377114146486,2.2696961805555556,0.13257073267529074
BTC_LONG_77435018950d1062_1d,577681,1d,5.0,95,3,-7.041547840949498,0.031908609932779324,139,103.85385429466372,0.4935504314919601,1.3451193497959189,-0.2772157871848644,1.7803835651063789,49.28577249609898,-0.022812730348056597,528,153.05714285714285,-0.13220212945463117,-0.22032243997481624,-0.5799297769752163,-0.22796230630571832,-0.13596786636759287,1.4737743138822275,-0.13220212945463117
BTC_LONG_8bccf01cb8ee68b7_1d,676855,1d,5.0,99,4,66.81564416420642,0.06029911371698814,63,47.07045194650226,0.7916556818585112,1.713531744926449,-0.31712342989525955,2.496364529482989,144.55093405613036,0.03799752999920802,164,47.54047619047619,0.12419059276319655,0.6119786976162371,-0.3682739433645218,0.33722340393838635,35.46186574696567,1.0099855477170292,0.12419059276319655
BTC_LONG_c5f939c61dde6693_1d,959602,1d,5.0,95,4,83.96445059783844,0.07537097911271902,104,77.70360321327358,1.2303111726573164,2.025356052770415,-0.2813319525689387,4.373165441830984,120.75973172596686,0.021240728157124217,461,133.63511904761904,0.21920208784970674,0.7663050956858264,-0.2748894330407987,0.7974191129317548,23.913322475121095,1.7198059487773028,0.21920208784970674
BTC_LONG_903b20c8d347eeca_1d,698284,1d,5.0,99,3,-216.762929312157,0.0791794267353021,33,24.655951019596422,0.39882366369281463,1.2938011936687568,-0.13743649739069586,2.9018759300818306,158.18939939720565,0.012850070957477661,113,32.756547619047616,0.045996165276383616,0.32745243915162636,-0.20235443496421168,0.22730495274056375,24.424549043003097,1.3285452908716797,0.045996165276383616
BTC_LONG_a0065f48361729d1_1d,775261,1d,5.0,99,1,-208.61716938732255,0.01725915840514844,15,11.20725046345292,-0.06520196099480491,-0.4071601633999429,-0.11657030737222618,-0.5593359275154473,-46.35188421307627,0.02357063500393175,46,13.334523809523809,-0.04872347822734502,-0.3139512246527914,-0.30083297352899885,-0.16196189418926282,-25.999373484008075,1.1898122427983537,-0.06520196099480491
BTC_LONG_61223083c71a5935_1d,470033,1d,5.0,99,3,-3.6453087662035353,0.08124735295422747,43,32.12745132856504,0.3258502404773953,1.2766595148129045,-0.1982808320944186,1.6433774108948156,101.9724275228104,-0.00830605140112015,164,47.54047619047619,-0.09609454634199177,-0.32746249354516926,-0.49128740578466346,-0.19559741448798923,-10.73120542878507,1.479746267585415,-0.09609454634199177
BTC_LONG_7870b892701aaa05_1d,583289,1d,5.0,99,3,-28.303605309336067,0.05841514264030582,51,38.10465157573993,0.3030651543481797,0.9079350605929818,-0.21216105789784967,1.4284673980749951,92.4046416722897,0.03628178474983627,176,51.01904761904762,0.0606014968250721,0.3551238458262289,-0.38277342313662344,0.15832211214790007,22.863217192307744,1.338919147906076,0.0606014968250721
BTC_LONG_c04314a0adf69d43_1d,931827,1d,5.0,97,3,-44.826443797588894,0.08211826047927909,104,77.70360321327358,0.6170396623919256,1.4976265353852198,-0.3128831712719746,1.9721088222273293,75.20469955501738,0.025773915785564552,315,91.3125,-0.020207463726014563,0.10481434956848042,-0.4787565773071629,-0.042208221638801134,8.809981547718067,1.1751385550213675,-0.020207463726014563
BTC_LONG_5e5b7e4b1c4bbeeb_1d,456546,1d,5.0,99,4,98.12018483406742,0.08497553219820991,28,20.92020086511212,0.653326582499071,1.7858725330429508,-0.07586220649998587,8.612016610658335,265.9439399468532,0.03422910721169439,184,53.338095238095235,-0.002138577267046471,0.10813994233708714,-0.30044400003048966,-0.007118056166305347,9.79082230405114,2.5495976631393296,-0.002138577267046471
BTC_LONG_3abaf40799f0400a_1d,283836,1d,5.0,95,2,-150.66144459306486,0.025637708380940257,66,49.311902039192844,-0.022444131267438272,0.020800793305449854,-0.27231584347479953,-0.08241948386493818,5.999856748252494,-0.0012213660932797346,272,78.84761904761905,-0.05284506571083336,-0.12388289748433708,-0.392095039163033,-0.13477616504313997,1.4253244530771958,1.598957164234942,-0.05284506571083336
BTC_LONG_516d3d5652b3b2aa_1d,393684,1d,5.0,99,2,-216.762929312157,0.0642550136179567,33,24.655951019596422,0.25864795371567206,0.9308235444954873,-0.21410416302160307,1.2080472890645033,115.57762669195493,0.023967765039732275,68,19.711904761904762,0.03842341467196819,0.2991373916894162,-0.18964743715017296,0.2026044498642103,32.40405030234456,0.799478582117471,0.03842341467196819
BTC_LONG_4807c43fba172cd6_1d,348542,1d,5.0,97,3,-132.6445929842922,0.03924468020066859,93,69.4849528734081,0.20426641511730548,0.738640337159595,-0.4325789378557233,0.4722061044623347,39.38476886678915,0.03399991328932552,325,94.21130952380952,-0.15881829007318482,-0.3741646894418505,-0.6396072314174657,-0.2483059638353676,-7.795153073454199,1.3558519597106065,-0.15881829007318482
BTC_LONG_30a9a3b1ef70bb89_1d,234998,1d,5.0,99,4,111.32738315749013,0.0677628246671324,42,31.380301297668176,0.6100890403683064,1.4562044915932095,-0.14589874688356474,4.181592052022154,177.65393341896763,0.0334364168894095,145,42.032738095238095,0.08940657489685289,0.5557802368627213,-0.1669036155455057,0.5356778797429735,29.356420014677443,1.3394625404174014,0.08940657489685289
BTC_LONG_589428ba02b51198_1d,428657,1d,5.0,99,2,-130.40953383979758,0.005048325626708731,28,20.92020086511212,0.42859803546652064,1.5725230476774337,-0.06444791496420299,6.6503010330835615,188.60369081947053,0.029280007364931315,108,31.307142857142857,0.007069186238577885,0.12296818186959972,-0.2765212190472838,0.02556471529719782,11.25002104407295,1.496502976190476,0.007069186238577885
BTC_LONG_4c24a5910b8362c7_1d,368305,1d,5.0,99,4,42.81484644702472,0.0637173987361916,29,21.66735089600898,0.374778458643247,1.5797738637652308,-0.10243083692597843,3.6588440541014067,162.13452538277474,0.011993469721907509,127,36.81488095238095,-0.01234822426302562,0.03225692409197166,-0.26753085475184657,-0.04615626214209742,6.69237063182084,1.6990946945508727,-0.01234822426302562
BTC_LONG_b8123239aca519b1_1d,892284,1d,5.0,99,3,58.619802256738275,0.0038927074307164985,48,35.863201483049345,0.42075563807492977,1.9568307884263503,-0.0604741553005721,6.957610833647301,107.7594561262485,-0.008096336981351586,212,61.4547619047619,0.2177305307509425,1.0145763383599213,-0.2237776253269962,0.9729772153618248,40.87355501691169,1.7135882844650203,0.2177305307509425
BTC_LONG_38cfdfbe964a0291_1d,274540,1d,5.0,99,3,-62.48834481594745,0.09243437146212004,29,21.66735089600898,0.33177969050238776,1.153829420780373,-0.14726955611802361,2.252873569038909,155.3992695845687,0.03014487639603067,103,29.857738095238094,0.11883595263245095,0.7027744588519429,-0.19150225696832057,0.620545963863546,48.07887855264457,1.3780059333759045,0.11883595263245095
BTC_LONG_3842fe56b332e569_1d,271829,1d,5.0,97,4,70.14310539521213,0.03986430505828967,64,47.81760197739912,0.7749426984878445,1.9503384906928511,-0.2075005933602636,3.7346529276780664,135.53854681718522,-0.003998842005030855,245,71.02083333333333,-0.049935070041046026,-0.0479237892122092,-0.4266584810862917,-0.11703756576901762,3.142592461809518,1.4852445625964505,-0.049935070041046026
BTC_LONG_66839828a010ad14_1d,496138,1d,5.0,97,3,-11.051416877150132,0.061281170024235804,85,63.50775262623321,0.5489669438649833,1.2407488642151836,-0.2056769186855646,2.669074135169415,87.65135107391612,0.02896861204682241,229,66.3827380952381,0.24795192107444453,0.9008789774909839,-0.3930672346820159,0.6308129988881751,44.891120354746676,1.045269834785766,0.24795192107444453
BTC_LONG_3872f77e98ff3b88_1d,272782,1d,5.0,99,3,-215.65397657530804,0.11174652048458086,30,22.41450092690584,0.3078158465646206,1.1030394663704763,-0.27151115312308793,1.1337134516351677,140.89867937807,0.07840371506838059,122,35.36547619047619,0.24232205272517082,1.3939783467858735,-0.07735244662303598,3.1327005583428567,70.16850451909069,1.5777944958847734,0.24232205272517082
BTC_LONG_74c82bdfa44c97c1_1d,565393,1d,5.0,95,4,31.99327262152823,0.03411354765639654,59,44.08185182291482,0.24939397118700568,0.7543527320656899,-0.28962088916258,0.8611049151465289,73.09590737463407,0.047848136858405915,236,68.41190476190476,-0.008382256567112223,0.11783514152966813,-0.5071839018661681,-0.016527055642479895,10.084323152174218,1.551929012345679,-0.008382256567112223
BTC_LONG_91aa9f3c1d73798e_1d,705311,1d,5.0,99,4,88.45443256929283,0.07236589884333831,46,34.36890142125562,0.677910974145506,1.7969792723373292,-0.22567045384874673,3.00398639956593,169.73254713746996,0.03645110818787819,153,44.35178571428571,0.109835105662768,0.5667892118216338,-0.24727578516285753,0.44418059613249167,34.393148670936235,1.2904627113526568,0.109835105662768
BTC_LONG_adac219c241a6db1_1d,841859,1d,5.0,99,3,-148.1380275023103,0.046244636621645664,26,19.425900803318395,0.1385910352761992,0.741003527254691,-0.19330974562279835,0.7169376527277072,82.29518337788254,0.010976765590986296,137,39.71369047619048,-0.05851940777671305,-0.23690005219070454,-0.2794341706927641,-0.20942108701893414,-5.929928601797492,2.0443680258784425,-0.05851940777671305
BTC_LONG_176395e3ea0c6eb2_1d,113225,1d,5.0,95,4,5.5908755650047155,0.01609454011635753,150,112.0725046345292,1.4214253213389147,2.015242778516279,-0.23338140134231877,6.090568113669002,95.2175681859629,0.009865538064880486,605,175.37797619047618,-0.28292544218304605,-0.6434026104095405,-0.8051100047382875,-0.35141215550415994,-9.514252556130996,1.564861754115226,-0.28292544218304605
BTC_LONG_b7c426d6da042156_1d,890810,1d,5.0,97,3,-96.25607955104661,0.08321451410190843,26,19.425900803318395,0.0706073872158981,0.43593145802423044,-0.19971132963921445,0.35354722911040065,51.191520479398605,0.0530436236846811,142,41.16309523809524,-0.1127074438304484,-0.5190552721317985,-0.4461870253180923,-0.2526013474957006,-19.417993922807554,2.118979997625831,-0.1127074438304484
BTC_LONG_01c36c58e7dbd012_1d,8347,1d,5.0,97,4,37.075125639872184,0.047411331660278035,116,86.66940358403592,0.8446302425135668,1.587709589692616,-0.23185550120704257,3.642916549818363,87.45371466495658,0.03444563319814262,450,130.44642857142856,-0.012292114015963418,0.13751943307666284,-0.6732540221087426,-0.018257765438166252,8.649522889393234,1.5051035680076625,-0.012292114015963418
BTC_LONG_b16e26d3230fb605_1d,860179,1d,5.0,97,4,3.927703346276279,0.0666186943880692,110,82.18650339865475,0.4416662615656779,1.1022237998090036,-0.2396196340018174,1.8431972964382712,59.89196909861161,0.03421759719585242,271,78.5577380952381,0.16681644242539284,0.6389075976325641,-0.38255401055758853,0.4360598446798424,31.342191517205965,0.9558471871492704,0.16681644242539284
BTC_LONG_8fc5253dcace3bfd_1d,695945,1d,5.0,99,3,-181.76589329080977,0.0644188199041894,36,26.897401112287007,0.46222690685100254,1.4023678521697027,-0.21476657247430064,2.152229285618056,162.53835278642785,0.03872506580070622,144,41.74285714285714,0.04053388016032655,0.2896374787939157,-0.36233590954980155,0.11186823908977021,20.261551421621604,1.551929012345679,0.04053388016032655
BTC_LONG_8ad3df99c0fa96a0_1d,672061,1d,5.0,99,3,170.72069406600738,0.04819884189058549,28,20.92020086511212,0.9325776091580418,2.364932251102629,-0.02481668483824262,37.5786538466627,339.2509131383364,0.01015931310729012,180,52.17857142857143,0.16300892420622848,0.7683005771853783,-0.263517383302175,0.618588884587194,38.94642063368242,2.494171626984127,0.16300892420622848
BTC_LONG_c97cc025264c5362_1d,976420,1d,5.0,97,2,-107.64559367641591,0.027582990885549944,29,21.66735089600898,0.048765924304609465,0.3279297055412835,-0.18737814711826117,0.26025406406560053,40.017365937752785,-0.004810153342242595,130,37.68452380952381,-0.08517505415290805,-0.30269413449619176,-0.4367699946733883,-0.19501123060571274,-12.28913797700789,1.7392307896977437,-0.08517505415290805
BTC_LONG_4b5d552ad847a7a7_1d,364640,1d,5.0,99,3,-32.40437144938638,0.07418922787847916,20,14.943000617937226,0.20663841435497377,0.990789075431417,-0.11273714837206272,1.8329221320465883,145.0420114646251,0.02893301563376744,186,53.917857142857144,-0.02577101575098295,-0.03894670497977814,-0.27944159274703795,-0.09222326389440508,3.609245594902829,3.608234953703704,-0.02577101575098295
BTC_LONG_61f027271aa554ae_1d,473949,1d,5.0,97,3,-49.438570795666685,-0.004668682744157078,124,92.6466038312108,0.25725613366933286,0.7946151701782438,-0.2909789053901165,0.8841057853469777,37.70704545834449,-0.02236149952652741,431,124.93869047619047,-0.08654519844173436,-0.09428018984703963,-0.5917145980002052,-0.14626172606561982,2.4152693240875296,1.348551218389088,-0.08654519844173436
BTC_LONG_792f358172cdd2ff_1d,586955,1d,5.0,95,3,-27.876416650939923,0.06703742901440711,135,100.86525417107627,0.8773112562917951,1.5484986389788522,-0.2747141884951071,3.1935418446995167,78.88444379829158,0.02482202337377693,545,157.98511904761904,-0.2697429601607495,-0.7060493848446195,-0.807026869001457,-0.3342428493050118,-10.896240340307587,1.5662987254229537,-0.2697429601607495
BTC_LONG_6e10338664057707_1d,532818,1d,5.0,99,3,-104.8042119648468,0.059972694242742146,20,14.943000617937226,0.5991787091133518,1.5183035986218687,-0.11455537506018809,5.230472239286368,355.96751662578225,0.023959904263445488,35,10.145833333333334,0.06324626421745916,0.5238291175159666,-0.09151859290810371,0.6910755750032831,74.06275437257045,0.6789689429012346,0.06324626421745916
BTC_LONG_7f9008e87125d7ae_1d,617538,1d,5.0,97,4,64.08755259739559,0.059739304858096566,105,78.45075324417044,0.807216652353276,1.545176150160899,-0.24969620012959737,3.232795100343194,93.24590148000895,0.02784097497174605,357,103.4875,0.1862690488418126,0.6893502824339891,-0.5124057541895646,0.36351865161315566,26.489387711387348,1.319139660493827,0.1862690488418126
BTC_LONG_7d3d66c8ed279e05_1d,606470,1d,5.0,99,2,-448.8575106992426,0.03130305434893296,17,12.701550525246642,0.10423324265267264,0.5336797658026362,-0.17377397211950274,0.5998207981399678,105.3032542133192,0.01830942190048936,58,16.813095238095237,0.08156058095419283,0.5352123479925256,-0.21577271099673634,0.37799303061741885,60.6591798417213,1.3237041575889614,0.08156058095419283
BTC_LONG_8a84f7adec6f2c5d_1d,670595,1d,5.0,99,4,0.5632289869863157,0.08500667374057305,16,11.95440049434978,0.3520224377716754,1.5132171292791607,-0.07945588189510366,4.430413826838013,275.30624301476786,0.03112422438223409,67,19.42202380952381,0.09660183910877529,0.5823518426037348,-0.1921382811329848,0.5027724747985759,61.39597692731137,1.6246756847993828,0.09660183910877529
BTC_LONG_b7ca1e396f4fe8f2_1d,890926,1d,5.0,99,3,-484.48833109933867,0.0732208376268242,19,14.195850587040365,0.2067859292046006,0.9185911379732897,-0.10881196718790853,1.9003969374756344,156.0785193638947,0.019383625264533952,102,29.567857142857143,0.036192177861894326,0.27647379928935545,-0.3137836453720172,0.11534118618255397,23.925959342630325,2.0828520955165692,0.036192177861894326
BTC_LONG_9044a6d8eaac417b_1d,698469,1d,5.0,99,4,21.386810405470193,0.050785865568715116,33,24.655951019596422,0.33605673690118576,1.6431162620061468,-0.0769441104237849,4.367543338278743,129.3872400180082,0.024939076672161137,144,41.74285714285714,0.19152625801918366,0.8597516409428422,-0.3870077971928658,0.4948899205866292,53.59250740966087,1.6930134680134679,0.19152625801918366
BTC_LONG_6acdbb3b70568efb_1d,516901,1d,5.0,97,4,31.646451899466154,0.06044710411784268,87,65.00205268802694,0.7563026573693159,1.823163894398633,-0.15342340493337703,4.929512923388284,100.41892240516549,1.4829935830870323e-05,351,101.74821428571428,0.25950289699025864,0.8819221702566857,-0.23178290171263694,1.1195946511705543,32.58689656176985,1.5653077107279691,0.25950289699025864
BTC_LONG_bf446a406a4514a8_1d,927078,1d,5.0,97,3,-46.47182491182412,0.014017948604153951,68,50.80620210098657,0.26694019419627435,0.7890457487859471,-0.21420864080524837,1.246169123676798,67.75835353485633,0.024365765946075098,269,77.97797619047618,0.1680067468482329,0.6976477757122889,-0.3695734115540088,0.45459641195990286,29.80921868260034,1.5348121482389252,0.1680067468482329
BTC_LONG_c0d6b5cf170b9a6c_1d,934641,1d,5.0,97,3,-35.53115320217515,0.0528245480924687,42,31.380301297668176,0.24022971035921925,0.8566555636495323,-0.11726663626612233,2.0485767990653985,86.5640127317504,0.0012278419978540044,194,56.23690476190476,-0.10763438485996224,-0.4083503903565239,-0.48577579737994436,-0.22157214385832638,-10.915071352747864,1.7921085023515577,-0.10763438485996224
BTC_LONG_49e31636dd97b933_1d,357481,1d,5.0,95,2,-92.83349309948163,0.0015877548305854266,141,105.34815435645744,-0.09733392874301816,-0.059486376163574356,-0.4614876239333956,-0.21091341066400066,2.774503616906906,0.014737503625790354,579,167.84107142857144,-0.10614625732504901,-0.11080781754142427,-0.6831725842321592,-0.1553725365668038,2.5248068738362552,1.5932037201208302,-0.10614625732504901
BTC_LONG_83cd86d69a39af41_1d,637820,1d,5.0,97,3,-10.498786266319652,0.06417752096285713,129,96.3823539856951,0.23159251121940394,0.7525271596987604,-0.2225945328662634,1.0404231776822057,33.28074634888572,-0.010774905505893984,445,128.9970238095238,-0.1226569885242963,-0.2796803930711699,-0.5487021067036766,-0.22354021795388604,-1.5506525087784675,1.3383883924298976,-0.1226569885242963
BTC_LONG_0c97d9dc94a4e83c_1d,60933,1d,5.0,97,2,-44.56282410536626,0.05477558208115952,59,44.08185182291482,0.09173852696281926,0.4336223544261486,-0.28303357138545404,0.3241259562028548,35.933011023955615,0.01332158556190218,265,76.81845238095238,-0.026586518316688124,0.0500856367407547,-0.3099499140167842,-0.08577682107454442,6.872998874803523,1.742632153693241,-0.026586518316688124
BTC_LONG_2b957c72e6ce70f1_1d,210508,1d,5.0,95,3,-41.292583900574556,0.05998730878174697,149,111.32535460363233,0.7042768866249232,1.4592294046222714,-0.3853509551653457,1.827624603454618,61.18829921482824,-0.00889549342271316,548,158.85476190476192,-0.09531661724491358,-0.06800571339176299,-0.6180423819215545,-0.15422343197332983,3.3504687426894133,1.4269414408815975,-0.09531661724491358
BTC_LONG_10cf45df971333e4_1d,81347,1d,5.0,99,4,11.587301587300818,0.04458941666756568,14,10.46010043255606,0.3879216940317618,1.4070113873064134,-0.05336432904688815,7.269307062605762,345.0123195217618,0.03784789482356104,60,17.392857142857142,0.0036112599787965216,0.09554868190208383,-0.1966946392499963,0.018359727507401245,12.70209839057516,1.6627810846560844,0.0036112599787965216
BTC_LONG_9c3cd8ce0b149366_1d,756704,1d,5.0,95,4,86.73834160688796,0.07528417874569165,41,30.633151266771314,0.5989736145616227,1.5473339124799415,-0.10118298481206545,5.919706911929315,175.0479148957461,0.017645890545217077,281,81.45654761904761,-0.025929681020829487,0.03336544475456974,-0.4530596313202253,-0.05723238008486841,6.088924236673383,2.659097880909364,-0.025929681020829487
BTC_LONG_6527a925d2335fe4_1d,489682,1d,5.0,99,3,-39.24862097704207,0.04696932298412016,36,26.897401112287007,0.3929487784438368,1.382852975196949,-0.13544614797588106,2.901143992030023,141.21622690685737,0.024096815653440892,84,24.349999999999998,-0.09462663454841536,-0.44329960522107825,-0.4509611807039182,-0.20983321535727295,-28.76757408911328,0.9052919238683127,-0.09462663454841536
BTC_LONG_6ef8fe87e65b1c00_1d,537290,1d,5.0,99,3,-55.159188252422645,0.029352734725481104,14,10.46010043255606,0.2588013208311799,1.0196857115327214,-0.07854423316736514,3.2949754602570995,251.88446362198715,0.023564676162477243,46,13.334523809523809,0.02512710552936981,0.2820135442958807,-0.1422952366369653,0.1765843054428873,28.04531540114233,1.2747988315696648,0.02512710552936981
BTC_LONG_63198055b3aa01e2_1d,479659,1d,5.0,97,4,16.033756029888075,0.002077645744942343,59,44.08185182291482,0.13026923674566904,0.6363347281621902,-0.19205844204603517,0.6782791496061618,39.05929552235415,0.0012499969218231698,219,63.48392857142857,-0.0003405204999687994,0.11996787959495073,-0.3193259720276709,-0.0010663727031238535,9.564532687973267,1.4401375156936596,-0.0003405204999687994
BTC_LONG_643dbcf757f39fd6_1d,485245,1d,5.0,99,3,-43.326987480224055,0.06722016235690977,29,21.66735089600898,0.29619721119229725,1.1418869418859585,-0.13544614797588106,2.186826392767118,139.56740165328202,0.0331267435645143,78,22.610714285714284,0.008818075308812512,0.13895481413139646,-0.13514130235882138,0.06525077940568559,16.206533582457528,1.043538473818646,0.008818075308812512
BTC_LONG_17839a8fc949daa9_1d,113825,1d,5.0,95,3,-20.550083023804902,0.03668985257084338,98,73.22070302789241,0.5469963859889995,1.287288995142414,-0.21952381106627572,2.491740569426692,75.45084393276902,0.03858248491344967,367,106.38630952380952,0.11129693059179124,0.4810299181366441,-0.5619593808913572,0.19805155741907282,20.239148341419938,1.4529539477828166,0.11129693059179124
BTC_LONG_c12e702b54d89a5b_1d,936296,1d,5.0,99,3,-9.692296709486682,0.022002915966033067,16,11.95440049434978,0.15379594848657518,1.2829620560024066,-0.04017955266265538,3.8277167936097958,130.18362369098966,-6.127729177873135e-05,59,17.10297619047619,0.021515682594216656,0.21723618765270103,-0.25873611976482425,0.08315685731769161,24.42414239569946,1.430684558256173,0.021515682594216656
BTC_LONG_b7542b0106e09467_1d,888674,1d,5.0,97,4,62.47370717315526,0.0800405714289834,84,62.76060259533635,0.9458897205200267,1.9718303039109655,-0.14089656551470264,6.713362508622132,121.76631413858748,0.038927898262265594,243,70.44107142857143,0.1363665950392856,0.5705439795220802,-0.32249686491895235,0.42284626572588946,29.731135778903205,1.1223772321428571,0.1363665950392856
BTC_LONG_8bee2c5882156e1e_1d,677447,1d,5.0,99,3,-63.02407912695013,0.07015424018649889,43,32.12745132856504,0.3375801521993145,1.1132556682050225,-0.11711971877836047,2.8823511166224485,109.44099996971568,0.02723724393608366,109,31.597023809523808,0.22271225197626365,1.0526047221899963,-0.26042297848587814,0.8551943199142106,75.6274278979864,0.9834898973585988,0.22271225197626365
BTC_LONG_a2d8e0c287bc597d_1d,788912,1d,5.0,99,4,47.58882353710599,0.07376559661292097,46,34.36890142125562,0.7046957584489966,1.7962914257473785,-0.13762378104012662,5.12045050007404,175.21256101598198,0.03515025879526715,95,27.538690476190474,0.028372301928817345,0.23919160810174217,-0.35793384339808265,0.07926688814743503,24.77708671573809,0.801267696591519,0.028372301928817345
BTC_LONG_197a2aeb8de14311_1d,123169,1d,5.0,97,3,-9.280366655355698,0.08057081072903904,80,59.772002471748905,0.8154056247395285,1.6324138652646245,-0.27937738247859256,2.9186529614723176,119.08715974371817,0.03973119210491034,281,81.45654761904761,0.06987170276975663,0.3773129288859979,-0.39103259698203696,0.17868511042051657,18.771510817314166,1.3627876639660492,0.06987170276975663
BTC_LONG_724dd62221db474d_1d,553298,1d,5.0,95,4,52.154708091513875,0.05783141329145706,123,91.89945380031394,0.8295429989388448,1.7045486022322598,-0.25464180968385375,3.2576857664055634,79.32427689094303,0.010140299028825045,524,151.89761904761903,0.13662148545861474,0.527875702059388,-0.32620258478167163,0.4188240431940658,17.96827310466885,1.6528674846933653,0.13662148545861474
BTC_LONG_845287272ef90cce_1d,640364,1d,5.0,99,4,66.9568963745533,0.0507453532174722,35,26.150251081390145,0.6239520355654182,1.6865448859051904,-0.13726097419145233,4.54573515335194,208.4914056322257,0.02594051791808668,119,34.49583333333333,0.1423140465128887,0.7461707447649017,-0.14599662593522356,0.9747762703504617,49.61345956274556,1.319139660493827,0.1423140465128887
BTC_LONG_77c0c603d7ccaac3_1d,580073,1d,5.0,95,3,-20.964767953303102,0.008517986680707109,125,93.39375386210766,0.2848421044269671,0.9437066379475627,-0.20793641826800935,1.3698519326221825,37.22672523968112,-0.008972044119553619,508,147.2595238095238,-0.1414727479644008,-0.26207904451547626,-0.648180423816082,-0.2182613710107095,-1.2286927375109777,1.57675987654321,-0.1414727479644008
BTC_LONG_aa62c1c698f202e4_1d,825820,1d,5.0,99,2,-10.201743745783611,-0.000978478846834208,51,38.10465157573993,0.2449318368604103,1.2732133739660412,-0.10098554482718536,2.4254148183243207,66.91140252421806,-0.009541134578928495,206,59.71547619047619,0.025284164307389556,0.2279847006044604,-0.19996966579387943,0.1264399988218785,11.863250878266207,1.5671440026627934,0.025284164307389556
BTC_LONG_25669db8c42c5400_1d,180588,1d,5.0,99,3,9.633178250243642,0.05043329834558196,19,14.195850587040365,0.22948015175332426,1.2125663092901957,-0.10687838649907366,2.147114671826686,162.29635605542222,-0.014862856612255908,144,41.74285714285714,0.033590334735176475,0.2765260377834069,-0.18907522360506945,0.1776559302414907,16.53217608586684,2.9404970760233917,0.033590334735176475
BTC_LONG_51c81ff22ef5bf9a_1d,395466,1d,5.0,99,3,-30.237739996944644,0.09663499025348497,41,30.633151266771314,0.4718411307254262,1.3725742147266424,-0.13039932009869304,3.6184324455703614,145.7739548118591,0.05583987442874109,153,44.35178571428571,-0.03895215030465382,-0.022554618826678568,-0.5410558371059625,-0.07199284737967863,3.690243231934498,1.4478362127371271,-0.03895215030465382
BTC_LONG_7b446c352b5f7046_1d,596872,1d,5.0,99,3,-153.6667247517244,0.06329010231248457,38,28.39170117408073,0.2663387938223589,0.9427333143467184,-0.23537427355177098,1.1315543954882445,103.64540210985193,0.007629066565156228,165,47.83035714285714,-0.004714634431391196,0.09423617765376471,-0.3088533948360187,-0.015264959071906474,9.578860788000723,1.6846597831384014,-0.004714634431391196
BTC_LONG_b0ec8e0db476f279_1d,857714,1d,5.0,99,3,-81.69994927854775,0.06504654551184504,30,22.41450092690584,0.35371783095557685,1.383748011566102,-0.14701172950346075,2.4060517630142573,152.35312613316927,0.02521919511645458,135,39.13392857142857,0.05587195808747314,0.3888038696267334,-0.15798674142618818,0.353649664415521,23.06238399859421,1.7459201388888885,0.05587195808747314
BTC_LONG_b55a4a237f8a3cef_1d,878968,1d,5.0,99,3,-50.17806672745762,0.11020535045206838,30,22.41450092690584,0.27964053351179197,1.1212185025345007,-0.0745676934400975,3.750156677924277,127.02208240079985,0.006780058542478067,166,48.12023809523809,-0.0631054273806958,-0.22989105295066678,-0.313261857264881,-0.20144625308575795,-4.43112002818414,2.146835133744856,-0.0631054273806958
BTC_LONG_43d17cb4d724e928_1d,327965,1d,5.0,99,4,52.67064340446159,0.07403237208305706,17,12.701550525246642,0.5365032949468778,1.3675615342235892,-0.13544614797588106,3.9610081420876813,389.0749911515188,0.03572681308777327,78,22.610714285714284,0.0768983646310748,0.5776958154673211,-0.1443999218665718,0.5325374393355303,42.47337971503613,1.7801538671023964,0.0768983646310748
BTC_LONG_0a669d5c24635368_1d,50349,1d,5.0,99,3,-26.737651378004877,0.05196886258211871,22,16.43730067973095,0.6595915672959891,1.6967203307149576,-0.12311317111992981,5.357603587787149,343.21861193615916,0.012548376502175867,102,29.567857142857143,-0.09128639151397888,-0.5010156553704341,-0.3446885696795613,-0.2648373040012409,-22.78998871158352,1.7988268097643096,-0.09128639151397888
BTC_LONG_8fe9672a676cc4c3_1d,696611,1d,5.0,95,4,44.975496794199465,0.03818299037070229,108,80.69220333686103,0.9552158797437784,1.9077683131477536,-0.13743649739069574,6.950234456487576,97.45442447438657,0.017759482932690106,507,146.96964285714284,0.029525399391616247,0.26188776899047583,-0.5255727039934909,0.05617757384900627,11.558553454326104,1.8213611325445813,0.029525399391616247
BTC_LONG_5849b9f5f88179ab_1d,427234,1d,5.0,97,3,-93.60013907494631,0.05416988799199972,65,48.56475200829598,0.034051450225040414,0.2565636278019043,-0.3316199749300368,0.1026821446211869,19.63157227394917,0.026642261273145854,413,119.72083333333333,0.02625073469621375,0.24094294463963592,-0.376122592093839,0.06979302825198132,11.554885921963841,2.4651795465337134,0.02625073469621375
BTC_LONG_61d6b44a228721f3_1d,473511,1d,5.0,97,3,-15.102097257625235,0.027007119685672584,76,56.78340234816146,0.716285038388131,1.5814102310436164,-0.363504811966851,1.9704967164326037,113.01623545026311,-0.00363614066739093,312,90.44285714285714,-0.12100113726216488,-0.2698899050382733,-0.5887364299493524,-0.20552683867817442,-4.130638925981242,1.5927692495126704,-0.12100113726216488
BTC_LONG_3d444a8d38f7026a_1d,296104,1d,5.0,99,3,-93.10349669740842,0.09544392217223778,56,41.84040173022424,0.8302035975161863,1.9494833816913015,-0.1411321705226628,5.882454683731186,162.1276372142235,-0.008553514263340577,223,64.64345238095238,-0.06471936717605031,-0.21734854675271426,-0.505259834756387,-0.128091256664514,-2.0054746869261098,1.5450007578262785,-0.06471936717605031
BTC_LONG_a7bf067a31beda99_1d,812984,1d,5.0,97,4,42.65159869917638,0.09737833331784533,39,29.13885120497759,0.8884852888436663,2.299678038148468,-0.05296409205696739,16.775238738880386,237.0906188251593,-0.005496146202721885,270,78.26785714285714,0.26771309469354065,1.0824535704543141,-0.23268585443618772,1.150534463481788,39.13023578816385,2.6860309829059825,0.26771309469354065
BTC_LONG_6b8af929c8ed58e9_1d,520513,1d,5.0,99,3,-5.569970981138262,0.06737789502279579,29,21.66735089600898,0.43657899543052303,1.374508037088686,-0.09554430249965518,4.569388064056448,190.91619804708665,0.03756614073823304,107,31.017261904761906,-0.09371433350158276,-0.4487507990327059,-0.3711767292179843,-0.25247901100649633,-21.347518298857622,1.4315207269050658,-0.09371433350158276
BTC_LONG_7f23a3dead14afdf_1d,615492,1d,5.0,99,3,-76.9720080127535,0.0680270257153769,39,29.13885120497759,0.29790795108081625,1.0337497549431531,-0.22425835894136503,1.3284140332031402,109.1949721208214,0.0326457300257588,83,24.060119047619047,0.2600094182152548,1.4120004528653876,-0.12545516632619047,2.072528583950188,107.28041512383089,0.8257058206710984,0.2600094182152548
BTC_LONG_9adf2a378bda9a4f_1d,750165,1d,5.0,95,3,-14.456894391743543,0.07177693530773936,73,54.541952255470875,1.3263508313314625,2.342410569917709,-0.14002130290598647,9.472493140718774,173.62295390856488,0.001145964305507332,220,63.773809523809526,0.07463692355433693,0.39086570395515946,-0.43739751268141003,0.17063865566309402,23.198036303161995,1.1692615846440049,0.07463692355433693
BTC_LONG_6739a5949d5fa702_1d,499582,1d,5.0,99,3,-229.66168336977788,0.04109636200311847,37,27.644551143183868,0.3252149598625589,2.072650010857606,-0.03713135636947129,8.758499329422412,110.37892227200965,-0.016786787157818128,205,59.425595238095234,0.11836738898523502,0.575047676048934,-0.33778969088325117,0.35041741112858843,28.98242682542141,2.1496314022355687,0.11836738898523502
BTC_LONG_c2b61662b5b39c52_1d,943732,1d,5.0,95,3,-3.516271393587261,0.062048277674931214,61,45.57615188470854,0.3106418334812744,0.9941432817531403,-0.20124415134907137,1.5436067652095165,75.70517608031935,0.047289532778942364,419,121.46011904761905,0.11327438508393017,0.5013815630999721,-0.29785020219934244,0.38030655761690213,17.712267031646704,2.664992853167375,0.11327438508393017
BTC_LONG_5830dd86ca0caf07_1d,426761,1d,5.0,99,3,-66.14923711779971,0.07527888164789504,30,22.41450092690584,0.36491709927304616,1.5179086288109889,-0.12063453660796408,3.0249803210082953,154.21864989499872,0.012938225682117178,132,38.26428571428571,0.0015632212209557572,0.09379828865915266,-0.2638682316969915,0.005924249428975805,9.121013551028067,1.7071219135802467,0.0015632212209557572
BTC_LONG_258d5a29dfc444a1_1d,181389,1d,5.0,99,3,-84.96342602127486,0.06068713992795798,38,28.39170117408073,0.4588546290298623,1.4527213878172802,-0.11718531863158144,3.9156323879824395,152.23661277627576,0.03542133791391392,125,36.235119047619044,-0.018449302593819383,0.005202330099218609,-0.3155953176624896,-0.05845873357839172,5.285204173986227,1.276257411468486,-0.018449302593819383
BTC_LONG_1feb51b6074ab781_1d,154257,1d,5.0,99,4,5.039891248186934,0.025915685041924742,37,27.644551143183868,0.3758580457996863,1.1611232152319653,-0.14002130290598647,2.684291875587289,138.28096760684127,0.028360726151057558,128,37.1047619047619,0.008604944711998241,0.14898692475636785,-0.27206027634760444,0.03162881706774393,13.753305166882436,1.3422088755422088,0.008604944711998241
BTC_LONG_40e3cf662c434abe_1d,313862,1d,5.0,99,4,8.179095255540265,0.06215687151381436,32,23.90880098869956,0.6229183085008372,1.6860197342356698,-0.23920559809111896,2.6041125854569387,227.6504996209194,0.0439687394715825,115,33.336309523809526,0.06076512123461941,0.3796985402329572,-0.16776857929982247,0.3621960768114087,29.825259053978662,1.3943112220293212,0.06076512123461941
BTC_LONG_b1bda439a137eee8_1d,861759,1d,5.0,99,3,-30.788626098842254,0.05111863776079619,27,20.173050834215257,0.567552407497931,1.5262413996848763,-0.16865023258328515,3.3652631176636802,252.06143948812226,0.025157499644722348,120,34.785714285714285,-0.005428770365457192,0.08261417767148378,-0.27748628994322433,-0.019564103028542265,10.132601782289605,1.7243655692729765,-0.005428770365457192
BTC_LONG_af5ff7c3df36bb51_1d,850165,1d,5.0,95,3,-61.70703487614239,0.04920498128640299,136,101.61240420197313,0.08150464648024958,0.3928266341670166,-0.39684837203610146,0.20537981814584605,19.647893431922572,0.03756818218221096,529,153.34702380952382,-0.2484137356244841,-0.5785388648115837,-0.80199223119067,-0.30974581294344844,-9.040512367590754,1.5091368520787947,-0.2484137356244841
BTC_LONG_663acf50cc93ce52_1d,494767,1d,5.0,99,3,-38.89968024895576,0.04112135647801151,25,18.678750772421534,0.10232319434968873,0.8224188717083575,-0.07721078740016774,1.3252447979758128,61.444884161422934,0.00874094517243658,127,36.81488095238095,0.06750720261117782,0.4304113548413724,-0.19914518494191358,0.338984859869287,27.982323733088396,1.9709498456790122,0.06750720261117782
BTC_LONG_584c2cc3dddb4722_1d,427278,1d,5.0,97,3,-64.56159577427573,0.09633379777216236,67,50.059052070089706,0.6572406878873389,1.6883707148644889,-0.18877751060360548,3.4815624265085856,116.65798531079233,0.01760729994253301,278,80.58690476190476,-0.06035851344583276,-0.0759663343511834,-0.4966545676082401,-0.12153016881834741,2.3085982568008596,1.6098368113138015,-0.06035851344583276
BTC_LONG_8ad00ef984b95247_1d,671999,1d,5.0,99,3,-331.341300117482,0.057931191888818845,35,26.150251081390145,0.2194688064082151,0.84238496371982,-0.14002130290598647,1.5673958308727602,96.0570923873075,0.03076748491711459,113,32.756547619047616,0.10715552447994026,0.5878320490601808,-0.2747642178902703,0.3899908266903001,42.80382624913933,1.2526284171075837,0.10715552447994026
BTC_LONG_397efc9578c811cd_1d,277932,1d,5.0,97,4,60.456767972632086,0.03905479347114604,73,54.541952255470875,0.5772952074619562,1.5493652527738304,-0.1843625261107683,3.1313044990233365,98.2744560908713,0.013957586573491523,308,89.28333333333333,0.0938641718361708,0.4570003120779959,-0.39774955467101947,0.235988125527397,19.619613985758278,1.6369662185016065,0.0938641718361708
BTC_LONG_9c3c0f20505d27cc_1d,756689,1d,5.0,97,4,28.075195859938507,0.04795195635841842,101,75.462153120583,0.6347074462089599,1.6299176797505757,-0.1484874985611374,4.274484063367995,77.38595124558182,0.01033376904564651,381,110.44464285714285,0.00044195341693797907,0.15454426517050757,-0.33815088690857054,0.001306971041768921,9.28753095678738,1.4635766180784744,0.00044195341693797907
BTC_LONG_94f51eac99fa4963_1d,721185,1d,5.0,95,3,-3.491174727307686,0.07296996663398712,129,96.3823539856951,0.9993275658663239,1.6473989162582303,-0.2153848693589987,4.6397296562214265,89.37391396515912,0.03531000871804113,417,120.88035714285714,-0.17914757680685067,-0.3672912897476035,-0.6348472450175066,-0.28219005156415305,-5.919002184989372,1.2541751902095895,-0.17914757680685067
BTC_LONG_02d97d1886377b5f_1d,13629,1d,5.0,99,3,-200.99058291614986,0.08072547122860221,39,29.13885120497759,0.6805321978076497,1.7430247175962739,-0.1545864095465218,4.402277016485384,201.486470444028,0.04728119504140714,81,23.48035714285714,0.033371135940005514,0.2610345034954253,-0.42922647436582717,0.07774715198849429,30.44314993802257,0.8058092948717948,0.033371135940005514
BTC_LONG_a1c80b161142a390_1d,783656,1d,5.0,95,4,25.689338038742616,0.07218131237977159,137,102.35955423287,1.1707237112858508,1.6722140995152328,-0.2169814556686821,5.395501231559056,95.56336569658293,0.03709883913176326,461,133.63511904761904,0.4831687561906157,1.2406299821609625,-0.6008648546141624,0.8041221790228957,39.70604463177809,1.3055461216995585,0.4831687561906157
BTC_LONG_749514cfbadcd79c_1d,564402,1d,5.0,99,3,-37.880210701692896,0.07226232747444579,42,31.380301297668176,0.7274597095086626,1.7918586284457312,-0.17099518746256792,4.254270078027247,196.77324616156366,0.033620614028139144,155,44.93154761904762,0.09745158949231958,0.5072050402706715,-0.3312057630625994,0.2942327711667891,32.0750006336005,1.4318392673427396,0.09745158949231958
BTC_LONG_5caebfeccc5225ce_1d,448462,1d,5.0,97,4,96.59462851843222,0.10499666791711804,43,32.12745132856504,1.0931395369426955,2.733287876077053,-0.06802789558157518,16.068989457888858,246.92477015494632,-0.0003501101241938044,245,71.02083333333333,-0.05543933012596147,-0.07999629701043307,-0.49616214732515407,-0.11173631528491018,2.00159740919354,2.210596558283089,-0.05543933012596147
BTC_LONG_37866cb05e8f6108_1d,268224,1d,5.0,97,3,-38.37186052417597,0.040937709128111094,60,44.82900185381168,0.21539231743388743,0.7622890813620641,-0.1389531754108111,1.5501071983212056,58.87354549461536,0.02367108000865798,311,90.1529761904762,-0.0028900916981665636,0.11344081928457435,-0.39667933430981916,-0.007285712786613961,8.144556175384665,2.011041345164609,-0.0028900916981665636
BTC_LONG_0556d8f7b5033209_1d,25667,1d,5.0,99,3,-84.0311884840124,0.02186048689009362,36,26.897401112287007,0.16570335729424768,0.8411807691437371,-0.13544614797588117,1.22338921977873,70.25344935686965,0.018833002818014838,94,27.248809523809523,0.10873942083625199,0.5821927862564874,-0.27916282779249235,0.3895196996538533,51.83802460658011,1.0130647719478738,0.10873942083625199
BTC_LONG_3c44602338f74b78_1d,291279,1d,5.0,99,2,-38.661194841070966,0.016276972202029873,22,16.43730067973095,0.02596049158374636,0.25992153643081173,-0.16019829916165673,0.16205222976524566,25.999798977895143,0.03318830598912775,60,17.392857142857142,-0.03543763561933322,-0.1908447363407278,-0.3022903848786953,-0.11723044262077281,-10.203002262580899,1.0581334175084174,-0.03543763561933322
BTC_LONG_5a4dd66de5275f44_1d,436995,1d,5.0,95,3,-9.237581479845588,0.08599064671325661,90,67.24350278071752,1.300756162449125,2.2590531138222225,-0.18287859138041263,7.112675970602668,141.1690456542336,0.025547933759751125,491,142.33154761904763,-0.13809270207421398,-0.22124604699870687,-0.6760023621997129,-0.2042784312540863,-0.7023692663100087,2.116658736282579,-0.13809270207421398
BTC_LONG_114b71bdd58e7799_1d,83691,1d,5.0,97,2,-101.56071491464903,0.049382189807924304,54,40.346101668430514,0.30612169879563234,0.9210255986942932,-0.31611600692053055,0.96838404919049,87.01039103201911,0.02591626338002145,113,32.756547619047616,0.1500983364037478,0.7764573190876315,-0.19883004158304873,0.7549077353134973,54.56683574017928,0.8118887888660263,0.1500983364037478
BTC_LONG_4cc8dce1c3ee6c28_1d,371376,1d,5.0,99,3,-45.27531470145242,0.05718918024121584,46,34.36890142125562,0.1722182555916203,0.7756928349263341,-0.21523659604759304,0.800134636739653,59.55631368074638,0.03338422839121333,135,39.13392857142857,0.05127518227538941,0.33219333166649107,-0.373557244691996,0.13726191367983406,24.142469537430607,1.1386435688405796,0.05127518227538941
BTC_LONG_83aea740c669eba3_1d,637216,1d,5.0,99,4,92.0384805547303,0.07208981949668954,45,33.62175139035876,0.8003542594223141,1.8477011598698805,-0.24296563361476764,3.2941047979291995,197.270224467627,0.03643084286204146,165,47.83035714285714,0.08688581930148453,0.4491811465435071,-0.3081124834476977,0.28199383007548107,29.500194235146168,1.4226015946502055,0.08688581930148453
BTC_LONG_8738e2a0ec5968ef_1d,654296,1d,5.0,99,3,-37.28704514964776,0.05417840962532649,31,23.1616509578027,0.4228990699187587,1.3759635354245037,-0.1426597494552363,2.9643895459907266,173.92028381457678,0.022025302986119953,144,41.74285714285714,-0.09195578147014938,-0.27688225786943255,-0.46541471393270517,-0.1975781571088132,-11.0665175645942,1.8022401433691757,-0.09195578147014938
BTC_LONG_8a7646dc5ccbd0f9_1d,670320,1d,5.0,99,4,186.9806315503969,0.07310466218238587,35,26.150251081390145,0.7500813245789624,1.9592848223933954,-0.13072835615609502,5.737709450605609,236.28396574124568,0.027265641638504198,152,44.06190476190476,0.5451220504221299,1.7880513068155437,-0.23533417432839576,2.316374372646118,111.34572684942587,1.6849514991181658,0.5451220504221299
BTC_LONG_4a5320eb6a3bcada_1d,359597,1d,5.0,99,3,-117.34630036201362,0.07625656851502859,49,36.610351513946206,0.51028058341795,1.394860747620452,-0.14233442134159968,3.5850820806956256,132.6599962114629,0.03483533593258253,102,29.567857142857143,0.1318351225415797,0.7179032944184868,-0.25171045540286263,0.5237570379449576,53.55670277533846,0.8076365268329554,0.1318351225415797
BTC_LONG_5ab4485f186d497e_1d,438885,1d,5.0,99,4,19.12879816859625,0.06565995819090795,31,23.1616509578027,0.9452184366721736,2.078728349087615,-0.09988905190829545,9.462683032970869,316.84224871271107,0.028417407217946517,80,23.19047619047619,0.09917006198892864,0.5733990274564028,-0.21438346524805751,0.46258260577223875,54.22993420014509,1.0012445240939865,0.09917006198892864
BTC_LONG_4f7dbb4e25c401ae_1d,384390,1d,5.0,99,4,123.00064133748461,0.0743972034115609,59,44.08185182291482,1.1283186002450645,2.7652025017982416,-0.06009157550073618,18.77665198229395,185.3494194301745,-0.011346607888645645,217,62.90416666666667,-0.03453525928607748,-0.01737019364958691,-0.33829586026080527,-0.10208596481036723,4.312673587243978,1.4269855749110691,-0.03453525928607748
BTC_LONG_3d6009aa7bd17e8f_1d,296650,1d,5.0,99,3,-226.62303898306868,0.06885781309788463,29,21.66735089600898,0.41095457773912347,1.4624313264783566,-0.14126345065596146,2.9091359147100144,178.0864164859234,0.007872486447308327,204,59.135714285714286,-0.06460426642038608,-0.18549032215424646,-0.394785377708025,-0.16364402044334592,-2.0175321976286265,2.7292544699872283,-0.06460426642038608
BTC_LONG_b699cd3e8c21896c_1d,885152,1d,5.0,97,4,28.134187015700093,0.051878010376448916,97,72.47355299699555,0.5550658766320555,1.6016969603478242,-0.28789946901001495,1.927985065553375,72.43467677207454,-0.020878687943625657,402,116.53214285714286,0.11810970312649549,0.510383399295621,-0.26285776519486914,0.4493293285018043,18.810237068123033,1.6079264509354714,0.11810970312649549
BTC_LONG_3bf312a1be80dfa7_1d,289683,1d,5.0,95,4,27.48651256192039,0.020299459402394193,140,104.60100432556058,0.5975340358801431,1.6312354406007938,-0.23936082047228124,2.4963736116092545,54.56889905122592,-0.010378421205129695,552,160.0142857142857,0.15494966966090606,0.5837132956643447,-0.3869557284146251,0.40043255153694657,17.7927353302887,1.529758597883598,0.15494966966090606
BTC_LONG_0162323f5501c525_1d,6528,1d,5.0,95,3,-12.382515605780519,0.06962796087956077,151,112.81965466542606,0.5326876863750578,1.127518060192129,-0.30544114617408724,1.7439945241413237,52.96964284658179,0.01418391352336543,555,160.88392857142856,0.11900807433221527,0.48360075132494534,-0.42954955558768915,0.27705318928661005,16.368722895764634,1.4260274865096882,0.11900807433221527
BTC_LONG_4e3f46e04d62e267_1d,378418,1d,5.0,95,3,-120.92374718556366,0.07937216846479037,96,71.72640296609869,0.5478537665262293,1.278125125038711,-0.22673172441956846,2.416308383525644,76.94741452591715,0.027921122102525668,304,88.12380952380953,-0.2500846137426769,-0.7846588430219684,-0.7413489512379379,-0.3373372462793322,-22.246504579936694,1.2286104681069958,-0.2500846137426769
BTC_LONG_baff2e90c1784c1e_1d,906395,1d,5.0,99,2,-269.836160837508,0.026957986073523944,27,20.173050834215257,-0.12202964026966734,-0.5323153075079285,-0.336416172144992,-0.3627341678956914,-48.83361658646446,0.012689694696616337,93,26.958928571428572,0.04910553007699758,0.33787513862403035,-0.27998101177341717,0.17538878713938527,30.445558546187552,1.3363833161865568,-0.12202964026966734
BTC_LONG_064b6e8f9f1f68b7_1d,30333,1d,5.0,99,2,-198.5123231695024,0.06532158284269837,24,17.931600741524672,0.4533675655369993,1.3417087905434755,-0.08828984804939488,5.134990891403019,237.53109985786153,0.02125138082282037,153,44.35178571428571,0.0419762188713968,0.32696169965615896,-0.1942445808392994,0.21609981956780647,17.503099123104914,2.4733868634259255,0.0419762188713968
BTC_LONG_b0a04f451dd77131_1d,856271,1d,5.0,95,3,-99.58921068543545,0.06427935783892554,114,85.1751035222422,0.8426410134047775,1.7199334559204356,-0.2599314341596083,3.2417818803991296,86.13063141059465,0.033145093657895815,428,124.06904761904762,0.08099312619581478,0.39844448999069726,-0.5946796298415824,0.13619623429406966,16.094570442844166,1.4566351256226986,0.08099312619581478
BTC_LONG_272646e4d2ccb318_1d,189068,1d,5.0,99,4,151.2688497959146,0.0688249243772386,32,23.90880098869956,0.8295945173962862,1.7622004620181304,-0.14329409329002762,5.789453691696731,286.11273748537377,0.026505051439644677,147,42.6125,-0.08267697771500859,-0.27707401116390834,-0.4569993387927709,-0.18091268563628923,-9.475825513627733,1.7822934751157407,-0.08267697771500859
BTC_LONG_b494b3674e36a18b_1d,875268,1d,5.0,97,4,57.818166183259414,0.057031151880030995,26,19.425900803318395,0.20949220271696323,0.9449757484156386,-0.19496975603007927,1.0744856380937537,116.11058449970017,0.03823044538328737,161,46.670833333333334,0.030605615630173277,0.24505632844463632,-0.32836604025076144,0.09320578829284801,17.745791927864747,2.4025054902659067,0.030605615630173277
BTC_LONG_8e42f37d1caee67c_1d,688696,1d,5.0,97,4,95.07590454202445,0.050647493466328686,41,30.633151266771314,0.6391282880209543,1.5079565069698497,-0.14977376750154892,4.267291253218589,188.07660484424616,0.03918122971531384,167,48.41011904761905,0.1020964833272966,0.5514958354945972,-0.24448800927929049,0.41759300845984165,30.06571657076514,1.5803179576934658,0.1020964833272966
BTC_LONG_286fccd727df237f_1d,195193,1d,5.0,99,4,5.7455560911355095,0.08149222981568513,35,26.150251081390145,0.9751105916898042,2.1964321992504505,-0.07202273994935682,13.538926627554833,284.5552414170314,0.027837311986483013,118,34.20595238095238,-0.04785866695441965,-0.1824870888525555,-0.34902437521162855,-0.13712127390931042,-4.577647924484429,1.3080544532627867,-0.04785866695441965
BTC_LONG_3fc88102a54ee0ad_1d,308435,1d,5.0,99,4,10.047193177451923,0.04221433770501549,50,37.35750154484307,0.6349290935687841,2.2139852638912596,-0.12461772830041573,5.0950141864098315,143.67795729700214,0.005131706452982502,192,55.65714285714286,0.01479977347474759,0.18149701877490038,-0.3461271848537323,0.04275819445098406,12.898960107366262,1.4898518518518518,0.01479977347474759
BTC_LONG_32f1ca2ce61c4335_1d,245948,1d,5.0,99,3,-161.51195499296722,0.06142018887953833,17,12.701550525246642,0.7963155630719287,2.59369306120063,-0.016151195499296778,49.30381550434457,486.78495281127124,0.045361692773529534,89,25.79940476190476,-0.06318815089929564,-0.2814236709302873,-0.40174933959026027,-0.1572825258748167,-14.179873530718853,2.0312012073347856,-0.06318815089929564
BTC_LONG_510b9be392244bfe_1d,391807,1d,5.0,99,2,-212.32746378869683,-0.016710572263072054,14,10.46010043255606,0.036755630572502085,0.3226329794086685,-0.1205394498009571,0.30492615183821953,49.499232419636385,0.053310769056342716,49,14.204166666666666,0.02036942379080431,0.21938672961143071,-0.19385974883903856,0.10507299175197533,25.320537945937016,1.3579378858024689,0.02036942379080431
BTC_LONG_85148b200b11ac48_1d,644098,1d,5.0,99,4,44.76453461172147,0.06785779459564613,49,36.610351513946206,0.8415043285407178,2.17574737585167,-0.09623751455600826,8.744036381477615,183.85297937908513,0.01267219232124565,136,39.423809523809524,0.08491078005291408,0.463563150889452,-0.38169941860111,0.2224545700491333,32.746120396841235,1.0768487024439404,0.08491078005291408
BTC_LONG_a70ab9df53d4b694_1d,809568,1d,5.0,99,4,116.06354372167476,0.022908548641750983,24,17.931600741524672,0.3414262880688914,2.039259587116118,-0.027949226434076158,12.215947689078753,174.79566434712416,0.01513480539016398,183,53.04821428571429,0.10179843958611401,0.5545849663964462,-0.3036376080712233,0.3352629479357362,27.820816424879546,2.9583646797839505,0.10179843958611401
BTC_LONG_5f3c27e21caaec62_1d,460779,1d,5.0,97,3,-9.975768288966014,0.13241760490978324,89,66.49635274982066,0.6387290340471048,1.4996405312299852,-0.1790560621569116,3.56720139130151,89.63323366822463,0.00804743652265104,406,117.69166666666666,-0.16539248729853628,-0.4348292899669484,-0.6034485244361012,-0.27407886605255855,-6.349715789496026,1.7698965702593978,-0.16539248729853628
BTC_LONG_110acf71418c051c_1d,82482,1d,5.0,95,4,8.78116805587198,0.08035862055238513,129,96.3823539856951,0.7987137613197421,1.5968179041233974,-0.16253645612737777,4.914059161556963,75.10525281153515,0.00599209461793014,391,113.34345238095239,0.2601030637256787,0.9134624146215166,-0.3608693732558529,0.7207679093932644,29.418543740731057,1.1759772167193034,0.2601030637256787
BTC_LONG_ba4ac39aaafb9647_1d,903056,1d,5.0,99,4,4.605078496262848,0.053654905857350006,23,17.18445071062781,0.725966591279781,1.9635141613251845,-0.07468630276257449,9.72021059320083,345.7302744421244,-0.0022062195381429483,56,16.233333333333334,0.009298611399519485,0.13736721701375407,-0.23835378363162918,0.039011805299849135,15.05201989248302,0.9446524422973699,0.009298611399519485
BTC_LONG_55a0720c34cf5981_1d,414253,1d,5.0,97,4,51.58532085470312,0.028284907264412906,76,56.78340234816146,0.8279067935237574,2.267305516885355,-0.11374758115440986,7.278456254818219,118.12474250543833,0.006042521104375183,233,67.5422619047619,0.22617142764442133,0.86988059329544,-0.21349532378125236,1.0593741522702245,40.80642002138166,1.1894719074886289,0.22617142764442133
BTC_LONG_83ad40e065e4118c_1d,637184,1d,5.0,99,3,69.71689985725821,0.010410070383993006,66,49.311902039192844,0.6325033024354583,2.3540689048365193,-0.09123136922212871,6.932958562700612,109.14970575035596,0.0057563635309655185,203,58.84583333333333,0.06986717186981162,0.4164881276890894,-0.2593645466965817,0.26937826607252496,20.499803529708338,1.1933393541900486,0.06986717186981162
BTC_LONG_35652d2286210bb6_1d,257942,1d,5.0,99,4,45.783497631592326,0.01633386013454855,34,25.403101050493284,0.33068406473276446,1.4388914654465828,-0.12230803215507857,2.7036986770703555,126.24692811818164,0.0015287916958779371,206,59.71547619047619,-0.06655955658452684,-0.24846680563609821,-0.4694458126523092,-0.14178325760000668,-3.260017467843148,2.35071600399419,-0.06655955658452684
BTC_LONG_8ab224327a051b5d_1d,671446,1d,5.0,99,3,-18.63796909631544,0.05380871748636647,27,20.173050834215257,0.2159466125425904,0.9018785208045953,-0.22863679351933008,0.9444963307024913,117.28022211615064,0.013369309679097508,71,20.58154761904762,-0.024014984092196268,-0.010468372013524192,-0.4609252465585494,-0.05210168952883718,3.9384623254006517,1.020249628486511,-0.024014984092196268
BTC_LONG_54879ac8d9d107ae_1d,408850,1d,5.0,99,4,98.56271178924986,0.06729035231010388,25,18.678750772421534,0.5428428728456474,1.6521447573065087,-0.11371566786632314,4.773685834425021,258.09663552276504,0.05066904331452979,58,16.813095238095237,0.11452477331295285,0.7609825535640269,-0.19813446738796914,0.5780153994544559,76.85010981459317,0.9001188271604937,0.11452477331295285
BTC_LONG_ac8c67a4714cadd4_1d,836409,1d,5.0,99,3,-63.69728473369418,0.031666703556295125,30,22.41450092690584,0.2171757161457808,0.9309943668654241,-0.15125419028187437,1.4358327246409264,105.8042267664112,0.01284507877707266,63,18.2625,0.0327753866959577,0.2760358295817891,-0.20614069681499636,0.15899522608760944,30.147278636104943,0.8147627314814814,0.0327753866959577
BTC_LONG_a58874e09a151be4_1d,802126,1d,5.0,99,3,-87.78800681963769,0.004068843381176464,29,21.66735089600898,0.6081705809570952,1.5184595787358899,-0.19406892157586075,3.1337865744740783,250.3822236808403,-0.02758114582963197,122,35.36547619047619,-0.03538918574739136,-0.05841600868997618,-0.2815783952500239,-0.12568146684680118,1.4217258072436894,1.6322012026394208,-0.03538918574739136
BTC_LONG_7e6b601ca3b2c13b_1d,612049,1d,5.0,97,3,-40.14959021534564,0.0476872935281141,72,53.79480222457401,0.4773509817079946,1.6213127860408496,-0.17337879289412683,2.75322589193182,83.84146697081728,0.013132581787011932,278,80.58690476190476,0.024099982500127126,0.22300358324951455,-0.3113284738968941,0.07741014562037318,12.703221966256514,1.4980425883058985,0.024099982500127126
BTC_LONG_8c3cdd28c6e50771_1d,678991,1d,5.0,97,3,-126.76123526884952,0.022381415484419603,76,56.78340234816146,0.3606182756238132,0.9624563242552385,-0.3412134224265563,1.0568701344139932,73.55851084331957,0.005891952189060595,357,103.4875,-0.35205619503354535,-1.1784348520599273,-0.7801981948854897,-0.4512394380574245,-31.805458134902235,1.822495583576998,-0.35205619503354535
BTC_LONG_540e2a1c33cb9a58_1d,406549,1d,5.0,97,3,-261.98232087470797,0.03669116394825509,78,58.27770240995518,0.6326845679779518,1.5407361117208664,-0.1751938223519688,3.6113406253952984,99.31833521050278,0.02034307777729995,408,118.27142857142857,-0.12424928074855845,-0.2855799892794945,-0.5764872360199829,-0.21552824240544258,-2.3486983463266666,2.029445631528965,-0.12424928074855845
BTC_LONG_15f81af95184d3fb_1d,106268,1d,5.0,99,1,-582.4738038750504,0.023887749935969035,12,8.965800370762336,0.051762805632703746,0.42787723761910346,-0.07432807400204544,0.6964098872154185,72.11930373454578,0.051196404221379714,77,22.320833333333333,0.12065839632685171,0.7528402187951678,-0.1337493673485428,0.90212311817837,62.3896021686635,2.48955279063786,0.051762805632703746
BTC_LONG_30f7615e4b7e23b2_1d,236394,1d,5.0,99,3,-44.81383217068052,0.05271585017113923,49,36.610351513946206,0.17354894806535714,0.5890464741310172,-0.30182502871361927,0.5749985307879343,72.83383062322923,0.03670314844591497,141,40.87321428571428,0.08696837562528015,0.45750253388050344,-0.3438935984283287,0.2528932670533713,33.14842712096163,1.1164387282690853,0.08696837562528015
BTC_LONG_670aa57894cb2960_1d,498636,1d,5.0,97,4,11.82202247208711,0.0416606676575437,115,85.92225355313906,0.6743668589721579,1.384333554084996,-0.1940886445727562,3.4745302099287123,76.72202636123166,0.02236373656981628,339,98.26964285714286,-0.20955982381753202,-0.47489326139569105,-0.7274735029949312,-0.28806523255458305,-12.289897445319578,1.1437042069243155,-0.20955982381753202
BTC_LONG_8c7000c082053190_1d,679973,1d,5.0,95,3,-8.97909827779806,0.0630044206252227,44,32.8746013594619,0.09606931658600493,0.5427478744215011,-0.1902448032243942,0.50497735001303,39.33560574831699,0.014409153233716153,224,64.93333333333334,-0.01741953033212762,0.02973856864133207,-0.3004191361041597,-0.05798409035464377,6.004630318245043,1.975182379349046,-0.01741953033212762
BTC_LONG_8c1603d14d9ca12a_1d,678220,1d,5.0,99,4,66.85586294248989,0.07559981953997529,34,25.403101050493284,0.5312928930576784,2.006638307777515,-0.08722947907264045,6.0907493510908575,182.32218361296398,0.029708786564995718,182,52.75833333333333,-0.016615399419865895,0.04594593117855461,-0.33885421164929364,-0.04903406494195343,7.06027620802679,2.076846178286129,-0.016615399419865895
BTC_LONG_6cd94770aa2b4f0d_1d,526946,1d,5.0,99,3,-14.181368528516016,0.08695298521057558,26,19.425900803318395,0.25694047920605056,1.0256390085035347,-0.07586220649998587,3.386936540082029,137.7481322387862,0.031244247167722033,165,47.83035714285714,-0.026116003587481562,-0.0023289018030273794,-0.4173494947206856,-0.06257586008330955,4.889004496979821,2.462195067663817,-0.026116003587481562
BTC_LONG_8ca815bd3ac5e332_1d,681041,1d,5.0,97,4,68.77299008958146,0.07222040681031695,41,30.633151266771314,0.7613361643144843,1.8284040232479535,-0.14002130290598647,5.437288101980188,207.9307645521474,0.04073318935372227,184,53.338095238095235,0.07590497050747191,0.424871869953126,-0.33108034333116354,0.22926450342462001,24.208014489220737,1.7411886479975909,0.07590497050747191
BTC_LONG_1d304d1a2eea9194_1d,141119,1d,5.0,97,3,-24.81147947511178,0.08942252796825693,79,59.024852440852044,0.07345783638356451,0.3814195950854494,-0.3864288524479206,0.19009407790911395,25.873485552366724,0.02705387031902291,234,67.83214285714286,0.041071255583301935,0.28434175993122185,-0.4876676916496461,0.08421975924705846,17.31405777600774,1.1492132559774964,0.041071255583301935
BTC_LONG_67856137165eb145_1d,501009,1d,5.0,99,3,-47.81873853496186,0.07604399183051021,27,20.173050834215257,0.33613957238861625,1.2269230992439388,-0.07290883583957564,4.610409266830679,163.50788476169416,0.029120322395231116,208,60.2952380952381,-0.14831143953991388,-0.6355422235126833,-0.44083672248671535,-0.3364316808801773,-17.667507236032016,2.9889003200731596,-0.14831143953991388
BTC_LONG_2393ab46af204641_1d,171881,1d,5.0,97,4,47.96337623344103,0.011267534482154989,62,46.3233019156054,0.733562913994378,2.0059421201982053,-0.13832001589344878,5.303374997870583,132.81544868247062,-0.008237825554917824,258,74.78928571428571,0.09119966324403639,0.4327660015540871,-0.4064471215349331,0.22438260332518556,22.917952515266204,1.6145067951015533,0.09119966324403639
BTC_LONG_2cea57b2645d72d7_1d,216866,1d,5.0,99,4,53.300817676778244,0.08999806197439755,21,15.690150648834088,0.4157869310436084,1.9048807232858733,-0.04435025790663005,9.375073577226058,237.64418031275997,0.026853296293684437,113,32.756547619047616,0.07510480583588341,0.4228610539185609,-0.32569207607162676,0.23060065427986107,36.21091106530853,2.0877140285126394,0.07510480583588341
BTC_LONG_3f0d561401f5949f_1d,304882,1d,5.0,97,3,-23.28216076373089,0.002594391917637557,86,64.25490265713007,0.03456820458825538,0.26011445777418707,-0.27892046187718633,0.1239357068162191,15.646987853802441,-0.001259733244161785,313,90.73273809523809,-0.05443202821577742,-0.12630453659523122,-0.36798151294306813,-0.1479205511723596,1.7798685791035604,1.4120749443726672,-0.05443202821577742
BTC_LONG_112acbae6242f1c5_1d,83060,1d,5.0,97,4,79.33889247892239,0.06062698885570666,110,82.18650339865475,1.80439543727659,2.4679516782724913,-0.1749034534746,10.31652263823727,142.67456187803973,0.04494573628720743,321,93.05178571428571,0.29664127951125185,0.9195572197949226,-0.36946427647117486,0.8028957017022874,39.4261984554948,1.1322027567340067,0.29664127951125185
BTC_LONG_3327ddfbab14e535_1d,246946,1d,5.0,99,4,141.24729040543414,0.06882490134417509,28,20.92020086511212,0.4789778292019178,1.7620258703706317,-0.09516666594594236,5.033042026227882,204.84989302922605,0.027633550224344987,72,20.87142857142857,0.23287410058585167,1.072212472048657,-0.23665436135631224,0.9840262366229164,115.9617513142602,0.9976686507936506,0.23287410058585167
BTC_LONG_3dc89d8a46754556_1d,298654,1d,5.0,99,3,-50.96589726209771,0.09101347945299779,60,44.82900185381168,0.6303664689851474,1.7335831234394063,-0.08433955141851546,7.474150127466294,123.92674332436081,0.005348000086542098,177,51.308928571428574,0.07612202568375737,0.4396716258423518,-0.28114699199269,0.27075525561993774,24.022361617596967,1.1445476466049382,0.07612202568375737
BTC_LONG_535b76ff51ebe011_1d,403154,1d,5.0,99,3,-185.5575669925713,0.055019565347778805,17,12.701550525246642,0.1853771149313752,0.9185456829726213,-0.09352400473454847,1.9821340569999726,155.07098451428496,0.04425025534204095,72,20.87142857142857,-0.06197635506889532,-0.2400887542916522,-0.4287010489279912,-0.14456777100003193,-16.8670934652932,1.643218954248366,-0.06197635506889532
BTC_LONG_a0f4ef91bb443b47_1d,779707,1d,5.0,95,3,-161.4479362092359,0.012603965234632464,96,71.72640296609869,-0.11205183903790505,-0.1605634398844892,-0.48677920319889767,-0.2301902757996848,-2.846971227018225,-0.011788995619807108,283,82.03630952380952,-0.1140184755364898,-0.29771483470181176,-0.49269152609253863,-0.23141959927899095,-5.0808263916624155,1.1437393502443414,-0.1140184755364898
BTC_LONG_58aa8f55223a7db7_1d,429071,1d,5.0,99,4,41.432641335276365,0.03202637712619493,34,25.403101050493284,0.3721738988570882,1.5195622409672962,-0.14093165983683165,2.640811151220279,139.17869298878549,0.04181520142817038,117,33.91607142857143,0.12596576068481835,0.7364471734153922,-0.16068975244778538,0.7839066198434137,44.74374445679298,1.3351154003267973,0.12596576068481835
BTC_LONG_a797c469d9fc2d55_1d,812217,1d,5.0,97,4,30.900401671216525,0.07425831215840646,108,80.69220333686103,0.42204398505244134,0.9422805078260248,-0.3176775222828778,1.3285295793658003,65.70538909169844,0.04223953754818368,324,93.92142857142856,-0.4082588943759776,-1.325252202566568,-0.8463964480612299,-0.4823494891916694,-44.19466616376273,1.1639467592592592,-0.4082588943759776
BTC_LONG_ad5e42f96e18b876_1d,840388,1d,5.0,97,4,5.802196385573866,0.03915447658872008,113,84.42795349134533,1.0363923225777412,1.5327823559123317,-0.2848814684888811,3.6379773246577165,107.92839964127214,0.020868465051676725,315,91.3125,-0.011486495826300014,0.11118865614661247,-0.46954481025846384,-0.024463045007306547,8.627982870678919,1.081543448869223,-0.011486495826300014
BTC_LONG_9b217049ea470c51_1d,751375,1d,5.0,99,3,-60.005931530004666,0.05120051735386812,45,33.62175139035876,0.3332801698197352,0.9078290229485159,-0.2289474049229968,1.455706256779059,113.39380921552244,0.03130648205560553,127,36.81488095238095,-0.04802161000546945,-0.056660896007235124,-0.34571787106899976,-0.1389040429324092,0.9848600592009249,1.0949721364883402,-0.04802161000546945
BTC_LONG_6d8e95bfed6d9283_1d,530296,1d,5.0,95,2,-38.13894797894292,0.007682779023713485,140,104.60100432556058,0.08009574717004386,0.3893223792596183,-0.42351196808798397,0.18912274789222508,18.993732492449567,0.007574441970159444,541,156.82559523809525,-0.28926774732671423,-0.7491774039748436,-0.7462105156512339,-0.3876489827729968,-12.454894663667627,1.4992742779982364,-0.28926774732671423
BTC_LONG_94144505e3d507ed_1d,717022,1d,5.0,99,4,10.296426857811518,0.06808227151178109,17,12.701550525246642,0.27745533990180515,1.4788558694961198,-0.07290883583957564,3.8055104941231233,209.50208707387944,0.0273679622949433,94,27.248809523809523,0.025037348181737418,0.23716697024152703,-0.3108944813134914,0.08053326670823381,18.390660934470908,2.1453136347131445,0.025037348181737418
BTC_LONG_743f64123cf5aa59_2d,562709,2d,5.0,95,4,45.796924932874454,0.06154562799070441,98,73.22070302789241,1.8826362618499912,2.7405514106724826,-0.15633021489279653,12.042689656257489,161.05537292368157,-0.00773406073808739,327,94.79107142857143,-0.07963269389461824,-0.025115299843706324,-0.6056711202847853,-0.13147843974659898,3.9854029225973107,1.2945938444822374,-0.07963269389461824
BTC_LONG_3fd0b267d5e6a082_2d,308578,2d,5.0,95,3,-230.27714602347038,0.0896201106753033,34,25.403101050493284,0.6823308197516436,1.7953900242631426,-0.11521803770103423,5.922083324506392,228.78912538082062,0.004661444158215465,193,55.947023809523806,-0.08803978088368092,-0.13252130268686274,-0.5053906068986223,-0.17420145859842043,-2.4767303774684084,2.202369848402324,-0.08803978088368092
BTC_LONG_c5384017ac052099_2d,955790,2d,5.0,97,3,123.41731230515477,0.04059137163542672,66,49.311902039192844,1.2658333509410178,2.4115450386757824,-0.19082950704976598,6.633320865891584,184.0662061568002,0.005586930657295787,310,89.86309523809524,-0.04574952236414376,0.06696783783171101,-0.5866286178691013,-0.07798719832374797,7.853163135859214,1.8223408857089414,-0.04574952236414376
BTC_LONG_904f896d222fb0c8_2d,698678,2d,5.0,97,4,20.149014150494658,0.035394060805217786,88,65.7492027189238,0.2810917925030678,0.7804314522465712,-0.29310155372297364,0.9590252556925819,57.63446707576384,-0.013946584386004409,320,92.76190476190476,-0.10637086419844377,-0.10539343761922254,-0.5818783704747174,-0.18280601169564453,0.6331682897870415,1.41084455667789,-0.10637086419844377
BTC_LONG_c9d2e592c009ee5c_2d,978095,2d,5.0,97,4,2.97769026953293,0.06350982119342882,72,53.79480222457401,0.8602232306694979,1.7420921949605641,-0.16603853612439523,5.180864941046114,134.93669887585227,0.009213780607839624,324,93.92142857142856,0.3020035585093779,0.863742183273609,-0.6088168290892866,0.49604995144621283,41.27579816425118,1.7459201388888888,0.3020035585093779
BTC_LONG_12711bdda6357a58_2d,89216,2d,5.0,95,4,0.9707085294753488,0.04988905502294307,94,70.23210290430497,0.3955058910466056,1.0245654525125383,-0.311124322429409,1.271214953425385,64.02137116073855,-0.021576253233213393,374,108.41547619047618,-0.010607218916134031,0.17127375315667445,-0.5667412704785226,-0.01871615756371144,11.316143478680232,1.5436740707906487,-0.010607218916134031
BTC_LONG_80ff23b2edbc57f7_2d,624381,2d,5.0,99,3,-134.49862473588846,0.02557204849229533,18,13.448700556143503,0.3701274381398556,1.6851190817969215,-0.09984114833355207,3.707163272034128,253.02632892023064,0.01318947328004054,101,29.27797619047619,0.15409181550769602,0.7509657123580268,-0.2033902721101355,0.7576164479698201,62.32555418408963,2.1770115312071328,0.15409181550769602
BTC_LONG_c3e025d52b46fb1b_2d,949269,2d,5.0,97,3,-57.01756725626252,0.04985971168693461,55,41.093251699327375,0.29785447560207,0.9787722937761841,-0.23022790473029942,1.2937375074102846,80.45455414526903,-0.007959898305647977,218,63.194047619047616,0.344643380565006,1.0222232144382424,-0.3357802813715981,1.026395532093796,61.33083521859293,1.5378205667789,0.29785447560207
BTC_LONG_618010b07f5aeded_2d,471852,2d,5.0,97,3,-25.686885376901056,0.013826616466810347,34,25.403101050493284,0.34023135371703406,1.2286032761832868,-0.17059625750678764,1.994365871147537,133.67332930129376,0.03201603108941076,233,67.5422619047619,0.27608093222791985,0.8596577982565892,-0.3266263675907052,0.8452499847589656,50.2080365227723,2.6588195579157587,0.27608093222791985
BTC_LONG_bdbf1b3c7b72942c_2d,919710,2d,5.0,97,4,14.259790542543763,0.06056872986933676,74,55.289102286367736,0.5917137908092098,1.523016379613909,-0.19366385884295267,3.0553650760880826,99.4913607253724,0.00781010170798495,306,88.70357142857142,-0.14846916453353998,-0.27681632645720833,-0.47649932244365856,-0.3115831598083647,-6.0430994507357205,1.6043590465465465,-0.14846916453353998
BTC_LONG_6eceee78a3b0f50d_2d,536462,2d,5.0,95,4,4.651916987558431,0.03475546141788892,99,73.96785305878927,0.26399161284126227,0.7347848026878238,-0.37539108158787626,0.7032442319210074,51.29244492448147,0.005095889829957763,388,112.47380952380952,-0.027301770840297945,0.13537520521766333,-0.6080391442606019,-0.04490133751750129,9.901747479383669,1.5205769110861702,-0.027301770840297945
BTC_LONG_6e9ade2c60f40894_2d,535471,2d,5.0,99,3,-88.95262535921343,0.01938924347379499,26,19.425900803318395,0.35779241748628565,1.1429066717110778,-0.13327652887874653,2.6845868548377423,184.8484429252767,0.007540078080363563,121,35.07559523809524,-0.12884531342017524,-0.40340032508147844,-0.4722453497497313,-0.2728355366303923,-24.843368367864397,1.8056097162867994,-0.12884531342017524
BTC_LONG_3bb854247e6cfa13_2d,288562,2d,5.0,95,3,-69.013456686738,0.013594294672100158,99,73.96785305878927,0.4007112190048072,0.9662335129668934,-0.3343986055422544,1.198304096857765,63.931092189275645,-0.00562378631131648,378,109.575,-0.0739333998315459,0.0489110857081567,-0.6508885339567279,-0.11358841948268382,6.971231831799212,1.4813867845117845,-0.0739333998315459
BTC_LONG_774a2fa3bbfb3bcf_2d,577815,2d,5.0,95,3,-16.954600690634656,0.026479502740573906,86,64.25490265713007,0.4924000772019459,1.2278692655035106,-0.3104914466454387,1.5858732423126463,78.62478452063546,0.0181417383391286,284,82.32619047619048,0.16139063051855862,0.5727319662821488,-0.6232188819209563,0.25896299871579953,32.81399124350363,1.2812437194946884,0.16139063051855862
BTC_LONG_a800262f87cb7ffd_2d,814192,2d,5.0,99,3,130.34711369501045,0.013153449275282144,18,13.448700556143503,0.7287587229710577,2.261859091972886,-0.06547153783389614,11.130924170743432,435.228830974982,0.014711871091480642,92,26.669047619047618,0.23318066238494528,0.9853373427717196,-0.2767514926371887,0.8425633414401735,94.39718931661362,1.983020404663923,0.23318066238494528
BTC_LONG_ae8aa8d84b5efcc8_2d,846121,2d,5.0,97,3,-6.691921004277094,0.05879324447503545,58,43.33470179201796,0.6142709846385286,1.4154437381304148,-0.20717254960372034,2.965021117969085,132.7199699690327,0.011818833251468283,265,76.81845238095238,0.18646261485919635,0.6411508816439021,-0.5386826263360533,0.34614558878101437,36.50463080071235,1.7726775356534694,0.18646261485919635
BTC_LONG_923be91acba5cecc_2d,708027,2d,5.0,99,3,10.518525140596177,0.012096223575521143,30,22.41450092690584,0.4321525135606996,1.6482608940849675,-0.08779603800821201,4.922232521703066,177.1394629626529,0.026221590985065345,90,26.089285714285715,0.2729440647199206,1.0687395751202102,-0.18126898740592245,1.5057405495883678,109.32516606028477,1.1639467592592592,0.2729440647199206
BTC_LONG_149214ecb27245d8_2d,99534,2d,5.0,97,4,35.488092768879156,0.06940927757957571,56,41.84040173022424,0.7817683244881486,2.164873106852219,-0.10088220569219863,7.749318317577228,152.7242142738813,0.001945709839397928,283,82.03630952380952,0.32892220310436193,0.9632747584367986,-0.28205571978148625,1.1661603719973628,47.587225383238874,1.9606960289902995,0.32892220310436193
BTC_LONG_b7b1719b2bdf9edc_2d,890441,2d,5.0,95,3,-73.05196753059408,0.033372158528457464,101,75.462153120583,0.09950873675278604,0.4369300733125155,-0.43872177003803636,0.2268151332999929,28.105270232587195,0.018970427179350303,401,116.2422619047619,-0.04440320940131215,0.11825347988493129,-0.5287674326024221,-0.08397493238714406,9.487066377717849,1.5404047870064783,-0.04440320940131215
BTC_LONG_790892343612d4b6_2d,586211,2d,5.0,95,3,-12.363199126114438,0.007918521274914627,129,96.3823539856951,1.9054129305656984,2.0992035970991614,-0.3934864094107636,4.842385619922701,133.44223224494905,0.010339719199341174,386,111.89404761904761,-0.10876202636238597,-0.0637788433920808,-0.6214426116264573,-0.17501539857032156,2.594508442091771,1.1609391448942483,-0.10876202636238597
BTC_LONG_97dc91972074dd96_2d,735326,2d,5.0,95,3,-98.5968704124393,0.00687233061621118,104,77.70360321327358,0.20944101845886398,0.6458137235395798,-0.4436912709720635,0.4720422333304168,42.32987557603861,0.0066233683796851515,395,114.50297619047619,-0.12692805602000312,-0.09320686757568285,-0.624851186662533,-0.20313325593243034,1.4473939772901716,1.473586442010921,-0.12692805602000312
BTC_LONG_530dd8923f972441_2d,401667,2d,5.0,95,4,57.048799419560474,0.11028783938189081,69,51.55335213188343,1.729162355932644,2.782129789304693,-0.1383277153354786,12.500476507827816,213.67731844670755,-0.027051352418663015,286,82.90595238095239,0.08965154636975248,0.41683230408395067,-0.5410947769908594,0.1656854772620859,23.50927640372003,1.6081583243871893,0.08965154636975248
BTC_LONG_6360988c96987bed_2d,480963,2d,5.0,95,4,88.54999134472331,0.030825228718833655,45,33.62175139035876,0.6957060456368862,1.6252577449003585,-0.16873952252419555,4.122958481982956,181.03607462237855,0.024750757283198054,169,48.98988095238095,0.34123529300922906,1.117808559253312,-0.4019088982649418,0.8490364221403325,74.37793644106439,1.457088906035665,0.34123529300922906
BTC_LONG_b15d23c39f337dcf_2d,859893,2d,5.0,97,4,91.76974714476701,0.023489629048335205,93,69.4849528734081,1.7569254377804349,2.386565308409105,-0.13620102354239194,12.899502456628749,166.30091937519276,-0.01072926299276248,266,77.10833333333333,0.0045754890465787845,0.1975402129834663,-0.5406911232132172,0.008462297326776117,14.485173025583588,1.1097126808708349,0.0045754890465787845
BTC_LONG_8f16db3515fd7b2b_2d,692643,2d,5.0,99,3,205.82012549044651,0.03943255599811253,19,14.195850587040365,0.3837044616025711,1.778377492240283,-0.09970905587668588,3.8482408466199254,246.75598169659074,0.07746317566280819,80,23.19047619047619,0.2370067310404398,1.028127454898229,-0.18669678425118197,1.2694740940024483,108.02525191575695,1.633609486679662,0.2370067310404398
BTC_LONG_2d24ec694be6b36b_2d,217923,2d,5.0,95,3,-66.97633017513623,0.0514080591599983,103,76.95645318237672,0.4164693732315947,0.9949692015716605,-0.32267791416795,1.2906658774756656,63.534129244034176,-0.014400919575258759,411,119.14107142857142,-0.1448410605428141,-0.12074073308792992,-0.5194802046322329,-0.27881921053248726,0.39670198783885163,1.5481621943545485,-0.1448410605428141
BTC_LONG_686d90c08d5e4c4a_2d,505366,2d,5.0,99,4,56.01498678001877,0.008789477800215042,24,17.931600741524672,0.42722598235349873,1.6725476363210257,-0.09488080882132344,4.502764970712226,217.03446439069353,0.017129867838906607,80,23.19047619047619,0.12234373614392102,0.5649101700916115,-0.30785284087164344,0.39740980072661136,70.061147630992,1.2932741769547325,0.12234373614392102
BTC_LONG_3cd945806cc1e41e_2d,294062,2d,5.0,99,3,-50.85862228923384,-0.0026359508928861736,37,27.644551143183868,0.40523149614817244,1.5369702083320789,-0.13188583792810027,3.0725929524676565,138.10132886858756,0.019911338492572782,173,50.14940476190476,0.340365820927627,1.2130656187709248,-0.305986207049335,1.1123567438212956,70.57130317370691,1.8140791833500167,0.340365820927627
BTC_LONG_19ae923f15850dee_2d,124215,2d,5.0,95,4,48.0232613429092,-0.0031448562613370064,115,85.92225355313906,1.1182859349129162,1.7698844869260664,-0.22466496621727117,4.977571508997239,105.88109413936873,-0.0057112516104552554,403,116.82202380952381,-0.3042479650118842,-0.5307372761008196,-0.7809591855106621,-0.38958241436514923,-16.42604142561103,1.3596247651637143,-0.3042479650118842
BTC_LONG_58f6d93893c24e4c_2d,430545,2d,5.0,99,3,35.37911589519296,-0.004493953544402203,31,23.1616509578027,0.2520289176608035,1.096229147226995,-0.19958700479932956,1.2627521411737228,113.03900377808989,0.005669249441710668,69,20.001785714285713,0.2026529525589018,0.8891645270122771,-0.16937186544064453,1.1964971397798088,110.5209898904447,0.8635734020310634,0.2026529525589018
BTC_LONG_8d60620db04a6e02_2d,684467,2d,5.0,99,2,-181.27540095916788,0.01820356159502625,24,17.931600741524672,0.07847477173350192,0.5147330751369507,-0.13136183342894092,0.5973940046745175,55.88621848878673,-0.016915520690793745,134,38.84404761904762,-0.10228336461071608,-0.30467037539004876,-0.5826840420952586,-0.17553829729559428,-14.631278950178743,2.166234246399177,-0.10228336461071608
BTC_LONG_46ca7f72d5f6f068_2d,342429,2d,5.0,97,2,-363.7091331451675,0.053260898290622645,65,48.56475200829598,0.38597470843137516,1.080859964645406,-0.30967862173367733,1.2463718233779542,85.23559591542923,0.023752798692181505,223,64.64345238095238,0.3437937124340724,1.0231937997398952,-0.3017535024258441,1.139319708537798,59.901992302180815,1.3310775759734095,0.3437937124340724
BTC_LONG_7befe6e1149ef56c_2d,600059,2d,5.0,99,3,135.70424462546765,0.0122877137568559,34,25.403101050493284,0.6262155691750622,2.416978735675297,-0.10909778014824001,5.739947855255829,205.0504170594039,0.007224444274864789,153,44.35178571428571,0.0454409998103793,0.3017638668679272,-0.2500509521135744,0.18172696175033864,22.341702225885655,1.7459201388888888,0.0454409998103793
BTC_LONG_6e6fadb75ad48781_2d,534634,2d,5.0,97,3,18.37290566676878,0.026502310455083312,72,53.79480222457401,0.41702170412376005,1.2292344718262174,-0.23778252503070552,1.7537945821288123,79.52348068088243,0.024230273220236822,235,68.12202380952381,0.3853746971363352,1.1224286948628086,-0.28691038099845145,1.3431884053662568,61.232650489982596,1.2663309649348422,0.3853746971363352
BTC_LONG_0947bb4cbd3cd5f1_2d,44866,2d,5.0,97,3,-9.486959972057143,0.0348721891158294,68,50.80620210098657,0.12220053583560242,0.49195626517295965,-0.24913050451852148,0.4905081217242808,41.825825528402014,0.02506736701273496,286,82.90595238095239,-0.1052403851884185,-0.1400066878371047,-0.6099535025343643,-0.17253837341886455,-0.9495659807481264,1.6318077115105303,-0.1052403851884185
BTC_LONG_299b9cde2f81800a_2d,200843,2d,5.0,99,4,44.75898551694398,0.06635547416555754,33,24.655951019596422,0.8119663239073724,2.473175854067713,-0.06635957446808494,12.235857906199815,258.6115794750384,0.00952089081920506,136,39.423809523809524,-0.00916475651484705,0.10118267466229801,-0.3612648923843308,-0.025368522400170415,12.101169690229295,1.598957164234942,-0.00916475651484705
BTC_LONG_22a764b98e745970_2d,167458,2d,5.0,95,4,21.37925072570962,0.048700749575774006,80,59.772002471748905,0.9040664340461062,1.7269333985702264,-0.2292115379373807,3.944244876072042,127.21138085207394,0.014373887109177325,373,108.12559523809523,0.13347325411549393,0.5010725096963579,-0.44974799365469675,0.29677342867252626,24.864936240971222,1.8089672550154319,0.13347325411549393
BTC_LONG_8087245326c808e7_2d,622123,2d,5.0,95,3,-49.12009294765979,-0.025057405457026418,60,44.82900185381168,0.17253969325681084,0.6168808284047033,-0.21951116033859708,0.7860178634683881,54.77461408328938,0.012417888632710773,204,59.135714285714286,0.20483506510214533,0.6964738566688452,-0.4481496529857534,0.4570684451889044,47.366483533709605,1.319139660493827,0.17253969325681084
BTC_LONG_08933dc41a0e9792_2d,41483,2d,5.0,99,4,148.17017450200865,0.0771003321185022,32,23.90880098869956,0.9216837274501548,2.1930470854609996,-0.11902470047681901,7.743634083999732,298.7044236989897,-0.02088421398784628,154,44.641666666666666,-0.024468716281550562,0.04524149432332679,-0.4526669940804018,-0.054054562407977284,7.74844961303349,1.867164592978395,-0.024468716281550562
BTC_LONG_bc16b6bea9830967_2d,911643,2d,5.0,99,3,120.48732037081575,0.03136059174843647,19,14.195850587040365,0.5104652284956286,2.1507264768456067,-0.057411585751233285,8.891327801107863,309.0781929524322,0.012633231028702535,91,26.379166666666666,0.27511275972591065,1.3548171454183848,-0.14772524101420692,1.862327370983627,103.91131023928139,1.8582307910981157,0.27511275972591065
BTC_LONG_b973cc2fef6a3344_2d,898974,2d,5.0,99,3,-92.88814622628846,0.04434342801066852,34,25.403101050493284,0.4650675545558447,1.4030568867554454,-0.1739102454713901,2.6741814623702127,173.04190367482894,0.006462495555345921,175,50.729166666666664,-0.19432478305708012,-0.6625838036456194,-0.6458956301075022,-0.3008609657642937,-30.32238734156586,1.9969674791212781,-0.19432478305708012
BTC_LONG_26b9aae3bc04b3bb_2d,187054,2d,5.0,99,3,-69.8994253435605,0.03339857923278183,23,17.18445071062781,0.2923637811570501,1.614917013673266,-0.0811548159939508,3.6025438241255157,162.1906444009616,0.05755641917750812,153,44.35178571428571,-0.02392884196354772,0.047175794647168666,-0.2944349486440099,-0.08127038612009058,7.881791820487641,2.5809254227053136,-0.02392884196354772
BTC_LONG_31b399471eb8f71e_2d,239934,2d,5.0,95,4,55.96000185808654,0.09945570392670738,14,10.46010043255606,0.45966680351271094,1.7088585625238557,-0.06448741765571464,7.128007605557717,390.9495907664867,0.03107216606868056,86,24.929761904761904,-0.0038771376861364004,0.07440414496310693,-0.3570161724845612,-0.010859837690697509,10.678408859074617,2.383319554673721,-0.0038771376861364004
BTC_LONG_25e9a00db8b7a09a_2d,183122,2d,5.0,99,3,-80.78848158827115,0.041454733298149235,29,21.66735089600898,0.5223382083876116,1.7109829608683873,-0.18115007031002606,2.883455730895744,214.6935894243136,0.010096148571047507,124,35.945238095238096,0.010658552961120282,0.16145475083999503,-0.31195110824442684,0.034167382898889584,15.400115338984573,1.6589585994040017,0.010658552961120282
BTC_LONG_a5f930c24f4c99ba_2d,804294,2d,5.0,99,4,198.24840063285748,0.03128346002035121,23,17.18445071062781,0.6621371247412262,2.1405795684059337,-0.09243326208617808,7.163407520161925,318.4245467818677,0.023369186880273642,120,34.785714285714285,0.06977061622849878,0.38383596376861867,-0.3331165241696761,0.20944807947431768,34.974071502498624,2.024255233494364,0.06977061622849878
BTC_LONG_08115a49150b44a2_2d,39054,2d,5.0,97,3,-12.501805825976469,0.037383418843892194,54,40.346101668430514,0.4454981600295942,1.2207846221618022,-0.23276988906833174,1.9138994386804649,111.65035313513776,0.022263844920553055,258,74.78928571428571,0.16924406050080454,0.6200267273196208,-0.5410610287227725,0.3128003155213779,34.15467107408746,1.8536929869684498,0.16924406050080454
BTC_LONG_ac1d6d98aba0a2cd_2d,834234,2d,5.0,97,3,-15.987726801878924,0.04886930266681099,44,32.8746013594619,0.7333654912268337,2.124802852080936,-0.09706976579600646,7.555035135945543,183.43191853312342,-0.012755217154734315,164,47.54047619047619,0.3385670043718165,1.1187386696524035,-0.28273582305517286,1.1974676597869554,75.81428220532275,1.4461156705948373,0.3385670043718165
BTC_LONG_b6f845fa5c1e5105_2d,886949,2d,5.0,95,3,-52.23500675785079,0.05361578238370305,104,77.70360321327358,0.1781067320398495,0.585478881915418,-0.41205152261558187,0.43224383909390834,39.951905432280554,-0.0045781778091088165,392,113.63333333333333,-0.029855119128902152,0.14039980516472186,-0.4074671544107631,-0.07327000177983804,10.248470587032735,1.4623946462488127,-0.029855119128902152
BTC_LONG_48df320c21f3e28c_2d,352669,2d,5.0,97,4,15.634315226094671,0.033561861066471715,74,55.289102286367736,1.063975429056077,2.1070045025419915,-0.1569985431888029,6.776976444784995,148.6523336073708,0.02740085223734868,333,96.53035714285714,0.1927704572560558,0.6342191506911506,-0.5647198885164713,0.34135588488386176,31.62228679665079,1.745920138888889,0.1927704572560558
BTC_LONG_badf975a8a9aa8bf_2d,905791,2d,5.0,95,4,67.21911484999214,0.07021537826623073,104,77.70360321327358,1.2695856802048748,2.1632961931326933,-0.21750749709557227,5.8369743441396045,121.58765348436833,-0.0009615744267994608,390,113.05357142857143,-0.056128514372435045,0.08491645656774428,-0.5383907956668843,-0.10425236617002484,8.261041028931231,1.454933449074074,-0.056128514372435045
BTC_LONG_8fe1057c548131bf_2d,696461,2d,5.0,99,3,-1.6951734448710971,0.03019266990221225,38,28.39170117408073,0.2767174045250389,0.9748064667830124,-0.13080963540504098,2.115420654359343,105.82510706121249,-0.007306218124337365,147,42.6125,0.008630906276005046,0.16911863102874847,-0.46570141643333285,0.01853313297199429,15.691050673531855,1.5008787158869394,0.008630906276005046
BTC_LONG_b3f70ae50ff9f4ec_2d,872361,2d,5.0,99,2,-118.46625520595178,0.03138395737095858,23,17.18445071062781,0.3717870291283798,1.256880908150224,-0.09849397922905567,3.7747183334298957,210.57678271406243,-0.000662785998089252,86,24.929761904761904,-0.14099992594058774,-0.5917226252911795,-0.5147475948274716,-0.27392051435975495,-46.235988579443756,1.4507162506709608,-0.14099992594058774
BTC_LONG_978f94cff6100d1d_2d,733847,2d,5.0,97,3,-23.257281671846666,0.018660631427515093,87,65.00205268802694,0.3838118840800706,0.994308512542457,-0.2957848111945557,1.2976051154554185,67.51095085967953,-0.004135458623665204,324,93.92142857142856,0.4119182855692778,1.101849894455905,-0.38391313310677966,1.072946586213056,49.24865585453582,1.4448994252873562,0.3838118840800706
BTC_LONG_83e9c6c3d6a599d4_2d,638358,2d,5.0,97,4,34.45151634033291,0.04834066097060905,74,55.289102286367736,0.656962019641665,1.642693310936468,-0.22474651039503002,2.9231244502392633,106.92875601684776,-0.010785805867412226,248,71.89047619047619,0.010649061398639414,0.20791311371835003,-0.5556683739373316,0.019164418739873106,15.276115712713864,1.3002648481815149,0.010649061398639414
BTC_LONG_714eeb8170324d0c_2d,548517,2d,5.0,99,2,-8.067536593494628,-0.0018562979380616017,39,29.13885120497759,0.33186841992828087,1.1479406716836236,-0.22880951101284774,1.4504135709185897,117.32167507420307,-0.006004563657999823,152,44.06190476190476,0.18725862573254992,0.722613861971556,-0.28815592462644135,0.6498517286268108,54.05509002373454,1.512135960747072,0.18725862573254992
BTC_LONG_2691bb20df1f0e22_2d,186343,2d,5.0,95,4,43.858965938458944,0.052646913565981064,91,67.99065281161438,1.0641723384547817,1.7979864655138784,-0.2170782144926141,4.902253047096945,126.97734824986203,0.028199949442600538,335,97.11011904761905,0.21262429246799175,0.6694091003727192,-0.606894944548948,0.350347773330056,33.8304361700092,1.4282863163071495,0.21262429246799175
BTC_LONG_10c7ab50de9ca177_2d,81196,2d,5.0,97,4,104.01109721192455,0.017613813881461906,70,52.30050216278029,1.2548797919715144,2.6896465180490425,-0.18093858483498193,6.935390774256244,170.12105328762132,0.003503134238217905,278,80.58690476190476,-0.004114291409897275,0.16415245048540558,-0.5245668717965822,-0.00784321624392004,12.203733334702042,1.5408438051146385,-0.004114291409897275
BTC_LONG_cb7b3d51ad348881_2d,986239,2d,5.0,99,3,-24.245333183097284,0.02025615142147265,48,35.863201483049345,0.5238339609616622,1.522787577495723,-0.16035373298730515,3.2667400452918236,135.30292140188666,0.004830093359453483,171,49.56964285714286,0.08367657771829706,0.4283860901963843,-0.3118844583483742,0.26829351536597096,28.285282261044394,1.3821867766203704,0.08367657771829706
BTC_LONG_63f9d270f73d012f_2d,483919,2d,5.0,99,3,87.58321750575655,0.0665715328037316,29,21.66735089600898,0.8114763612067462,2.603966872351968,-0.05981321203943202,13.56684139737853,291.73779292615524,-0.003806294789703152,153,44.35178571428571,-0.08928228232474,-0.16600732805529686,-0.5125003088981144,-0.17420922636456287,-6.130647621905486,2.046940852490421,-0.08928228232474
BTC_LONG_2e2c9684414f720e_2d,222876,2d,5.0,95,2,-51.394810521029555,-0.02461739426887726,76,56.78340234816146,0.4305204792506354,1.0048348366003756,-0.30757271963556654,1.399735580453123,85.8160910342609,0.005034811781171441,296,85.8047619047619,-0.28078966943482053,-0.6283251173477233,-0.7146891719383708,-0.3928836205441121,-24.026710336629304,1.5110887751786874,-0.28078966943482053
BTC_LONG_33e719411d64153b_2d,250594,2d,5.0,99,3,-53.254954882093195,0.02144145680888592,21,15.690150648834088,0.4783926089811985,1.2203286276927585,-0.09925935257201213,4.819622499896191,294.68054585876587,0.028040479938643257,56,16.233333333333334,-0.020447468334780172,-0.026644692536233857,-0.2489465777650549,-0.08213596876225233,2.1030769903908935,1.034619341563786,-0.020447468334780172
BTC_LONG_bc8cc20c800b4673_2d,913913,2d,5.0,95,3,-53.46614693651767,0.021241774145597202,82,61.26630253354263,0.417619178364508,0.9761776476014208,-0.27633065495158027,1.511302386764454,79.52884124315638,0.02805449015931961,319,92.4720238095238,0.19051532685862882,0.6399362865669751,-0.38662467109912235,0.4927655711080702,32.32697442758615,1.5093455943239986,0.19051532685862882
BTC_LONG_5bc79ccb148e1cf3_2d,444076,2d,5.0,97,3,-204.19123497723217,-0.010357578645755044,37,27.644551143183868,0.3606347156406675,1.2127128638491462,-0.22540410987048998,1.5999473827157664,131.08575204170793,0.02897634445541785,160,46.38095238095238,-0.03137565308731083,0.034833826914067334,-0.5030775414214406,-0.062367429479477925,7.197050409031798,1.677761094427761,-0.03137565308731083
BTC_LONG_2435c7e18590c059_2d,174919,2d,5.0,99,3,31.306877655228426,0.09239201438521961,32,23.90880098869956,0.37264842138410126,1.6286817010214494,-0.10043499854607107,3.710344270211362,146.27889126397253,0.0015665591626017918,148,42.90238095238095,0.09004352997754284,0.4618389157745158,-0.3216020025493931,0.2799843572606907,32.53338378807651,1.7944179205246915,0.09004352997754284
BTC_LONG_9fa3366415bbf4eb_2d,773406,2d,5.0,97,3,-134.20346912620872,-0.01074193172307274,38,28.39170117408073,0.3449229592435832,0.9397183247232584,-0.1717031335563588,2.0088332233632054,133.6873813921383,0.0022386193376695046,78,22.610714285714284,-0.08379935419649842,-0.2065262563091283,-0.5181834495957206,-0.1617175428159226,-18.63704323304247,0.7963846247563352,-0.08379935419649842
BTC_LONG_77435018950d1062_2d,577681,2d,5.0,95,4,13.290241129783759,0.026271122281788895,97,72.47355299699555,0.8545127204163474,1.5834511264980138,-0.3103593226748308,2.753301280115359,104.35712074244614,0.004355176730222603,363,105.22678571428571,0.014175472565019387,0.238810528614733,-0.6338389261591232,0.022364471445322186,14.393049736353221,1.4519335862924778,0.014175472565019387
BTC_LONG_8669faca8da753ea_2d,650387,2d,5.0,99,4,91.38849109857807,-0.006074594879370872,33,24.655951019596422,0.8008096470027675,2.206507257396652,-0.09830163152257354,8.14645326429677,259.1302252713813,0.006964407497524285,127,36.81488095238095,-0.06964558868543635,-0.17449387552903856,-0.30123598994671186,-0.23119942838754606,-6.622849157912117,1.4931438224841003,-0.06964558868543635
BTC_LONG_100d31a146d52f58_2d,77663,2d,5.0,99,2,-308.96363373970115,0.008889340507825314,23,17.18445071062781,-0.008203949061848737,0.07034176901487782,-0.17768633015024604,-0.04617096348892868,14.004008054345569,0.0018136104980515891,119,34.49583333333333,0.03905763132836837,0.28127116389872586,-0.28982504927598995,0.13476278681203707,25.682619167891396,2.007386439881911,-0.008203949061848737
BTC_LONG_b7da1ac3b3e9cd0c_2d,891233,2d,5.0,95,4,5.084565875561397,-0.011264724528468275,107,79.94505330596417,0.7832865891536474,1.3892561087996815,-0.27388386242751916,2.8599223853904023,93.37598138246813,-0.002937995460184208,359,104.0672619047619,-0.18985316507277838,-0.2552919825207796,-0.742757000179328,-0.25560602596399773,-5.8212336320552485,1.3017348491404177,-0.18985316507277838
BTC_LONG_0499858c849813c0_2d,22136,2d,5.0,99,4,175.73077681168684,0.012352846632429146,31,23.1616509578027,0.9024108195610774,3.011817771505094,-0.03621842226639693,24.915795970448016,292.98946181965255,0.018546575302362187,126,36.525,0.123448547016489,0.5711800826448351,-0.3942547779815624,0.3131187087915575,46.604624586325755,1.5769601254480288,0.123448547016489
BTC_LONG_09ea97ee62d22743_2d,48012,2d,5.0,99,3,174.14019261651765,0.0005904814774067189,26,19.425900803318395,0.6873374369301519,2.8954556319501705,-0.035817309388367136,19.19009129014553,283.03719138254917,0.01032327527262639,150,43.482142857142854,0.20357559923342894,0.7410525012812035,-0.31190365407878407,0.6526874455340865,59.384011013192236,2.238359152421652,0.20357559923342894
BTC_LONG_b8537df0b8a5b34e_2d,893542,2d,5.0,97,3,-36.291718733809496,0.02056536832509312,82,61.26630253354263,0.6196467939662849,1.4092149262542226,-0.3372272432928006,1.8374754895714962,96.59162667291362,0.002847701844912642,335,97.11011904761905,-0.2142009175693086,-0.43884801248718613,-0.7760764284013983,-0.2760049264871123,-12.281907582342036,1.5850494485847637,-0.2142009175693086
BTC_LONG_92b741e5d787f118_2d,710429,2d,5.0,95,3,-53.86694226155818,0.006831818891854709,111,82.93365342955161,0.22607712601974073,0.6645489307465198,-0.2875378754709723,0.7862516395429228,43.84219156465166,0.008604408766239684,355,102.90773809523809,0.0028884326335059107,0.21328652983340854,-0.4083904359637255,0.0070727234997307094,13.472363433325606,1.2408441427538648,0.0028884326335059107
BTC_LONG_97fd5951c57c0145_2d,735989,2d,5.0,97,3,-6.17158732060628,0.05766447188786109,73,54.541952255470875,0.14418256684815822,0.59022671336163,-0.3359118674450181,0.42922736831189195,38.25295538776826,0.012653929366793264,308,89.28333333333333,-0.09638665242147848,-0.06929122422564865,-0.7699629799314279,-0.12518348925043457,2.02654121004975,1.6369662185016065,-0.09638665242147848
BTC_LONG_66525c595861414a_2d,495201,2d,5.0,95,3,-26.45887461716434,0.03668228218169971,94,70.23210290430497,0.3673940217376104,0.9505972578948363,-0.3820510974283293,0.9616358236126555,61.80575053592782,-0.015376622248321056,338,97.9797619047619,0.008341020111069408,0.21525648711085466,-0.5336708984407912,0.01562952024447856,13.56115846869983,1.3950851228001049,0.008341020111069408
BTC_LONG_98a3c5cbec5bb4ad_2d,739237,2d,5.0,97,1,-113.6165622890128,-0.016454413455290667,69,51.55335213188343,-0.03746613351393446,0.09532139602866625,-0.46010256661785376,-0.08142995982252935,12.055471131833073,-0.014328949450081863,284,82.32619047619048,-0.46116396691645845,-1.4922847936863504,-0.8952583388195631,-0.5151183149263073,-61.64236092958753,1.596912461978887,-0.46116396691645845
BTC_LONG_c0eba8626a442f38_2d,935086,2d,5.0,97,4,43.205875241581225,0.043244253283575264,65,48.56475200829598,0.4556535095743752,1.320801744354529,-0.13654401414557893,3.3370449259575143,92.7120133843392,0.003943023223346632,293,84.93511904761904,0.03575502447854162,0.27716512848843594,-0.5306558454782058,0.06737893266081074,16.829864797494565,1.7489046177587844,0.03575502447854162
BTC_LONG_334b9f2c4b4604e5_2d,247619,2d,5.0,95,4,23.352432880182995,-0.0032916922678419987,66,49.311902039192844,0.5326432739126685,1.5900259728913742,-0.10356986053965189,5.142840505310376,100.20873308109127,0.018367390841835755,274,79.42738095238096,0.0017478021627623797,0.18901682471913978,-0.47500393427281884,0.003679553023993541,13.902518408961647,1.610714202207258,0.0017478021627623797
BTC_LONG_5115271e12cdc605_2d,391993,2d,5.0,99,3,-18.489936239637903,0.035482582957181305,16,11.95440049434978,0.34955580706710654,1.7873338010489674,-0.06375561808154373,5.482745169531931,268.29219656228196,0.027429595654993807,80,23.19047619047619,0.15592583763133727,0.7459817969092798,-0.266232427263818,0.5856756039594887,78.55527045357525,1.9399112654320987,0.15592583763133727
BTC_LONG_a5adbcb4dbca23f6_2d,802828,2d,5.0,97,3,-35.522380702032564,0.04093371966721899,84,62.76060259533635,0.34261809910241126,0.9465839563974573,-0.32868626501425025,1.042386420033575,63.888490338542034,-0.030305789319076806,314,91.02261904761905,-0.25673706619883374,-0.5333900823400252,-0.7484333645838724,-0.3430326310233097,-18.58150106956109,1.450314612727807,-0.25673706619883374
BTC_LONG_394cd095e09a5ac6_2d,276960,2d,5.0,95,3,-58.992165108063666,0.04680236168166446,84,62.76060259533635,0.843575823480798,1.7345540839528644,-0.4159620885310602,2.0280113181944643,114.71923341233736,0.002770891516872668,372,107.83571428571429,0.024304583920684797,0.26303301027315246,-0.5806999096630128,0.04185394816883826,15.32126609774575,1.7182071208112875,0.024304583920684797
BTC_LONG_a3eccea9d5b77e13_2d,794297,2d,5.0,99,3,-554.896711095957,0.018812228536364554,22,16.43730067973095,0.0019649615669392606,0.1629218801851251,-0.331581831906375,0.005926023014114008,34.938635491865405,0.010227402011405635,55,15.943452380952381,0.03296744655230932,0.2810731132411576,-0.24804679370813976,0.13290817454024395,33.27248804485646,0.9699556327160493,0.0019649615669392606
BTC_LONG_94798d88e7bde11f_2d,718929,2d,5.0,99,3,-17.021761737483917,0.04471052196138445,30,22.41450092690584,0.5567512689980725,1.6993173553902943,-0.21070299523292346,2.642350994501084,219.852453034187,-0.01453744675214427,60,17.392857142857142,0.02117798602862364,0.20984163232065428,-0.2058203649731859,0.10289548379424306,24.808591484995848,0.7759645061728394,0.02117798602862364
BTC_LONG_a433633e6f8afaa1_2d,795699,2d,5.0,95,3,-30.275998363046536,0.016384787571587078,49,36.610351513946206,0.576759214568672,1.3450218075144726,-0.16914835922751015,3.4097830874783224,149.21313448195133,-0.012988139440264945,104,30.14761904761905,0.01821608218141324,0.20039302390527844,-0.25112654893303843,0.07253746072969156,22.04399496768211,0.8234725371630134,0.01821608218141324
BTC_LONG_092f2528d9dd911a_2d,44397,2d,5.0,99,3,-154.53653795721112,0.0072849947295097585,22,16.43730067973095,0.14241644339417636,0.6174665064096856,-0.19105327077026502,0.7454279260438689,108.64640078719718,0.0037013415361409393,119,34.49583333333333,0.0990439598021271,0.4903592729751666,-0.4121858815220433,0.24028954955079007,42.41464550302903,2.098631278058361,0.0990439598021271
BTC_LONG_9d1e3108e19448a4_2d,761047,2d,5.0,99,3,290.70008256072646,0.06646450847364294,15,11.20725046345292,0.5945181666325252,1.5934759654999895,-0.07876895808461559,7.547620040801846,463.9929728492003,0.03363753953169451,64,18.55238095238095,-0.11747743514249509,-0.4683181667172788,-0.4640152556923016,-0.2531758033843544,-49.51672288972715,1.6553909465020573,-0.11747743514249509
BTC_LONG_1e07d38860e4d722_2d,145250,2d,5.0,99,3,90.5356109708258,0.020034735435522654,40,29.886001235874453,0.29538751137329733,1.1083754767828378,-0.1313067860212478,2.2495982144098656,103.05859827031574,0.0012789795555265496,163,47.25059523809524,0.20919123659029637,0.9063338543112529,-0.2602679355204217,0.8037533942550612,51.215344646547685,1.5810276813271604,0.20919123659029637
BTC_LONG_2a4c6971460e8657_2d,204197,2d,5.0,95,3,-92.1659890737913,0.033519445653593626,87,65.00205268802694,0.02116765171931756,0.24212370317792126,-0.3760209036847848,0.05629381641256367,18.924812206414177,0.011758464571912866,343,99.42916666666666,0.10470080891687616,0.4451832580213927,-0.4889045360148626,0.21415389141264438,24.57170300607785,1.5296311817085282,0.02116765171931756
BTC_LONG_954a8265f137e39f_2d,722774,2d,5.0,95,4,47.75238573948759,0.025375647607270933,106,79.1979032750673,0.9001703545697708,1.5255288739900918,-0.2263643344919689,3.9766439204746167,101.70294876037953,-0.012941976628507287,366,106.09642857142858,-0.3153722305284451,-0.6294372014035708,-0.8109449926195729,-0.38889472578122347,-21.335954477814788,1.3396368361285813,-0.3153722305284451
BTC_LONG_690d80e470b8a00c_2d,508412,2d,5.0,95,4,43.15477604996993,0.005979719410238085,107,79.94505330596417,1.3021480481597116,2.022826754758191,-0.2565995292029609,5.074631478102829,122.96290430077511,0.00041451772478255883,372,107.83571428571429,-0.01866270882343468,0.18228275534004185,-0.6099840333747575,-0.030595405457061898,12.631505286439102,1.3488728798892349,-0.01866270882343468
BTC_LONG_71b5a806d530eba6_2d,550454,2d,5.0,99,3,77.28431342354304,-0.002269519346127996,19,14.195850587040365,0.13701800945493936,0.6059270558702133,-0.19258793080875547,0.7114568855875065,121.86555177678262,-0.0028155634356762916,82,23.770238095238096,-0.13670534105575383,-0.6138277907769152,-0.3988362453861912,-0.3427605756427245,-47.88383918452097,1.6744497238466536,-0.13670534105575383
BTC_LONG_344c5eb5aff1c855_2d,252495,2d,5.0,95,4,46.34989800428597,0.053607119045069436,104,77.70360321327358,1.6128610308092597,2.200369867367903,-0.22455126702719597,7.1825959931632095,143.6077095325351,0.005279211259606713,347,100.58869047619048,0.054189827993797346,0.3294941807919593,-0.47158662824602837,0.11490959401318378,18.230976153539356,1.294517709817189,0.054189827993797346
BTC_LONG_a62a7f7a22bd70ca_2d,805214,2d,5.0,99,3,-150.266698486394,-0.0034593185549791883,24,17.931600741524672,0.27932873129980207,1.127366887940693,-0.1517718266839766,1.8404517979573898,158.48466785922315,-0.0059542218036113155,46,13.334523809523809,0.09230171865416792,0.532441011118146,-0.24971762895659166,0.3696243594808947,86.93426105011794,0.7436326517489711,0.09230171865416792
BTC_LONG_88fcae9510484a32_2d,663029,2d,5.0,97,4,64.81306376374677,0.04673772312984637,79,59.024852440852044,0.5947236137935643,1.6424369366615938,-0.16024673973451542,3.7112993049272456,92.24414776118098,0.005786201771021787,313,90.73273809523809,-0.14531400389888882,-0.2100240247850545,-0.6718078909766017,-0.21630291315519834,-3.9725967180846564,1.5371955090639162,-0.14531400389888882
BTC_LONG_28e9e4b2c9acdfe4_2d,197451,2d,5.0,97,4,104.52847708207025,0.019149726167415185,67,50.059052070089706,0.936730527371902,2.6035561854939515,-0.11532291438223463,8.122674772744073,144.0546672173493,-0.012617360050080389,304,88.12380952380953,0.11273879903461648,0.46975563139184673,-0.45297899247517237,0.24888306280736772,24.616486596136202,1.7603970886309195,0.11273879903461648
BTC_LONG_19ec377e06899c5b_2d,125346,2d,5.0,95,4,3.367855674501196,0.10042441514683986,65,48.56475200829598,0.8882717103911026,1.7479152474890156,-0.2516939148126026,3.529174358674745,152.52213095457782,-0.0015524022542933874,269,77.97797619047618,0.13667985637266344,0.5514777901621778,-0.38402924475315914,0.3559100204999142,28.3741305308686,1.6056496320037985,0.13667985637266344
BTC_LONG_3e29d3901d5f53f6_2d,300526,2d,5.0,97,4,117.17890088616167,0.09367522054936438,43,32.12745132856504,0.910622431857949,2.2709461253890604,-0.1317481278859587,6.911843427833636,220.7277540539143,0.04436431561295608,198,57.39642857142857,0.18029038255304997,0.7407618720156572,-0.24597326039313716,0.7329674057452149,40.32221012243288,1.7865229328165375,0.18029038255304997
BTC_LONG_54482f601a304a7a_2d,407659,2d,5.0,97,3,-327.60817571285963,0.043333025110954874,59,44.08185182291482,0.47320552904745283,1.2725955027063387,-0.16466198365716478,2.873799516667384,106.58993816960208,-0.004519658922066356,226,65.51309523809523,-0.36278868750803284,-1.0503399050710376,-0.8452261283276172,-0.42922086214473093,-53.3966915364424,1.4861693084327263,-0.36278868750803284
BTC_LONG_4631c5bb1bc9541e_2d,339503,2d,5.0,99,4,133.58487585542804,0.035775217341446716,25,18.678750772421534,0.5741896669547695,2.0425477339252023,-0.11131013421529568,5.1584671153497474,262.2567072509773,0.013777134824496934,77,22.320833333333333,0.04693204235975812,0.34279231135744037,-0.13866557812087954,0.33845488545719576,33.120084579558856,1.1949853395061727,0.04693204235975812
BTC_LONG_174a0d9c47e56af1_2d,112717,2d,5.0,95,4,117.11511796101227,0.056916807910469255,102,76.20930315147986,1.6838634055918487,2.338313457691964,-0.23581682969652706,7.140556540255479,148.65832796957295,0.010981917259937427,354,102.61785714285715,-0.11840624067723804,-0.10499144610082307,-0.7286484353902409,-0.162501193890334,0.8256360992888112,1.3465266430646332,-0.11840624067723804
BTC_LONG_36b9d49be942392f_2d,264328,2d,5.0,95,3,-4.274956308550216,0.01561774461219387,119,88.9108536767265,1.0756568045212442,1.682129969398488,-0.21381547984229832,5.030771417086384,101.56591778389179,0.00368151372763424,394,114.21309523809524,0.038450180638569975,0.30319855034119836,-0.6315398652047295,0.06088322013703028,16.426695035946366,1.284579896773524,0.038450180638569975
BTC_LONG_00ff531fbe2d25e1_2d,4725,2d,5.0,97,3,-214.00189616477195,0.0868371459325883,79,59.024852440852044,0.46155282669699593,1.0464082638220233,-0.3836084714112171,1.2031872627813391,87.419124157336,-0.015336929065796192,283,82.03630952380952,-0.27077820043756684,-0.6657829200255261,-0.7555814871960929,-0.3583706126024934,-25.037505678652106,1.3898604762462885,-0.27077820043756684
BTC_LONG_69d60b3a52f5b96b_2d,512187,2d,5.0,95,3,-177.9840576023732,0.012115433250464169,54,40.346101668430514,0.14024442751769928,0.5405907011743992,-0.2925708161287436,0.4793520740496064,53.326608086173636,0.024187921224141193,292,84.6452380952381,-0.04466017948560086,0.07003007074655568,-0.6503740377287035,-0.06866845368177253,8.164942189983494,2.0979781092821215,-0.04466017948560086
BTC_LONG_87d71b04d1c9b5af_2d,657416,2d,5.0,99,4,139.46921278700952,0.05691120953547775,29,21.66735089600898,0.7353256971963251,2.58028968984628,-0.07890963119221017,9.318579824624948,270.65754457869,0.055337187398345214,155,44.93154761904762,0.004779943654242169,0.1496671934350223,-0.42733658077315495,0.011185430569959862,13.669191341455923,2.073698249255002,0.004779943654242169
BTC_LONG_5103251e7ada49c0_2d,391634,2d,5.0,95,4,33.693925285168284,0.07563913535224409,110,82.18650339865475,1.6641885174800897,2.2893437419670133,-0.30362795023876543,5.481012259152735,137.64703476316748,0.003241526798991594,416,120.5904761904762,-0.1956237092543408,-0.2866576419618717,-0.7584926479878403,-0.2579111475546918,-5.273587590444323,1.4672783389450055,-0.1956237092543408
BTC_LONG_a67a467959c6c593_2d,806721,2d,5.0,97,4,121.04237300631205,0.05176757739342414,68,50.80620210098657,1.2773838960039838,2.9533998055613266,-0.07071932871264042,18.062726545305335,175.40481223501226,-0.012570928606015488,308,89.28333333333333,0.5310688384699223,1.342632101795693,-0.26039255765805014,2.0394931531312297,60.08550099123105,1.7573313816267249,0.5310688384699223
BTC_LONG_5caebfeccc5225ce_2d,448462,2d,5.0,97,4,153.17082078764446,0.058660469306685815,36,26.897401112287007,0.9498350833319609,2.102390190759531,-0.08771775251233072,10.828310759540265,274.11816773623366,0.010569588835358565,202,58.55595238095238,-0.12641236695567315,-0.25001571838558373,-0.611780201696955,-0.2066303659468396,-8.810127794669894,2.1770115312071328,-0.12641236695567315
BTC_LONG_5ee7921f50cc773d_2d,459210,2d,5.0,99,4,99.31045809035616,0.017834234597534155,36,26.897401112287007,0.535633428296538,1.7138435005329031,-0.19461950113098547,2.752208412742969,178.04861432443764,0.006770687140847242,123,35.65535714285714,0.09470905783811223,0.5094748066933271,-0.30120444982965167,0.3144344576970082,37.81475783802576,1.325606031378601,0.09470905783811223
BTC_LONG_1ca796f7757131ab_2d,138538,2d,5.0,95,4,92.2846759195538,0.042303591866351,88,65.7492027189238,1.2663686374375924,2.1828854416061856,-0.2352299910831811,5.383533926121624,142.23173478560037,0.015251560783353674,361,104.6470238095238,0.3440566705436312,0.9316214021140511,-0.3849326020597631,0.8938101597593813,40.999297284991194,1.5916090155022444,0.3440566705436312
BTC_LONG_57d288a43d2da9ee_2d,425055,2d,5.0,97,4,69.4335701966868,0.03575579340028994,74,55.289102286367736,0.8778398571479415,1.880671625279328,-0.1451532898831831,6.047674550500455,131.13069659130318,0.005475255675625662,299,86.67440476190475,0.0192673759727775,0.24651908107662232,-0.535077834864937,0.03600854813513425,16.030933873826378,1.5676580226059391,0.0192673759727775
BTC_LONG_a8c86c905220bdd3_2d,817959,2d,5.0,95,4,58.043349766371584,0.03382092898256861,30,22.41450092690584,0.3607154922775102,1.2826422195103142,-0.12074168290630516,2.9874976362340693,158.3659600403148,-0.016441135083446655,116,33.62619047619047,-0.0350538284265528,-0.021945648213498804,-0.5403475557496802,-0.06487274357689837,3.401144348340142,1.5001980452674895,-0.0350538284265528
BTC_LONG_81c364516a41a911_2d,628064,2d,5.0,97,3,-87.5519363933239,0.015987917871439078,67,50.059052070089706,0.5990904026601178,1.36476604945371,-0.307040271657372,1.9511785845755314,114.56011040453033,0.011911355548276653,188,54.49761904761905,0.4120705713252617,1.2373893382712762,-0.4021249884096545,1.0247325662474758,77.32889273340706,1.0886666206007003,0.4120705713252617
BTC_LONG_a6e96bb64c5fa92d_2d,808914,2d,5.0,99,3,-89.39549510677602,0.0034523754934156618,26,19.425900803318395,0.06792026005500107,0.394598210301408,-0.2591842925106417,0.262053920772272,53.19780370862512,-0.023492517128380904,75,21.741071428571427,0.07539181156444341,0.4723389894722095,-0.20870942223400757,0.3612285959946417,46.90155395982486,1.119179576210826,0.06792026005500107
BTC_LONG_afd20b9e613a4a3d_2d,852339,2d,5.0,97,3,-11.642461736434614,0.021733890304618832,55,41.093251699327375,0.5588218930003725,1.3299261582535178,-0.303105370391329,1.843655532328235,131.45111521831677,0.003923570886352129,183,53.04821428571429,0.2010513093263946,0.7418773534102,-0.6204163068370263,0.32405871204672837,48.76168050441983,1.2909227693602694,0.2010513093263946
BTC_LONG_4b0ad4189308ee4b_2d,363059,2d,5.0,95,4,67.55943150898234,0.021138867772647552,93,69.4849528734081,1.8087996248072873,2.8914382425325047,-0.13995413817406177,12.924231097459032,164.1611060337355,-0.008197093455600778,370,107.25595238095238,-0.1354270272276581,-0.13749629059705504,-0.5443620280340318,-0.24878117916628753,-0.4196074963719831,1.5435853079782291,-0.1354270272276581
BTC_LONG_2c0461b635a42940_2d,212546,2d,5.0,99,4,146.36618144376587,0.025808695974925577,37,27.644551143183868,0.7851955370839048,1.5903665302088816,-0.18293395625679887,4.292235040178455,244.99197079127404,0.005229440413202331,147,42.6125,0.06004647701255594,0.34409489963285145,-0.43905526216211677,0.1367629138912003,30.31193040308301,1.5414430055055055,0.06004647701255594
BTC_LONG_4f4a3e3ce0ad9628_2d,383397,2d,5.0,99,3,-136.26174035550832,-0.01781886654273398,15,11.20725046345292,0.019528423895908364,0.20104803459348902,-0.1491804729162689,0.13090469224393167,33.325751872597564,0.0035350367846065196,45,13.044642857142858,-0.013995910449821292,-0.013418479403697581,-0.2289658266216672,-0.06112663473116232,3.3975480242297205,1.1639467592592592,-0.013995910449821292
BTC_LONG_a823b5c777da9ae3_2d,814838,2d,5.0,95,3,-65.22576341525915,0.05593483658683811,102,76.20930315147986,1.3309158995635553,1.9851463800328748,-0.16546366022132364,8.043554081804588,131.2207261062198,0.013284711408981121,320,92.76190476190476,0.05442567418549382,0.3355001660003835,-0.6231043688024422,0.08734599998086308,19.830155653542235,1.21719922536916,0.05442567418549382
BTC_LONG_5aeda04dba5f0217_2d,439942,2d,5.0,99,4,24.61199294532646,0.10720566226033093,37,27.644551143183868,0.6738545388530124,2.017139027400184,-0.0985549895993576,6.837345745683126,204.3062547666705,-0.018206799005256367,75,21.741071428571427,-0.08569460167995624,-0.38193214201520653,-0.3351645375826864,-0.2556792025135268,-27.987139239217,0.7864505130130129,-0.08569460167995624
BTC_LONG_1bc49e50791f013e_2d,134164,2d,5.0,99,4,24.61199294532646,0.03023392027832157,27,20.173050834215257,0.7514818921527979,2.088993803874151,-0.09874212277055872,7.610550300796878,302.4223269645357,-0.0032090612611622134,111,32.176785714285714,0.020379156706174184,0.20067538935249107,-0.19702702422603058,0.10343330711220149,17.5038112118078,1.5950381515775034,0.020379156706174184
BTC_LONG_6cdd12992dc6035a_2d,527008,2d,5.0,99,4,0.8715799374844739,0.008763105949487867,47,35.11605145215248,0.40583331470160733,1.1939048789600037,-0.17598179823238458,2.3061096021175045,117.46956142026656,0.0022622914706414998,177,51.308928571428574,0.1345567759771391,0.5461663537169935,-0.4875117558868458,0.27600724362505524,40.11321402299418,1.4611246552403467,0.1345567759771391
BTC_LONG_14809347b098dae5_2d,99207,2d,5.0,97,3,-7.071515099103717,-0.002765813378776117,70,52.30050216278029,0.3779573077099079,1.0427737529706185,-0.2830407395468818,1.3353459587301015,79.81432965251639,-0.014920839724435045,300,86.96428571428571,-0.09829325681791656,-0.05800517870218648,-0.5428051668558032,-0.18108386363983947,2.311539637875615,1.6627810846560847,-0.09829325681791656
BTC_LONG_1ab3ec9281cba659_2d,129123,2d,5.0,95,3,-120.21288170018123,0.002378146461134132,95,70.97925293520183,0.08666962741797857,0.41749857806034296,-0.5796715316713181,0.1495150661756518,34.08192090795289,-0.0037030122712280516,255,73.91964285714286,-0.09497063166288577,-0.1054614104769632,-0.4681621445240435,-0.2028584172678839,-0.027643409099980327,1.0414260477582846,-0.09497063166288577
BTC_LONG_984deb44499cf3e8_2d,737550,2d,5.0,99,4,139.11021089585418,0.022041829906692574,36,26.897401112287007,0.5458929579310412,1.392704126247272,-0.17035492675885,3.2044447925113024,190.48014479787705,0.021516423947332775,61,17.682738095238093,0.11158548429587878,0.6105068996037758,-0.22169131139733944,0.5033372015914646,77.36215133260927,0.6574143732853223,0.11158548429587878
BTC_LONG_1f1f2a694a7d473d_2d,150527,2d,5.0,99,3,-83.02967880514073,0.0005652801717385172,42,31.380301297668176,0.7311778716168957,2.0296510542264583,-0.19236941067739288,3.800905086948022,193.12941969220086,-0.004660396860307492,183,53.04821428571429,-0.10062825476176729,-0.23728722738723762,-0.5230918194130402,-0.19237206744063015,-7.566110172408517,1.6904941027336862,-0.10062825476176729
BTC_LONG_cbe15b1817b1eb6b_2d,988046,2d,5.0,99,4,179.9864237045203,0.026612938739010706,16,11.95440049434978,0.6156137741233325,1.8076575075922603,-0.08771775251233072,7.018120693833259,438.1915638663451,-0.0008572503903702784,98,28.40833333333333,-0.012373259934548742,0.04416711582935338,-0.3584571856391727,-0.03451809708455339,8.25212011828201,2.376391300154321,-0.012373259934548742
BTC_LONG_8058f91c35dd5ad1_2d,621235,2d,5.0,97,3,-129.76982849314544,0.03462915599308765,46,34.36890142125562,0.29677549783292756,0.8814567294321201,-0.21969257216016247,1.3508672364970506,99.93680355140388,0.002367117482510401,172,49.85952380952381,-0.10115608571423007,-0.15612026751064023,-0.48336708162272657,-0.20927384085535128,-5.361752317614729,1.4507162506709608,-0.10115608571423007
BTC_LONG_44b33beec7da27fc_2d,332323,2d,5.0,99,3,-19.48513349082753,0.0039333725977202085,33,24.655951019596422,0.9140840097237457,2.3396505488593036,-0.09114366014549635,10.029046543276362,285.31398191620497,0.00788377062677965,105,30.4375,0.1021682897753311,0.4814854611910318,-0.3419086235213399,0.2988175282714224,50.459153795856665,1.234488987093154,0.1021682897753311
BTC_LONG_a09c8ec180dc7c55_2d,778051,2d,5.0,99,2,-193.1664382266085,0.00872850357291873,29,21.66735089600898,0.051703236529818675,0.3255666617165072,-0.23036848406362487,0.2244371088344658,43.05039875553506,0.010559561219591581,114,33.04642857142857,0.20467160736550727,0.8925427116922672,-0.25885833868792607,0.7906703272644227,69.9550181156863,1.5251716155810982,0.051703236529818675
BTC_LONG_982dd6639bb0d7b9_2d,736916,2d,5.0,97,3,-61.31720554517051,0.020465612233583313,76,56.78340234816146,1.956457866359258,2.8544578435065957,-0.20462765859025855,9.561062662974713,210.2794966828159,0.007179812747691337,289,83.77559523809524,0.21664895103479775,0.7189929136436354,-0.4570199532991547,0.47404702895539524,36.46580220432294,1.4753535676575698,0.21664895103479775
BTC_LONG_b194d79646716cb3_2d,860936,2d,5.0,99,3,43.420817484092765,0.05994480640449306,20,14.943000617937226,0.16187751529310335,0.7347522655090292,-0.1664538968045467,0.9725066123455371,125.35498905550192,0.02108992436203895,69,20.001785714285713,-0.027941745145098507,-0.028086881570872378,-0.23486909837592884,-0.11896731131643067,2.0663152765274977,1.338538773148148,-0.027941745145098507
BTC_LONG_3672937698e4183f_2d,263006,2d,5.0,99,4,27.642064888865498,0.011668509962538182,30,22.41450092690584,0.4543917558162325,1.4176905886781899,-0.11236427833680995,4.043916470092045,190.5566709256077,-0.006543400847358321,142,41.16309523809524,-0.031054998352562757,0.016721163953757993,-0.3788547349001491,-0.08197072780612762,6.078439550357351,1.83644933127572,-0.031054998352562757
BTC_LONG_a175fbbb4d53ba01_2d,782128,2d,5.0,99,4,48.872392297961476,0.028027704779742448,30,22.41450092690584,0.43970733875668655,1.9363165142426393,-0.08630022305170737,5.095089250154462,176.13911460056764,0.007252311325347614,138,40.003571428571426,0.02657175757562924,0.2370564177099364,-0.3873158029203668,0.06860488876332388,22.12879694413983,1.7847183641975306,0.02657175757562924
BTC_LONG_926ef7f217424548_2d,709005,2d,5.0,97,4,68.14408530981056,0.004666549991841073,65,48.56475200829598,0.8225808793822895,1.7639800707777529,-0.23613842277322472,3.4834690166972706,143.1259857226807,0.010101491027794538,231,66.9625,0.06649936861084904,0.35852611769441317,-0.33952281923036687,0.1958612642342873,23.732607172936444,1.3788292378917382,0.06649936861084904
BTC_LONG_986eab606b120088_2d,738194,2d,5.0,99,3,158.0321146195282,-0.0064804709474895784,31,23.1616509578027,0.7121054754625356,2.3146037008720426,-0.129153455975339,5.513638563404044,249.95962836953927,0.005894071989183523,104,30.14761904761905,0.37934066212430095,1.426731506080989,-0.12284204006922161,3.0880361634383644,121.36904542605127,1.3016178813221826,0.37934066212430095
BTC_LONG_a8527546f5f2dd79_2d,815756,2d,5.0,97,2,-188.33858526059444,-0.004264892502024307,64,47.81760197739912,-0.10953031725356965,-0.08135351954068809,-0.3854522852194221,-0.284160508196802,-1.839499279268856,-0.02353846288580876,292,84.6452380952381,-0.09212672010201473,-0.04014181739032939,-0.4988310595723231,-0.1846852122259595,3.0772764727495137,1.7701690297067902,-0.10953031725356965
BTC_LONG_c12e702b54d89a5b_2d,936296,2d,5.0,99,4,131.63726151800537,0.0010453916967863401,16,11.95440049434978,0.3424677819792754,2.3824600718771753,-0.01798518333113497,19.041661998875146,257.89002236749224,-0.009321592513045235,56,16.233333333333334,0.052587245579996944,0.3912822036848278,-0.210573514734525,0.24973342752195082,44.78992019131654,1.3579378858024693,0.052587245579996944
BTC_LONG_1982c8528892744d_2d,123340,2d,5.0,99,3,56.492223799031734,0.03034568363776426,23,17.18445071062781,0.6272311384482951,1.5519053062653498,-0.11151582773024837,5.624592949850475,321.7127296919027,0.008398224972993066,128,37.1047619047619,0.08765492216345261,0.4470712175185962,-0.39892841418903013,0.21972594341680005,37.460596180818584,2.1592055823939877,0.08765492216345261
BTC_LONG_273a0a1b65dac17d_2d,189447,2d,5.0,97,3,-35.64618139820196,0.0359693084187249,83,62.01345256443949,0.22169812550367762,0.7042153328136644,-0.303420209069741,0.7306636765671742,49.7792054381794,0.003626972972634358,329,95.37083333333334,-0.16753458852676062,-0.3048225831569702,-0.4784064598276865,-0.35019298984195074,-6.859271540710112,1.5379055574148446,-0.16753458852676062
BTC_LONG_aad29e2812bcd407_2d,827873,2d,5.0,95,4,71.32598795406146,0.02670720316506013,92,68.73780284251124,2.236295048713411,2.753701860653507,-0.22277396479931477,10.038403952310901,191.16130745325785,0.02675683555914033,379,109.86488095238096,0.7397785044997667,1.4739529620966738,-0.4294863392407251,1.722472723597209,64.06719929048803,1.5983181947799248,0.7397785044997667
BTC_LONG_2b85669871cbff2f_2d,210193,2d,5.0,97,3,-16.694666365858083,0.05354526806686803,52,38.85180160663679,0.5800024702234516,1.6115861510797362,-0.12602472400440334,4.602291136167742,134.97185490264584,-0.004360317942954166,264,76.52857142857142,-0.07219781944477854,-0.013762642606806605,-0.659892478112627,-0.10940845946793198,4.326982847349451,1.969756054131054,-0.07219781944477854
BTC_LONG_7833ce95dee6dc63_2d,582129,2d,5.0,99,3,36.18552639564317,-0.002003845855625523,33,24.655951019596422,0.43658565022640716,1.5163020372149694,-0.09826118899753211,4.443113854823925,164.85091382441547,0.019061292088222975,167,48.41011904761905,0.005119965066749499,0.14503833060579116,-0.37565194319882345,0.013629545006877885,12.541017490471576,1.9634253413767304,0.005119965066749499
BTC_LONG_1a60425057f03292_2d,127535,2d,5.0,97,4,90.8731328097968,0.1891988255923844,58,43.33470179201796,1.3463377653685096,2.712994588261358,-0.12583423767813562,10.69929607562158,214.19037018236622,-0.04506010767959944,149,43.19226190476191,-0.08293757433979454,-0.24494130959126978,-0.4264823524414587,-0.19446894781227556,-8.48570033016603,0.99671302948063,-0.08293757433979454
BTC_LONG_aa98a8079f802d35_2d,826843,2d,5.0,95,4,26.838192268683528,0.019026976803793075,105,78.45075324417044,0.864820711423878,1.697606408998063,-0.3244891937322699,2.665175691913567,95.3680766312248,-0.015067971271514552,316,91.60238095238095,0.09230880898286409,0.4244273667059771,-0.5144457945164347,0.17943349905237713,22.44084829330899,1.1676418283362728,0.09230880898286409
BTC_LONG_240cf092e9642eb7_2d,174136,2d,5.0,99,4,24.61199294532646,0.004413506208901875,26,19.425900803318395,0.5841680865861407,2.398154559532471,-0.04776622441156997,12.229731233365873,251.69298284809798,0.03914661435771439,67,19.42202380952381,0.10151098711957274,0.6051168805367585,-0.22496983303188,0.4512204403209377,63.93750057021209,0.9998004214150048,0.10151098711957274
BTC_LONG_1fde8d9ae8fd55b8_2d,154012,2d,5.0,97,3,-18.39148868158362,0.017149875354705205,93,69.4849528734081,0.7247651351997622,1.5913709750019647,-0.2536658641192234,2.857164631576605,94.41180694269217,0.004076271424063272,306,88.70357142857142,0.13986639900860398,0.5320045447881621,-0.40076821295474185,0.3489957399001574,27.864074636239458,1.2765867682198326,0.13986639900860398
BTC_LONG_9ed60bd9b331ec1e_2d,769444,2d,5.0,95,4,90.1766956407272,0.034924665516439884,115,85.92225355313906,3.68010818924171,3.274903722981739,-0.3309701271878772,11.11915513496683,199.3956366064947,0.008590988270108239,380,110.1547619047619,0.021094019702281086,0.2488633865599425,-0.4544764015473207,0.04641389438585569,14.038902517961658,1.2820283145464304,0.021094019702281086
BTC_LONG_c7a3af09c9fcde6f_2d,967545,2d,5.0,99,4,40.9677242349669,0.046329765137037064,29,21.66735089600898,0.6877758567467591,1.9085071341449316,-0.195075415552855,3.525692126799077,265.94487784450456,0.0006398856310839597,165,47.83035714285714,-0.04044336032469931,-0.05248303196001126,-0.421780634172219,-0.0958871912269583,2.3406043497946953,2.207485233077905,-0.04044336032469931
BTC_LONG_82e0c98c217a7f98_2d,633346,2d,5.0,97,4,107.38762465838694,0.009145459251391192,74,55.289102286367736,1.8421997942798476,2.4309618986282677,-0.22134854027624684,8.322620027133453,213.75625855518433,0.011349475652830864,291,84.35535714285714,0.1698127428041456,0.6050805643769028,-0.5112184417469932,0.33217256839139525,31.531554556304716,1.5257139952452452,0.1698127428041456
BTC_LONG_549714e5e0af09ac_2d,409156,2d,5.0,99,4,5.44153445078549,0.04692027240843243,15,11.20725046345292,0.15147638250679107,1.0871162501604725,-0.054972685470103255,2.7554844958260425,139.030400524005,0.011662462508955189,53,15.363690476190476,-0.013204633633231877,0.005266110687444586,-0.21152310937379448,-0.06242643497594024,5.577440777749421,1.3708706275720162,-0.013204633633231877
BTC_LONG_c0f050f982d166f2_2d,935169,2d,5.0,95,3,-6.687692351943237,0.07300257961211627,52,38.85180160663679,0.3259495585233163,0.9585725868838019,-0.39292408734743856,0.8295484268316164,94.34790170505879,0.006862818774299197,185,53.62797619047619,0.09887081314706392,0.46553403912558844,-0.32011849942411674,0.30885691806293436,30.549480892871028,1.3803214773266856,0.09887081314706392
BTC_LONG_c561393b913abfd1_2d,956633,2d,5.0,95,4,19.61100940262431,0.0017138829927070272,113,84.42795349134533,0.7421737722622794,1.3485043971152444,-0.34257783257537766,2.166438402283307,85.69023679606774,-0.0076208417458984105,380,110.1547619047619,0.13419293403434907,0.5071527314768304,-0.5949940178602982,0.2255366104636315,24.14226601212228,1.3047190811755707,0.13419293403434907
BTC_LONG_75283c3f9353a4fc_2d,567325,2d,5.0,99,3,4.200163359954464,0.00975399140196388,42,31.380301297668176,0.2787319892973259,1.1069341503026042,-0.18898619533597483,1.4748801562029612,92.93673155088995,-0.0056709922585850645,145,42.032738095238095,0.12245986651018614,0.5940349150144809,-0.19341959697420597,0.6331306053052997,39.230977532248744,1.3394625404174014,0.12245986651018614
BTC_LONG_23014388991c4fc4_2d,169125,2d,5.0,95,3,-75.3607326859339,0.0640153460697016,68,50.80620210098657,0.09238451898450961,0.41808592847003573,-0.3065446140389624,0.3013738123376957,38.867265374115554,0.011083276497262458,235,68.12202380952381,0.16776517065862606,0.6216921576324659,-0.29872722566981624,0.5615998685170304,36.40221878963104,1.3408210216957153,0.09238451898450961
BTC_LONG_10aa46e47a07fc99_2d,80642,2d,5.0,99,4,264.3517325220159,0.04491057522078014,34,25.403101050493284,1.208194074007375,2.137405044534848,-0.13568519327101813,8.904391443759994,348.16193106963885,0.0016251254770422703,93,26.958928571428572,0.11214772403606998,0.5558712850007748,-0.33977903024487066,0.3300607572964341,56.04177608396592,1.0612455746187364,0.11214772403606998
BTC_LONG_7dd69dcd9bba5097_2d,609278,2d,5.0,97,3,-56.66461259838599,-0.009050313140448548,55,41.093251699327375,-0.03521700397081662,0.0761195814659235,-0.2980295660795035,-0.11816614181635254,11.656575712371119,0.02260454787798784,238,68.99166666666666,-0.24268298168511282,-0.5270097757057974,-0.7278834540140939,-0.3334091197523138,-24.432533029448894,1.6789050224466888,-0.24268298168511282
BTC_LONG_93e9a6ed4e5981ce_2d,716218,2d,5.0,99,4,2.5292589684117184,0.016207896564750374,32,23.90880098869956,0.45383208419593557,1.2856692815290212,-0.1615756501182034,2.808790086030457,183.70044335681092,0.0015915429993446045,138,40.003571428571426,-0.21165474956921526,-0.7117658639440579,-0.6500853723578117,-0.3255799292969154,-44.47109659730626,1.6731734664351852,-0.21165474956921526
BTC_LONG_713c00a9506e831a_2d,548137,2d,5.0,95,3,-62.944991936700774,0.03503737523194032,87,65.00205268802694,0.6511874274346532,1.2291467793980166,-0.36954513638351716,1.762132317062469,101.97228147072364,0.04824727475687651,291,84.35535714285714,0.029707639084892046,0.25211586284747095,-0.48429410914215865,0.0613421442137999,14.84443155539811,1.2977337430821625,0.029707639084892046
BTC_LONG_86a9cd61a46fd4d7_2d,651606,2d,5.0,97,4,31.79097483161121,0.0023255792953237498,92,68.73780284251124,2.3735965294285615,2.5937665375724603,-0.2089912508725058,11.357396635118297,200.43209644143923,0.007134307603774277,303,87.83392857142857,0.017283398300976804,0.24392857672078355,-0.6300671645978528,0.027431041120843234,16.150966552821497,1.2778111161433172,0.017283398300976804
BTC_LONG_724dd62221db474d_2d,553298,2d,5.0,95,4,67.97448489267494,0.05953898177047926,90,67.24350278071752,1.094321446902733,1.9205537789429548,-0.21780196312430133,5.024387435287692,128.76682549186057,0.021632836162315275,361,104.6470238095238,-0.19374697625358517,-0.24209312657676496,-0.7451202418225891,-0.26002108838121696,-5.592773679128953,1.5562399262688613,-0.19374697625358517
BTC_LONG_ae38531c773c3e54_2d,844490,2d,5.0,95,3,-13.421639420284858,0.025928307233901386,106,79.1979032750673,0.441837384269091,0.9609323167727448,-0.3800219365979174,1.1626628405311705,68.01381333055633,0.0024650939421995074,349,101.16845238095237,-0.3936068300911991,-1.0313268020316724,-0.8366889726781148,-0.4704338684318059,-36.14792325395238,1.277413267237363,-0.3936068300911991
BTC_LONG_80ccece36b2d79cf_2d,623469,2d,5.0,99,3,-60.44156857282703,-0.0059981030291194285,44,32.8746013594619,0.7225058075296715,1.8325522116617226,-0.13253212235545198,5.451552383594269,185.134703502958,-0.015338086169502907,136,39.423809523809524,0.023099970653441604,0.21429895382461298,-0.3635566189893725,0.0635388532263715,18.087101266937267,1.1992178731762064,0.023099970653441604
BTC_LONG_a5c375f05e105f45_2d,803254,2d,5.0,95,4,59.645036468350604,0.03998528239670506,96,71.72640296609869,1.7825726328247966,2.5543362078210454,-0.24670756339040611,7.225447847352526,160.81148507992404,0.009840365041587019,367,106.38630952380952,0.0499836384320369,0.32839102434282474,-0.4759804214826312,0.10501196304743562,18.777724915857956,1.4832238216949587,0.0499836384320369
BTC_LONG_7bf06b95c52bd960_2d,600070,2d,5.0,99,3,-183.02098164145443,0.08287772122679771,36,26.897401112287007,0.4924335600783869,1.4121189471899256,-0.18289663094210773,2.692414603494019,171.7138227127788,-0.009002491884835867,174,50.43928571428572,-0.020076613233353302,0.06127625212284608,-0.5536585577967055,-0.03626172295294876,8.287068570252007,1.8752475565843623,-0.020076613233353302
BTC_LONG_b1b8f10cb54e5e73_2d,861661,2d,5.0,99,3,-25.31518345990913,0.06432597207168708,20,14.943000617937226,0.24246879726661952,1.074728528247446,-0.10647295585952232,2.2772806043492078,166.75209965495742,0.04277024106753941,56,16.233333333333334,0.13328189704897953,0.9333473884047861,-0.11134921928643271,1.1969719940840142,88.46658846478967,1.0863503086419755,0.13328189704897953
BTC_LONG_1341bc48fd23c11d_2d,93103,2d,5.0,97,4,32.72269633109692,0.039491270097746965,78,58.27770240995518,0.4063341772294202,1.1023800197493105,-0.24553522064425082,1.6548916125485174,75.26014417488744,0.0032952587331025527,286,82.90595238095239,-0.24371160543950776,-0.7021003963223136,-0.7386471639852911,-0.3299431952389665,-22.314495640761066,1.4226015946502057,-0.24371160543950776
BTC_LONG_0f2448cf9127d70e_2d,73273,2d,5.0,99,3,-28.69889858628048,0.013948957330350687,28,20.92020086511212,0.5089588844059552,2.02056644198324,-0.14018571355180387,3.63060451390345,212.34160242880304,-0.0076780885413960855,75,21.741071428571427,0.12314021884260318,0.7656579007187395,-0.16937662125001673,0.7270201633130701,64.97695936038699,1.0392381779100528,0.12314021884260318
BTC_LONG_3b005dc5ae5f45f2_2d,285093,2d,5.0,99,4,54.36946187145057,0.04551576180896401,30,22.41450092690584,0.8816380403549735,2.0860420849563193,-0.12479282949956327,7.064813290078169,309.80976562309394,0.01131125572227489,127,36.81488095238095,0.013758102081143031,0.18956477370237843,-0.41769451156442217,0.032938192148165395,19.256422596641197,1.6424582047325103,0.013758102081143031
BTC_LONG_290035753dfa1e36_2d,197870,2d,5.0,97,4,49.21206078208635,0.00047355102304207325,78,58.27770240995518,0.5827202035179224,1.3692339957065356,-0.1968634041617473,2.9600229966517633,97.03172747209547,0.00783394554842841,305,88.41369047619048,0.3008238946751747,0.8620335359045618,-0.2629724632084667,1.143936863217127,43.29567783790247,1.5171100921968979,0.3008238946751747
BTC_LONG_a1d9fc6ebbe165bb_2d,784035,2d,5.0,99,3,-7.779750156584516,-0.016632929939953623,26,19.425900803318395,0.36592899106643273,1.333599771209996,-0.10780543031254752,3.3943465556933274,182.20522785450183,-0.014802974207488669,87,25.21964285714286,0.11030818188616753,0.6512971209882513,-0.21601056017823816,0.5106610611775102,53.33583979808728,1.2982483084045584,0.11030818188616753
BTC_LONG_4719abb5f310e195_2d,343970,2d,5.0,99,1,-61.221713892636636,0.02197933456358382,38,28.39170117408073,0.41341507547050615,1.6241903947989396,-0.1912810748155488,2.161296280194786,136.0161574982643,0.005192122905625673,172,49.85952380952381,-0.3094166285895782,-1.0911301206961344,-0.7805335110181352,-0.396416840816959,-59.942423141983454,1.7561301981806368,-0.3094166285895782
BTC_LONG_8c198db3ea178cb2_2d,678283,2d,5.0,97,3,-18.306117669208746,0.02910442929172958,74,55.289102286367736,0.576977458872501,1.3166220728203621,-0.2548503777293576,2.263985103782076,102.28301611555403,0.006566179875689707,300,86.96428571428571,0.20158461531040262,0.678892334301712,-0.3590773434696388,0.5613960863210165,33.69237056367947,1.5729010260260259,0.20158461531040262
BTC_LONG_420611e539db5183_2d,319301,2d,5.0,95,4,57.42760794094321,0.04563512237807913,94,70.23210290430497,0.9665070777071814,1.9609049548749968,-0.23338137652812263,4.141320494742718,111.39500996831698,0.0047329313902900105,374,108.41547619047618,0.05025390609985925,0.3178674827100828,-0.5065911616621332,0.09920012409015472,16.639428311610907,1.5436740707906487,0.05025390609985925
BTC_LONG_766117fcd0cb1d3c_2d,573322,2d,5.0,99,4,84.8153421384984,0.0595234357398421,17,12.701550525246642,0.4139593925869909,1.4604351151875616,-0.0877177525123306,4.719220234567684,301.47499143450057,0.01254532898815209,113,32.756547619047616,0.15262086369840122,0.7564385871358773,-0.22914333308754264,0.666049767374613,55.5550165129246,2.5789408587509075,0.15262086369840122
BTC_LONG_cd395d0178770d67_2d,994698,2d,5.0,99,3,-4.143967577117316,0.04920338441608346,36,26.897401112287007,1.1325459011022603,2.2360925601666857,-0.13705536239298244,8.263419112744248,310.27162595146893,0.0037128831886365445,149,43.19226190476191,0.09916766237105756,0.48212653267388095,-0.30948027094391206,0.3204329053629076,35.60151218005492,1.6058154363854595,0.09916766237105756
BTC_LONG_a883b61663e4010e_2d,816692,2d,5.0,95,3,-28.919510196294272,0.028642830841631474,109,81.43935336775789,0.2807700480810227,0.7594052069799867,-0.35810315673131654,0.7840479560242565,48.80294460037707,-0.0025185820242651113,398,115.37261904761904,-0.18845159411050028,-0.264673507194964,-0.7129291235558652,-0.2643342625288798,-4.94969747932838,1.4166691442972021,-0.18845159411050028
BTC_LONG_9bf33e9f6e490f1f_2d,755312,2d,5.0,95,4,28.529569869087812,0.052871949263919735,66,49.311902039192844,0.6535536979584553,1.5417638156531792,-0.24097856162696163,2.7120823261040377,120.40293348414185,0.0022651851255363746,307,88.99345238095238,0.2981474329948912,0.8585008558233245,-0.3345829853983032,0.8911015981280774,42.881122817776806,1.8047053287504675,0.2981474329948912
BTC_LONG_5fcd25c8e6a72764_2d,463604,2d,5.0,99,4,3.7892797141734054,0.00525609823006509,22,16.43730067973095,0.3109222594020311,1.2515723264544376,-0.10627728763947242,2.9255757867737637,186.017676228433,0.012221865153058011,111,32.176785714285714,0.1963430438344982,0.8810183156363127,-0.2283300314884712,0.8599089771702323,68.88533466721194,1.9575468223905723,0.1963430438344982
BTC_LONG_2d335184b7ce7577_2d,218215,2d,5.0,97,3,-84.94646622977037,0.01711223939575221,57,42.5875517611211,0.05539544348327441,0.3292257925292696,-0.3298696152836863,0.16793133079454617,27.589978330981147,0.024364621314924888,171,49.56964285714286,0.05783555130081042,0.3407261070998321,-0.3971543483758243,0.1456248723886086,23.999254160747494,1.1639467592592592,0.05539544348327441
BTC_LONG_0777fdef3d9cb3fe_2d,36071,2d,5.0,97,4,44.33869673997282,0.006824712364824375,59,44.08185182291482,0.7302959590959976,1.6906766582740016,-0.21250092578927593,3.4366718939388865,143.98437933374188,-0.006758618122007975,156,45.22142857142857,0.2065652452209703,0.7802491465180383,-0.32781878630376104,0.6301202183988454,56.213269041173014,1.0258513810420589,0.2065652452209703
BTC_LONG_5302fd0b90db2060_2d,401482,2d,5.0,95,3,-246.02827728617834,0.026295080975600012,122,91.15230376941707,0.2343480656361181,0.6695345612843409,-0.5127453574504852,0.4570457093972784,41.30859859624184,-0.021328068948440193,373,108.12559523809523,-0.19202287944840235,-0.3376862367423167,-0.789027215749077,-0.2433666109553674,-7.4112321317923175,1.1862080360756933,-0.19202287944840235
BTC_LONG_725a7bb4e7c55762_2d,553546,2d,5.0,97,3,-35.06157039923935,0.05555376781516867,75,56.0362523172646,1.2168348734537338,2.076718270715953,-0.3247297822195713,3.7472228914037555,162.51508051865315,-0.023901058632722297,300,86.96428571428571,-0.009066346630154043,0.15498656469152894,-0.5158874962359081,-0.017574270933692352,11.438860511997165,1.5519290123456788,-0.009066346630154043
BTC_LONG_53e69e5263d274c7_2d,405801,2d,5.0,95,3,-113.06896364707728,-0.045803720295061016,74,55.289102286367736,0.49735615877964134,1.0756033925306954,-0.2138396857044229,2.3258365590150807,97.63992320881252,0.028303334430315925,240,69.57142857142857,0.17885968312538192,0.6104284711914191,-0.6477946584326855,0.2761055232504172,39.80263789381138,1.2583208208208208,0.17885968312538192
BTC_LONG_7615a6586c23c2da_2d,571856,2d,5.0,95,3,-3.160003933138794,0.044695623317010096,127,94.88805392390138,1.6020234354649419,1.9250667778041541,-0.31227499735698394,5.130168758383029,123.06079601952894,0.002557300376025956,390,113.05357142857143,0.11346453949144997,0.46575206195972235,-0.5766417717679306,0.1967678115714339,22.385422456755876,1.1914415645960923,0.11346453949144997
BTC_LONG_cd5a30d8ecc5fa58_2d,995318,2d,5.0,99,4,48.412898082823006,0.03834168153120998,23,17.18445071062781,0.6148163799422319,1.4527993471705394,-0.12710553805425473,4.837054225597934,322.1676149828296,0.026784426852056113,35,10.145833333333334,0.10283850529743965,0.6958529069776866,-0.1914589662860794,0.5371307873028919,113.64179367122739,0.5904077764358562,0.10283850529743965
BTC_LONG_2e1f08874d8f4c3a_2d,222637,2d,5.0,99,3,82.55149695697425,0.040476972703989283,42,31.380301297668176,0.5016326771707895,1.6981379515724162,-0.08929100087625541,5.617953346339805,144.8069116176662,-0.005002460544693562,188,54.49761904761905,-0.038156744370274165,-0.027088836635388212,-0.38641851208557754,-0.09874460766471728,3.7404155390870546,1.736682466196355,-0.038156744370274165
BTC_LONG_2c7ad2037b69eb07_2d,214772,2d,5.0,99,4,71.44757326812135,0.011071200328790165,20,14.943000617937226,0.6012152813877554,1.684490556282436,-0.10122500689617442,5.939394817768859,348.92742788992666,0.0024307608508949813,52,15.073809523809524,0.026222994476083672,0.2288699577255121,-0.2529817108501382,0.1036556926900447,38.99346253097056,1.0087538580246913,0.026222994476083672
BTC_LONG_9e9a5c1977526593_2d,768256,2d,5.0,97,2,-46.98112525769879,0.005527160177131968,64,47.81760197739912,0.35863507582639387,1.1079145087531685,-0.1755610467492097,2.0427941304013006,79.706532892447,0.010603695611513515,207,60.00535714285714,0.29476568702420614,0.9464468283014793,-0.498410428012498,0.5914115565351186,57.19242499774935,1.254880099826389,0.29476568702420614
BTC_LONG_9239276a1c3f69ae_2d,707971,2d,5.0,95,3,-52.367512253833624,0.010413424342098852,84,62.76060259533635,0.44385969909382905,0.9821133235265687,-0.35535441324847195,1.2490620139941029,82.14394660353038,-0.009639525084889517,310,89.86309523809524,-0.17571492029155067,-0.32786025198322055,-0.5660274679200132,-0.31043532381432304,-8.64681518916207,1.4318392673427396,-0.17571492029155067
BTC_LONG_39d4fb09a096cdaa_2d,279618,2d,5.0,95,3,-83.00629190307885,0.018409724971557098,106,79.1979032750673,0.7299224080501521,1.3683259672166115,-0.2228256614457752,3.2757555988576263,88.98816681636563,0.003924420627806029,393,113.92321428571428,-0.18196072416512332,-0.2503055950917242,-0.6514778421356151,-0.2793045479008715,-4.46807441103773,1.438462504367575,-0.18196072416512332
BTC_LONG_a2ffbb453c7250b4_2d,789698,2d,5.0,99,3,-30.271741957918117,0.03280563260385462,15,11.20725046345292,0.27302096970520107,1.214505907276983,-0.08111271820125088,3.3659452643147976,239.97792104353852,0.028772755309182187,33,9.566071428571428,0.0464181953745757,0.3738229834627271,-0.22117512855637766,0.20987077379608565,65.07900169840529,0.8535609567901233,0.0464181953745757
BTC_LONG_5673ac8389b35973_2d,418301,2d,5.0,99,3,-8.011982289160553,0.01407181333756681,25,18.678750772421534,0.6750476934909253,1.4571841643952261,-0.13181362466435909,5.121228516474068,321.7110390120604,0.004636537897936189,70,20.291666666666668,-0.034503183810457805,-0.1736940739492364,-0.3399468025337705,-0.10149583273997771,-7.234632572320535,1.0863503086419752,-0.034503183810457805
BTC_LONG_5b52c1ccd3753e62_2d,441826,2d,5.0,97,4,27.00070369152567,0.0009983425767975131,57,42.5875517611211,1.21261138697998,2.229613654704437,-0.16619395730962838,7.2963626753337305,208.4961795659429,0.03280831333580888,169,48.98988095238095,0.2730681909922712,0.8495497051502217,-0.4781418109457862,0.5711029337763411,67.87412932445719,1.150333346870262,0.2730681909922712
BTC_LONG_93dd099c0b88d039_2d,715991,2d,5.0,99,4,92.71279249822018,0.009446148933458602,30,22.41450092690584,0.5442980360748138,1.6414385054768712,-0.1407406361086727,3.8673836577982685,217.1468994658264,-0.005107563452775192,99,28.698214285714286,-0.10602138804849004,-0.4147280288005816,-0.42596722928241304,-0.2488956444539039,-26.026085866507465,1.2803414351851852,-0.10602138804849004
BTC_LONG_1f2409413db95611_2d,150624,2d,5.0,95,3,-119.25387251711639,-0.006822982551080653,120,89.65800370762337,0.543410764657468,1.0685150349460497,-0.4894945625737249,1.1101466823252455,69.27731174361787,0.014099113169919778,390,113.05357142857143,0.31042967805187116,0.8102446666777138,-0.3652876676238175,0.849822497625514,38.3838421999841,1.260942322530864,0.31042967805187116
BTC_LONG_2843f501b4f10186_2d,194382,2d,5.0,95,4,2.5777994715786567,-0.00017605320082532045,32,23.90880098869956,0.3824013229024861,1.0880552253701579,-0.1445573880314257,2.6453253487075656,165.91109846644767,0.0018378868034404803,147,42.6125,0.11560680366902165,0.5254489369045374,-0.3731518389612051,0.30981169486087073,39.90063293749307,1.7822934751157407,0.11560680366902165
BTC_LONG_c457819f10ae9867_2d,951494,2d,5.0,97,3,-68.09034695215644,0.029797825877774586,22,16.43730067973095,0.21672772987816735,1.1571011549824244,-0.09751229569313447,2.222568224218584,134.24191850944013,0.008743627459308134,114,33.04642857142857,0.11640227050254426,0.6321047299392597,-0.2035456536037512,0.5718730340916454,44.75197307362313,2.010453493265993,0.11640227050254426
BTC_LONG_3baab9ec01ff8675_2d,288311,2d,5.0,97,4,36.77829859065719,0.013869804321058105,77,57.53055237905832,1.0094293369906833,1.7545377493343979,-0.26109268622606363,3.8661723987039696,144.11567387051468,0.03376046723862233,306,88.70357142857142,0.21588785699331847,0.679341707065515,-0.49244248426848114,0.43840217668062886,36.86007515220874,1.5418515512265512,0.21588785699331847
BTC_LONG_906cd2974297880b_2d,699288,2d,5.0,95,3,-65.92974435529685,0.03524456388648789,104,77.70360321327358,0.6777784204233417,1.3145113721467698,-0.2858840887753076,2.370815470447696,86.69572322498544,-0.0071099208965353,382,110.73452380952381,-0.09178373691390918,-0.0008759259215014902,-0.6110778987951513,-0.1501997324643505,4.9656637023930745,1.4250886603751185,-0.09178373691390918
BTC_LONG_551de9c781fa9a9e_2d,411763,2d,5.0,99,3,69.27514459543853,0.011507985394383807,47,35.11605145215248,0.6293105863300832,1.9722598850563882,-0.08618386293622127,7.301953810028132,153.84637205086491,-0.014959917418588702,184,53.338095238095235,0.029388734223533497,0.2420348317473021,-0.34538234483242747,0.08509043575401144,17.46647080600754,1.518909246125558,0.029388734223533497
BTC_LONG_9c86daf7344558ce_2d,758099,2d,5.0,97,4,43.56425153200001,0.04736259281767642,80,59.772002471748905,0.7835046096075708,1.6719049524337195,-0.32893763894954353,2.3819244648003153,114.56522858925906,-0.0038717437014230984,331,95.95059523809523,-0.1336928055902773,-0.16538145191578535,-0.6665754076272826,-0.200566663667004,-1.7871072925857048,1.6052765721450617,-0.1336928055902773
BTC_LONG_6d14459a98f6eceb_2d,528032,2d,5.0,99,4,134.5010403037117,0.004883180461937868,45,33.62175139035876,1.2675950629163033,3.022331859642241,-0.10281335840487849,12.329089162952156,260.359388332072,-0.006263006528058311,171,49.56964285714286,0.2168344805835296,0.8444746172225396,-0.30395449066041924,0.7133781116784983,52.18032117558005,1.474332561728395,0.2168344805835296
BTC_LONG_249e47dd2cdfa2b8_2d,176854,2d,5.0,99,4,111.84954059685988,0.013558294507286807,36,26.897401112287007,0.8526525635647637,2.171973021818269,-0.07048129512768375,12.097572299432073,250.0705935831804,-0.008364482255108528,126,36.525,0.14444609431237798,0.7045470319471159,-0.25992734156663566,0.5557171994364718,48.95896028629312,1.357937885802469,0.14444609431237798
BTC_LONG_a864e0a32e9d3bfb_2d,816098,2d,5.0,97,4,7.3261616265817056,0.011322227951793828,73,54.541952255470875,0.5443231975201681,1.3864144690143172,-0.22945101568025617,2.3722849772811276,96.450705257904,-0.0021811927848940644,263,76.23869047619047,0.14952814947983128,0.5601526334084515,-0.40392511391393215,0.3701878004834642,32.04107075484239,1.39779907618806,0.14952814947983128
BTC_LONG_4efcc77eb10b5c6b_2d,381929,2d,5.0,97,4,28.30836541068077,-0.0008472375380031397,44,32.8746013594619,0.7932441184223524,1.7450703503879095,-0.15770598670872793,5.029892237936531,202.60938790780978,0.01886527350500164,145,42.032738095238095,0.101171386259715,0.4801329784879771,-0.46100772161533043,0.21945703188054938,37.92701415298835,1.2785778794893377,0.101171386259715
BTC_LONG_7cf9881951e120e7_2d,605186,2d,5.0,99,3,-24.25959300512981,0.00548224200890049,18,13.448700556143503,0.08914338861846827,0.6720980019189856,-0.1114509874857108,0.7998438652676576,75.95662241563839,0.015869987800357584,103,29.857738095238094,-0.0766494933238695,-0.3729056599347619,-0.27335502791407373,-0.2804027198942302,-16.6274333615152,2.2201206704389573,-0.0766494933238695
BTC_LONG_958256c48911b2b4_2d,723889,2d,5.0,99,3,-60.04267997762232,0.01819277523279108,21,15.690150648834088,0.5061715837757079,1.2598464223675323,-0.16396189121768978,3.087129454390541,308.0158561594832,0.005171303854747658,36,10.435714285714285,0.12835203210086732,0.8325690635752787,-0.10765636361264586,1.192238227204903,132.57505553450267,0.6651124338624338,0.12835203210086732
BTC_LONG_50568b7ab54491af_2d,388432,2d,5.0,99,4,81.81916072676613,0.07963854148237898,32,23.90880098869956,0.768034174719969,2.1160700063684175,-0.08520731228209866,9.013712017780973,259.6603691643972,-0.008230471233861348,155,44.93154761904762,0.05645171215887679,0.3337284243895214,-0.3761498613319457,0.15007771625644475,27.36883970751259,1.8792890383873457,0.05645171215887679
BTC_LONG_3916dab256ff75c5_2d,275929,2d,5.0,97,4,10.706434125748858,0.03162326764633838,63,47.07045194650226,0.7702331972275915,1.8049031404469917,-0.1460586417734866,5.273451730587082,138.9433776958736,-0.015408152336718604,282,81.74642857142857,-0.0841620204136494,-0.05116790663935887,-0.7145016096718482,-0.11779122576407183,2.6872493145310212,1.7366824661963551,-0.0841620204136494
BTC_LONG_858af8887bcdc689_2d,646382,2d,5.0,97,3,-32.610413984473404,0.034987675022344074,70,52.30050216278029,0.4513637118893725,1.1684656197420467,-0.2810978352970075,1.6057174948091022,90.17820827405367,-0.01782510480792185,274,79.42738095238096,-0.04214199835277399,0.03163443240094611,-0.4686303017476414,-0.08992589296000658,6.315824693001158,1.5186733906525574,-0.04214199835277399
BTC_LONG_234317c3f71f1454_2d,170378,2d,5.0,97,3,-70.62036964192157,0.011249034397575087,73,54.541952255470875,1.4297068915126006,2.117720136751597,-0.31764871805826,4.500905592354312,187.21083112633772,0.016211674313030697,286,82.90595238095239,0.22941427691927552,0.7590173364119682,-0.34822587170153596,0.658808823704823,37.39983937918145,1.5200400600372062,0.22941427691927552
BTC_LONG_176395e3ea0c6eb2_2d,113225,2d,5.0,95,4,39.524507577200254,0.0007503788447083472,108,80.69220333686103,1.3630220714407062,1.8249151924895304,-0.20393236576537566,6.683696657591194,130.22982484220668,0.006894074947353016,399,115.6625,-0.04353643211674141,0.09777892482145643,-0.6497921954006162,-0.06700054636682717,8.451826963524352,1.4333788794581617,-0.04353643211674141
BTC_LONG_af7d8ba7a1b185dd_2d,850748,2d,5.0,99,3,12.670864594373166,0.012432646414808173,45,33.62175139035876,0.5087920837635804,1.385736512742855,-0.2693739286357256,1.8887948300728834,143.8035961797095,-0.009974829165496224,149,43.19226190476191,-0.06177478336617115,-0.07252777617175758,-0.5514587996167404,-0.11202066846898472,0.14361853059134166,1.2846523491083677,-0.06177478336617115
BTC_LONG_14a7dc621742d15a_2d,99952,2d,5.0,99,3,50.77897466968645,0.006171264066722275,30,22.41450092690584,0.21980116646478298,0.913314238639619,-0.15046691748643215,1.4607939747592877,107.409310369085,0.007151987055009077,101,29.27797619047619,-0.010345403301128875,0.06143640308899727,-0.25070314418803197,-0.04126555067602037,9.532887315117064,1.3062069187242795,-0.010345403301128875
BTC_LONG_bb1002b367a66555_2d,906713,2d,5.0,99,3,-76.76593730161389,0.04038914757966624,30,22.41450092690584,0.09667374952708574,0.4875889938170465,-0.1532329593221451,0.6308939666422962,61.2549485325727,0.03883662960828361,109,31.597023809523808,0.10632289610004797,0.5228426521289413,-0.3805819934851792,0.2793692237680405,47.64497595659866,1.4096688528806582,0.09667374952708574
BTC_LONG_82a4fa86f503287b_2d,632245,2d,5.0,99,3,-221.53946668617473,0.049948667352203525,27,20.173050834215257,0.40441589801693634,1.4111449296143368,-0.11022347706127178,3.669054078126449,189.8423669157714,-0.01316056353564676,113,32.756547619047616,0.040211920196724815,0.28283213631867765,-0.3683602332930008,0.10916466155221342,26.43584680455813,1.6237775777320527,0.040211920196724815
BTC_LONG_c1626e74d2f236cc_2d,937280,2d,5.0,95,3,-204.21730959339433,0.013199869097365226,106,79.1979032750673,0.6422036904778543,1.286486900258575,-0.2953177060531019,2.1746196632123973,81.73928694292451,0.004617457105908105,365,105.80654761904762,0.24621315000303534,0.7239835034462198,-0.41084361012829307,0.5992867941311074,34.170466380440544,1.3359766261938038,0.24621315000303534
BTC_LONG_44f5db64773b6543_2d,333573,2d,5.0,95,3,-2.9873978862001622,0.038422707278991046,102,76.20930315147986,1.285440848842358,1.9782536392804024,-0.3290485639587152,3.9065383947508696,127.61570256024677,-0.00951588068085246,324,93.92142857142856,-0.09423122568302,-0.09697098677212794,-0.5692806200667475,-0.16552684627130201,1.3096450677636802,1.2324142156862743,-0.09423122568302
BTC_LONG_5d05df6191ad8877_2d,450103,2d,5.0,99,4,204.72099626749062,0.014538995497975044,14,10.46010043255606,0.5436672603649928,1.7598105143478233,-0.08771775251233072,6.197915983866186,451.45041331616767,0.03471416721105803,74,21.451190476190476,0.12329351683363443,0.6569034432782647,-0.2278693053824944,0.5410711926587819,69.39696035926991,2.050763337742504,0.12329351683363443
BTC_LONG_750b7dc7a072375f_2d,566742,2d,5.0,99,4,147.5838645407161,0.03205504577471989,44,32.8746013594619,1.3256471222207158,2.4285343703641433,-0.20049995166287193,6.61170793921042,281.822334704265,-0.0008892214894814397,161,46.670833333333334,-0.12068542203654575,-0.2662973809935004,-0.5978169801798403,-0.20187687208255636,-12.416542865002752,1.4196623351571267,-0.12068542203654575
BTC_LONG_518a764c3b3aa8c3_2d,394261,2d,5.0,97,4,101.85189939174555,0.05404868340411853,57,42.5875517611211,0.6029699419913093,1.334632624472832,-0.2738559905533726,2.20177744066473,135.746363830017,0.024968007590393682,172,49.85952380952381,0.1238507619039948,0.5396402886600964,-0.4519830923796637,0.2740163603287194,37.710147988572054,1.1707534654537577,0.1238507619039948
BTC_LONG_02a20dfc29f6dd74_2d,12538,2d,5.0,99,3,6.72125240317604,0.013270171608710147,38,28.39170117408073,0.1819795723979436,0.8374174537455678,-0.14544752737593014,1.2511699282971729,73.63652858282425,0.005811158975031646,148,42.90238095238095,0.11763119559212343,0.5535984516132727,-0.34177812653048945,0.34417414825881126,38.69358885308317,1.5110887751786874,0.11763119559212343
BTC_LONG_03b5ea3c9a0cc7ec_2d,17921,2d,5.0,95,3,-199.10764596040758,0.0014269499979330273,114,85.1751035222422,1.0966624384951973,1.697261715821657,-0.23683026121438555,4.630584085293336,107.39118552235718,-0.0075112332682711605,400,115.95238095238095,-0.08448602757768087,0.018149730127351486,-0.543710748822011,-0.15538781927840495,5.691839413159039,1.3613412388997184,-0.08448602757768087
BTC_LONG_74605c0db716c90e_2d,563348,2d,5.0,95,3,-22.091592667353375,0.006806462816513767,130,97.12950401659197,1.0448339718718627,1.6633369458577991,-0.22462396554484387,4.651480394523051,91.4934389945866,0.00031682940982668043,396,114.79285714285714,-0.12943152793648327,-0.14318158270385334,-0.5793412180254855,-0.22341156456571937,-0.00875081873371227,1.1818536324786326,-0.12943152793648327
BTC_LONG_b961581cdee12afc_2d,898614,2d,5.0,95,3,-23.280066558605817,0.038816931578040406,101,75.462153120583,0.6147570777398708,1.368726184069718,-0.20546002362884996,2.992100686459518,79.60116652144728,0.022422855089095046,386,111.89404761904761,0.15656928189273311,0.5367277349379301,-0.4357680795468555,0.3592949764827788,26.98995934418224,1.4827836603104754,0.15656928189273311
BTC_LONG_3ff67699d3b71e1f_2d,309268,2d,5.0,95,4,10.793304501244661,0.034113226880642826,112,83.68080346044847,1.2884209176516985,1.952012222605258,-0.20230346240715957,6.368753665019334,117.7964771094236,0.006673998008368795,368,106.67619047619047,-0.10475290346550337,-0.0767017437100103,-0.6095546336146844,-0.1718515415826048,2.1117978216675923,1.2747988315696648,-0.10475290346550337
BTC_LONG_3dc89d8a46754556_2d,298654,2d,5.0,97,3,-31.681875930769007,0.05011406136588549,103,76.95645318237672,1.2083265928740863,1.7099749964090316,-0.2708908618266227,4.460566091917295,127.21579620871174,-0.0012729054400922402,226,65.51309523809523,-0.05190934050489804,0.02040222657595272,-0.4243959630456863,-0.12231346437032435,6.074026650246536,0.8513008659954452,-0.05190934050489804
BTC_LONG_68a3d0b0c63c3b13_2d,506402,2d,5.0,99,3,13.171321590561096,0.009483328125607579,43,32.12745132856504,0.22185355510478932,0.9009441939052374,-0.21522162556835167,1.030814419874974,77.64071102105574,-0.011230270523667714,182,52.75833333333333,0.16536677977162584,0.689008123883994,-0.3560884850688538,0.4643979985470473,41.12754250293339,1.642157443296009,0.16536677977162584
BTC_LONG_0c7f2f1a3357a313_2d,60475,2d,5.0,99,4,207.69838965166875,0.033403929958694276,31,23.1616509578027,1.272331022619761,2.384434561342626,-0.1549587861526427,8.21077045199907,388.356376753373,0.011820601765046904,93,26.958928571428572,0.14581515735618433,0.7592083251479645,-0.25358730202990465,0.5750096956313249,63.239012462003735,1.1639467592592594,0.14581515735618433
BTC_LONG_7c586d675f481bf9_2d,602134,2d,5.0,95,3,-91.1269623850641,0.03720469751539833,93,69.4849528734081,1.8901908689683808,2.213052006495623,-0.20864959542521222,9.059163834544293,178.38522693040048,0.0026840678894757813,259,75.07916666666667,0.0470768211308048,0.317486768398555,-0.5548130317767705,0.08485168594552082,22.019867553336788,1.0805097155847603,0.0470768211308048
BTC_LONG_97f2603d38f9ccc7_2d,735769,2d,5.0,97,4,54.48378989751834,0.05789763595620551,73,54.541952255470875,1.2073579863347903,1.8686302206007623,-0.18228774136189796,6.623363575161143,171.3296511604361,0.0244926478167306,210,60.875,0.22684887995032454,0.7827569423191983,-0.4480429145080015,0.5063106068744075,47.427358626249216,1.11611333079655,0.22684887995032454
BTC_LONG_8144949aec62bc90_2d,625708,2d,5.0,97,4,3.212896679514299,0.013689992296317437,27,20.173050834215257,0.3496204920822459,1.0443347447922462,-0.14604617060681457,2.3939038636178553,180.7872074851446,0.012629390462655456,112,32.46666666666667,0.004806626728394825,0.14112924159586063,-0.268315415728153,0.017914090829819176,15.421917541157601,1.6094078646547783,0.004806626728394825
BTC_LONG_028bee6d04c27cab_2d,12097,2d,5.0,99,4,122.30574929476768,0.008061135809054243,19,14.195850587040365,0.4182331866251252,1.5779322236339441,-0.08939748100270173,4.678355384672255,270.0033658273673,-0.017019992221906446,117,33.91607142857143,-0.11662773413077276,-0.3883152546807291,-0.46413549688231026,-0.25127949685853435,-22.644107580538204,2.389153874269006,-0.11662773413077276
BTC_LONG_25c65da584322369_2d,182461,2d,5.0,99,4,130.2934888702926,-0.023075646602236228,16,11.95440049434978,0.36849044370271655,2.0918860642282975,-0.06492138413641024,5.675948666289354,277.34821003109886,-0.02038498823840107,113,32.756547619047616,-0.2766899915828154,-1.155796573567785,-0.6836939243739524,-0.40469862568425774,-83.81355489351098,2.7401246624228395,-0.2766899915828154
BTC_LONG_4d2362d89fb0683c_2d,373057,2d,5.0,97,4,69.42565796934636,0.011614820104922026,39,29.13885120497759,0.7384314267912668,1.7242831445106288,-0.21543623061269668,3.427610224571705,215.1247292133503,0.021128350250338296,141,40.87321428571428,-0.1310292287353061,-0.5004682056792639,-0.6365487100688156,-0.20584320832437294,-22.885295818427537,1.4027050688509022,-0.1310292287353061
BTC_LONG_5e7e69134c20e509_2d,457215,2d,5.0,99,2,-65.02071448605574,-0.00801030461866421,31,23.1616509578027,0.026221839811437997,0.22980401152023802,-0.15116082972872258,0.17346980602379888,29.126612788514446,0.002309058001421197,166,48.12023809523809,0.14480648256167195,0.693463542724647,-0.2040645278015577,0.7096112397471099,38.81138675111847,2.077582387495022,0.026221839811437997
BTC_LONG_19f7700f001af3a4_2d,125572,2d,5.0,95,4,41.2184841707051,0.08716420764598037,149,111.32535460363233,1.2721251160859426,1.6656027737467858,-0.4554877829070664,2.7928852624033946,94.4193996489194,-0.016115570097867342,367,106.38630952380952,-0.15438426839805242,-0.1903574004646585,-0.729141494704163,-0.211734306056318,-2.528457656039775,0.9556341401524566,-0.15438426839805242
BTC_LONG_2a93a87837062336_2d,205531,2d,5.0,97,3,-160.2149646417745,0.02035396809408688,45,33.62175139035876,0.2598254212506046,0.7811372167186915,-0.29728703812381096,0.8739883948199425,94.72939424429636,-0.010600646518100443,218,63.194047619047616,0.005770963609762481,0.1671058346954434,-0.3531297294787652,0.016342332938890966,12.685833894460899,1.8795584705075443,0.005770963609762481
BTC_LONG_8d967f7e7ca4eab1_2d,685476,2d,5.0,99,4,127.66581504948581,-0.01189618393971902,29,21.66735089600898,0.6111241823828157,2.1017993589353456,-0.1443455151134989,4.233759406395749,238.08604476669004,-0.0026505477084490833,121,35.07559523809524,0.16582903970168417,0.7097996770822358,-0.40113578898634683,0.4133987648440124,58.83158954091779,1.6188225042571307,0.16582903970168417
BTC_LONG_bb12dac6161bd48a_2d,906772,2d,5.0,95,4,49.857006801463825,0.028005613284409155,112,83.68080346044847,1.945027129214926,2.035677901854938,-0.3525434262482836,5.517127776040599,156.30651791703968,0.008361243777484399,288,83.48571428571428,0.289283803547151,0.8117396291213856,-0.5447210361591758,0.5310678023138028,46.0224408355283,0.9976686507936506,0.289283803547151
BTC_LONG_a7a53d44b1d1b10b_2d,812484,2d,5.0,97,3,-3.366796206188699,0.041601726021383824,78,58.27770240995518,0.5303820606477745,1.2232726232009303,-0.30713275753541247,1.7268820978388193,92.88419524110861,0.025480565387660126,331,95.95059523809523,0.42723859539184383,1.063143943247359,-0.30540771373655484,1.3989122611368634,51.146960104437504,1.646437509892371,0.42723859539184383
BTC_LONG_2f8439d08c70cbb5_2d,229372,2d,5.0,99,3,57.42520154686303,0.0056482746601326074,51,38.10465157573993,0.5690600218839144,1.6009161466062107,-0.14817446159612113,3.8404730191293033,135.54873755335655,-0.014619206418828159,188,54.49761904761905,0.09950268664559037,0.4624878329175833,-0.34871613807285384,0.285340068272958,30.337923339546833,1.430209089808763,0.09950268664559037
BTC_LONG_81a85d519db52953_2d,627563,2d,5.0,95,4,27.844511511466525,0.05267102736295568,89,66.49635274982066,0.5881743200254019,1.3146760123861536,-0.29902965503936063,1.9669431112040772,87.44443878023674,0.01427852109929111,356,103.19761904761904,-0.06656872097789124,0.047291882789292604,-0.5206685888464675,-0.12785238519068937,6.934126903061812,1.5519290123456788,-0.06656872097789124
BTC_LONG_a70ab9df53d4b694_2d,809568,2d,5.0,99,4,252.62445349548162,0.01882987531056378,22,16.43730067973095,0.5994280284331734,2.64115918486154,-0.04315621419407578,13.889726882379298,300.72654076307055,-0.00548456592644087,153,44.35178571428571,0.26777074739891615,0.9669451573908938,-0.32410419876942154,0.8261872213183425,67.68403253290856,2.6982402146464644,0.26777074739891615
BTC_LONG_1fc478e669edd568_2d,153524,2d,5.0,99,4,24.61199294532646,-0.0198639914958726,18,13.448700556143503,0.46966316383051954,1.8874194821377632,-0.03443294458996782,13.639936096762339,307.30956607663785,0.005935918852419664,53,15.363690476190476,0.1118464467475877,0.7211798739945796,-0.13989787499686157,0.7994863878389635,82.7794833571225,1.142392189643347,0.1118464467475877
BTC_LONG_445ea5c2f75aeed8_2d,330683,2d,5.0,99,4,24.990238581284302,0.05450124219026909,27,20.173050834215257,0.944305319159215,2.16975152202601,-0.07732831052477485,12.211637791526217,359.4027254910791,-4.167118539944625e-05,118,34.20595238095238,-0.06561188820267616,-0.16928730087761074,-0.35151601139789657,-0.18665405294556314,-6.642117937188969,1.695626143118427,-0.06561188820267616
BTC_LONG_6e2a45b1c1f2f36d_2d,533332,2d,5.0,99,3,-26.99891367091002,0.02517408261446331,42,31.380301297668176,0.6733630230743646,1.7222820947466777,-0.18986287202375818,3.5465755673921566,185.81595118633814,0.014307021505706551,178,51.59880952380952,0.13566782623904428,0.5617256611106293,-0.4228004757151682,0.3208790766130567,39.16387807843448,1.644305739271017,0.13566782623904428
BTC_LONG_b840662a67543216_2d,893177,2d,5.0,95,3,-41.13697850806753,-0.009295452194756018,58,43.33470179201796,0.18582075258957875,0.6564448539279945,-0.2376431780204149,0.7819317774550872,58.233711737834014,0.012314994213458882,195,56.526785714285715,-0.016793166960866857,0.09572305426592956,-0.3795119274740173,-0.04424937859697855,10.114415292788037,1.3044230922733078,-0.016793166960866857
BTC_LONG_876b239c2d338662_2d,655268,2d,5.0,95,4,0.7417005073219137,-0.00995859814615412,120,89.65800370762337,1.9546378391714176,2.325975778352081,-0.4044826708686946,4.832439013947134,141.03887171304393,-0.009679522797661799,329,95.37083333333334,0.45037254109719105,1.1073992237127541,-0.4641691887220344,0.9702766836746991,52.75859872303624,1.0637180105452675,0.45037254109719105
BTC_LONG_8b2b74f4523fbd8c_2d,673801,2d,5.0,97,4,114.84366953372842,0.0017532171434021836,88,65.7492027189238,2.252444278174506,2.66716639435602,-0.1798181230573116,12.5262361761868,201.89408864866954,0.01734324084679005,275,79.7172619047619,0.15066352206673472,0.5483457853511312,-0.5424183083229299,0.277762604534058,32.10822554447766,1.2124445408950615,0.15066352206673472
BTC_LONG_a5c815ef1d70fee7_2d,803317,2d,5.0,99,3,-204.64155522152316,0.012406866928482576,34,25.403101050493284,0.06623842411652192,0.35367528135001625,-0.2957474633739239,0.22396954266611702,51.917761277925,0.003969686493235082,121,35.07559523809524,0.011874908624164071,0.17637297325782092,-0.2562993963057333,0.046332175554556446,18.044063058467216,1.3807603712781409,0.011874908624164071
BTC_LONG_546aae11ff7d6499_2d,408333,2d,5.0,99,4,24.62262350804256,0.010194732819598817,27,20.173050834215257,0.5364014555529453,1.5748425618521806,-0.1313067860212478,4.085100791867268,239.008229199872,0.0036802976621002617,92,26.669047619047618,0.3432253914958521,1.3130097944442105,-0.20418785601184386,1.6809295038385799,126.90767422022044,1.322013603109282,0.3432253914958521
BTC_LONG_4b49c42cee93df71_2d,364276,2d,5.0,99,4,55.57375157535998,0.010987159575378866,28,20.92020086511212,0.39615691032289435,1.3430812772334855,-0.1697912685978401,2.333199543147378,182.12718239436296,-0.012618187580079415,97,28.11845238095238,-0.12450570625445367,-0.39301549870483676,-0.48289729621437405,-0.25783061373609656,-30.283615111770008,1.3440813767636683,-0.12450570625445367
BTC_LONG_19fff39e2141f1e0_2d,125737,2d,5.0,97,3,-65.88657504083132,0.09381610526212739,61,45.57615188470854,0.3419630052507623,0.9123957556703733,-0.22574885406533984,1.5147939805346071,87.31890292734015,-0.01905040917635275,227,65.80297619047619,0.07252692106513048,0.37427584418862814,-0.47391589430003656,0.1530375366967828,25.48821718682559,1.4438028106658571,0.07252692106513048
BTC_LONG_21f85655a3d4dbed_2d,164212,2d,5.0,99,4,78.94824442362503,0.031394679988884455,27,20.173050834215257,0.6083919714815298,1.351291601824399,-0.2368538653159934,2.568638559771262,279.1116881922287,0.03824088511374307,90,26.089285714285715,0.24981016096927866,1.000404770385311,-0.2669665395673304,0.935735846799914,102.76768340634177,1.2932741769547325,0.24981016096927866
BTC_LONG_866a7b6ea2ffb98d_2d,650396,2d,5.0,99,4,41.33985208832514,0.029896490572738296,20,14.943000617937226,0.6642993144138631,1.689422640493804,-0.09465525870765579,7.018092005490806,379.5339228958889,-0.005202329123862189,99,28.698214285714286,-0.19982595848859308,-0.5521861676876884,-0.6474290818066104,-0.3086453236406854,-55.24237753930844,1.9205121527777778,-0.19982595848859308
BTC_LONG_044d4841e5e18788_2d,20728,2d,5.0,99,3,-171.1786023238563,0.03119440447428017,12,8.965800370762336,0.23556505663334737,1.1806870117290968,-0.11513935556822807,2.0459125854127147,261.7168067375918,0.0352606881712866,67,19.42202380952381,0.16722972819366366,0.9629925683158566,-0.17987286540180825,0.9297107032797761,92.58296865818825,2.166234246399177,0.16722972819366366
BTC_LONG_c860e9da135c1620_2d,971017,2d,5.0,95,3,-44.76751154276721,0.017087815712543794,113,84.42795349134533,0.3623678775190604,0.874261056120227,-0.37548363207863933,0.9650697036060628,55.85958745497419,-0.019182906295758514,366,106.09642857142858,0.011384241488371805,0.24271782188491733,-0.5682394323268823,0.020034233530317493,14.918660698920432,1.2566504834480499,0.011384241488371805
BTC_LONG_7b86c995b57ee4c1_2d,598093,2d,5.0,95,3,-37.2167976572126,0.012149616330625229,102,76.20930315147986,0.3146495405357097,0.7851962731691277,-0.24323181203986632,1.2936200158067228,56.64364878842953,-0.013424238571887511,365,105.80654761904762,-0.059478477999861834,0.06403324863262481,-0.4933121962803745,-0.12056964828426253,7.546822911149041,1.388367866436698,-0.059478477999861834
BTC_LONG_308a4bf4581e2f5d_2d,234416,2d,5.0,95,4,105.16642483998078,0.04223790694394591,116,86.66940358403592,1.6381852443636382,2.238792735899031,-0.322989438599973,5.07194678397071,130.35416255494872,-0.011659740912693707,389,112.76369047619048,0.035684906736584754,0.28723189883063743,-0.7029500709179987,0.050764496957775414,15.212580126319969,1.301078417677735,0.035684906736584754
BTC_LONG_6f7c8b37833d9643_2d,539658,2d,5.0,99,3,-229.61706630195033,-0.010613862541884013,15,11.20725046345292,0.054302993518403175,0.3330689907659157,-0.20947393963503835,0.25923508009165264,83.03043061777478,0.007569871092057446,73,21.161309523809525,0.03530344750621417,0.26938744703891077,-0.3933118375407233,0.0897594329399223,32.581620063832794,1.8881802983539093,0.03530344750621417
BTC_LONG_c8da5db13d6377a2_2d,973304,2d,5.0,99,3,-21.071437461323324,0.05866165039489763,50,37.35750154484307,0.931787288532193,1.7345429165856776,-0.21443016984348318,4.3454113253387945,204.01410057701943,0.035151190528978894,147,42.6125,0.20236491478063945,0.7903069152886996,-0.2938366383607458,0.6886987133721366,57.52985567354487,1.140667824074074,0.20236491478063945
BTC_LONG_5740defe528d6e16_2d,422240,2d,5.0,95,3,-1.204560322191196,-0.004815238712899413,66,49.311902039192844,0.4939549209617766,1.046315406313398,-0.24292190677666003,2.03338977334767,110.49436145580107,-0.0026612191977423393,198,57.39642857142857,0.45771472199648944,1.3094984175207336,-0.20823154237902586,2.1981046520000844,79.91480341824052,1.1639467592592594,0.45771472199648944
BTC_LONG_023dd7bb9d6ce9ce_2d,10591,2d,5.0,99,4,38.47890268866128,0.027928142008887803,47,35.11605145215248,0.5030277651377411,1.489264566922769,-0.17093967815248856,2.9427209093549935,133.79631530228886,-0.0027765611395063634,170,49.279761904761905,0.132131270960693,0.548127677364817,-0.40539252908436096,0.325934153890628,40.7667418823892,1.4033400643551353,0.132131270960693
BTC_LONG_a1cae8c28193e536_2d,783725,2d,5.0,99,3,0.7314360844273837,0.01318743729809244,49,36.610351513946206,0.5096546461914198,1.3648814722694491,-0.19189973397531424,2.655838211099246,133.5010408412261,-0.007205457127501735,174,50.43928571428572,-0.05573397576066208,-0.0729391894128941,-0.4924127666418091,-0.11318548083300221,1.0230194924174782,1.3777328987150415,-0.05573397576066208
BTC_LONG_7a7e47c09730c872_2d,593245,2d,5.0,99,4,63.398101489312225,-0.002936924106978317,42,31.380301297668176,0.40926028449689644,1.502825844338705,-0.1477240034235371,2.7704386221074238,124.2090265083412,-0.010834854241699764,174,50.43928571428572,0.07525755532244727,0.40080115332028904,-0.34817773184787026,0.21614695150960903,26.511478284967914,1.6073550485008818,0.07525755532244727
BTC_LONG_be03be42a73b0dee_2d,921029,2d,5.0,99,4,236.1248185147093,0.07195661534248936,32,23.90880098869956,1.001348019324956,2.368306245622012,-0.11730253885367037,8.536456491995391,313.908474232468,-0.0032999319219960133,102,29.567857142857143,0.006719384347349644,0.15588905125236505,-0.5080885821518955,0.013224828471624369,18.91704376952914,1.236693431712963,0.006719384347349644
BTC_LONG_1b43b9890bc145e4_2d,131785,2d,5.0,99,3,-202.7345849905591,0.009703636403785756,28,20.92020086511212,0.3245018902895058,0.8794461478582187,-0.22844028257426918,1.4205108076068222,175.6658074944723,-0.015491700798877375,81,23.48035714285714,-0.18591220424206212,-0.5968385454897819,-0.6850029044164934,-0.27140352696814896,-65.67624985179484,1.122377232142857,-0.18591220424206212
BTC_LONG_670fb1c713591dc5_2d,498754,2d,5.0,95,4,45.12634792944483,0.05097365090766416,97,72.47355299699555,1.233400482299582,1.884520401795755,-0.15466822357197774,7.974491811018934,131.66413632515832,0.028161680237153236,320,92.76190476190476,0.07762451691419314,0.3892066700144113,-0.555273603112629,0.13979507846053357,22.22867963195904,1.2799414534809723,0.07762451691419314
BTC_LONG_53ca9bf80c991a95_2d,405277,2d,5.0,99,3,47.02307447783908,0.017043679828293103,38,28.39170117408073,0.5144430967159839,1.719108960495375,-0.1186248135313599,4.336724176008796,162.50325317397636,0.00247173219362934,136,39.423809523809524,0.37015882362218555,1.179787678596906,-0.34438650033525575,1.0748354632421444,96.65939742977152,1.388568063677713,0.37015882362218555
BTC_LONG_a1a84df9ecf8eb4e_2d,783051,2d,5.0,99,3,-249.59764755789408,0.01414781447099165,14,10.46010043255606,0.3867926727121975,1.261737655170468,-0.08748685816898893,4.421151711324137,354.364080553599,0.016687335867600323,40,11.595238095238095,0.008047691117294642,0.1339539022507914,-0.3105684223713465,0.025912779721281583,24.025449649265422,1.1085207231040564,0.008047691117294642
BTC_LONG_aa6969ba7ad88698_2d,825935,2d,5.0,97,3,-100.98895551637436,0.05716788474733218,71,53.04765219367715,0.5233765628981353,1.1185753765457098,-0.3393748112214129,1.5421785754060489,105.50401637172958,0.022197379058570305,254,73.6297619047619,-0.10099764198930505,-0.11065764376723566,-0.6883220672639175,-0.1467302107438906,-0.43091534405753595,1.387992849069727,-0.10099764198930505
BTC_LONG_32790d4266a3dbf2_2d,243619,2d,5.0,97,4,88.22223203934757,0.07108608969682517,58,43.33470179201796,0.9194077377289458,1.5719018864620744,-0.24150377630378328,3.8070118480153257,181.67847971980643,0.03333172210832349,174,50.43928571428572,0.4162926188501088,1.2854790180138052,-0.36957116037375004,1.1264207370215495,83.25876097118703,1.1639467592592592,0.4162926188501088
BTC_LONG_0a80f0cece2b6023_2d,50848,2d,5.0,99,3,5.990833331081673,0.047720149052874195,34,25.403101050493284,0.873918949911415,2.3720812728499125,-0.1583178595985939,5.520027570655564,266.95637626676256,0.007788743209370809,180,52.17857142857143,-0.10329579407438616,-0.1578470993755244,-0.4536626679518121,-0.22769295640027892,-5.138037302054952,2.054023692810458,-0.10329579407438616
BTC_LONG_7be76fd0f902faca_2d,599915,2d,5.0,99,3,-144.03988630404746,0.013163713149332484,33,24.655951019596422,0.8225866863468974,1.7118136074290153,-0.10380341489255651,7.924466523556375,276.48956523175036,0.011973216036326282,77,22.320833333333333,0.06092382178460465,0.37434904541009467,-0.24193900891467324,0.2518147943893214,42.76210419277287,0.9052919238683128,0.06092382178460465
BTC_LONG_16a9431802ec66ed_2d,109606,2d,5.0,97,2,-209.23774222668644,0.02373161428005271,37,27.644551143183868,-0.19372122645736634,-0.49221665223663597,-0.33426999307497485,-0.5795351975069918,-53.5104625137946,0.005924031190066256,188,54.49761904761905,-0.14425780022916335,-0.41309229259402636,-0.5563391345975259,-0.2592983151068892,-16.303709988773413,1.9713692859526193,-0.19372122645736634
BTC_LONG_ac6867f81c702dfd_2d,835705,2d,5.0,99,4,197.17481602947856,0.03381787695506075,21,15.690150648834088,0.7670600487930141,1.868118583703804,-0.08771775251233072,8.744638648661073,400.2228223437559,0.0133488300936675,90,26.089285714285715,0.17108876375439142,0.8181804771118534,-0.20134204610911943,0.8497418550205259,75.10006368802725,1.6627810846560847,0.17108876375439142
BTC_LONG_11ffbe1678e62a20_2d,87021,2d,5.0,99,2,-208.79516405441063,-0.010567729909790888,46,34.36890142125562,0.06839178616466746,0.37233274620024526,-0.21828498315835143,0.3133142059298404,35.91245781093148,0.018476511399086636,142,41.16309523809524,-0.09131633983002996,-0.3788352293083537,-0.5004455547389068,-0.18247007884338518,-13.377835853829856,1.1976843464841653,-0.09131633983002996
BTC_LONG_465e63d74f8f8242_2d,340372,2d,5.0,99,3,-0.8570835558696088,0.013020131286613479,38,28.39170117408073,0.3393810547634095,1.4136929944539178,-0.12602705600164643,2.692922182987245,116.76379181569885,0.0019482939231071164,153,44.35178571428571,-0.021995087371776023,0.06677190341733125,-0.4467937382006665,-0.04922872791448449,9.305157336886834,1.5621390716374268,-0.021995087371776023
BTC_LONG_15fde34d0a7a9547_2d,106383,2d,5.0,95,3,-68.76979708924964,0.0537207684076628,66,49.311902039192844,0.09812658516279704,0.4402831061070229,-0.23405187962021123,0.41925142973439916,35.898840574216024,0.018409081659927422,272,78.84761904761905,-0.1735905925288047,-0.43304577748347384,-0.5639509684274344,-0.30781149824577564,-12.666621213079148,1.598957164234942,-0.1735905925288047
BTC_LONG_4190600171a4fda0_2d,317075,2d,5.0,99,4,33.565080007515974,0.012930139480373347,41,30.633151266771314,0.7677544649883632,1.5350359329790584,-0.2549784139599881,3.0110567128590002,219.357563470227,0.0011354755661266197,164,47.54047619047619,0.10806507937343501,0.4984699682764945,-0.3981689101237931,0.2714051163357705,35.493566817296355,1.551929012345679,0.10806507937343501
BTC_LONG_1c35cf182c99f199_2d,136348,2d,5.0,99,3,185.82536811774324,0.043323888733565734,28,20.92020086511212,0.46477925552850974,1.767580360694484,-0.08395349497776983,5.536151361555339,199.7027562002621,0.004463333182212422,133,38.55416666666667,0.05975009011744126,0.35359415260201366,-0.3418358602489411,0.17479175553415727,28.644783652938482,1.8429157021604936,0.05975009011744126
BTC_LONG_1ec9b34ebd317ab8_2d,148842,2d,5.0,97,4,3.157607134694114,0.01372894252696427,67,50.059052070089706,1.2800267391954323,1.7203833537336075,-0.17839962812936128,7.175052731989208,199.51723009755978,-0.012288055682602658,218,63.194047619047616,-0.19358816965559233,-0.37905238261077506,-0.7639276224687837,-0.25341166356830214,-17.607525941431327,1.2623900175050673,-0.19358816965559233
BTC_LONG_31d286b88d9ef05f_2d,240473,2d,5.0,99,0,-218.6592586908035,0.006675081602183199,36,26.897401112287007,-0.14220568389793087,-0.582181186207142,-0.2543203189056331,-0.5591597419736527,-42.78577541222147,-0.005384300380188039,157,45.51130952380952,-0.1411615102352759,-0.7516596763241508,-0.43539547631994135,-0.32421446228243833,-24.807511024177664,1.6920337148491083,-0.14220568389793087
BTC_LONG_278d6ddbefe7f1e4_2d,191040,2d,5.0,99,4,76.29479327638937,0.040632788551086575,60,44.82900185381168,1.5286963135199114,2.8808502610750755,-0.16425934526029773,9.306601771104251,224.7973990320433,0.006308139814381631,183,53.04821428571429,0.15613585680385222,0.6660494069370345,-0.3612019614060793,0.43226746664400684,39.25913026879232,1.18334587191358,0.15613585680385222
BTC_LONG_9e441665a9d94a26_2d,766566,2d,5.0,95,4,11.627880927177268,0.02031283675086747,103,76.95645318237672,0.6858600405196562,1.1635725997340134,-0.25204769120346715,2.721151847274773,95.58861629271959,0.011891933732947465,358,103.77738095238095,0.15043005700612277,0.5428009718324821,-0.45831508017001465,0.32822410502032767,28.142518895973538,1.3485208408246434,0.15043005700612277
BTC_LONG_07ac8463a2121eb2_2d,37090,2d,5.0,99,3,-186.0854502240772,0.03990259650606811,33,24.655951019596422,0.852155152277781,1.7592722244987518,-0.24129906722436567,3.531531066738135,283.72814911181325,0.004693450891115024,122,35.36547619047619,0.10707643932619693,0.5621855749310251,-0.28657428725846357,0.37364287058183926,41.08052760787654,1.4343586326225215,0.10707643932619693
BTC_LONG_a18389afb4e8507e_2d,782370,2d,5.0,97,4,88.30403530963507,0.07807592790771144,74,55.289102286367736,1.0909631884479176,1.9201101690410662,-0.21912376899531993,4.978753302072029,154.5879768044604,0.05614981755386891,224,64.93333333333334,0.5450247372699177,1.4169626866715295,-0.23813144281246645,2.2887558687457172,81.17974182589134,1.174432766099433,0.5450247372699177
BTC_LONG_5d47cc6741d7c67e_2d,451351,2d,5.0,95,3,-5.229509791938526,0.07509949290096021,93,69.4849528734081,1.4651507152134888,2.020865719673857,-0.23001179876422906,6.369893731909486,152.91360437989889,0.027108253817787458,263,76.23869047619047,0.3831334766421237,1.039443153827855,-0.44186714749694556,0.8670784393283553,57.00155795146599,1.09719712431966,0.3831334766421237
BTC_LONG_ab90a4571061747f_2d,831447,2d,5.0,99,4,24.61199294532646,-0.014151013379451727,29,21.66735089600898,0.23516590224987866,0.9625127186369006,-0.16653715783587153,1.412092684334407,116.94442189107772,-0.001772068887272137,66,19.132142857142856,0.08686671021934722,0.5442822935610445,-0.1796389827908651,0.48356269262823126,57.21725274782539,0.8829940932311621,0.08686671021934722
BTC_LONG_1b3b64b608c2a16d_2d,131630,2d,5.0,99,3,-209.9956868216876,0.041126278551655016,23,17.18445071062781,0.24279727616830327,0.8646820150730592,-0.20274062110172575,1.1975758723086825,156.47885347263122,-0.006021374173874575,125,36.235119047619044,-0.11094244362523586,-0.37177767328782785,-0.4702321664724103,-0.2359312091673872,-19.450365339769238,2.1085992015566286,-0.11094244362523586
BTC_LONG_8a2ca602e0142829_2d,668927,2d,5.0,95,3,-20.84557955797895,0.017449046548323636,111,82.93365342955161,0.3745745314364226,0.8763967374014359,-0.39224197269888583,0.9549578003065315,59.01246154431757,-0.0006343990828544538,326,94.50119047619047,0.2537052170769134,0.7962003209956198,-0.5966834439773658,0.42519231870381385,36.41638365412136,1.139479409965521,0.2537052170769134
BTC_LONG_9324d8d41e29d4b0_2d,712498,2d,5.0,99,4,24.61199294532646,-0.008726322513824354,18,13.448700556143503,0.2494469820745473,0.9936907208114106,-0.13919094299998547,1.7921207852911332,193.6495889549346,0.006219701164648768,51,14.783928571428572,0.006871729932751647,0.12722306579380424,-0.25481874905365576,0.026967128432549933,19.92598284798159,1.0992830504115227,0.006871729932751647
BTC_LONG_15435c0bfcf97b6e_2d,102863,2d,5.0,99,4,139.97530897839823,0.02721878388318412,40,29.886001235874453,0.9871379600334242,2.101515997740158,-0.12710553805425473,7.7662859946516765,254.8360351500162,0.008914642870472686,138,40.003571428571426,0.04447916286701048,0.2934998856704078,-0.27362148785246243,0.16255727288126504,25.07691421316132,1.338538773148148,0.04447916286701048
BTC_LONG_8ce402eb075584dc_2d,682190,2d,5.0,99,4,20.18605078047886,0.01467655888264577,28,20.92020086511212,0.7737509033129133,1.7495674398157877,-0.12710553805425473,6.0874680612471765,309.35939183103415,-0.013938714459822815,80,23.19047619047619,0.08289523214232708,0.5022479249598326,-0.2908498934518069,0.2850103576058645,47.262878423866304,1.1085207231040564,0.08289523214232708
BTC_LONG_c99b01c8d206f81e_2d,976980,2d,5.0,97,3,-19.14961723749671,0.046204307221212396,60,44.82900185381168,1.207448507968647,2.199662112823467,-0.2254340365957409,5.356105609437768,198.48423833704172,0.0033920700231243033,158,45.80119047619048,0.009572416178959653,0.18724785376250783,-0.5540671731113856,0.017276634753878993,17.880883169435016,1.0216865997942386,0.009572416178959653
BTC_LONG_5a2d1c10ea759668_2d,436391,2d,5.0,99,3,4.591392656433162,0.004823144628560088,53,39.59895163753365,0.6239350426665278,1.5735347148359349,-0.28190634620459387,2.2132706519976892,142.11170868737273,-0.015664595569877916,173,50.14940476190476,0.09139850301389485,0.42895088675331566,-0.3586740925793528,0.25482326408527517,32.27117250841942,1.2664326374330304,0.09139850301389485
BTC_LONG_54c24918a2d046b4_2d,409980,2d,5.0,99,3,46.341995722743924,0.04574849451785515,22,16.43730067973095,0.3183257137406099,1.1925920145273299,-0.13278342103685892,2.3973302634840756,192.3704608067256,0.028738440945607846,91,26.379166666666666,0.22415823885003383,0.9301245702895337,-0.3119631338597664,0.7185407970378879,93.45600933021582,1.6048356832210997,0.22415823885003383
BTC_LONG_5b55989455e686eb_2d,441884,2d,5.0,99,3,-87.5434474624213,0.016272110131717393,34,25.403101050493284,0.3977643690885453,1.6272616700926512,-0.12830519314628963,3.1001423974712123,146.19899955698165,0.019100020879256926,178,51.59880952380952,0.21040471200005406,0.8212607527523642,-0.29709337042616846,0.7082107274835416,49.40764062649005,2.0312012073347856,0.21040471200005406
BTC_LONG_1343c3fb7dfbd96a_2d,93154,2d,5.0,97,3,-149.2503485073827,0.008330408259081786,46,34.36890142125562,0.6690912897693015,1.4081196789415802,-0.18328680164821176,3.6505153876464598,179.67380768727025,-0.005448059762564628,203,58.84583333333333,0.1300255428801187,0.5412673976555303,-0.3518335000129702,0.36956555551226744,34.273663576544735,1.7121825516639826,0.1300255428801187
BTC_LONG_99a54df2de88d401_3d,744123,3d,5.0,97,4,149.01346491145227,0.08379525508720494,64,47.81760197739912,3.012073635236563,2.9314485158150685,-0.2373845704318217,12.688582201266737,321.6554091663371,5.747844576128574e-05,218,63.194047619047616,0.006669808936822896,0.19808522865905193,-0.4716770680597884,0.014140625840172182,16.405342707590496,1.3215645495756172,0.006669808936822896
BTC_LONG_662f23dc21b57300_3d,494554,3d,5.0,99,3,151.87724456411237,0.02817742433394217,14,10.46010043255606,0.4118501440474973,1.7150223989079536,-0.06838060493293197,6.022908753899471,355.3826026566058,-0.012349036940344674,37,10.725595238095238,0.08149684574787353,0.5499005271272562,-0.279313698374542,0.29177532724725663,91.11575747780498,1.025381668871252,0.08149684574787353
BTC_LONG_b15d23c39f337dcf_3d,859893,3d,5.0,99,4,279.6636951798176,0.030873497057329176,18,13.448700556143503,0.5767878703571665,1.824056027833435,-0.12220840249164588,4.719707144495203,369.46681981006395,-0.008913333902472781,120,34.785714285714285,0.07321167656758898,0.3893501583569425,-0.42816733851871613,0.17098846638062454,37.83138262304075,2.586548353909465,0.07321167656758898
BTC_LONG_99b78550f9fca803_3d,744492,3d,5.0,95,4,24.986837314012796,0.04290647452786329,75,56.0362523172646,0.9068003789577903,1.738353633842119,-0.22965014455414612,3.948616626034773,135.36673504527658,-0.006065676924151661,297,86.09464285714286,-0.06305851735923085,0.10215191921111942,-0.7646998758346986,-0.08246178579589818,10.626697775975888,1.5364097222222222,-0.06305851735923085
BTC_LONG_5b63e02125b3be15_3d,442165,3d,5.0,97,4,5.6417382878809486,0.07282103613960139,23,17.18445071062781,0.4742024492488188,1.243217158488981,-0.14565992233038627,3.2555451194957485,263.61320819060506,-0.0028034914813026028,146,42.32261904761905,-0.22264965148854865,-0.5493940954334467,-0.5930345990806226,-0.3754412505336465,-39.94791583871347,2.462843867418143,-0.22264965148854865
BTC_LONG_232e51fa60679b62_3d,169982,3d,5.0,95,4,89.69114819270182,0.06326760056092391,52,38.85180160663679,1.6137799934235924,2.5764611860483195,-0.14848750388535759,10.86811988347208,272.1902274856506,0.010272452965144981,183,53.04821428571429,0.10395559356360096,0.45514296141225025,-0.5776307457098243,0.1799689409466157,38.215697948185614,1.365399082977208,0.10395559356360096
BTC_LONG_12711bdda6357a58_3d,89216,3d,5.0,95,3,-69.70543945022987,0.03360427687301595,73,54.541952255470875,0.3527667832158108,0.8636165005275501,-0.3258314749659752,1.082666379153973,81.16983178592754,-0.01569074513037037,285,82.61607142857143,-0.26801708256647183,-0.43440107201123235,-0.6771014060139268,-0.39583004877257516,-19.44159319290718,1.5147252346524607,-0.26801708256647183
BTC_LONG_5244410a719c78fe_3d,397816,3d,5.0,95,4,77.29201078769566,0.04651746636628515,23,17.18445071062781,0.6400246391468587,1.6549456542609462,-0.16440664761026302,3.8929364989187056,324.4387607747722,0.0682409972900395,117,33.91607142857143,0.056722758178669785,0.3372710184778705,-0.4866262673451579,0.11656328888312362,37.81704778335438,1.9736488526570046,0.056722758178669785
BTC_LONG_80ff23b2edbc57f7_3d,624381,3d,5.0,97,4,63.689938257415044,0.019467713693441992,39,29.13885120497759,0.5997311132218259,1.7882844510931268,-0.1524707392139345,3.933417758146579,179.88024066956672,0.012460110694540337,172,49.85952380952381,0.17996898062505173,0.6590525217675439,-0.3419995184592268,0.5262258304802485,49.44938500858576,1.7111012187401076,0.17996898062505173
BTC_LONG_b264df2711ca7a4b_3d,864910,3d,5.0,97,3,12.35445489998488,0.030024880843101544,60,44.82900185381168,0.555672295221082,1.3668416107731614,-0.2214774864321668,2.508933545221857,119.51453585785025,0.018692906981866694,241,69.86130952380952,-0.12086954522824278,-0.11362820040818866,-0.6976102896994554,-0.1732622740990759,-1.588097933603838,1.5583953832304525,-0.12086954522824278
BTC_LONG_c9d2e592c009ee5c_3d,978095,3d,5.0,95,3,-41.9051057983906,0.05312786949203029,80,59.772002471748905,0.5594637539982492,1.1396784121017318,-0.26675000324819786,2.0973336351853593,99.46008865718483,0.0119724343438841,303,87.83392857142857,0.5077565094402692,1.1353491913997007,-0.4582379416585143,1.10806300238372,63.07162895290397,1.4694827835648148,0.5077565094402692
BTC_LONG_320570d1aa69db6b_3d,241423,3d,5.0,99,4,161.71519205577152,0.08509401931823253,16,11.95440049434978,0.4663804809062797,2.053382453616152,-0.044839647179577335,10.40107383179182,340.4891070853237,0.009616541738173914,84,24.349999999999998,-0.1821866160438116,-0.6559123741557352,-0.5355213718561809,-0.34020419280808734,-63.62162461972087,2.0369068287037035,-0.1821866160438116
BTC_LONG_6eceee78a3b0f50d_3d,536462,3d,5.0,95,3,-15.646550077764227,0.01995849418831603,78,58.27770240995518,0.17341240623039833,0.5714033232013428,-0.40221152427337237,0.4311472838668207,51.30976853088769,0.01325945424630713,298,86.38452380952381,-0.07402476107553047,0.08015526412600964,-0.5994711455474108,-0.12348344307370174,9.47464118926072,1.4822911720481164,-0.07402476107553047
BTC_LONG_972c3301178d451c_3d,731970,3d,5.0,99,4,90.82541581955832,0.09109958715381947,17,12.701550525246642,0.2571069468780047,0.9677531975413087,-0.12175541508486665,2.1116674498525967,211.7317938983537,0.0032527055936742064,78,22.610714285714284,-0.04236316056701184,-0.07441033837647387,-0.3739705766971332,-0.1132793947084249,-2.5048532787745144,1.7801538671023964,-0.04236316056701184
BTC_LONG_ca017532b635a65d_3d,979001,3d,5.0,95,3,-18.53450561586,0.024317689880511306,39,29.13885120497759,0.414039149916289,1.250514364853871,-0.15726666308871762,2.6327203857738133,140.36451272185533,-0.017699609409124684,101,29.27797619047619,0.05058996803139326,0.3141247159442689,-0.49960427405904184,0.10126007854251198,36.20862526511577,1.0047745528648306,0.05058996803139326
BTC_LONG_25e9a00db8b7a09a_3d,183122,3d,5.0,99,3,-66.32275407626993,0.04838046031716695,27,20.173050834215257,0.5703380081392662,1.785961138190064,-0.15229083475131044,3.7450579942688145,246.3535633751687,0.01635038304126016,110,31.886904761904763,0.2567065765324681,0.976960601473345,-0.36173934227362636,0.7096451685874147,88.29193185533626,1.5806684385002285,0.2567065765324681
BTC_LONG_774a2fa3bbfb3bcf_3d,577815,3d,5.0,97,4,40.58296206964929,0.03300082533351473,46,34.36890142125562,0.7134254417318888,1.566766882351824,-0.3513051954321448,2.0307853427965834,183.62164466037677,0.023857407347503704,177,51.308928571428574,0.5339399345457987,1.3251353895201647,-0.3259143713505851,1.638282878822306,101.8060372177272,1.4928882347020933,0.5339399345457987
BTC_LONG_3225f06f185df2f6_3d,242020,3d,5.0,95,3,33.57890679763814,0.013718773482870502,74,55.289102286367736,0.7052177201080858,1.3404258735907275,-0.27151345922252434,2.5973582382526033,121.83939168223974,0.009093483638200275,291,84.35535714285714,-0.433559989961235,-0.9353504974651844,-0.878976480149715,-0.49325550768706267,-48.44584340049234,1.5257139952452452,-0.433559989961235
BTC_LONG_b7b1719b2bdf9edc_3d,890441,3d,5.0,99,3,25.85688444601386,0.03416954875601362,35,26.150251081390145,0.20791089692015619,0.8028117131409688,-0.16068875377430536,1.2938733547723973,92.45258192257624,0.02038040987101408,157,45.51130952380952,-0.2729057106250644,-0.7540924352117382,-0.6669337230914172,-0.40919464884767415,-51.64518333428769,1.7403775352733686,-0.2729057106250644
BTC_LONG_2aef2192c0c46e6d_3d,207291,3d,5.0,97,4,26.010743046241217,0.11059626061118213,20,14.943000617937226,0.29300303437584074,1.1803610514396494,-0.11949765593901984,2.451956333983333,195.71226303986074,0.04649416114580018,90,26.089285714285715,0.06409599730700077,0.3560171965944723,-0.27844365605208865,0.23019377857547701,45.59049838456987,1.745920138888889,0.06409599730700077
BTC_LONG_bdbf1b3c7b72942c_3d,919710,3d,5.0,95,4,19.198804533092606,0.04003747235776446,74,55.289102286367736,0.2680496353078943,0.7348411266462764,-0.38060976750133424,0.7042636794836187,68.27283009207949,0.016317863235384943,296,85.8047619047619,0.019812051280634124,0.25828763849433256,-0.6391904047234532,0.030995539254388277,17.795355298027708,1.551929012345679,0.019812051280634124
BTC_LONG_66e59e989980542d_3d,497927,3d,5.0,99,4,243.4925005181145,0.061822452858217844,16,11.95440049434978,0.627881950946442,1.6403485082090605,-0.13725556266506223,4.574546479246385,452.9302204097287,0.00981739094473117,37,10.725595238095238,-0.02006619782610375,-0.07439171867503885,-0.2112903002852835,-0.09496980125926477,-4.662656124936146,0.8972089602623458,-0.02006619782610375
BTC_LONG_51e59d93968f66de_3d,395989,3d,5.0,99,3,182.82838036150258,0.022582721565161324,32,23.90880098869956,0.6988637364551891,1.8594390145579014,-0.10644484381955832,6.565501074339299,245.81745837102534,0.004666940270942788,149,43.19226190476191,-0.14095060221431766,-0.20162591280741046,-0.49332833408982424,-0.2857135754717337,-12.81262788381826,1.8065423659336421,-0.14095060221431766
BTC_LONG_58f6d93893c24e4c_3d,430545,3d,5.0,99,2,-8.202051538103374,-0.001903676149456765,27,20.173050834215257,0.0836661186902099,0.474674192764058,-0.1528251729580442,0.5474629412863753,56.435722073789144,-0.0015522050087446817,66,19.132142857142856,0.14672452992019158,0.6663908666678192,-0.22025524713589784,0.6661567968442645,93.19720999126845,0.948401063100137,0.0836661186902099
BTC_LONG_3e354f9afed7c638_3d,300745,3d,5.0,95,4,46.59365238837026,0.004111088680421576,79,59.024852440852044,0.7564550829059995,1.358388838360257,-0.30770716748463567,2.458360294593302,121.96783443176626,0.008308771121873034,290,84.06547619047619,0.0001195524395447567,0.209878690533117,-0.45645137808165126,0.0002619171401063682,15.643612007120302,1.4242386505704017,0.0001195524395447567
BTC_LONG_08933dc41a0e9792_3d,41483,3d,5.0,99,4,233.00584538943838,0.09134596513674155,27,20.173050834215257,0.9713836446583612,2.5413054050641506,-0.048517499037116996,20.021304971124554,360.2021927037415,-0.014257852795711356,127,36.81488095238095,-0.1068631218288405,-0.2394523389642619,-0.5067869280113293,-0.21086400599987765,-13.944553191238594,1.8249535608139003,-0.1068631218288405
BTC_LONG_826f188c2b45ca85_3d,631252,3d,5.0,99,3,-41.4976111763618,0.06731288272733621,19,14.195850587040365,0.06339896473142792,0.4042726293750503,-0.13478681313236418,0.4703647430937363,62.592440373419514,0.026257726965230477,43,12.464880952380952,-0.0391512641784274,-0.11660714442407179,-0.33135607775840825,-0.11815465840639444,-12.552692769834433,0.8780650990903184,-0.0391512641784274
BTC_LONG_36168df7ff2fd342_3d,261282,3d,5.0,97,4,27.08166231012795,0.016217989154369044,67,50.059052070089706,1.1542014262201934,2.081915507293622,-0.21242690141262088,5.433405178651347,174.98294785339667,-0.027191839954357845,254,73.6297619047619,0.007789989060722036,0.22573079807857066,-0.434243897519888,0.017939202151632447,17.775551833123714,1.4708580937903077,0.007789989060722036
BTC_LONG_9d731ebe50ebbe65_3d,762668,3d,5.0,95,4,77.02093041788012,0.06156413801763517,53,39.59895163753365,0.5847646786004845,1.3296682161383968,-0.18215604760774962,3.210240265311984,142.1385247105927,0.04603963628795753,205,59.425595238095234,0.35155579516092406,1.0126625722971236,-0.30114825259657385,1.167384476349187,66.33314975053919,1.5006860732587932,0.35155579516092406
BTC_LONG_a800262f87cb7ffd_3d,814192,3d,5.0,99,3,215.66045996264077,-0.00034473217519725486,15,11.20725046345292,0.8110180596022578,2.1325453955716216,-0.06722430934352897,12.06435688997267,571.83260630704,0.013316027885242335,84,24.349999999999998,0.45415956519580636,1.5395221268993247,-0.20953120925774493,2.1675031934605187,172.71832541375622,2.17270061728395,0.45415956519580636
BTC_LONG_27cd54206caf7f3f_3d,192199,3d,5.0,97,3,-36.20299428929441,0.03601955314621355,50,37.35750154484307,1.158499607953467,1.9736034996518872,-0.24244964389066126,4.778310206452279,235.82849830560147,0.023271396700281652,198,57.39642857142857,0.1719154960150926,0.6145815057458514,-0.3871385660146882,0.44406708891040847,43.89354557669071,1.5364097222222222,0.1719154960150926
BTC_LONG_bc8cc20c800b4673_3d,913913,3d,5.0,97,3,-149.43788896192933,0.013220618159917104,45,33.62175139035876,0.5465783073969837,1.214301756304889,-0.30712526021272424,1.779659240722847,161.80199606882897,0.02920472012900869,195,56.526785714285715,0.4680511063685613,1.2320638223848377,-0.24765326611719618,1.889945219406341,84.42942527795343,1.6812564300411523,0.4680511063685613
BTC_LONG_cbe15b1817b1eb6b_3d,988046,3d,5.0,99,4,292.2234304810277,0.0777862375071346,14,10.46010043255606,1.0939428867222705,2.103554058488832,-0.04538743321451566,24.1023298575168,773.8055682071396,-0.015238002236371138,86,24.929761904761904,-0.15076101144210952,-0.5551191761628756,-0.4894071492274096,-0.30804824097912065,-48.83553570462615,2.383319554673721,-0.15076101144210952
BTC_LONG_a2de1bf5c7d3fcf9_3d,789024,3d,5.0,99,3,161.7343523627357,0.020996272317307232,22,16.43730067973095,0.3953021364592595,1.7734601640003904,-0.04957468891820227,7.97387023671503,219.04606898464243,0.019128474031496628,74,21.451190476190476,0.05948018656199072,0.3473610999358259,-0.3822851457926043,0.15559115287796105,50.076224398447344,1.3050312149270482,0.05948018656199072
BTC_LONG_7befe6e1149ef56c_3d,600059,3d,5.0,99,3,142.69694746504024,0.01651048816835199,31,23.1616509578027,0.6846747399821702,2.1869974778487538,-0.10985744597624814,6.232392660304529,243.71581908182182,-0.005644995624132949,138,40.003571428571426,-0.0824196132216567,-0.15641065030998538,-0.3746035706452573,-0.22001822641382818,-6.174017331163967,1.7271468040621267,-0.0824196132216567
BTC_LONG_c324ca4bc5fc5706_3d,945827,3d,5.0,97,4,104.17570512559145,0.0738340005300686,71,53.04765219367715,2.4195925366641133,2.764356541731718,-0.1704953058634986,14.19154928876036,258.35453514129745,-0.004052462474731635,230,66.67261904761905,0.14683288503483127,0.5477089422755245,-0.5429316339577186,0.2704445198090374,36.98216474118469,1.2568439184489655,0.14683288503483127
BTC_LONG_8ca691af1e55030b_3d,681013,3d,5.0,99,4,10.238217978879032,0.052851848807859536,15,11.20725046345292,1.2382869661966698,2.24791168803151,-0.03871971115554951,31.98079038405203,784.2513624380706,9.710428127410649e-05,36,10.435714285714285,-0.07644926211565661,-0.30683247191637997,-0.42609747628184214,-0.1794173079426766,-52.37093926437005,0.9311574074074073,-0.07644926211565661
BTC_LONG_af7d8ba7a1b185dd_3d,850748,3d,5.0,95,3,-9.82846715341305,0.011316601896046547,87,65.00205268802694,1.2598803612060703,2.0384421143168128,-0.30229476249950593,4.167721434499314,145.51819051236976,-0.017220449581102717,283,82.03630952380952,-0.06902255465046081,0.04704041106953545,-0.6337585719976238,-0.10890985574033325,7.458590329585421,1.2620572140627215,-0.06902255465046081
BTC_LONG_61f027271aa554ae_3d,473949,3d,5.0,95,4,20.494157432808468,-0.001465051579643059,86,64.25490265713007,1.1322302954598529,1.5968036954218703,-0.28523206795697165,3.9695056154438224,147.93869898561653,-0.01738875397787763,303,87.83392857142857,-0.0016206766279138751,0.23336876305803794,-0.7162367259531486,-0.0022627667210964675,17.538912383990063,1.366960728897502,-0.0016206766279138751
BTC_LONG_c12e702b54d89a5b_3d,936296,3d,5.0,99,4,40.89581553876786,0.022019708443036367,15,11.20725046345292,0.47376385818666855,2.2635946027814793,-0.010515904572564683,45.052126036088985,364.4779804330568,-0.012706985157871702,56,16.233333333333334,-0.012779286186981098,0.015000289326772259,-0.24673154519262253,-0.051794293984599137,6.634073545920846,1.4484670781893003,-0.012779286186981098
BTC_LONG_34120713d7453066_3d,251399,3d,5.0,97,4,137.14416377556364,0.02548087729188614,55,41.093251699327375,1.54251639543978,2.1058325300783096,-0.2467502747132575,6.2513259498182965,262.17340135537574,0.012521613791002938,224,64.93333333333334,0.31936431443848323,0.8783621986415538,-0.5259885195622038,0.6071697433706345,61.15717874698743,1.5801459034792367,0.31936431443848323
BTC_LONG_b973cc2fef6a3344_3d,898974,3d,5.0,99,3,-78.75904493141113,0.026449216956246635,32,23.90880098869956,0.7012966035095853,1.7783313116340298,-0.19599610949967217,3.5781149192186303,249.22059812998674,0.0014531222589849074,158,45.80119047619048,-0.21971346351271515,-0.5876412519771627,-0.6893846674921962,-0.31870953021333664,-37.108991483343885,1.9156623746141976,-0.21971346351271515
BTC_LONG_10aa46e47a07fc99_3d,80642,3d,5.0,99,4,365.6132368905492,0.041953473283291645,31,23.1616509578027,2.4242952124167214,3.128973326137481,-0.10952383436351643,22.13486431063338,572.697267522159,-0.01182300192684737,85,24.639880952380953,0.10473562759158961,0.5101176566789496,-0.4597390451907821,0.22781538502592596,60.37115646857559,1.0638223068498607,0.10473562759158961
BTC_LONG_1a60425057f03292_3d,127535,3d,5.0,95,4,88.46148664587253,0.21633430869456655,55,41.093251699327375,1.1135476314086055,1.9580838721597975,-0.2364110372298872,4.7102184587337455,208.5659300169038,-0.040693933988807496,145,42.032738095238095,-0.04443406804646932,-0.04865082549886843,-0.41570408760230215,-0.1068886964830106,2.037171546102891,1.0228623035914701,-0.04443406804646932
BTC_LONG_319f0082c38c3193_3d,239522,3d,5.0,97,3,-33.8404761248124,0.005554367533224626,23,17.18445071062781,0.3017299144156651,1.0927526899937055,-0.14167257107204445,2.1297694545419597,180.1056746261014,-0.003238495776082484,86,24.929761904761904,-0.01624931923127415,0.08627005060403432,-0.28843968065271774,-0.056335242066913746,15.138725761876222,1.4507162506709608,-0.01624931923127415
BTC_LONG_8d60620db04a6e02_3d,684467,3d,5.0,99,2,-266.455398033101,0.011560646219546524,24,17.931600741524672,0.055258301407501875,0.37569853745786247,-0.1531255460149018,0.3608692530123241,45.18558149899293,-0.01663214257655296,118,34.20595238095238,0.027535439306612064,0.24220158524366003,-0.3954675469382951,0.06962755735531549,25.993042408702117,1.9075794110082305,0.027535439306612064
BTC_LONG_a69416f2ccb193a7_3d,807193,3d,5.0,97,4,83.13070869600912,0.07939569964075129,77,57.53055237905832,0.9610883930215295,1.6177279415618442,-0.2709870753218899,3.5466207821162983,142.325284202743,0.01171379061375114,226,65.51309523809523,0.062028135993645206,0.35088422132845576,-0.5416648908895547,0.11451385725181276,27.663404558753452,1.1387531064614398,0.062028135993645206
BTC_LONG_299b9cde2f81800a_3d,200843,3d,5.0,99,3,-49.00207477364064,0.05617784552953035,32,23.90880098869956,1.032774542096731,2.183564978769594,-0.16707647570027173,6.181447973259178,327.21164237497396,0.008620982790165465,118,34.20595238095238,0.016894098055561857,0.20028316665632118,-0.37424944514281755,0.04514127749505384,22.038833854153857,1.430684558256173,0.016894098055561857
BTC_LONG_9c3cd8ce0b149366_3d,756704,3d,5.0,97,4,216.12102462395282,0.06975510294993546,19,14.195850587040365,0.8385885440035927,2.238077565863649,-0.08074604395311247,10.38550624833761,461.7693091265142,0.024806571337539135,125,36.235119047619044,0.10207277574123808,0.4690201759834635,-0.3573917504853298,0.2856047337484024,44.089498418976156,2.552514822936972,0.10207277574123808
BTC_LONG_b4a87840d7cf26ce_3d,875648,3d,5.0,99,4,204.04654197833162,0.09545225241907863,18,13.448700556143503,0.5920491680157927,1.9666306081347362,-0.06580468577314558,8.997067018248778,372.6493378092574,0.04413614877160825,49,14.204166666666666,0.09490967347712731,0.5353851824222005,-0.35515325230623174,0.26723582808497337,83.89257838159294,1.0561739111796982,0.09490967347712731
BTC_LONG_13ea5183446add0e_3d,96251,3d,5.0,97,4,69.12937344179157,0.018763574750718444,64,47.81760197739912,0.8754085793252211,1.4689109848056887,-0.2734627670628019,3.20119842539361,164.03547573525807,-0.009362474688528254,230,66.67261904761905,0.34359591736272166,0.9029859469471602,-0.320821285359444,1.07098853175456,62.56791534145458,1.3943112220293212,0.34359591736272166
BTC_LONG_ca381cb3a0956ae2_3d,980024,3d,5.0,99,4,161.8054891286581,0.018380288356248047,17,12.701550525246642,0.5481090894050515,2.278822697251106,-0.03200604572559218,17.125173603272742,364.05033218963206,0.01624166404307657,69,20.001785714285713,0.08003102842131837,0.4381474216533745,-0.35358635285818707,0.22634082954388351,57.613060221828135,1.5747514978213508,0.08003102842131837
BTC_LONG_c92d60203cfcb310_3d,974904,3d,5.0,99,4,153.8297279166211,0.0025630848229046366,33,24.655951019596422,0.6657146541463561,2.308582535655669,-0.08317288453067506,8.003986610574186,222.49314890660602,0.006841534215838146,124,35.945238095238096,0.01845492765394985,0.2046337491700652,-0.4540186733399051,0.040647948504385426,20.989858762368467,1.457872708567153,0.01845492765394985
BTC_LONG_c385b056128256c9_3d,947653,3d,5.0,97,3,-198.09112126234226,0.022414398424566086,61,45.57615188470854,0.6371846760179622,1.5557030754434173,-0.3339215135520812,1.908186954592794,127.08418929659047,0.005482840061571652,201,58.26607142857143,-0.07809052837665598,-0.029993503458041904,-0.43563043899920395,-0.17925865914250008,3.0742204726496305,1.2784333257437765,-0.07809052837665598
BTC_LONG_790892343612d4b6_3d,586211,3d,5.0,99,4,48.3609934725588,0.0045131333577439585,40,29.886001235874453,1.498802245714994,2.4085997154349115,-0.23991201446638566,6.2472996571207275,337.7094641140438,0.017096363526057236,150,43.482142857142854,0.11462063378850651,0.4894675941963272,-0.567434482760685,0.20199800553335012,42.664973049887124,1.454933449074074,0.11462063378850651
BTC_LONG_9ea8430a2d66da1d_3d,768520,3d,5.0,99,4,217.25273754820157,-0.0025051792544937505,32,23.90880098869956,0.8351484312363542,2.182136682957357,-0.10958662874824843,7.620897191343727,276.65125877812085,0.010046577420572094,133,38.55416666666667,0.20568900245564725,0.7717405567762358,-0.4212068771829224,0.4883324883755882,65.31484430817648,1.6125512393904322,0.20568900245564725
BTC_LONG_1ab3ec9281cba659_3d,129123,3d,5.0,95,3,-65.50549428040644,-0.004484029741644642,74,55.289102286367736,0.3473089802256326,0.8177398280687864,-0.5028246740633642,0.6907158660671969,86.6802103439784,0.0007949652109667207,210,60.875,-0.1037527360541387,-0.09645883728117015,-0.5098767847539547,-0.20348589925349406,-0.9960414327815464,1.1010307182182182,-0.1037527360541387
BTC_LONG_b0aea27198432854_3d,856543,3d,5.0,99,3,-267.40839991958956,0.14204700191030817,23,17.18445071062781,0.40061589455641977,1.4072485937338757,-0.13593020495664565,2.9472176157182615,221.04201264234416,-0.004849159458447373,136,39.423809523809524,-0.04145366116506677,0.009215144294901598,-0.5199377178056814,-0.07972812847664848,5.703121734416133,2.2941559312936124,-0.04145366116506677
BTC_LONG_1256d8247651efdf_3d,88671,3d,5.0,99,3,-5.9903089383001,0.041037738321928904,20,14.943000617937226,0.41240100248808576,1.5793968641741944,-0.08156597370776708,5.056042167358018,253.31505877737905,0.00886111915546455,89,25.79940476190476,-0.06687696810325605,-0.09629544875565806,-0.5191869706897294,-0.12881095227488346,-5.548418409369587,1.7265210262345678,-0.06687696810325605
BTC_LONG_75f5bae4988b5892_3d,571219,3d,5.0,99,3,-71.4566722636023,0.033475069575745336,17,12.701550525246642,0.3047958652573004,1.2059610137010484,-0.11139099091520621,2.736270346040095,236.97221067412855,0.010151454470617553,102,29.567857142857143,0.3397418992376864,1.1638475056014126,-0.26154959132626854,1.2989578668998083,117.48828860666768,2.327893518518519,0.3047958652573004
BTC_LONG_05d9f1a7582281d0_3d,28170,3d,5.0,99,4,210.7429878781075,0.034588075937397746,34,25.403101050493284,1.1431006429652637,3.136790113399705,-0.0974794104984621,11.72658551298172,317.45216283761727,0.0012276488939013486,153,44.35178571428571,0.11521393262706825,0.4997121158127181,-0.3562016200144671,0.3234514560107527,41.148107517741046,1.7459201388888888,0.11521393262706825
BTC_LONG_2554d325f76e8b1e_3d,180276,3d,5.0,97,3,-51.71803729042638,0.02072757410662142,70,52.30050216278029,1.7800733684348065,2.4983802753788007,-0.28636703080029613,6.216055540542224,219.26299516775921,-0.04060568026073999,189,54.7875,-0.05715429692536955,0.03180736963301841,-0.5848818243911088,-0.09771939311820817,7.170750276708251,1.0475520833333334,-0.05715429692536955
BTC_LONG_5402a5b166196a23_3d,406367,3d,5.0,99,4,59.86595917297658,0.011687705406941598,31,23.1616509578027,0.7843569951063101,1.989762102893172,-0.12107483758907422,6.478282446831796,275.3134907081026,0.0013420608102898209,74,21.451190476190476,0.12058761390438621,0.5894889921608939,-0.24732352763554644,0.4875703296699009,71.95280094816268,0.9261511847869375,0.12058761390438621
BTC_LONG_7100aae72b598e68_3d,547001,3d,5.0,95,3,-277.69210402013124,0.05539205093569591,48,35.863201483049345,0.16993513976319297,0.5718439774981288,-0.35660166900904844,0.47654050592478026,75.9905533383069,-0.008731798722212376,153,44.35178571428571,-0.25276131967454607,-0.6902200693662984,-0.6340062112864833,-0.3986732545753134,-47.63195126613602,1.2366934317129628,-0.25276131967454607
BTC_LONG_5740defe528d6e16_3d,422240,3d,5.0,99,3,-362.8968281880128,0.004711426095001476,23,17.18445071062781,0.21769149441250168,0.7291114852748416,-0.23364718932667228,0.9317103066373196,153.2007952749301,0.003437311333404591,58,16.813095238095237,-0.06547311147318835,-0.21535139539866102,-0.3134328013598061,-0.2088904262385362,-21.98149564865472,0.9783900295222757,-0.06547311147318835
BTC_LONG_2c591a8e83647cb4_3d,214161,3d,5.0,99,4,27.522491887007337,-0.015352580863252063,14,10.46010043255606,0.4156338898413676,1.2501653573967848,-0.11195217027827986,3.7126023444496443,378.87262098656953,0.014573107491961843,65,18.842261904761905,0.04551107619965444,0.31014176745508476,-0.41663393937603344,0.10923516280938018,43.48812410980541,1.8013461750440916,0.04551107619965444
BTC_LONG_9932f10738193a4b_3d,741963,3d,5.0,97,4,24.967776086103413,-0.005384341472964119,46,34.36890142125562,0.9484250866513866,1.7135585986169264,-0.24041699213298673,3.944917030351852,227.59396053310604,0.014415270157096873,140,40.583333333333336,0.28169409084622443,0.9764389540525406,-0.4154633968662037,0.6780238475182484,76.9676234758636,1.1808155528717124,0.28169409084622443
BTC_LONG_a2a3ae325bca3b40_3d,787943,3d,5.0,97,4,67.36936354128478,0.07997128093923409,72,53.79480222457401,1.7233782443853318,2.3200861095653247,-0.2866865972601309,6.011366631212235,212.3781932237062,-0.0186896630887781,235,68.12202380952381,0.1000142522625902,0.438179633851464,-0.5354516127550005,0.18678485577435805,30.851696257171607,1.2663309649348422,0.1000142522625902
BTC_LONG_2691bb20df1f0e22_3d,186343,3d,5.0,97,4,86.90838191276042,0.05927275354590638,53,39.59895163753365,1.05308213569374,1.789622407842933,-0.2562674407575263,4.109309136505326,212.52645345229664,0.02981061020480237,216,62.614285714285714,0.07346672538737398,0.3734215881143363,-0.39318017802761673,0.18685256656609409,28.328246491952175,1.5812106918238993,0.07346672538737398
BTC_LONG_152ded1a53d207aa_3d,102466,3d,5.0,99,4,215.95503240995998,0.14587325023517786,16,11.95440049434978,0.6857209862326865,1.9448934291485858,-0.0834481783711557,8.217327203750077,473.97709187914916,-0.004845439964484754,53,15.363690476190476,-0.10518342780862078,-0.32452310049073385,-0.3907639468840973,-0.26917382897613823,-47.477771384109424,1.2851912133487655,-0.10518342780862078
BTC_LONG_249e47dd2cdfa2b8_3d,176854,3d,5.0,99,4,186.23366110236927,0.005011862760070409,32,23.90880098869956,1.2385414272027493,2.922331529613972,-0.04917702032744897,25.185369486720138,358.77333125636983,-0.01934831705095344,112,32.46666666666667,0.0006569410167223122,0.13902799314444542,-0.433977244988084,0.001513768346864247,16.604497750731767,1.3579378858024693,0.0006569410167223122
BTC_LONG_334b9f2c4b4604e5_3d,247619,3d,5.0,95,3,-152.71019367853845,-0.015535998015887897,55,41.093251699327375,0.3311107483253388,0.9394757072551874,-0.3280734801548677,1.0092578899368438,92.92101503843466,0.010490795516074455,226,65.51309523809523,-0.23891439632354128,-0.5080089317734019,-0.6608523564552019,-0.36152461891045234,-25.116329370254743,1.5942543490460155,-0.23891439632354128
BTC_LONG_50afcaad88f94fdc_3d,390122,3d,5.0,99,3,44.75127387381395,0.014863577642102239,27,20.173050834215257,0.19267330185678122,0.8153533128236604,-0.2115026527657503,0.9109734527546398,108.55836775961218,0.005239596475519374,145,42.032738095238095,-0.17232317511940232,-0.5085611570125099,-0.5876592147469439,-0.2932365745232254,-29.983899219991166,2.0836083962048466,-0.17232317511940232
BTC_LONG_34ff7cb9c27d3ef8_3d,255981,3d,5.0,95,3,-5.93375301317847,0.005102467216414636,74,55.289102286367736,0.628795259696346,1.2194054724948036,-0.4173508636241038,1.5066346196965923,115.0526638247029,0.004818268139301578,280,81.16666666666667,-0.04270813501667148,0.12823577422092014,-0.689570997946947,-0.061934355046581124,12.122037836607143,1.468040957624291,-0.04270813501667148
BTC_LONG_27aaff3027f9742f_3d,191587,3d,5.0,97,4,103.87485763646808,0.07566461221469319,51,38.10465157573993,1.590575152056711,2.714451302676813,-0.08232909421852619,19.319721262022462,272.57979190666487,-0.01562631540805536,206,59.71547619047619,0.16443156042053686,0.5918041719095246,-0.5439023308573724,0.3023181756940398,42.51182927433012,1.5671440026627934,0.16443156042053686
BTC_LONG_7e8a41a51ae079da_3d,612605,3d,5.0,97,3,-128.89992044043547,0.00018726744195268644,51,38.10465157573993,0.7705131600629627,1.8011522935668376,-0.24249952730290547,3.1773800494898157,170.53333904661804,0.0047888867085114206,162,46.96071428571428,0.2840633521069109,0.8476306864765472,-0.29558948469040236,0.9610062834421739,73.71110183619422,1.2324142156862743,0.2840633521069109
BTC_LONG_7a3785599f7a17b9_3d,591984,3d,5.0,95,4,41.457195708243134,0.08082935379313153,86,64.25490265713007,2.181148934863601,2.2738360193106977,-0.36562721192138936,5.96549945886564,210.83161149631485,0.01684917035934323,257,74.49940476190476,0.38971606327192676,0.9723982098275716,-0.5300138517735128,0.7352941097065167,61.45187128633978,1.1594353377117426,0.38971606327192676
BTC_LONG_92167c4633676675_3d,707286,3d,5.0,97,3,-61.40107710487591,0.023838140825006376,69,51.55335213188343,0.13332973149159488,0.4954418109217668,-0.3513727466700609,0.3794538214905766,53.30145045181961,-0.0036019006376141038,225,65.22321428571428,-0.16622794575660638,-0.25592861865700745,-0.7041852017502132,-0.2360571414216829,-10.558979320438885,1.2651595209339774,-0.16622794575660638
BTC_LONG_81ba71a9739d6458_3d,627897,3d,5.0,97,3,-174.7540020593625,-0.029697573662018275,52,38.85180160663679,0.20829189671958837,0.6623922409097283,-0.5426712587868272,0.38382702851305756,75.89524980073355,0.010269036532150234,206,59.71547619047619,0.0653556882124553,0.35449274011688675,-0.5416301297110819,0.12066479434465276,27.732251081119912,1.5370066179962012,0.0653556882124553
BTC_LONG_2c0461b635a42940_3d,212546,3d,5.0,99,4,104.83634292142071,0.0372862052987136,32,23.90880098869956,1.1586170845467936,2.0952513662682506,-0.1446954339977624,8.007281588199325,357.6410075729798,0.006082205332536382,133,38.55416666666667,-0.06686553379506888,-0.0665796419805688,-0.5201804891598729,-0.12854294843518888,-0.36245306518237186,1.6125512393904322,-0.06686553379506888
BTC_LONG_13594f82187029b2_3d,93582,3d,5.0,95,4,21.503332993375984,0.0880125336190172,42,31.380301297668176,1.2518757995284018,2.1627661965622007,-0.10561230143541167,11.85350364033114,288.8142778898965,0.012341572204427803,248,71.89047619047619,-0.08295229854719599,0.0021249831974708366,-0.6028395258230255,-0.13760262058786793,5.122846485077125,2.2909428277483834,-0.08295229854719599
BTC_LONG_c1626e74d2f236cc_3d,937280,3d,5.0,97,3,-48.95521031968729,0.019891934229567185,69,51.55335213188343,1.2085461433793632,1.9176766997739785,-0.27529371046001416,4.390024535467554,179.53612688978384,0.011493210934937138,222,64.35357142857143,0.23954686539677827,0.7164790677142483,-0.5689391194043583,0.421041298140244,52.39535116917485,1.2482907273215245,0.23954686539677827
BTC_LONG_a6579e2cc5cb07fa_3d,806089,3d,5.0,99,3,-657.2031322485775,0.042240650279168644,24,17.931600741524672,0.2966613559179683,0.8497268320954782,-0.24946177597553854,1.1892056598966008,190.37387408045362,0.0011262535074516244,116,33.62619047619047,-0.34553249797117036,-1.5468093848374198,-0.7848417337463436,-0.44025754889691493,-111.20222014069677,1.8752475565843618,-0.34553249797117036
BTC_LONG_7e72197d3c060626_3d,612155,3d,5.0,95,3,-238.80890634248087,0.09135483877720414,48,35.863201483049345,1.1513123859904764,1.7872774738541297,-0.25344453113810994,4.542660205846343,251.3447635978894,0.013679298161786464,170,49.279761904761905,0.15673975121282058,0.5987138942249024,-0.5200322914227341,0.3014038816397401,46.03030559614615,1.3741038130144032,0.15673975121282058
BTC_LONG_3dd5f4ce2d7961dc_3d,298919,3d,5.0,99,3,-86.10250120847779,0.027304675524091843,23,17.18445071062781,0.18100584514980733,0.8567251842540944,-0.2555809835088434,0.7082132741833835,115.99166295183143,0.03598346119223192,140,40.583333333333336,-0.0717626390047551,-0.14406441649847,-0.38904529290082457,-0.18445831453112796,-4.527147009546016,2.3616311057434247,-0.0717626390047551
BTC_LONG_19f7700f001af3a4_3d,125572,3d,5.0,95,4,72.79347526974293,0.10048615699468832,108,80.69220333686103,1.2330876230142418,1.547162979385044,-0.37215980067204113,3.313328362675251,129.87920952912927,-0.009016257288854978,286,82.90595238095239,-0.1575791429291299,-0.16566926027913342,-0.6899057091858849,-0.22840678201529785,-3.8689615527580252,1.0274344850251487,-0.1575791429291299
BTC_LONG_7a9714924ee03981_3d,593674,3d,5.0,95,4,1.681906766640723,0.023499648384276293,83,62.01345256443949,1.866577741290278,2.4448320916760573,-0.21226461712877587,8.793635823712766,192.5671778448092,0.00857092323267361,300,86.96428571428571,0.20121947137330243,0.6221383829879784,-0.45195002414372687,0.4452250483989611,37.85856753177914,1.4023454930834447,0.20121947137330243
BTC_LONG_273a0a1b65dac17d_3d,189447,3d,5.0,95,3,-47.449212806536565,0.016925063492497044,83,62.01345256443949,1.044432745688797,1.627994905783576,-0.4669308953850192,2.2368036812547705,141.74613605774297,-0.006662247006627517,307,88.99345238095238,-0.38742016922913336,-0.7708910735740647,-0.815738367267281,-0.4749318957829442,-36.59886642209392,1.4350668879220585,-0.38742016922913336
BTC_LONG_8833280f40ae4727_3d,659186,3d,5.0,95,3,-195.53021500807782,0.03272843812533147,54,40.346101668430514,0.5812854211935765,1.07932622438159,-0.2858047637942748,2.0338549066732554,157.35183691333583,0.02414507346873355,191,55.367261904761904,-0.22597071317945083,-0.47709712517553343,-0.8162552233236757,-0.2768383058663074,-27.948552963447497,1.3723075988797437,-0.22597071317945083
BTC_LONG_63f9d270f73d012f_3d,483919,3d,5.0,99,3,155.74576643126662,0.049071204673293636,27,20.173050834215257,1.024422188912685,2.9310414335341215,-0.042766296821065586,23.953960596562123,369.5144453379909,0.0015382391934158173,143,41.45297619047619,-0.12296895890867565,-0.2409860233420096,-0.5825844217623899,-0.21107491775471673,-13.823703109340224,2.0548689700502973,-0.12296895890867565
BTC_LONG_a5adbcb4dbca23f6_3d,802828,3d,5.0,99,3,-40.21615306865263,0.0384917890650298,41,30.633151266771314,0.399376769204691,1.0451172680705156,-0.25663437361664976,1.5562091842040777,140.0508791885644,-0.035087303630999864,145,42.032738095238095,-0.20941444314896585,-0.47338418202173516,-0.5804280779752395,-0.360793095812121,-35.39039222440359,1.3721323584763625,-0.20941444314896585
BTC_LONG_602ab8f4e1838d89_3d,465424,3d,5.0,95,3,-27.076832542303027,0.12020473801968135,64,47.81760197739912,1.4880027179556534,2.3369438745893887,-0.2576433150282107,5.775436936109615,214.1604992880651,-0.02823838077730377,229,66.3827380952381,-0.07660552218863215,0.011034381559266835,-0.5763101471750709,-0.13292412525466257,5.684064860117284,1.3882489993248457,-0.07660552218863215
BTC_LONG_27cc831049cac765_3d,192182,3d,5.0,97,3,-8.803289392909898,0.06006459463879972,52,38.85180160663679,0.7462384866384408,1.488161443067827,-0.19268678521350435,3.8728057339873097,171.84923036100156,0.00597045425811574,189,54.7875,0.04469356639667921,0.3019631489199637,-0.40341360660539904,0.11078844556771839,24.32843142167448,1.4101662660256409,0.04469356639667921
BTC_LONG_ac6867f81c702dfd_3d,835705,3d,5.0,99,4,238.70008070092373,0.03352031529511375,20,14.943000617937226,1.257262648727691,2.4161276978992916,-0.029993523610243322,41.917804158838926,588.9905958272035,0.0033119035449967133,82,23.770238095238096,0.09534163132139906,0.5028675129964599,-0.32076370376540864,0.29723322870447777,54.799478077755076,1.590727237654321,0.09534163132139906
BTC_LONG_3dc89d8a46754556_3d,298654,3d,5.0,99,4,135.70508759598707,0.10097009050718965,39,29.13885120497759,1.7470650331612534,2.5055637846142274,-0.11293831059432047,15.469197511168643,382.02990454151256,0.0024146530215429333,115,33.336309523809526,0.03466781294296495,0.261401326798129,-0.3168379197427278,0.10941813079417764,27.733912986018023,1.1440502334599558,0.03466781294296495
BTC_LONG_9a9b4f29ef828dbc_3d,748904,3d,5.0,97,4,7.604952979069332,0.05575041995014097,56,41.84040173022424,0.7044080715565637,1.3675107056792537,-0.33938329857696314,2.075553141566342,158.03421607653644,0.0187832608929078,247,71.60059523809524,-0.05861805843267964,0.03365618200572435,-0.5050925915621145,-0.11605408475976627,6.79771196022924,1.711278866291887,-0.05861805843267964
BTC_LONG_69792d932b6ba695_3d,510467,3d,5.0,97,4,65.7228861630383,0.008017015402488564,56,41.84040173022424,0.563762925901214,1.2599284059887852,-0.29759351366453435,1.8944059598581242,133.93198094687034,-0.009965964151323978,180,52.17857142857143,-0.14510510187126124,-0.28066568659508556,-0.5367787344720927,-0.27032572744143485,-13.481160329319872,1.2470858134920635,-0.14510510187126124
BTC_LONG_25b726f17bdbc7e5_3d,182174,3d,5.0,95,3,-91.90069072712379,0.015085457343368623,73,54.541952255470875,1.0571372183291787,1.728996011140598,-0.3037546987471601,3.4802333023632355,158.80155641716027,0.002201368160523793,263,76.23869047619047,0.2545902076675546,0.7293244214855693,-0.4285132898278531,0.5941244150673396,47.9707893983773,1.39779907618806,0.2545902076675546
BTC_LONG_7b20145f30142563_3d,596196,3d,5.0,95,3,-62.70182921988165,-0.025898543661096736,50,37.35750154484307,0.360883803128899,0.9854842363410737,-0.25768672059437125,1.400474973240751,106.9254500624864,-0.015955403062784347,149,43.19226190476191,0.009862300749502895,0.19550059001993075,-0.46627496195332474,0.021151255276902762,20.544704180850914,1.1561871141975308,0.009862300749502895
BTC_LONG_77435018950d1062_3d,577681,3d,5.0,95,3,-123.17068567003142,0.018087408156516088,75,56.0362523172646,0.37073484113592126,0.8734660329865,-0.3586089428720888,1.0338137085113286,83.4137882644776,0.014174640979237867,281,81.45654761904761,0.06191257416830953,0.356655697833692,-0.5590938961183827,0.1107373459058479,24.32165447459709,1.4536401748971193,0.06191257416830953
BTC_LONG_25669db8c42c5400_3d,180588,3d,5.0,97,3,-193.43582914826797,0.05028030189483137,35,26.150251081390145,0.5123316419915731,1.661302909085405,-0.12610365187598138,4.062781960473545,176.7041223095306,0.005656293059511377,182,52.75833333333333,0.006924110148342821,0.1790761473695966,-0.46291157849065123,0.014957738086654184,15.636796821695306,2.0175077160493826,0.006924110148342821
BTC_LONG_09b199c348e92915_3d,46978,3d,5.0,95,3,-64.02974663189025,0.02412140958230105,56,41.84040173022424,0.6019411889908766,1.3842064817226245,-0.2493123032897394,2.414406272968117,135.9066575142135,0.005735911766273071,217,62.90416666666667,-0.06122124046518029,0.03677039184003037,-0.5400211420182219,-0.11336822894818163,7.31289627023645,1.5034312307098765,-0.06122124046518029
BTC_LONG_7136b9a58516d21f_3d,548026,3d,5.0,99,3,-419.0970768706886,0.04050482304562776,29,21.66735089600898,0.3868306495838183,1.5225241936856602,-0.11292166949451932,3.4256547154803907,167.85397868721972,-0.00182923294841711,134,38.84404761904762,-0.21026290502920886,-0.7508158631134495,-0.6423170234791971,-0.3273506653930662,-46.41634045107592,1.792745583226905,-0.21026290502920886
BTC_LONG_520a6926a9c0b599_3d,396692,3d,5.0,95,3,-175.168850472766,0.05538678028542903,70,52.30050216278029,0.582329319889378,1.1932906599990458,-0.3874604613942849,1.5029386941672789,114.76715340741553,-0.015076028264580247,211,61.164880952380955,-0.17705050608362072,-0.280450869776021,-0.6441747043345405,-0.2748485851621903,-13.430114019541143,1.1694893628747796,-0.17705050608362072
BTC_LONG_b15427d66441d08a_3d,859704,3d,5.0,95,4,2.355334743410228,0.06070493303599133,63,47.07045194650226,0.5229154423732703,1.1297579856285382,-0.27388088365422036,1.9092805434112028,116.96516470847264,0.011725323138299324,265,76.81845238095238,0.2968053210161474,0.8689162175456057,-0.3550558971499589,0.8359397024485721,48.2659670436714,1.6319888423476387,0.2968053210161474
BTC_LONG_0947bb4cbd3cd5f1_3d,44866,3d,5.0,97,3,-84.70106643252934,0.02361358251982728,57,42.5875517611211,0.05200556898913877,0.32477124525564116,-0.37694248492696536,0.13796685454337984,34.75639370028469,0.017095209273467842,232,67.25238095238095,-0.04621886815967091,0.08591397476368663,-0.5244320991725386,-0.08813127234697521,10.213901835562433,1.5791558371236731,-0.04621886815967091
BTC_LONG_3f2e0a120eca86b6_3d,305487,3d,5.0,97,4,114.12915838740527,0.029121187754256237,49,36.610351513946206,0.9939873919640958,1.8917926192101504,-0.2573427255658324,3.862504330668628,215.18776069685342,-0.006401217120240033,184,53.338095238095235,-0.0708331192761904,-0.008875553567968694,-0.7083707994951149,-0.09999440875693363,4.3825501757295005,1.456912950365331,-0.0708331192761904
BTC_LONG_7959fffc20283c3d_3d,587821,3d,5.0,97,3,-13.304132884938332,-0.030960254858596284,34,25.403101050493284,0.6351557781910206,1.345432842126802,-0.1673930918693466,3.7943965972429226,232.5525230938272,-0.010043464865496182,76,22.03095238095238,0.1374208403435384,0.6126288619925193,-0.33946450768675074,0.4048165190522565,79.37842502184657,0.8672544480755265,0.1374208403435384
BTC_LONG_36b9d49be942392f_3d,264328,3d,5.0,99,3,-48.43930697597665,0.026674786375480555,38,28.39170117408073,0.8668828575722105,1.609405178767662,-0.20575319583747997,4.213216976016949,258.0590127881857,0.004584175555764482,156,45.22142857142857,-0.18633836351825406,-0.47158797919740725,-0.7059227212464421,-0.2639642526156941,-28.824891587639573,1.5927692495126704,-0.18633836351825406
BTC_LONG_7a9b78f367d3267e_3d,593756,3d,5.0,97,3,-210.70432512701797,0.01092457975543893,36,26.897401112287007,0.21561119417724783,0.6871814463248332,-0.3753624472755057,0.5744080041629608,104.188701816371,-0.002761999751210548,145,42.032738095238095,0.16909826596512367,0.6135023841554919,-0.3116949181813613,0.5425121043094228,57.23085199883777,1.5627062971536352,0.16909826596512367
BTC_LONG_ccad9117f0d9c762_3d,992033,3d,5.0,95,4,88.15727387008157,0.007419225248539836,74,55.289102286367736,0.7262989060423233,1.2070285774220766,-0.3365557529070038,2.158034440858339,133.87032385654095,0.029650700231104783,254,73.6297619047619,0.05701626826271733,0.35125643563123127,-0.6188348201791777,0.09213487412716824,26.69543736663262,1.3317228687020355,0.05701626826271733
BTC_LONG_7833ce95dee6dc63_3d,582129,3d,5.0,99,2,-51.55635797470739,-0.013800943576746359,29,21.66735089600898,0.16586219030769356,0.6284799266951645,-0.2676105907787447,0.619789335784641,100.53238579192147,0.014405635992058368,147,42.6125,-0.10162180702304846,-0.2052577046923003,-0.5462103557218028,-0.18604884722252818,-9.515512856677201,1.9666686621966791,-0.10162180702304846
BTC_LONG_1a28b83cfc06f06b_3d,126453,3d,5.0,95,3,-9.927038213133837,0.04331255381225536,75,56.0362523172646,0.2828552486634681,0.7758439619735762,-0.2890185837247611,0.9786749523789707,67.6992754018593,0.011874911518973639,284,82.32619047619048,0.0023085881369013794,0.21098487554278064,-0.4401968782855369,0.005244444590095201,15.555196588281706,1.4691594650205761,0.0023085881369013794
BTC_LONG_1982c8528892744d_3d,123340,3d,5.0,99,3,56.82620869651512,0.03705689839498361,20,14.943000617937226,0.5205007052063308,1.4385732329659153,-0.1628646984129739,3.195908691560058,319.4310936092404,-0.0006287515315935717,112,32.46666666666667,-0.05998510345552166,-0.07224792571227905,-0.5135522365389351,-0.11680428822545663,-1.2909228121908503,2.172700617283951,-0.05998510345552166
BTC_LONG_c0eba8626a442f38_3d,935086,3d,5.0,95,3,-34.41620431741546,0.038064741263320837,71,53.04765219367715,0.7660491610240177,1.439784602486031,-0.2909843825162205,2.632612631646358,132.50802154733745,0.011360531401028174,292,84.6452380952381,0.35465847619471,0.9028128701608111,-0.5809335619605365,0.6104974809818311,52.25526093855764,1.5956453225525997,0.35465847619471
BTC_LONG_a1079e0a77d7f501_3d,780052,3d,5.0,97,4,93.02634585503486,0.03288999287281591,36,26.897401112287007,1.238405463428912,1.8482069731020194,-0.218821604682212,5.659429585243243,348.72133502435787,0.003548787780949547,99,28.698214285714286,0.2760446271072421,0.9615206562448123,-0.291260932598138,0.9477571353110705,105.50767503890954,1.0669511959876543,0.2760446271072421
BTC_LONG_132f8b1bcdc21aea_3d,92745,3d,5.0,95,4,86.94754287076108,0.036754065737576946,79,59.024852440852044,1.8341490025849483,2.3877874302318403,-0.20630617190215206,8.89042235466837,200.66239813283644,0.0056289170420989335,284,82.32619047619048,-0.05733820929644673,0.09929087832803683,-0.6160915679857937,-0.09306767415094518,10.399653909091539,1.394771644006876,-0.05733820929644673
BTC_LONG_caabcc29447313f5_3d,982296,3d,5.0,99,4,214.14774408064415,0.011502146692914323,34,25.403101050493284,1.1487259375322516,2.503034642796908,-0.136698570658632,8.40335002771087,326.22150872441364,-0.017111476802570576,140,40.583333333333336,0.009294754807444239,0.18563303836899925,-0.4806062864641718,0.01933964467220331,19.7126407367672,1.5975739832970226,0.009294754807444239
BTC_LONG_53f9753a97033ec9_3d,406173,3d,5.0,95,4,24.762198707218435,0.07414948961555243,27,20.173050834215257,1.0708167572685214,2.172176121130033,-0.09169209264102018,11.678398064932717,396.13587788147464,0.020124504099811466,90,26.089285714285715,0.11409332728830424,0.5231452975951254,-0.27414480814368447,0.4161790553717354,60.849477836946726,1.2932741769547325,0.11409332728830424
BTC_LONG_2c9ff4e314aec9a8_3d,215449,3d,5.0,99,3,-140.3264794749054,0.029462521075858433,17,12.701550525246642,0.46579495018321904,1.2295042705229666,-0.18756438638338713,2.4833869540197275,356.6527326784369,-0.0012125123250830878,43,12.464880952380952,-0.033650443171425515,-0.10461388344800801,-0.2925559561463722,-0.11502224605056223,-9.719607162918905,0.9813668754538852,-0.033650443171425515
BTC_LONG_6e5a21d160135d0d_3d,534205,3d,5.0,99,1,-223.9967753923754,-0.006910978149595796,32,23.90880098869956,-0.08416025322201293,-0.2160740442171418,-0.22423026209440722,-0.37532959394472415,-18.185050499624904,0.015368569525192626,148,42.90238095238095,-0.17557251952933917,-0.45118615058991,-0.5771727134294933,-0.30419407474429555,-28.171639920486108,1.7944179205246915,-0.17557251952933917
BTC_LONG_91c6f0a00016821f_3d,705809,3d,5.0,99,4,211.14097205673133,0.0825738274682764,29,21.66735089600898,0.7490250220310357,1.8197382080090367,-0.11015176859115028,6.799936411472319,286.65154335489484,0.023242519582632792,106,30.72738095238095,0.20180115987646774,0.7852413742384509,-0.4167434986778633,0.484233492584025,78.29447531552495,1.4181420285227755,0.20180115987646774
BTC_LONG_8a571728e559120e_3d,669749,3d,5.0,99,3,74.3204400566269,0.0669998364536126,30,22.41450092690584,0.4862821294977424,1.5345565725179666,-0.09948304375023287,4.888090584749565,198.5579584486261,0.006445537537693808,72,20.87142857142857,0.12462311005802729,0.5488580212316676,-0.534542843610603,0.23313960994455132,83.21472392082568,0.9311574074074073,0.12462311005802729
BTC_LONG_984deb44499cf3e8_3d,737550,3d,5.0,99,3,-29.911412638802975,0.007141389780335696,30,22.41450092690584,0.45876990950413354,1.191764722984942,-0.30655321198690266,1.4965424975672226,204.04316106050365,0.021644293022717996,54,15.653571428571428,0.02365735159508997,0.21664957042331817,-0.19404913719805028,0.12191423232634538,33.87392857060276,0.6983680555555555,0.02365735159508997
BTC_LONG_ce3504f41317d4e5_3d,999458,3d,5.0,99,4,105.63350962901599,0.03895026804848843,26,19.425900803318395,1.0820826979630165,2.6895120952842957,-0.05117127607035665,21.14629106523031,402.1949310323276,-0.0058011755826275395,125,36.235119047619044,-0.15974869832957883,-0.4489399506586485,-0.5815346872983811,-0.27470192547192457,-31.09219379271166,1.86529929368471,-0.15974869832957883
BTC_LONG_390525226936063e_3d,275602,3d,5.0,99,2,-386.3372920127534,-0.005827720263089211,20,14.943000617937226,0.08699067376291558,0.6320407880778995,-0.09915077543015349,0.8773574728540166,68.15118659309216,-0.006740109384504586,114,33.04642857142857,0.06974030629821404,0.3942736657490795,-0.22425440909833128,0.3109874475985631,34.7405524590583,2.2114988425925923,0.06974030629821404
BTC_LONG_7253f5dc949683e8_3d,553412,3d,5.0,99,4,111.28365817563693,0.05253104884741952,21,15.690150648834088,1.0867827406946993,2.383512777201799,-0.056523790158601095,19.22699694491959,506.0417481556598,0.006700295642356585,72,20.87142857142857,0.14064685795475684,0.6763118686510788,-0.19651898227234377,0.7156909542704779,80.91070025937852,1.3302248677248676,0.14064685795475684
BTC_LONG_4631c5bb1bc9541e_3d,339503,3d,5.0,99,4,96.72822248636162,0.04908405109421981,25,18.678750772421534,1.068716517768197,2.434782592035745,-0.1022511110819504,10.451881710230621,419.5947987365128,0.030031375934643993,73,21.161309523809525,0.09778529055372642,0.5300679706356753,-0.21257059779867749,0.46001324532350163,60.781443719406,1.1329081790123456,0.09778529055372642
BTC_LONG_054e6e66152193eb_3d,25538,3d,5.0,99,4,137.13408446013943,0.02008835796777429,16,11.95440049434978,0.717341022469137,1.6389398697913602,-0.09796855241396674,7.322155985708639,507.1964630209065,-0.008023447584779471,93,26.958928571428572,-0.12465368144114997,-0.4435644209272544,-0.5867794515383988,-0.21243702572463485,-33.79716904744697,2.255146846064815,-0.12465368144114997
BTC_LONG_b811208aa5b71c91_3d,892267,3d,5.0,99,3,54.6169846088034,0.028395457833695098,33,24.655951019596422,0.4727854580743258,1.4428212613707703,-0.1867770733356685,2.5312820767067814,179.75778073405178,-0.0032509552805925056,148,42.90238095238095,0.0789413239770711,0.40325088646155177,-0.43053532985971366,0.18335620447872064,32.96576412054553,1.740041619902731,0.0789413239770711
BTC_LONG_48df320c21f3e28c_3d,352669,3d,5.0,99,3,15.608752015967786,0.03314665663433289,29,21.66735089600898,0.3566995645458526,1.4925277151399416,-0.07004860063931295,5.092172595745821,156.53511876605054,0.02426976965005308,158,45.80119047619048,0.17242068214357031,0.6161098544323808,-0.5287055134138141,0.326118562733084,54.28907761676433,2.113834344401873,0.17242068214357031
BTC_LONG_138df3e8dc1f974b_3d,94539,3d,5.0,95,3,-17.121000751526864,-0.007368439357399458,84,62.76060259533635,1.1688118341225815,1.7332161300001894,-0.32387328818957173,3.6088553046660783,149.50331841759143,-0.004777090535761616,272,78.84761904761905,-0.2026425366935819,-0.2610113439203778,-0.7772090249522534,-0.26073106485868575,-10.157388233812178,1.2563234861845973,-0.2026425366935819
BTC_LONG_866a7b6ea2ffb98d_3d,650396,3d,5.0,99,4,190.39141133883774,0.03220570954440353,18,13.448700556143503,1.253193039742254,2.4393951748327156,-0.045345621268318426,27.636473041727204,651.9663223947188,-0.0002270122876061291,88,25.50952380952381,-0.19613451556253914,-0.6209679423066911,-0.6081866845670092,-0.3224906439741847,-64.17010601096531,1.8968021262002743,-0.19613451556253914
BTC_LONG_7be10caf55152fe7_3d,599794,3d,5.0,99,3,-202.36840569646085,0.021010662140369854,19,14.195850587040365,0.48704895523692726,1.7526453127504202,-0.04853372133329925,10.0352691254021,303.58517589688233,-0.007422830453925047,63,18.2625,0.01823995606201434,0.19279404585023238,-0.4332243189548918,0.04210279816704732,28.45300033042697,1.286467470760234,0.01823995606201434
BTC_LONG_605fe2df4b80b7a6_3d,466415,3d,5.0,99,4,121.68430335097014,0.026417499934342406,10,7.471500308968613,0.19313212437371163,2.1396221694065116,-0.011545720064742526,16.727594579699222,245.99168887056467,-0.014924995152296816,80,23.19047619047619,0.008358957765568054,0.16183033141151992,-0.4105260072043122,0.02036157909335068,22.50151601259287,3.103858024691358,0.008358957765568054
BTC_LONG_6efe56498a6defbb_3d,537373,3d,5.0,95,4,56.46008502299707,0.08293368399510265,64,47.81760197739912,0.8022116232191892,1.4154750838501138,-0.24217703221489217,3.312500842389375,152.97868231825714,0.021555566719036797,213,61.74464285714286,0.021239778146169286,0.26727080678318593,-0.6623406547064163,0.03206775545973976,23.59437637746158,1.2912534360532408,0.021239778146169286
BTC_LONG_4d2362d89fb0683c_3d,373057,3d,5.0,99,3,-204.92259791689145,0.05758574952459763,21,15.690150648834088,0.805302205481139,1.841978206967644,-0.18362290275413762,4.385630514508316,419.05576337574485,0.014781549217995918,57,16.523214285714285,-0.09686617481771165,-0.36472054253142194,-0.5534827430496039,-0.17501209574122237,-42.260018844764545,1.0530946869488536,-0.09686617481771165
BTC_LONG_96d3f2f665df8513_3d,730302,3d,5.0,99,3,-561.6489430935754,0.007440488353809595,15,11.20725046345292,0.07437031939213767,0.37277568197420535,-0.286645847112448,0.2594501896375391,114.28325074875218,0.028278740336187817,32,9.276190476190475,0.08051029896660733,0.6535081513416878,-0.09975219875507524,0.8071030009502531,97.54807994833945,0.8276954732510287,0.07437031939213767
BTC_LONG_73333e96e6c993b2_3d,557722,3d,5.0,97,4,53.73998064406822,0.0356372908244592,60,44.82900185381168,1.0589935929584438,1.7608690489264944,-0.21283563124188165,4.975640529639173,190.27434447349202,-0.006865120571119609,216,62.614285714285714,-0.22745225964451066,-0.39861923362927865,-0.6811044369399182,-0.33394623101622045,-21.77306287425415,1.396736111111111,-0.22745225964451066
BTC_LONG_c9320e607702169a_3d,974992,3d,5.0,97,3,-216.50605691520042,-0.01505155783533623,34,25.403101050493284,0.020252469671157458,0.22335427215391881,-0.31080203157591224,0.0651619603915326,34.726376913413375,-4.1495762851233546e-05,109,31.597023809523808,0.010713096643071962,0.1746005044888443,-0.44352201291827165,0.02415459961633534,20.123641341791465,1.2438254584241104,0.010713096643071962
BTC_LONG_9a1cd8e56e9e3066_3d,746449,3d,5.0,97,4,76.82798206200047,0.008248476858089786,67,50.059052070089706,1.119469405341225,1.8378481911026376,-0.20962409502875412,5.3403660737935095,176.60373851227985,-0.0010806335861110574,255,73.91964285714286,-0.06479429426395078,0.050239155418395576,-0.45939484669943387,-0.1410427102730289,7.863407679515376,1.4766488736871202,-0.06479429426395078
BTC_LONG_839c8d8d3cb77fb0_3d,636868,3d,5.0,99,4,36.227614218280465,0.031208139315334643,20,14.943000617937226,0.46821372973626274,1.3522941685095802,-0.23377077181376538,2.002875406978882,294.8951987694947,-0.0007456933489409843,94,27.248809523809523,-0.24310298496320015,-0.9480887624458034,-0.6914415200302833,-0.3515886418746634,-84.7403187351391,1.8235165895061727,-0.24310298496320015
BTC_LONG_a92d11c420091618_3d,819888,3d,5.0,97,4,98.92464213636116,0.03385320491302836,56,41.84040173022424,1.2631477077965183,1.736336346669946,-0.3133390924108024,4.031248377206863,236.1658885925249,-0.0047956068682163296,151,43.77202380952381,0.15661884421441408,0.5854050877765111,-0.29567741552648497,0.5296949851091522,52.74501707774192,1.046166432429453,0.15661884421441408
BTC_LONG_301412f1a92aaecd_3d,232167,3d,5.0,99,3,-349.2051352852715,0.0781725370316949,35,26.150251081390145,2.1372278900397705,2.742689014909987,-0.17209438166801883,12.418928900088215,478.87607192110926,0.036805012633033665,113,32.756547619047616,0.2990487114468381,1.0647435006420298,-0.3347703726144221,0.8932950341793624,96.73941418357872,1.2526284171075837,0.2990487114468381
BTC_LONG_1c1b5bb63d919588_3d,135858,3d,5.0,95,4,87.55770040438316,0.014498422730001289,71,53.04765219367715,1.3625290263702063,1.9598565805263322,-0.3657698306975168,3.7250995353331544,190.62965282293536,-0.014076769526529653,224,64.93333333333334,-0.248872939031882,-0.5273043402996107,-0.6474638967065541,-0.38438118371977287,-27.027704348404818,1.2240566857937751,-0.248872939031882
BTC_LONG_4b49c42cee93df71_3d,364276,3d,5.0,99,4,115.76954942057219,0.03137543332362802,26,19.425900803318395,0.6140589722163439,1.6137640897127223,-0.17504623891093507,3.507981525548698,278.5951464016834,-0.01698328537430539,90,26.089285714285715,-0.19187548669346877,-0.5937562994937685,-0.5488325469771159,-0.3496066108875813,-60.18177561204674,1.3430154914529915,-0.19187548669346877
BTC_LONG_1343c3fb7dfbd96a_3d,93154,3d,5.0,99,3,-471.02381325000687,0.015327073092573425,25,18.678750772421534,0.5643545459573547,1.366915851472564,-0.14632178930196194,3.856941257003803,280.44205915479904,-0.01626678515534224,65,18.842261904761905,0.07620613264899045,0.4376263721451633,-0.20594442370465582,0.37003251303505746,57.33533939592202,1.0087538580246913,0.07620613264899045
BTC_LONG_8bec658634b454c1_3d,677411,3d,5.0,99,4,88.407898873105,0.045350927683942714,16,11.95440049434978,0.5791292670459889,1.941098697126721,-0.0779112489338003,7.433191932760106,411.69147662147765,0.03595388195209286,50,14.494047619047619,0.09418033313011454,0.5548899888356208,-0.2229244570176978,0.4224764496012101,79.99282294632076,1.2124445408950617,0.09418033313011454
BTC_LONG_6e8b26a4673f0603_3d,535180,3d,5.0,95,4,54.23619134313363,0.09397138107924552,69,51.55335213188343,1.6427544631069768,2.03648549105555,-0.39093460133514457,4.202120911007974,222.11993475890688,0.0342900842658586,176,51.01904761904762,0.09028908866623908,0.41349341613652163,-0.43310946053376453,0.20846713566350344,37.32205643599342,0.989635891930578,0.09028908866623908
BTC_LONG_1d8683ac071daf98_3d,142765,3d,5.0,97,4,71.7438019573012,0.02821898146858568,63,47.07045194650226,0.631438142410953,1.1744464375366117,-0.3245490675650735,1.9455860623735943,139.22384948336438,-0.007909467437070017,207,60.00535714285714,-0.32712773904398085,-0.8333934312093384,-0.7479743269469561,-0.4373515604195058,-48.50122774411932,1.274798831569665,-0.32712773904398085
BTC_LONG_38c8f7b3ba2bd853_3d,274407,3d,5.0,97,3,-338.3092713928907,0.03474459602686237,19,14.195850587040365,0.22788456038253213,0.7551474201407966,-0.16388102293774753,1.3905488036225966,186.17564247859073,-0.008043616785958782,93,26.958928571428572,-0.1697938681261545,-0.6718693937255251,-0.6207419470323334,-0.2735337428667604,-53.47330656919315,1.8990710282651073,-0.1697938681261545
BTC_LONG_27971542ee0fe931_3d,191211,3d,5.0,99,3,-174.9854483029237,0.009934052795927196,44,32.8746013594619,0.3689213027677727,1.210857046852775,-0.19128903953586884,1.928606592739966,113.36946124191056,-0.004472044542155699,155,44.93154761904762,0.047938975299826714,0.30451306307767895,-0.40874996895950044,0.1172819056643808,28.01639092550275,1.366755664281706,0.047938975299826714
BTC_LONG_9ece420d6d3c0c66_3d,769308,3d,5.0,99,3,7.037550924948594,0.08957674957229697,20,14.943000617937226,0.19340014217141732,0.9956268351119648,-0.10031794659435334,1.9278718189224118,135.9547392135607,0.03875050170238821,66,19.132142857142856,0.04679181404697852,0.31166298868321807,-0.4087230587987114,0.114482931754586,44.35378702329439,1.2803414351851852,0.04679181404697852
BTC_LONG_be03be42a73b0dee_3d,921029,3d,5.0,97,3,-85.61757058709091,0.09664316670460192,59,44.08185182291482,1.4431975871959706,2.0025517548067917,-0.21871830531662384,6.5984307308286345,235.11636174137993,0.00942646829222034,188,54.49761904761905,0.08374907726851899,0.401445679468239,-0.6555691534993839,0.12775017985741408,32.80904355562419,1.236282433563507,0.08374907726851899
BTC_LONG_376357fe6535a581_3d,267515,3d,5.0,97,4,66.1075685090211,0.04336318647429352,32,23.90880098869956,0.6166444413203744,1.4533473920891025,-0.2605362476616433,2.366827828583785,233.24717192176306,0.01137117566507803,163,47.25059523809524,-0.23870104439909356,-0.6292568822035685,-0.6458520581053545,-0.3695909015128593,-40.21036688582896,1.9762846016589506,-0.23870104439909356
BTC_LONG_4719abb5f310e195_3d,343970,3d,5.0,99,1,-334.21520770057276,0.02723801591771052,32,23.90880098869956,0.1324351148854226,0.5978187813153251,-0.29466925928314236,0.44943648077714166,72.50479837064533,0.0052101848292481386,148,42.90238095238095,-0.2803461422859178,-0.9519889543851777,-0.7954697984944938,-0.3524283923996875,-60.98269032005196,1.7944179205246915,-0.2803461422859178
BTC_LONG_69d60b3a52f5b96b_3d,512187,3d,5.0,95,2,-135.64891070240424,0.00889569140495374,48,35.863201483049345,0.23769596135446402,0.7368345625238526,-0.3710301553816323,0.6406378508775814,85.36502895048208,0.024961938779568028,237,68.70178571428572,-0.07602850976264597,-0.032029720246335505,-0.7174421477379664,-0.10597162433564482,3.2896992304562414,1.9156623746141976,-0.07602850976264597
BTC_LONG_69d7c8d06b8ae442_3d,512218,3d,5.0,95,4,67.26307477469015,-0.006191013711688768,74,55.289102286367736,1.1403903061161325,1.76460642724738,-0.2263154197410816,5.038942142876554,164.464412076765,0.008323244238293939,290,84.06547619047619,0.5277507104487911,1.1499628734066594,-0.39526194443316853,1.335192314569064,67.43704081343527,1.5204709918251584,0.5277507104487911
BTC_LONG_67de978ede6b323a_3d,502701,3d,5.0,95,3,-154.47231184048815,0.006793310990583108,86,64.25490265713007,0.9286527973519894,1.5196120220980252,-0.31677889534210313,2.931548821612934,128.55491466610707,-0.017943152305952573,302,87.54404761904762,0.18403428596486582,0.6040605896764226,-0.45720609207145035,0.4025193214969359,34.355354789719925,1.3624493073499855,0.18403428596486582
BTC_LONG_970a926f957406f9_3d,731323,3d,5.0,99,4,61.261467728359605,0.0418302729209563,17,12.701550525246642,0.48226245494132414,1.3496070694611995,-0.17504623891093507,2.7550575090431,355.1898376301361,-0.01120076408958789,63,18.2625,-0.09988357692516847,-0.2927031428645217,-0.4761203029913481,-0.20978642645067694,-34.993444076239875,1.4378165849673203,-0.09988357692516847
BTC_LONG_68a3d0b0c63c3b13_3d,506402,3d,5.0,95,3,-43.17923909664807,0.007614550695033832,90,67.24350278071752,0.7434386048950214,1.2485766530314901,-0.3833720929541965,1.9392089788440705,112.02654062671088,-0.018167951445016824,305,88.41369047619048,0.2076937596994879,0.6425495170824614,-0.5954501148267854,0.34880127575406605,38.75020233636632,1.3148287465706447,0.2076937596994879
BTC_LONG_cccf9f9336356528_3d,992681,3d,5.0,95,3,-83.2463660935502,0.005685920321875424,87,65.00205268802694,0.19173069821671618,0.5978274186188388,-0.42077294368470586,0.4556630864563955,53.46283164900923,-0.011536146760650172,298,86.38452380952381,0.11073741521347391,0.4614192599545307,-0.6184186814376074,0.17906544310085865,29.152716180928557,1.3289507059741734,0.11073741521347391
BTC_LONG_007d19353782f7c1_3d,2314,3d,5.0,99,4,10.238217978879032,0.08937247237359305,14,10.46010043255606,0.3713104985152933,1.571832134972075,-0.05093968965328077,7.289217917160574,327.789330375059,0.020550108014373243,44,12.754761904761905,-0.012710902631599796,0.01618297401068449,-0.23030710463412907,-0.05519110082076111,7.217676896272638,1.219372795414462,-0.012710902631599796
BTC_LONG_1ec688cfddf62cd0_3d,148785,3d,5.0,99,3,-100.0004065942397,0.014885872433895794,33,24.655951019596422,0.38965777607361085,1.450053972095304,-0.17935449953170668,2.172556457133802,150.95774412372282,0.0013258418120406321,131,37.97440476190476,0.18757251054462376,0.6823323263927016,-0.2977259226055652,0.6300173962114967,64.31164232349674,1.540171974373363,0.18757251054462376
BTC_LONG_c65a0bd4b04dbfc2_3d,961335,3d,5.0,95,3,-27.947912698672756,0.040080560544244456,68,50.80620210098657,0.23528090796481704,0.7023789130280563,-0.3711986140016974,0.6338410195781097,65.92656083724569,0.005635955706680832,264,76.52857142857142,-0.25717184769836443,-0.488712842736092,-0.7307939213594786,-0.3519074805930976,-22.019936726724065,1.5062840413943355,-0.25717184769836443
BTC_LONG_494b050c8828963a_3d,354684,3d,5.0,99,3,-32.78744416924067,0.07263098219019266,20,14.943000617937226,0.4380936060494922,1.4645783254096238,-0.10654257552527535,4.1119111668702075,271.43157367760205,0.022831481683580346,69,20.001785714285713,0.22210514206895215,0.9854170276590014,-0.19852709310881256,1.1187648929469616,117.8364893225195,1.338538773148148,0.22210514206895215
BTC_LONG_827c25071970ec2f_3d,631473,3d,5.0,95,2,-212.22859497138003,-0.02479101096627836,66,49.311902039192844,-0.14730679184988205,-0.08254482952173046,-0.47456929266212644,-0.3104010186237615,-2.990418699174141,0.020209623952387387,238,68.99166666666666,-0.33472023127953787,-0.7915650694167249,-0.8507716823358148,-0.39343132620558685,-41.78133892071988,1.3990875187055742,-0.33472023127953787
BTC_LONG_0213d65de00a0c6a_3d,9841,3d,5.0,99,4,117.28114584862028,0.014696419164984986,28,20.92020086511212,1.2855191106697426,2.0080861880778658,-0.1728018975006561,7.439265015390595,446.9191396945715,0.0014581977472902738,126,36.525,-0.02326258743236409,0.0555716022848262,-0.4088249084854403,-0.056901101057037363,9.260929947453954,1.7459201388888888,-0.02326258743236409
BTC_LONG_c2efca35b64f90f0_3d,944832,3d,5.0,99,3,-61.77838658505019,0.01991505367705389,21,15.690150648834088,0.3209078001518748,1.2731080222310982,-0.11639504611854956,2.757057201773234,200.20394339297496,-0.022457572390585417,50,14.494047619047619,-0.01718482543566735,0.015714708850334307,-0.3019220220070017,-0.05691809203393858,7.1623847986372,0.9237672692533803,-0.01718482543566735
BTC_LONG_0c7f2f1a3357a313_3d,60475,3d,5.0,99,4,277.0968113453828,0.02907686206908693,29,21.66735089600898,1.686379225968094,2.5898874148465545,-0.11000594477902625,15.32989175590099,497.47321065059697,0.015321842506711267,89,25.79940476190476,0.11907939696156267,0.5981342388783661,-0.3583351427318854,0.33231291816292946,59.01255159777988,1.1907041560238398,0.11907939696156267
BTC_LONG_4ac0e06b7a1cfbfe_3d,361680,3d,5.0,95,3,-46.39766217814971,0.022215544151266902,82,61.26630253354263,0.5940179703450315,1.1253219527250373,-0.44389762518013853,1.3381868625766413,104.25915990995131,0.007189174599147791,284,82.32619047619048,0.058532180480115104,0.3521840444020357,-0.4791906749713355,0.122147995646235,24.066954839446147,1.3437434131285757,0.058532180480115104
BTC_LONG_a2ca04b676f5d3c2_3d,788633,3d,5.0,97,3,-154.18954926664452,0.033654143548843655,47,35.11605145215248,0.26182208261196105,0.7498676887515972,-0.3299960326551311,0.7934097889158062,97.69419872681627,-0.004448913516164983,128,37.1047619047619,-0.06223449969494965,-0.02283314354905774,-0.6548166180444288,-0.09504111224423308,2.9293226367144327,1.0566325190438663,-0.06223449969494965
BTC_LONG_3c96fb55812958f5_3d,292806,3d,5.0,99,4,38.583441689876985,0.057240662232894216,19,14.195850587040365,0.7593958283451396,2.30203896100231,-0.04851299788811081,15.653450856543468,425.25403684970826,0.010121032204037227,101,29.27797619047619,0.3345251283184061,1.1481154710481742,-0.2215204549342623,1.5101320030138015,117.21171488535745,2.0624319769330732,0.3345251283184061
BTC_LONG_654292b67ae52665_3d,490152,3d,5.0,97,3,-10.275548971116287,0.006512374607872708,49,36.610351513946206,0.4509649192230243,1.0437139630544052,-0.23319768476185943,1.9338310313138312,134.01070638843208,0.023265578530913388,244,70.73095238095237,-0.1774299573972471,-0.25023255472654937,-0.6388144715137536,-0.2777488070625636,-9.815644697945297,1.9319932602670695,-0.1774299573972471
BTC_LONG_51b1512aa2a01b28_3d,395010,3d,5.0,97,3,-67.2388730326271,0.006975929027952308,63,47.07045194650226,0.49991556058762154,1.1336770461981807,-0.27038388887938447,1.8489103128871294,111.57828197178789,0.006698667651979024,215,62.32440476190476,-0.20644946882319526,-0.44114541900801335,-0.6705013525045418,-0.30790313554482623,-21.001662064288553,1.3240664192631786,-0.20644946882319526
BTC_LONG_c404bede27dc4883_3d,949953,3d,5.0,99,4,139.01592253417653,0.12093326066429497,23,17.18445071062781,0.7393616322221366,2.1492384819907757,-0.05410084390643388,13.666360426851101,347.63463861817746,-0.015037156996862894,110,31.886904761904763,-0.13277675545643186,-0.4236037091862584,-0.5289186871132974,-0.25103434363624655,-28.97194020408833,1.8555672973698336,-0.13277675545643186
BTC_LONG_5d05df6191ad8877_3d,450103,3d,5.0,97,4,167.8879628795364,0.009262723458479356,31,23.1616509578027,0.8836690101678359,1.9522650576004956,-0.19751324036516416,4.473973534807596,304.7115263184748,0.027172218287197392,145,42.032738095238095,0.0595306255026915,0.3415527272643339,-0.4587931693393529,0.12975482086713203,30.480369793005075,1.8147556999203505,0.0595306255026915
BTC_LONG_afb091065a3a5484_3d,851679,3d,5.0,97,3,-3.5567879015768744,0.008847201711517115,52,38.85180160663679,0.21912610602303362,0.6968681261245193,-0.28639611767074113,0.7651154904095266,76.97637411621498,-0.004977019996558063,237,68.70178571428572,0.07472269672550524,0.38382729170410046,-0.6078485923748025,0.12292978492155635,26.199789567123116,1.7683037304131055,0.07472269672550524
BTC_LONG_36031e51122f0a3a_3d,260932,3d,5.0,99,3,-43.87093486655487,0.06328776408289166,30,22.41450092690584,0.2552370990471371,0.9023093886801318,-0.15036621821268448,1.6974364460381568,125.32200289652688,-0.004324891332151276,78,22.610714285714284,0.010735192985471764,0.1691388682548346,-0.4565419198951117,0.02351414518066188,23.442260714725663,1.008753858024691,0.010735192985471764
BTC_LONG_2b72eff8d94ad9c4_3d,209804,3d,5.0,95,2,-155.49469021115618,0.006641361330573326,82,61.26630253354263,0.31966963189520303,0.8110183437603291,-0.4406955194456358,0.725375271110823,69.9226734095115,-0.015051084009197278,272,78.84761904761905,-0.288174342346309,-0.627649316361688,-0.8275318977277648,-0.34823351599808716,-27.33123432413794,1.286965522433002,-0.288174342346309
BTC_LONG_1150e04c909782a8_3d,83794,3d,5.0,95,4,97.53471831901028,0.04186097630134808,55,41.093251699327375,0.8569691779864541,1.8687364165531684,-0.16965061437264062,5.051376802586202,171.67886794187157,0.005720546492068985,212,61.4547619047619,-0.008898594970638829,0.1792684549326321,-0.4649379807755649,-0.019139316077802563,16.792563067452168,1.4954952300785633,-0.008898594970638829
BTC_LONG_8a63ddf27c503bd6_3d,669979,3d,5.0,95,3,-70.28207634073652,0.012281066323998183,88,65.7492027189238,0.5566233287382343,1.1592298195626456,-0.4022258587670102,1.3838576426799525,89.10993068145747,-0.007311115801478628,289,83.77559523809524,-0.3393782019710684,-0.7003769264728539,-0.8979084826174113,-0.37796524761830724,-32.33105428448425,1.2741689902497193,-0.3393782019710684
BTC_LONG_14a7dc621742d15a_3d,99952,3d,5.0,99,3,119.36426336007473,0.01709909629882103,30,22.41450092690584,0.5383595283545533,1.4923751479760425,-0.17775847912165366,3.028601116608974,220.21625807477818,0.006268380529970244,89,25.79940476190476,0.052428981890583426,0.3316366437061245,-0.2560444870851394,0.2047651269021459,36.616934901254005,1.1510140174897117,0.052428981890583426
BTC_LONG_7a160a0e08d4534f_3d,591366,3d,5.0,95,2,-174.53069373777993,0.0049751181285462714,47,35.11605145215248,0.05175016059129667,0.3575459813935575,-0.5061845073980553,0.10223576548659791,57.893390554371656,0.004262101163138732,164,47.54047619047619,0.1825728366564161,0.6534923263576736,-0.517409684394464,0.35285933403060504,52.70128495789577,1.353810415024954,0.05175016059129667
BTC_LONG_c8b7bf433090f4e1_3d,972646,3d,5.0,95,4,72.44401527240267,0.0017480964679355716,90,67.24350278071752,0.9177375744288716,1.580548262137417,-0.3018294864128842,3.040582897767195,119.15413799490867,-0.0075873950221861,291,84.35535714285714,-0.26771801011362584,-0.4649331674241123,-0.797258261642342,-0.33579835166854227,-19.7999761832892,1.2544759516460906,-0.26771801011362584
BTC_LONG_338a0d721e89cd62_3d,248890,3d,5.0,97,3,-118.87803635135127,0.0536129004901781,67,50.059052070089706,0.7391616564824255,1.5676188868187284,-0.3311871706253081,2.23185473968339,131.68911318000488,0.004112993698355749,196,56.81666666666666,-0.2530144629689456,-0.5466898250125566,-0.7386726815729534,-0.3425258159407878,-32.58182557533608,1.1349928597751981,-0.2530144629689456
BTC_LONG_cc32ec9302efe55e_3d,989617,3d,5.0,99,3,-365.6559061616129,0.04626709159110362,22,16.43730067973095,0.5169364092858819,1.3751248971605834,-0.11159211982713502,4.632373774121839,290.7292358850772,0.019452168778991513,125,36.235119047619044,-0.15569379993624344,-0.5134595200177613,-0.5166132897711596,-0.30137397356775314,-32.115686625570135,2.2044446198092027,-0.15569379993624344
BTC_LONG_acd4a00330fd999c_3d,837754,3d,5.0,97,3,-106.0299326181878,0.02367051335761975,54,40.346101668430514,0.32722265980195364,0.8465216255421995,-0.2947021794102799,1.1103503219988042,100.15790509044331,0.018660379992271967,227,65.80297619047619,0.057650206699171536,0.33989309305183607,-0.5992359185846345,0.09620619343936936,24.856009533024388,1.6309624342706903,0.057650206699171536
BTC_LONG_945c75fa3a01a4e0_3d,718397,3d,5.0,99,4,125.66605428371814,0.03114911017497661,15,11.20725046345292,0.42437568486725286,1.5416179198244029,-0.1073333907207159,3.9538086146135893,345.8942467345179,0.003445723974313007,70,20.291666666666668,-0.03234582060432889,-0.00417729261125239,-0.4114896852032178,-0.0786066377055226,4.479712313457483,1.8105838477366254,-0.03234582060432889
BTC_LONG_992b3dd7341831d5_3d,741803,3d,5.0,95,3,-87.4214392626017,0.006502469590347267,58,43.33470179201796,0.4077308854340327,0.9585051985213806,-0.297152992883541,1.3721244449785128,109.13120457302578,-0.00825092528198647,241,69.86130952380952,-0.22422928514093776,-0.4046852513158983,-0.7733192568075634,-0.2899569397335415,-18.87170825920661,1.6121331550659854,-0.22422928514093776
BTC_LONG_2f04dbac1486849e_3d,226927,3d,5.0,99,4,192.04427420394336,0.01163884948515748,30,22.41450092690584,0.8773265971417881,2.441899264243079,-0.06597241436036105,13.298385478960462,301.87588219970917,0.0036450121641806443,92,26.669047619047618,0.24813072157680138,1.0065727635924753,-0.22422667382322692,1.1066066197477453,99.6099978018637,1.1898122427983537,0.24813072157680138
BTC_LONG_3baab9ec01ff8675_3d,288311,3d,5.0,97,4,42.42381616977571,0.016667490398325418,64,47.81760197739912,1.2368097099761197,2.1565880176451655,-0.17444288736473212,7.090055253385876,190.48999451059436,0.035895312506272994,255,73.91964285714286,0.17386891453448827,0.5895573366020727,-0.48788925738404554,0.3563696308189588,38.885439180469604,1.545866789641204,0.17386891453448827
BTC_LONG_af5a1d8b361eaac6_3d,850060,3d,5.0,95,4,25.448532301746337,0.07376028841846331,27,20.173050834215257,0.5629409878326193,1.58240773487433,-0.14098899651395758,3.9928008692287515,248.79945700583076,0.016268945834372838,131,37.97440476190476,-0.04447900382824699,0.019937170634647564,-0.6813526444951342,-0.06528044499072114,6.6749960132901816,1.8824324131229992,-0.04447900382824699
BTC_LONG_9d93134d13cf4041_3d,763230,3d,5.0,95,4,102.20389438281215,0.03218719604276406,93,69.4849528734081,2.3132016637202235,2.288858237158922,-0.21210388059376184,10.905984639435479,202.69143790590314,-0.0022132767420279848,260,75.36904761904762,-0.012316755915189659,0.2069037412733786,-0.6161969218483565,-0.0199883437882878,17.86079699012491,1.0846815677684853,-0.012316755915189659
BTC_LONG_c3acdad01e0b9b6e_3d,948370,3d,5.0,99,3,-241.2785447119271,0.05345102153236548,29,21.66735089600898,0.7326770301262058,1.557506232350429,-0.15761966315748355,4.648385965614972,293.70125752759725,0.006344956912814461,96,27.82857142857143,-0.1585466295706488,-0.528071848143841,-0.6235290131229618,-0.25427305904590347,-44.42491971734245,1.2843550446998722,-0.1585466295706488
BTC_LONG_617986d40c95d48d_3d,471709,3d,5.0,99,4,11.210220632847076,0.013438865552405735,23,17.18445071062781,0.464889632275419,1.6856170214659796,-0.103906763135038,4.474103689201106,243.5404351467767,-0.018886910895343705,76,22.03095238095238,-0.007709162289649463,0.07157046134146372,-0.3143681670816151,-0.02452271920918774,11.901673353281403,1.2820283145464304,-0.007709162289649463
BTC_LONG_8a742b6a48881c25_3d,670278,3d,5.0,97,4,79.55141106974749,0.03336500492851058,48,35.863201483049345,0.6054433554295795,1.2787671636763616,-0.258061341967317,2.346121859299088,164.44384293694603,-0.008635518518805825,168,48.699999999999996,0.010207235106389101,0.20279877295650992,-0.4131068595198799,0.024708461917703643,19.275902509713266,1.3579378858024689,0.010207235106389101
BTC_LONG_334b4ed8fb8a6555_3d,247613,3d,5.0,99,4,7.008257216992442,0.06874507799579242,26,19.425900803318395,0.6122668567930498,1.7388419757625477,-0.07610972845608821,8.044528199128965,272.18280191044477,0.03318358377633386,67,19.42202380952381,0.03335099360302274,0.25497844115886975,-0.44071062651308446,0.0756754922541732,39.19382852151314,0.9998004214150048,0.03335099360302274
BTC_LONG_845129c09cfc1174_3d,640335,3d,5.0,95,3,-14.684589703650165,0.05016380276444591,34,25.403101050493284,0.5041219655493074,1.4472228019621791,-0.19202683004885512,2.625268382658036,185.12986968960743,0.02433677112757514,104,30.14761904761905,0.12802243610570274,0.5453969956649245,-0.323965091736081,0.3951735522480198,60.37416347042673,1.1867692447349312,0.12802243610570274
BTC_LONG_38914ddec2fa78ec_3d,273369,3d,5.0,99,4,140.34748021822892,0.0752828888543758,27,20.173050834215257,0.720135455836322,1.5653946548665856,-0.11627698654815222,6.193275876977617,308.36482820648433,0.026668039252512342,95,27.538690476190474,-0.028357410061862653,0.022546218346501123,-0.32561986228449036,-0.08708747022651557,7.163159784869039,1.3651227423411063,-0.028357410061862653
BTC_LONG_1ab93698b0cb29d5_3d,129210,3d,5.0,97,3,-138.25376183410987,0.008756686126550438,45,33.62175139035876,0.26217353589862236,0.7528113379937537,-0.25851552150348156,1.0141500764591094,104.07695542730306,-0.0017956861475118297,171,49.56964285714286,0.2739396077782448,0.9185950677658753,-0.31161484156034547,0.8790967927154884,63.742695852531455,1.474332561728395,0.26217353589862236
BTC_LONG_bb8916520fb2b562_3d,908890,3d,5.0,99,4,1.2602354216978462,0.02728370518003789,26,19.425900803318395,0.2707165973363028,1.0067474074836529,-0.14156444355540154,1.912320569609397,147.26690490857413,-0.005248718383701781,145,42.032738095238095,-0.10344215338887353,-0.18016101402128504,-0.5545215142089659,-0.18654308397111602,-8.706760793267836,2.163747180674264,-0.10344215338887353
BTC_LONG_5b6ba8a58a6b17c2_3d,442290,3d,5.0,99,3,45.46525971357714,-0.013657002274158479,37,27.644551143183868,0.6405811889853523,1.567650216507549,-0.22969344854695484,2.788852677504218,205.71848449586204,0.0017800670321992747,146,42.32261904761905,-0.03281117660041122,0.022694733334712176,-0.5453422825130962,-0.06016620689891814,6.5174615812587104,1.530956998665332,-0.03281117660041122
BTC_LONG_af2b6dbffcf57cfe_3d,849143,3d,5.0,99,3,-113.84451757764147,0.02270183287861296,25,18.678750772421534,0.5962800939344852,1.524355618486986,-0.17512460581956435,3.4048904272701055,286.29998888319466,0.027860154794651523,92,26.669047619047618,-0.18381450351099637,-0.5229842750004722,-0.5509352528029463,-0.33364084540936345,-53.91821348616356,1.4277746913580245,-0.18381450351099637
BTC_LONG_c611255ebd68916b_3d,960039,3d,5.0,97,4,6.550589702058093,0.026149695091818085,47,35.11605145215248,0.34966068449075705,0.8529598436796332,-0.323580059114309,1.080600224401451,124.41259873607049,0.0027789887826655093,210,60.875,-0.16562636461563518,-0.3272310089401731,-0.6631401184565472,-0.24976073684265868,-14.23101952461879,1.7335377265563434,-0.16562636461563518
BTC_LONG_1085cb11a7f91ad3_3d,79928,3d,5.0,99,4,301.2988271201276,0.024448940765416708,17,12.701550525246642,0.5953966560314257,1.7868719250452134,-0.10371070264814308,5.740937442603337,402.1820254706726,0.044217313814627096,55,15.943452380952381,0.14557573321462303,0.6709919647726678,-0.35416482919634495,0.4110394969058813,109.26126191534433,1.2552367011619463,0.14557573321462303
BTC_LONG_18736382b197243b_3d,118218,3d,5.0,97,4,21.06301128484567,0.06462815568171074,63,47.07045194650226,0.6590173821825602,1.3505315016830541,-0.2746802850025706,2.399216173000523,133.44026095998248,0.06323075467671388,244,70.73095238095237,0.5098503349820365,1.2197061095137975,-0.4181037582992746,1.219434948530385,74.88770134723505,1.5026614246521652,0.5098503349820365
BTC_LONG_6e133e86c2c01d4b_3d,532860,3d,5.0,99,4,4.686534336521856,0.05225955216651285,32,23.90880098869956,1.1005339573593758,2.4455530626641457,-0.1385649566428505,7.942368575887398,336.41716095788496,0.019127016010020606,131,37.97440476190476,0.49069948736689173,1.4742301785027176,-0.24585995181177422,1.9958496036091395,121.60983060921012,1.5883023485725307,0.49069948736689173
BTC_LONG_986dd8ab14e316e8_3d,738175,3d,5.0,99,4,145.86238813449282,0.01742721994655751,19,14.195850587040365,0.5654998473130732,2.1021653420098527,-0.08230099931885126,6.871117629109322,337.98868292371975,0.01874282042170997,82,23.770238095238096,0.03567278471981106,0.26894391838801235,-0.31859365788202254,0.11196953811623249,32.09313731849065,1.6744497238466536,0.03567278471981106
BTC_LONG_5673ac8389b35973_3d,418301,3d,5.0,99,4,93.19132854435863,0.028610250054221412,20,14.943000617937226,0.7569088846416248,2.0674084896741416,-0.06628974499819118,11.418189716407541,408.41815707655286,-0.0041530010837406,64,18.55238095238095,-0.0946760657232858,-0.38801368860895846,-0.4091753514591727,-0.23138262210971064,-37.331066009789225,1.241543209876543,-0.0946760657232858
BTC_LONG_665a553ed9e4f0c9_3d,495350,3d,5.0,97,4,19.32610106268362,0.07883578559825391,52,38.85180160663679,1.314249154362518,2.1452003426029997,-0.21876094457120743,6.007695555249011,243.93877710985836,0.048789761357835956,154,44.641666666666666,0.43300963071359333,1.15503687778018,-0.38541108639383537,1.1235007139133486,100.12239775585151,1.1490243649097815,0.43300963071359333
BTC_LONG_ad3c541b70ce7c4c_3d,839706,3d,5.0,97,3,-4.9557240748541105,0.03754657422281041,78,58.27770240995518,0.5719093966475166,1.1466131845431256,-0.3188535584730421,1.7936428226999683,104.7445882421304,0.028161555345756612,236,68.41190476190476,0.38815613184186115,0.9957853705008244,-0.29063664484008467,1.3355374786115979,65.22974639153131,1.173895022158911,0.38815613184186115
BTC_LONG_2d335184b7ce7577_3d,218215,3d,5.0,97,4,1.0009859737003524,0.037701417473379725,53,39.59895163753365,0.20431596134165453,0.716261297285355,-0.2402771185899809,0.8503346575014826,66.70556536613735,0.023028852141610733,145,42.032738095238095,0.13869733772865334,0.5547578024860504,-0.4062437748566734,0.3414140629664714,48.77487118708701,1.061460881085488,0.13869733772865334
BTC_LONG_2eab65f9093f074a_3d,225195,3d,5.0,99,4,91.21552611406652,0.005273382303614011,17,12.701550525246642,0.4773580293962023,1.3526781085640525,-0.09386343352336168,5.085665540643073,350.27322515851324,-0.014638948448637772,119,34.49583333333333,0.002786304356581226,0.142077368453843,-0.2798620308424661,0.00995599277327346,15.909537318810623,2.715875771604938,0.002786304356581226
BTC_LONG_246d6ab6bc31a2a0_3d,175934,3d,5.0,97,4,136.6591118481107,0.051411103025180635,78,58.27770240995518,1.9718004271559435,2.447388326907167,-0.27309825351214956,7.220113647003687,212.509060088999,0.017813499298037314,258,74.78928571428571,-0.05201510942305443,0.07258070803426418,-0.4978785286896361,-0.10447349388605434,8.943094757257466,1.2833259140550806,-0.05201510942305443
BTC_LONG_3ebd17aa694e737f_3d,303345,3d,5.0,99,4,147.2748579532429,-0.0028277746402243674,19,14.195850587040365,0.37731754722788957,1.1838200969635118,-0.19871610556906927,1.8987768814578667,265.5893604655869,0.027352006668021026,70,20.291666666666668,0.4102774758201839,1.4195861893377022,-0.2510141977725818,1.634479162775861,191.49136507428295,1.4294083008447045,0.37731754722788957
BTC_LONG_5e7e69134c20e509_3d,457215,3d,5.0,99,3,91.5241980695155,0.0035450220168792602,28,20.92020086511212,0.3905206274518409,1.2962135140877107,-0.19007159523064032,2.0545975161515737,181.58122352455686,-0.0038871706578510763,144,41.74285714285714,0.04359192473083495,0.2911498225339188,-0.4057806904084442,0.10742730189294343,26.761788449767526,1.9953373015873013,0.04359192473083495
BTC_LONG_335aefd95fcd5708_3d,247947,3d,5.0,99,4,28.08426475926706,0.02901207552975502,30,22.41450092690584,0.9248204759600487,2.218964713500023,-0.1158326937755082,7.984105746106664,318.74344197515643,-0.009654767366638577,63,18.2625,0.06843168385144272,0.40103667928610026,-0.39105108874736805,0.17499422919559202,56.61503524266893,0.8147627314814814,0.06843168385144272
BTC_LONG_b51d66cd59e094b5_3d,877842,3d,5.0,99,3,112.01899229898095,-0.007802661617985931,28,20.92020086511212,0.48765232066070685,2.156020486809795,-0.08060642752238922,6.049794484754416,203.4696022094104,-0.014897765115714147,138,40.003571428571426,-0.18233380803655275,-0.5998313184913002,-0.6763981132286473,-0.2695658140828037,-35.909707142252415,1.9121982473544972,-0.18233380803655275
BTC_LONG_3a220bae3b68d3db_3d,281113,3d,5.0,95,4,34.20466716347775,0.0030109392960892536,71,53.04765219367715,0.6944866371446863,1.393251783069171,-0.2747678375535354,2.527539770768744,123.3026363522513,-0.006355418868793336,293,84.93511904761904,-0.36039759315373354,-0.7545119133568428,-0.8600257708574237,-0.41905441135144866,-35.35318032911085,1.6011098613284644,-0.36039759315373354
BTC_LONG_7ecf710edf22bb81_3d,613914,3d,5.0,97,4,26.850053931644634,0.005444540711705707,56,41.84040173022424,0.14906007151635592,0.5362001576113229,-0.3201110089100401,0.4656511877673219,60.02062425141056,0.003454884951539784,219,63.48392857142857,0.2711428927726611,0.8272374567069566,-0.4262027917153973,0.6361828172953885,53.543329645837325,1.517287739748677,0.14906007151635592
BTC_LONG_40eac27ee3a52e32_3d,313996,3d,5.0,99,4,100.08332213917143,0.033583614868019425,18,13.448700556143503,0.8542039613440364,1.8262722079075897,-0.14178948021848226,6.024452307941326,510.6154136367022,0.016682107783262328,119,34.49583333333333,0.035424460759369,0.26304278718592883,-0.3257556325467911,0.1087455049738263,26.8946798536733,2.5649937842935526,0.035424460759369
BTC_LONG_b95b931dcfbb0fc6_3d,898504,3d,5.0,99,3,-448.19585894748826,0.03256179745848148,9,6.724350278071752,-0.02917210754288324,-0.11032014981756988,-0.17444869482278025,-0.16722456750117126,-20.463132242325926,0.012720478398615186,60,17.392857142857142,-0.06289416926534308,-0.15356244908935682,-0.3665138823073697,-0.17160105606204054,-15.655660947141103,2.586548353909465,-0.06289416926534308
BTC_LONG_156e4ac4dc73bcab_3d,103660,3d,5.0,99,4,31.87400383118738,-0.025036829769335595,20,14.943000617937226,0.5704796049262175,1.640727563408122,-0.07927045171404301,7.196623616882396,334.30045864853497,-0.00940357707369974,47,13.624404761904762,0.10572586817918861,0.5887549906887086,-0.29790004862318875,0.35490382988463476,93.92036001213305,0.9117582947530863,0.10572586817918861
BTC_LONG_c2fd33ab591fc8c9_3d,945078,3d,5.0,97,3,-48.827965415344394,-0.0514458671336761,55,41.093251699327375,0.8466601158686866,1.6459634594934556,-0.340015891381684,2.4900604275529887,175.70268870013896,-0.03911084908930117,192,55.65714285714286,-0.12335918516003364,-0.15845859434842302,-0.8151878513510924,-0.1513260838659189,-5.6720354478041175,1.3544107744107743,-0.12335918516003364
BTC_LONG_b1b4fab7d01943e0_3d,861590,3d,5.0,99,3,-116.51917268197894,0.00029551865255330733,23,17.18445071062781,0.07961548560563814,0.4874834371627832,-0.1449491092564894,0.5492650904446571,60.97251464918989,-0.021781119163264855,105,30.4375,0.06961353565978312,0.37774066901534825,-0.3826252449168531,0.18193659875973572,40.67353086451956,1.7712233293075683,0.06961353565978312
BTC_LONG_44d3698016ad47d0_3d,332926,3d,5.0,97,4,162.55009201020047,0.0562671688834153,57,42.5875517611211,1.241463952548743,2.061941128953933,-0.12751330189819998,9.735956438018235,215.9435285979788,9.49274871009508e-05,206,59.71547619047619,0.13447887103449707,0.52120826606186,-0.5009744315576405,0.26843459977862033,38.08950834441803,1.4021814760667097,0.13447887103449707
BTC_LONG_721f882d099afd18_3d,552410,3d,5.0,99,4,165.70874915884576,0.024472029230884214,25,18.678750772421534,0.7760527548826219,1.8214793302269578,-0.09331013607315686,8.316918049226532,342.0725021411542,0.025203916090656583,86,24.929761904761904,0.17182821575598917,0.7264082026058497,-0.38746308504595284,0.4434699004567376,82.64241799691507,1.334658950617284,0.17182821575598917
BTC_LONG_00e1ec97134d3b59_3d,4160,3d,5.0,95,4,61.193214696583716,0.01928895532799542,84,62.76060259533635,1.131982457159232,1.6095909331322427,-0.37600516960716557,3.010550249460346,151.92668945906954,0.012620174594295777,267,77.39821428571429,-0.24665459419439406,-0.40917684051473613,-0.671720818480873,-0.36719807903559487,-18.618474836823363,1.2332293044532627,-0.24665459419439406
BTC_LONG_767ec9f7759aa3be_3d,573918,3d,5.0,95,3,-57.64569300752515,0.03962735207748198,75,56.0362523172646,1.0037178079198674,1.6102999824770792,-0.3501398985918799,2.8666193483130935,150.9871124859714,-0.0028633280309324012,258,74.78928571428571,-0.3114747622224747,-0.6541559010637269,-0.819644364637889,-0.3800120828746029,-32.4822893577415,1.334658950617284,-0.3114747622224747
BTC_LONG_32790d4266a3dbf2_3d,243619,3d,5.0,95,3,-155.72495892666947,0.061492959116434265,63,47.07045194650226,0.6368359302975393,1.1696040171193627,-0.4421509060942048,1.4403135253597215,140.07714214236492,0.02507317839699398,212,61.4547619047619,-0.11528437788882262,-0.09662506663538432,-0.6350434828301021,-0.1815377702563802,-1.3790578207170352,1.305591073878111,-0.11528437788882262
BTC_LONG_5830dd86ca0caf07_3d,426761,3d,5.0,99,4,10.77710417485156,0.04405743576367662,22,16.43730067973095,0.5879957972878258,1.723364188233348,-0.1838827306178742,3.1976673139020164,310.71474502538456,-0.0016217441432471158,91,26.379166666666666,-0.03555281143316291,-0.003336334099231993,-0.4185366201693347,-0.0849455214188395,4.668639078803276,1.6048356832210997,-0.03555281143316291
BTC_LONG_56eb83020db30df8_3d,420551,3d,5.0,95,3,-35.135730197797066,-0.01875366310468541,75,56.0362523172646,0.20004306267794525,0.6021320707702201,-0.4122589384223454,0.4852364473732959,65.68538177097058,-0.004605355174709301,207,60.00535714285714,-0.22041371737960058,-0.45819093492310675,-0.6422033161505867,-0.3432148539823438,-24.149842336440777,1.0708310185185186,-0.22041371737960058
BTC_LONG_508558d09cb3eda5_3d,389329,3d,5.0,97,4,120.11208933187287,0.01288067530299569,70,52.30050216278029,1.5791010787576396,2.2079672471181118,-0.2517664877888637,6.272086061278754,207.6972866079567,0.010652429063922933,255,73.91964285714286,0.12231317213433934,0.48202764575770657,-0.6473786975544432,0.18893604716434628,32.50073088390108,1.4133639219576721,0.12231317213433934
BTC_LONG_7633d7a44ab2b4b5_3d,572438,3d,5.0,99,3,88.55898806352374,0.02812853040836376,34,25.403101050493284,0.4612918597475588,1.4909133372678278,-0.12089430140034096,3.8156625614634456,169.47814772587108,0.06254887345445768,133,38.55416666666667,0.1777990207582989,0.6794822262520667,-0.3799695670760609,0.46792963480337824,59.464949954559735,1.5176952841321714,0.1777990207582989
BTC_LONG_a49edce42a2f9101_3d,797758,3d,5.0,99,4,17.61493325762854,0.01270978562953856,22,16.43730067973095,0.1929295259056849,0.9114676624809062,-0.13127303773690024,1.4696812782862365,126.57565552177215,-0.007210532566621108,57,16.523214285714285,-0.007963969281526206,0.07765772968680583,-0.25581763389207524,-0.031131432029764056,15.533182607025381,1.0052267466329965,-0.007963969281526206
BTC_LONG_73fcc5ca180ce55b_3d,561484,3d,5.0,99,3,-215.9799542324592,0.020690638835485463,28,20.92020086511212,0.6845127938282007,1.6700010356007324,-0.15511597283614453,4.412909781710747,281.11978554786054,0.01710409724105843,102,29.567857142857143,-0.05723606162190875,-0.03130078539346414,-0.4414674279833606,-0.129649568674557,1.7079131300053092,1.413363921957672,-0.05723606162190875
BTC_LONG_4a6830304265beb5_3d,359988,3d,5.0,99,3,-89.0654588421691,0.045744286268819385,22,16.43730067973095,0.3441210163945325,1.0507727112880514,-0.13341324105686314,2.579361790992409,216.2483026576094,-0.001619726545269832,105,30.4375,-0.14752266918622736,-0.4100596226158662,-0.5486163259835093,-0.2688995244933008,-33.603686574885735,1.8517334806397305,-0.14752266918622736
BTC_LONG_08ab8999277fe00a_3d,41919,3d,5.0,99,3,-3.499503581871344,0.03221985469274005,22,16.43730067973095,0.5507699918575939,1.5014678059443038,-0.1620246904070498,3.3992966780180898,302.1198849272889,-0.013984568084540485,97,28.11845238095238,-0.033761593438211945,0.02518927392092048,-0.46001264603488823,-0.07339275067592686,7.564062698279966,1.7106490249719415,-0.033761593438211945
BTC_LONG_435b40576df96ddc_3d,325836,3d,5.0,99,3,-1150.6728615599766,0.06940171049181157,15,11.20725046345292,0.5217849709258013,1.6660450078557194,-0.1150672861559976,4.534607431502413,411.17043208818404,0.07509469660471686,44,12.754761904761905,0.060564507172803816,0.4149184820392847,-0.1817535243530224,0.3332232890030156,63.20101323907903,1.1380812757201646,0.060564507172803816
BTC_LONG_882a17966ab42df1_3d,659008,3d,5.0,95,3,-8.606540484889422,0.01561932423756004,66,49.311902039192844,0.1155157828414568,0.4745653233401547,-0.39243536299543025,0.2943562016423121,57.82691159773294,-0.023208872548243747,192,55.65714285714286,-0.30682709740585157,-0.7513891250079108,-0.8049652921371799,-0.3811681079953481,-46.953501457249644,1.1286756453423121,-0.30682709740585157
BTC_LONG_9ea03f20740d3b66_3d,768362,3d,5.0,99,3,-170.66676224756606,0.058557493427641286,22,16.43730067973095,0.413728495528777,1.2673383124454238,-0.21627562674630185,1.9129686583412082,244.8106607872994,-0.00968160177047849,100,28.988095238095237,0.04187937631315597,0.2838767804920077,-0.39867001495145116,0.10504772052710289,34.4318236463289,1.7635556958473624,0.04187937631315597
BTC_LONG_a7dad690be812564_3d,813511,3d,5.0,97,4,107.64358300344209,0.05802188168238999,77,57.53055237905832,2.5739592858477307,2.3572075940663986,-0.27249374059366394,9.445939125941084,257.5752863481176,-0.016141714902631395,254,73.6297619047619,0.1917165753044734,0.6252382366028122,-0.37575066739938856,0.5102228470580366,40.55724381453472,1.2798375621292288,0.1917165753044734
BTC_LONG_8f4cb2e57d3d016e_3d,693716,3d,5.0,97,4,83.65640963756883,0.030651485786086438,70,52.30050216278029,2.359785343275223,2.537473576677643,-0.2392261831363156,9.864243588798859,262.686000371799,0.009337265670681284,234,67.83214285714286,0.37654718147480915,0.9641362747599556,-0.29718897690704926,1.2670294349193862,65.13785309683242,1.2969692460317461,0.37654718147480915
BTC_LONG_055a0d8f3308bdc7_3d,25728,3d,5.0,99,4,47.45598177784789,0.055771149894005785,21,15.690150648834088,0.5760970577403957,1.463318500400747,-0.10977733911541221,5.247868661989771,329.87809691934655,0.007090081325012975,111,32.176785714285714,-0.21121985342017835,-0.9264361825491337,-0.6387811055917769,-0.33066077185313886,-60.53435282851772,2.0507633377425045,-0.21121985342017835
BTC_LONG_63da86f557d057dd_3d,483331,3d,5.0,99,3,-35.38227770732943,0.004430095842904185,33,24.655951019596422,0.7897802491393935,2.106014682828186,-0.07285854538842107,10.839912393651879,258.06258866149955,-0.017486616022078672,136,39.423809523809524,0.005370566014703648,0.17178927860445542,-0.5253940116801965,0.010221977973309435,18.37801183838473,1.598957164234942,0.005370566014703648
BTC_LONG_c1f8e738d2b049cf_3d,940160,3d,5.0,99,2,-223.92239288704448,0.051934399610585866,21,15.690150648834088,0.28464743477490106,0.9431575882140227,-0.1551748135497103,1.8343662110070085,193.00329615178552,0.016738927880095206,83,24.060119047619047,0.03749947689455846,0.27452235814151854,-0.4317279156937831,0.08685905064604664,30.340160001048233,1.5334536669606114,0.03749947689455846
BTC_LONG_858af8887bcdc689_3d,646382,3d,5.0,97,3,-166.94147357080823,0.015373095974170518,56,41.84040173022424,0.13916882559090826,0.5148159679179436,-0.48310530592513945,0.2880714077946257,59.53483983562041,-0.009802958947951166,232,67.25238095238095,0.11180362763378104,0.4661684455694794,-0.4608859197877466,0.24258416851890452,30.929050600891028,1.6073550485008816,0.11180362763378104
BTC_LONG_86a9cd61a46fd4d7_3d,651606,3d,5.0,95,4,92.49446110705698,0.010026802454745532,92,68.73780284251124,2.9853897863451104,2.6359041208737968,-0.20467950494177212,14.585680120705801,230.32199432689106,0.018873345553828975,294,85.225,0.17436862568291223,0.5772463832093805,-0.7127768725200768,0.24463283308620648,36.66477911857831,1.2398563305152979,0.17436862568291223
BTC_LONG_725a7bb4e7c55762_3d,553546,3d,5.0,95,3,-71.97308392262461,0.06619298617900252,83,62.01345256443949,1.1208081715094766,1.7501405041182048,-0.3848663123120325,2.912201290823228,145.69501578757033,-0.015556319203054525,272,78.84761904761905,-0.060356546693054014,0.07779429311660353,-0.47595748360732304,-0.1268107946020861,9.325206543865486,1.27145991372899,-0.060356546693054014
BTC_LONG_458cd7b0a1c790f2_3d,336419,3d,5.0,97,3,-178.22024839182956,0.036407054044425166,32,23.90880098869956,0.33743397173500833,1.0400896812145306,-0.22090997722748162,1.5274727559612953,148.2687412064442,-0.021012106585680482,111,32.176785714285714,-0.0909582166972871,-0.1864319543947639,-0.5227778475049125,-0.1739901893919336,-11.63376320080948,1.3458134403935185,-0.0909582166972871
BTC_LONG_6a6e2925951a3b25_3d,515086,3d,5.0,99,3,67.9678729958304,-0.011611149058718582,39,29.13885120497759,0.31861138106369014,1.0381186166423928,-0.25481102997385485,1.2503830038141661,116.2373567806077,-0.016429490927330554,155,44.93154761904762,-0.07619115098916651,-0.13555585817673516,-0.4442240336027671,-0.17151514827155429,-3.590581539005134,1.5419807494460274,-0.07619115098916651
BTC_LONG_57ac08c1cc60a48a_3d,424338,3d,5.0,95,4,128.6182056271526,0.015210613128771429,87,65.00205268802694,2.080922269139466,2.4927055209874998,-0.2313250405326298,8.995663696191762,196.66363488121567,0.024374716451090447,295,85.51488095238095,-0.2820686040983672,-0.4525151201869674,-0.7452042035339341,-0.37851182637018327,-20.24910108301957,1.3155720075918829,-0.2820686040983672
BTC_LONG_850b13a3963a891e_3d,643919,3d,5.0,95,4,75.66665179606677,0.021687365596862632,95,70.97925293520183,1.1699354849956656,1.6292277109671192,-0.22754476729385598,5.141561807416942,137.00477844094684,0.005186846149435873,290,84.06547619047619,-0.37383324373141236,-0.8822716689119683,-0.8627199327691901,-0.43331935374608616,-39.75550502312797,1.184366877842755,-0.37383324373141236
BTC_LONG_c10ca9bb2332538e_3d,935677,3d,5.0,99,4,59.78737711766569,0.026018334056489952,16,11.95440049434978,0.3136339925564331,1.1629467277926038,-0.14700094198637714,2.133550903269029,260.18536076534315,-0.004296682335629239,59,17.10297619047619,-0.062102066372291764,-0.11157552084852915,-0.5169643130375692,-0.12012834311017256,-12.091989998467898,1.430684558256173,-0.062102066372291764
BTC_LONG_b8efdc1c2b822c37_3d,896453,3d,5.0,99,3,-246.77428879111895,-0.04155187793738618,17,12.701550525246642,0.09017714973839874,0.5321836225267941,-0.16055336771033046,0.5616646416355208,87.7979203984302,-0.012843592528178564,44,12.754761904761905,0.04774127105081183,0.34047534393788065,-0.2358620611687674,0.2024118283976638,56.411617596368565,1.0041893609295571,0.04774127105081183
BTC_LONG_1ba1fe56fb2814f0_3d,133510,3d,5.0,99,4,166.9928614086688,0.03261326467204135,19,14.195850587040365,0.4786393027378564,1.638693430834036,-0.08866971316848016,5.398002154674845,302.37677883895077,0.01788174816542996,82,23.770238095238096,-0.1214000803690376,-0.3134698456155416,-0.5538999578170845,-0.21917329773317623,-32.04390563079663,1.6744497238466536,-0.1214000803690376
BTC_LONG_812b1d1971920cf8_3d,625233,3d,5.0,99,2,-93.63058567184126,0.018856742072164867,36,26.897401112287007,0.11574956348485621,0.517681808730485,-0.21548915809268876,0.5371479684145809,62.031763977874185,0.013057144932101833,132,38.26428571428571,-0.047020180455279226,-0.017681345238132234,-0.6446857281746398,-0.07293504168055953,3.6559047828902944,1.4226015946502057,-0.047020180455279226
BTC_LONG_992128116113a94d_3d,741604,3d,5.0,99,3,-223.60618553621177,0.05921555029233908,30,22.41450092690584,0.7379791865044063,1.883626278873647,-0.12674642587771134,5.822485181684177,272.8332484445124,-0.01909723423412913,113,32.756547619047616,0.04360316564377409,0.2950938235270548,-0.6147387767356034,0.0709295839044291,34.41061154996382,1.4613998199588474,0.04360316564377409
BTC_LONG_19ec377e06899c5b_3d,125346,3d,5.0,99,4,51.612080192229016,0.10233893506785703,19,14.195850587040365,0.7760977652208454,1.7109207732738123,-0.05361370346958272,14.475735026608596,452.5924312210703,-0.0058851176071001605,77,22.320833333333333,-0.009260552326611826,0.07538127354556154,-0.5480999783717031,-0.01689573561765702,12.717344771822042,1.5723491309291748,-0.009260552326611826
BTC_LONG_2cd9b647bd3ed6a5_3d,216562,3d,5.0,99,3,82.18204380505648,0.03864359103725135,26,19.425900803318395,0.5341597064821475,2.250442344659668,-0.05231878627194153,10.209711358854982,235.07408747434263,0.009204470985618649,89,25.79940476190476,0.12417125095967396,0.5234652352110576,-0.4190454561405583,0.2963192874188423,70.17895016330328,1.3280930971035136,0.12417125095967396
BTC_LONG_ca1ac1ecf6e46d6c_3d,979489,3d,5.0,97,3,-56.72320740367591,-0.04031748839807378,52,38.85180160663679,0.19555205817850196,0.6548929626455912,-0.28016848252688,0.6979802168137891,70.03506408876206,0.014008065644888726,208,60.2952380952381,-0.35599210282449345,-0.995907432936779,-0.81440200955206,-0.4371208551171152,-56.38081475883698,1.551929012345679,-0.35599210282449345
BTC_LONG_1cedc235e9673619_3d,139800,3d,5.0,99,4,93.25757724840057,0.09686616561637752,35,26.150251081390145,1.3025925803945948,2.4551429373949984,-0.11107407366160282,11.727242347868328,348.34530655157243,0.025252010514709832,131,37.97440476190476,0.004185722025183525,0.18428898719306536,-0.6051021297224366,0.006917381082600943,21.76977455698003,1.4521621472663138,0.004185722025183525
BTC_LONG_022fc44040f52195_3d,10374,3d,5.0,97,4,113.21529960258637,0.024087008261489358,43,32.12745132856504,1.0792327735715115,1.7115709943269275,-0.23202457930329812,4.651372612384996,269.75291135895225,-0.0024462102565474815,172,49.85952380952381,0.45618084849182616,1.1865449210467358,-0.2114140617218836,2.1577602018352717,94.128821701791,1.5519290123456788,0.45618084849182616
BTC_LONG_6aa6c7f54589ec25_3d,516144,3d,5.0,99,3,-149.09606701008173,-0.006455186632079331,38,28.39170117408073,1.8506052039762806,2.5222535101809447,-0.24736548633475242,7.48125872932779,407.27597397230994,0.007822122724052557,117,33.91607142857143,0.512838123882692,1.555815406445694,-0.27430291886973635,1.8696050555926953,139.33593515434424,1.194576937134503,0.512838123882692
BTC_LONG_4d18fc3a51ea00a9_3d,372846,3d,5.0,97,3,-11.14118684396394,0.0504069737016054,46,34.36890142125562,0.227755166401028,0.7242203983836029,-0.32187730102554424,0.7075838081013153,86.0784397168418,0.010233478587818595,206,59.71547619047619,-0.08030841905497654,-0.03881449471553723,-0.5589810743930679,-0.14366929889741625,2.5865151909672486,1.7374857420826622,-0.08030841905497654
BTC_LONG_8c6b027e5d5168f3_3d,679884,3d,5.0,97,4,38.15779498021442,0.03852720088601585,62,46.3233019156054,0.9631581632394985,1.897587870117932,-0.20419060315639048,4.716956355243299,167.2310895157494,0.0033164442329243174,213,61.74464285714286,0.08229492239044656,0.3976710426845309,-0.5909595207453554,0.13925644566424958,29.39740826830514,1.3329067727001196,0.08229492239044656
BTC_LONG_4cd80fee95750029_3d,371651,3d,5.0,97,4,1.5077046274617478,0.037705243755652235,37,27.644551143183868,1.217502453652842,1.9886292799215226,-0.2724347499904485,4.468969005222452,327.89693769122925,0.020273563928356542,91,26.379166666666666,0.16951894876644968,0.6762540132127122,-0.4002662038555519,0.42351551825650935,80.98451500267568,0.9542266224557892,0.16951894876644968
BTC_LONG_028bee6d04c27cab_3d,12097,3d,5.0,99,3,-229.30424678918982,0.022695546492809845,19,14.195850587040365,0.7322709589068901,1.7595420275014237,-0.0655038289553862,11.17905579848821,428.78635659113644,-0.014786751159616345,106,30.72738095238095,-0.08882329263231048,-0.2002386031753201,-0.4488139219348596,-0.19790672323485145,-12.850270471833259,2.1645325698505524,-0.08882329263231048
BTC_LONG_acbdd3ba338b36ce_3d,837312,3d,5.0,99,2,-151.69214603766258,0.04629235257319115,24,17.931600741524672,0.25637559848398017,0.8184214080166319,-0.335004491634193,0.7652900330779105,164.47425118312898,0.01974836379318006,48,13.914285714285715,-0.03190046372103361,-0.009169447602626685,-0.3388561675097622,-0.09414160573044485,3.3752193623541826,0.7759645061728395,-0.03190046372103361
BTC_LONG_5f1c0f1b6d7061fc_3d,460174,3d,5.0,95,2,-95.82357084351155,-0.004392322752419217,53,39.59895163753365,0.17160688035308191,0.5996721350827929,-0.41994654288456545,0.40863982156951123,63.450728154000466,-0.0023198639747890023,218,63.194047619047616,0.015300438737456679,0.23171352333566347,-0.47461771111422935,0.032237395232337256,19.398878008644985,1.5958515315630093,0.015300438737456679
BTC_LONG_3aade254c2bb1315_3d,283610,3d,5.0,99,4,183.27405518092726,0.05494042407503284,21,15.690150648834088,0.6482123625863727,1.6260700569834743,-0.12525937661258046,5.174960790290803,356.9987527607075,-0.003117857040401772,67,19.42202380952381,0.06485226750321749,0.4117387235060146,-0.23693352888548258,0.27371502804300285,47.587294076635345,1.2378481407995297,0.06485226750321749
BTC_LONG_7789939d0e6cb875_3d,579021,3d,5.0,99,2,-114.26619167386714,0.027963620835441388,17,12.701550525246642,0.06842751372646161,0.4549550729269727,-0.12787727946638128,0.5351029832039169,69.82901246764882,0.03945860076800442,37,10.725595238095238,0.22413074174917558,1.330712278344222,-0.10079580531291865,2.2236117966751294,205.32744924353622,0.8444319625998548,0.06842751372646161
BTC_LONG_b483c964dbd43b89_3d,874952,3d,5.0,95,4,37.528064940683656,0.029369178252239347,93,69.4849528734081,2.1176679178948143,2.2050587207086925,-0.2654561377539384,7.977468277104834,193.88515120550696,0.005498637437553151,271,78.5577380952381,0.511283668862424,1.144762640326013,-0.5175714645003592,0.9878513479408972,70.31854178991465,1.1305719417894595,0.511283668862424
BTC_LONG_25abe5371fffe146_3d,181963,3d,5.0,99,4,222.18580273518305,0.0231568622311574,36,26.897401112287007,1.089553771206523,2.632308597720553,-0.10176210957697784,10.706870914289874,294.6810835031941,0.008610612577772047,146,42.32261904761905,0.23251698299674617,0.8561013555412841,-0.3181292218961259,0.7308884786216419,64.372388574613,1.5734835819615913,0.23251698299674617
BTC_LONG_c561393b913abfd1_3d,956633,3d,5.0,95,3,-41.29138318948833,0.004457392277106041,84,62.76060259533635,0.4493251611933615,0.954673313639109,-0.33073729385986805,1.3585560792056872,87.16568621174606,-0.005628967030319009,294,85.225,-0.1951964370878383,-0.29251339041289015,-0.7438433782701825,-0.26241604454659545,-9.69704466555522,1.357937885802469,-0.1951964370878383
BTC_LONG_926ef7f217424548_3d,709005,3d,5.0,97,4,47.37269643688033,-0.009333333468526434,56,41.84040173022424,0.6681937629189143,1.359057795362346,-0.3059531081651381,2.183974423159829,151.131687688186,0.01166843178636738,195,56.526785714285715,0.08038490655047359,0.3959638679096768,-0.4786375003066963,0.16794527486660657,31.035586957250096,1.3510096312830686,0.08038490655047359
BTC_LONG_53f081fb7aa13377_3d,405989,3d,5.0,97,4,94.61208022363739,0.0006150217795005684,46,34.36890142125562,0.6198015838088735,1.3404737694260143,-0.22821774980167275,2.7158342606896153,171.92702066152503,0.01325341471512431,145,42.032738095238095,0.3470015142462395,0.9828279638701822,-0.3177000589819492,1.0922299333471484,92.37590024886869,1.222987536902845,0.3470015142462395
BTC_LONG_1ca796f7757131ab_3d,138538,3d,5.0,99,3,162.42248305544072,0.04847544478327764,21,15.690150648834088,0.7427493234977656,2.0205676254737166,-0.10955748992144965,6.7795394366035655,385.2839348418089,0.00940525223884275,127,36.81488095238095,0.17642486827046877,0.7143124796963367,-0.31725072539324173,0.5561054842405321,59.87226271645771,2.346368863903586,0.17642486827046877
BTC_LONG_197a2aeb8de14311_3d,123169,3d,5.0,97,3,-10.150829687838314,0.06922653664784445,48,35.863201483049345,1.2953538324369829,2.074579060769999,-0.18205407561775577,7.115214685754867,263.5754504452577,0.022096796165975912,185,53.62797619047619,-0.05526156540158822,0.036766123903363854,-0.49763884955055615,-0.11104753065701733,7.5899365931374865,1.4953482671039093,-0.05526156540158822
BTC_LONG_354ba2ffdf2489ab_3d,257413,3d,5.0,99,4,62.94336248357173,0.008021164261311773,29,21.66735089600898,0.4171785473487486,1.25718317641955,-0.152861590605178,2.7291260394265264,188.78594308797463,0.006304494188834616,77,22.320833333333333,0.09401302301018499,0.5105923230030841,-0.30821167373161307,0.3050274568511327,56.24248753431338,1.0301597754363558,0.09401302301018499
BTC_LONG_aa59f05083ae7cb3_3d,825621,3d,5.0,95,3,-6.034532807028966,0.0657552548841696,82,61.26630253354263,1.3802125250786954,1.8728321918604864,-0.18399845642630397,7.501217955225105,169.14408357184035,0.04095795729864296,255,73.91964285714286,-0.07603274427476236,0.034792961436051914,-0.6053295128739182,-0.1256055464961262,7.031602483667575,1.2065301772809396,-0.07603274427476236
BTC_LONG_48015fdeb5ccb981_3d,348410,3d,5.0,97,4,210.44124271214392,0.052274429017993895,57,42.5875517611211,3.116388236328511,2.943854816835991,-0.1677172779574354,18.58119970871106,368.71147822873394,0.02464016292743631,162,46.96071428571428,-0.03283947250770536,0.08090352396329865,-0.6130744469749365,-0.0535652279584373,11.03966546629558,1.1026864035087718,-0.03283947250770536
BTC_LONG_a97e62fc9dd6ce4b_3d,821417,3d,5.0,95,4,129.40340005311515,0.0501380468140483,70,52.30050216278029,2.4602534752931495,2.4593434414007165,-0.21904704208991888,11.231621535812453,271.6428637572049,0.02199754247914473,179,51.888690476190476,-0.015575278341625642,0.15193492630435262,-0.3929657402349567,-0.03963520670354898,16.174357332777262,0.9921260471781306,-0.015575278341625642
BTC_LONG_ba47993bc9d01856_3d,903010,3d,5.0,95,3,-24.897108672971235,-0.003919007394841686,92,68.73780284251124,0.40583193246550553,0.9060956225039151,-0.5483854612417468,0.7400486722360444,73.92020617117467,0.011736046275186561,273,79.1375,0.3259136094580224,0.8494340988134769,-0.3789645637190546,0.8600107784738376,52.85768823999385,1.1512951640499194,0.3259136094580224
BTC_LONG_3c323377de3e4078_3d,290915,3d,5.0,99,4,175.1441278121905,0.0028232552717644133,27,20.173050834215257,0.5285314846797604,1.3747273804398652,-0.2944410901123309,1.7950330386228457,244.0670272980126,0.002019687758190975,57,16.523214285714285,0.18878519087155166,0.8612422745194981,-0.17791344819595845,1.0611069190431226,125.61158978751156,0.8190736454046639,0.18878519087155166
BTC_LONG_2c9a2fab97d65f8f_3d,215351,3d,5.0,97,4,55.006371624303334,0.0668704353825264,62,46.3233019156054,0.7313506464588679,1.3756959802099267,-0.24279652875351054,3.0121956446969733,147.51683495424314,0.031338643164798945,174,50.43928571428572,0.1533155636720651,0.567920751978618,-0.49472387310863064,0.3099012843441261,46.68790663936948,1.0888534199522104,0.1533155636720651
BTC_LONG_17f1fe7db463d94b_3d,115808,3d,5.0,95,4,47.90506433484938,0.06011319737046714,90,67.24350278071752,2.9571185354348217,2.6744916647019354,-0.2186523709132061,13.524292113021028,233.3103290098762,0.014220098833290435,241,69.86130952380952,-0.11519804616248419,-0.03454098135854562,-0.6719029286849969,-0.1714504301803566,2.732562269650979,1.0389302554869684,-0.11519804616248419
BTC_LONG_8a08d0ce46d813be_3d,668208,3d,5.0,99,3,-504.06984067961537,0.0356624195349339,23,17.18445071062781,0.17961461646456933,0.6844559651123323,-0.3343891631633096,0.5371424563087555,128.94319357819663,0.0016788744463611584,101,29.27797619047619,-0.25408223767544635,-0.8311127638799432,-0.7457790157285102,-0.3406937340912542,-79.19377793047349,1.7037481548577562,-0.25408223767544635
BTC_LONG_83b8330cae380ff5_3d,637395,3d,5.0,97,3,-111.03767640927367,0.05825208387501079,78,58.27770240995518,1.7630761868161673,2.3750077908612375,-0.23770421966839927,7.417100921791306,197.92429832528543,-0.008744109596337325,234,67.83214285714286,-0.04135533290928939,0.101391272290993,-0.5904069791490303,-0.07004546756695858,11.200202299801434,1.1639467592592592,-0.04135533290928939
BTC_LONG_8fb6a26b227a2908_3d,695681,3d,5.0,97,3,-191.1531727929242,0.023063614974023535,57,42.5875517611211,0.3391919056024164,0.8319277865628883,-0.28162124625488505,1.2044258382956883,101.83856925636731,0.006149285532314684,190,55.07738095238095,-0.17268983771447288,-0.24937901633555015,-0.7014706497314236,-0.24618255629168762,-13.663604134016678,1.2932741769547322,-0.17268983771447288
BTC_LONG_7dffd555084855b7_3d,610017,3d,5.0,99,3,-242.28495427408626,0.037117604781380695,20,14.943000617937226,0.18112138360525432,0.8842920973463142,-0.0842771873515814,2.1491151911568354,131.1289067821308,-0.003227607305675158,117,33.91607142857143,-0.050644539863696325,-0.08014490390802477,-0.3970510325778953,-0.12755171428438647,-0.9694537548888286,2.2696961805555556,-0.050644539863696325
BTC_LONG_22b17c9c264d46b3_3d,167633,3d,5.0,99,3,-154.4493994348478,0.07835419221472932,18,13.448700556143503,0.2092848840155317,0.8084720667960965,-0.1794108675806515,1.1665117438967334,174.9019944177059,-0.02752169360799051,57,16.523214285714285,-0.08502946927511879,-0.2745181865890912,-0.3719785056561865,-0.22858705001011562,-32.79095451285718,1.2286104681069958,-0.08502946927511879
BTC_LONG_b5f9de1db71aaa7e_3d,882048,3d,5.0,95,4,49.627215477919435,0.06802508356243478,93,69.4849528734081,1.8716865863152892,2.0186012961508175,-0.3308910595719533,5.656503952498858,183.2915686145932,0.024589242354392696,237,68.70178571428572,0.32635859217057095,0.8428693188471607,-0.5530610082019034,0.5900951022232049,61.50251036248622,0.9887289675428117,0.32635859217057095
BTC_LONG_29a2e03aa8f9177b_3d,200987,3d,5.0,95,3,-36.38045282931831,0.04579840347860739,58,43.33470179201796,0.2800588715858643,0.7590998226874296,-0.2734299301111943,1.024243657129906,85.08291590485533,0.013866579337395364,209,60.585119047619045,-0.4281366031921102,-1.2369354337059462,-0.895797590602089,-0.47793899836719633,-74.39473947135534,1.3980739809493399,-0.4281366031921102
BTC_LONG_a4731ff2ee6e6f6b_3d,796910,3d,5.0,95,4,82.22605460138651,0.042399349487043755,89,66.49635274982066,3.9862856031348413,3.0883681440958615,-0.2467874298310625,16.15270926020681,270.5640301473022,0.00414412286932791,281,81.45654761904761,0.06766582951469546,0.36903839374872516,-0.7056630310924578,0.09588971865217312,25.046025236949774,1.2249776754751005,0.06766582951469546
BTC_LONG_a417a33e78f68421_3d,795143,3d,5.0,95,3,-88.72686716180472,0.07350336928664934,67,50.059052070089706,0.5864929102916088,1.1595642353099593,-0.2373583384241461,2.470917660552454,122.68753603137657,0.021972342724313185,254,73.6297619047619,-0.22623694231930203,-0.32645526108885453,-0.690625655081022,-0.3275825921826791,-15.283123660160317,1.4708580937903077,-0.22623694231930203
BTC_LONG_56c6c89a77cbbb11_3d,419852,3d,5.0,99,3,-167.94187095524865,0.08434872451910147,35,26.150251081390145,0.6636986814273951,1.489203087803288,-0.3187864250071676,2.0819540274102715,228.11678822166556,-0.011563570084003334,127,36.81488095238095,0.008712513384652176,0.1739127193779237,-0.37034594965063783,0.023525337303866935,18.55088082699858,1.4078213183421517,0.008712513384652176
BTC_LONG_8dc303f4754fbe60_3d,686323,3d,5.0,97,4,126.145071019789,0.0018670403214892729,77,57.53055237905832,2.2637233564185197,2.5275541652136653,-0.41638271418049855,5.436641049986561,233.58715106302546,-0.0017614171459528147,246,71.31071428571428,0.27216755318538377,0.7696338953729779,-0.455379830447627,0.5976715150467905,52.364705106580914,1.2395277176527175,0.27216755318538377
BTC_LONG_46d5713a84a9af89_3d,342627,3d,5.0,99,4,339.6999133419929,0.02877894011584151,19,14.195850587040365,1.0799363450261152,1.9227709801940023,-0.1864508236841903,5.792070658026737,577.0805881738534,0.009067667979380117,59,17.10297619047619,-0.03470306958976077,-0.09631924046438337,-0.2889075596648656,-0.12011824692305223,-5.464528127321513,1.2047869964262508,-0.03470306958976077
BTC_LONG_8ebaa1006d833704_12h,690950,12h,5.0,97,3,-21.821209598507007,0.08536676427932378,29,21.66735089600898,0.2934937570113312,1.5674323183565864,-0.06905474841073356,4.2501603983211655,130.42781468971543,0.016984697227682723,58,16.813095238095237,0.09130125380252063,0.8633432512273119,-0.11387903264882782,0.8017389301511635,60.362389570748945,0.7759645061728394,0.09130125380252063
BTC_LONG_c98f2f00cbda3673_12h,976753,12h,5.0,99,4,89.54994695527499,0.10954845735760688,21,15.690150648834088,0.3468055256763227,1.8417983984627688,-0.08421303681967773,4.11819284487893,203.69412222200626,0.05588868611839556,37,10.725595238095238,0.1093130782078886,0.9927580179030435,-0.0831054403217546,1.3153540584667789,107.29265137160375,0.6835877792475015,0.1093130782078886
BTC_LONG_3a3806a22b4852b0_12h,281499,12h,5.0,99,3,-48.91110327076583,0.07984577730335844,27,20.173050834215257,0.1945781662677204,0.7732635918115365,-0.19106225096398743,1.0184019359449274,110.11649780737896,0.031954043254144956,81,23.48035714285714,0.07838828019373989,0.8124285983706651,-0.09505427396860411,0.8246686542430601,39.1839709259346,1.1639467592592592,0.07838828019373989
BTC_LONG_9da5041c73389b5a_12h,763539,12h,5.0,95,4,5.039353366154498,0.060545886091541504,173,129.256955345157,0.3221207645544615,1.2048185073979825,-0.20091531573894006,1.603266348161382,29.171834005279692,-0.01198101951008685,766,222.04880952380952,-0.14730498816351212,-0.386372170465582,-0.6148834541683206,-0.23956570495583426,-0.18484981306749887,1.717886739099408,-0.14730498816351212
BTC_LONG_c5384017ac052099_12h,955790,12h,5.0,95,3,-22.057411624517698,0.020126636278638057,175,130.75125540695072,0.5147330403493331,1.5191784241309727,-0.1539986192891969,3.342452307203523,40.25415490439026,0.0007001306839047244,742,215.09166666666667,-0.28125064547894596,-0.8700483282454446,-0.6985751901860255,-0.4026061180387052,-7.961646547803303,1.6450447530864198,-0.28125064547894596
BTC_LONG_06ac3776521077b7_12h,32170,12h,5.0,97,4,52.8828005271934,0.048037420620382555,19,14.195850587040365,0.24061508367515194,2.0056195330008526,-0.036870337178272594,6.525980017805331,161.09868033657946,-0.0028973687472811835,102,29.567857142857143,-0.0368064466924336,-0.2348667572826938,-0.25229619088649224,-0.145885859644202,-4.9813001448298095,2.0828520955165692,-0.0368064466924336
BTC_LONG_15384f9af8dcb2b5_12h,102654,12h,5.0,99,4,37.87661097926731,0.04647328460898431,43,32.12745132856504,0.5700839915264113,1.5422485816546678,-0.17752664734462786,3.2112587042762213,160.94975911737475,0.045295469884433906,103,29.857738095238094,0.17734554225509203,1.192316292892037,-0.11690426699595868,1.5170151339405153,63.202802709832596,0.9293528387884007,0.17734554225509203
BTC_LONG_774a2fa3bbfb3bcf_12h,577815,12h,5.0,97,4,10.080110382174935,0.026885624636943353,114,85.1751035222422,0.22974468581453134,0.8519456307226418,-0.17785991331488027,1.291717068408749,34.20004891517927,-0.006076781765701052,369,106.96607142857142,-0.05455060752835439,-0.09833288688904425,-0.44695098415800494,-0.12205053677445266,2.6784148459804573,1.2558372928849901,-0.05455060752835439
BTC_LONG_9fa3366415bbf4eb_12h,773406,12h,5.0,95,3,-4.566144344687078,0.05278086724125817,87,65.00205268802694,0.2290068797507263,0.7979158271432617,-0.2496592947727435,0.9172776041011556,44.68640619386229,0.028390145015598327,194,56.23690476190476,0.03236451077274238,0.2549061784670627,-0.31395475275070894,0.10308654508072039,15.427895188952112,0.8651558287214417,0.03236451077274238
BTC_LONG_712828f136835787_12h,547749,12h,5.0,99,4,126.72422221447877,0.0878899531355036,44,32.8746013594619,0.8789136105319362,2.5643424758909306,-0.09854045347724816,8.919317696613474,206.77617487920222,0.05488972749150953,30,8.696428571428571,0.18184807477893794,1.307557113667524,-0.07917484705307276,2.296790982836265,207.21267118723716,0.26453335437710435,0.18184807477893794
BTC_LONG_13594f82187029b2_12h,93582,12h,5.0,97,4,74.0605902340008,0.10226138466359998,61,45.57615188470854,0.4640866274668767,1.9260039825656545,-0.06424692631342666,7.223483738394648,93.3197423002459,0.0007607029327741429,347,100.58869047619048,0.12862749057519207,0.6231476521577178,-0.20804730493512602,0.6182607874459182,19.91334045591992,2.207046587229306,0.12862749057519207
BTC_LONG_744146da675c7b38_12h,562753,12h,5.0,95,4,5.432489726420358,0.04952968329687367,135,100.86525417107627,0.25393759240664093,1.004425774391398,-0.11161243014785294,2.275173043631878,30.63992095449423,-0.006368249238168704,579,167.84107142857144,-0.06646726503891576,-0.12794965726603108,-0.49998802887445437,-0.1329377129059334,2.983017977354689,1.6640127743484225,-0.06646726503891576
BTC_LONG_5c8767dd0d0d6f46_12h,447742,12h,5.0,97,3,-11.567770349694186,0.019041249781008025,112,83.68080346044847,0.24493725036604275,0.999171368466577,-0.12790215468992672,1.91503615368986,34.85432010599053,0.017385315116536796,565,163.7827380952381,-0.1429057182838669,-0.440449378336566,-0.5216124537521778,-0.27396914559053553,-2.172053314807766,1.9572319017305995,-0.1429057182838669
BTC_LONG_09bc196d409bd78f_12h,47161,12h,5.0,99,4,131.40367943847306,0.07476092730633101,46,34.36890142125562,0.7245232029244977,1.9611930062859817,-0.11065804604847695,6.547406436284799,176.05491909627892,0.025160225707495203,94,27.248809523809523,0.028313461802075057,0.2631802319987701,-0.17311212890048167,0.16355562132998688,19.190089195616547,0.7928332997852925,0.028313461802075057
BTC_LONG_0947bb4cbd3cd5f1_12h,44866,12h,5.0,99,3,14.430695653585346,0.06227233834857288,47,35.11605145215248,0.49411986049363144,2.3329346129353383,-0.0659494811854533,7.492399509620724,123.78960998812421,0.012152180755352722,242,70.15119047619048,-0.051415932836573086,-0.3008962066197685,-0.354350773517382,-0.1450989716382007,-1.0880606826186572,1.9976958563173102,-0.051415932836573086
BTC_LONG_b855012d5a0d5b9b_12h,893573,12h,5.0,95,3,-6.956944497100159,0.03258337703820177,38,28.39170117408073,0.17857830413272313,1.1857100687737325,-0.09325545927449153,1.9149367288738477,66.60636238075845,0.009747848273874595,123,35.65535714285714,0.09652340815518379,0.6354634198431405,-0.19037300701301207,0.5070225536154208,34.6475992703807,1.2558372928849901,0.09652340815518379
BTC_LONG_26b9aae3bc04b3bb_12h,187054,12h,5.0,99,4,67.19498985892812,0.031832437171232256,24,17.931600741524672,0.2013509987309472,1.8761800284920582,-0.04829804647181268,4.168926352921086,110.08411586280636,0.023474599480681386,205,59.425595238095234,-0.029177279071781248,-0.15437056517689154,-0.22502318583738123,-0.12966343429546393,1.5160491589111231,3.3140150784465017,-0.029177279071781248
BTC_LONG_bee65f20e58f2bc9_12h,925307,12h,5.0,99,3,-154.4553995707377,0.03505679284455604,44,32.8746013594619,0.07074773898894748,0.4012214787834276,-0.18923931944206485,0.373853273186214,34.357172620901345,0.036068595024168884,127,36.81488095238095,-0.10276759645124578,-0.4758533354649485,-0.3663772910376325,-0.2804966327476066,-19.481105902406306,1.1198578668630752,-0.10276759645124578
BTC_LONG_569092a8345224fd_12h,418854,12h,5.0,95,3,-19.9503842779557,0.04317186287237093,170,127.01550525246643,0.6787289177127858,1.9213566132280604,-0.1180684157929821,5.7486069678689535,49.085391511585684,-0.0022661014457705307,758,219.72976190476192,-0.24420357695416917,-0.6512738836716429,-0.6940217727251674,-0.35186731389603504,-5.115230848004937,1.7299443990559187,-0.24420357695416917
BTC_LONG_823a8dac2fbfc3e3_12h,630245,12h,5.0,95,4,16.337539280975566,0.06041129614624966,174,130.00410537605387,0.5318125982843256,1.4591042649483297,-0.20711914574621115,2.5676650817011883,41.89575656594331,-0.005840420566498988,628,182.0452380952381,-0.07904780021918356,-0.13250632264406442,-0.5225670765641157,-0.15126823668058792,2.853191018885421,1.4003037640130551,-0.07904780021918356
BTC_LONG_9be330460a446b7a_12h,755028,12h,5.0,99,4,52.55784684810224,0.07034002883775627,30,22.41450092690584,0.32289838913031965,1.628538078907766,-0.1303917745657296,2.4763708462879213,137.15986285665264,0.03224617183055389,53,15.363690476190476,0.025263936400463427,0.26522646611299894,-0.13567650682409593,0.18620715547473538,26.0155679995433,0.6854353137860081,0.025263936400463427
BTC_LONG_b7b1719b2bdf9edc_12h,890441,12h,5.0,99,3,7.783403855135481,0.04406019320311016,56,41.84040173022424,0.16469325697775106,0.9978397895568819,-0.08031930370732199,2.0504816323841895,44.647725933429456,-0.003077322619369851,243,70.44107142857143,-0.03552656386003217,-0.13582638547559658,-0.3427464244018614,-0.1036526170098807,1.8248893121787633,1.6835658482142857,-0.03552656386003217
BTC_LONG_769169ab240ebe73_12h,574285,12h,5.0,99,4,64.77211572787105,0.08838346448258971,20,14.943000617937226,0.34976383723063864,2.2615514619458823,-0.03120736165058169,11.207734929560097,211.76965166699168,-0.004716100429413541,81,23.48035714285714,0.030330211829712628,0.33907935105297377,-0.10948278695052449,0.27703178439747717,20.009238988965294,1.5713281249999997,0.030330211829712628
BTC_LONG_630fab596d4544a8_12h,479480,12h,5.0,95,3,4.636379622385278,0.08034160518681366,63,47.07045194650226,0.06501740464618067,0.48158066115997683,-0.12004602206103498,0.5416039909521023,20.92307849337484,-0.009805297726698305,363,105.22678571428571,0.03920857900809538,0.29686425277886486,-0.21775072056357414,0.18006176469412924,10.415238190088015,2.2355167915931804,0.03920857900809538
BTC_LONG_c3c81420dff15405_12h,948850,12h,5.0,97,3,-2.2428747103296036,0.029713912313181448,132,98.62380407838569,0.44481189510282837,1.299554455968869,-0.1997151815692232,2.2272312580736497,47.314172256063316,-0.011304498887484502,544,157.6952380952381,-0.1431936467532331,-0.5847615019718977,-0.5069311092686587,-0.2824716103137096,-3.2562329797440963,1.598957164234942,-0.1431936467532331
BTC_LONG_90bc8a9f092f9a74_12h,700779,12h,5.0,99,4,27.966193735371903,0.08436200025914216,31,23.1616509578027,0.22407214657157803,1.2727804721756477,-0.09836372767941726,2.2779956784666004,98.42037014469679,0.0016666855510969502,148,42.90238095238095,0.04026537255746443,0.32488352336820575,-0.20855723031787876,0.19306629885759777,17.227709469059683,1.852302369573875,0.04026537255746443
BTC_LONG_4a4bee64e1474358_12h,359472,12h,5.0,99,3,-18.00228122883818,0.03443368208545187,15,11.20725046345292,0.18309043543346437,0.8714680876158004,-0.08453273416306262,2.1659116701499936,174.21605901972902,0.031242802232816703,176,51.01904761904762,0.05327411177907315,0.47697250996238016,-0.22927718128844898,0.23235679835077033,16.68395414593077,4.552325102880658,0.05327411177907315
BTC_LONG_9532490ad2819708_12h,722325,12h,5.0,99,3,-116.44551342367248,0.04558793922101365,33,24.655951019596422,0.10023604658496099,0.6409496840361353,-0.15285562804064368,0.6557563360264932,49.712103077399625,0.0423770684353893,145,42.032738095238095,0.0876345706605488,0.6334021841928976,-0.29890906206072676,0.29318137782903636,27.684674149540037,1.7047705059857838,0.0876345706605488
BTC_LONG_76a48d0be21a9aad_12h,574637,12h,5.0,99,3,-0.05930289040639858,0.041059274776721326,28,20.92020086511212,0.2073102848558317,1.8934152582358128,-0.02689907937001601,7.706965803703946,97.47911547624301,-0.010080349294405266,118,34.20595238095238,0.06810823424687595,0.5118300534476538,-0.15892110297723616,0.42856633241862013,27.54716510190766,1.6350680665784831,0.06810823424687595
BTC_LONG_4ad7cc906977c33b_12h,362114,12h,5.0,95,4,5.215426872672901,0.043648174735786735,191,142.7056559013005,0.5272751958329451,1.4415743798947496,-0.1568121611018124,3.362463677103491,38.43867912180249,-0.006626009344231317,838,242.9202380952381,-0.029153932729391263,0.04777361981480781,-0.49637742608347435,-0.058733397607183956,5.583437776579829,1.702246743907957,-0.029153932729391263
BTC_LONG_99d0ff8f83bb0472_12h,744992,12h,5.0,99,1,-9.50017454363928,0.005359342910251091,47,35.11605145215248,-0.006862857042936987,0.033550837689546434,-0.10802849689275873,-0.06352821005877582,6.4676901341139,0.001970811328629994,200,57.976190476190474,-0.08275159129504728,-0.5705415375177185,-0.3295368430634531,-0.2511148390139589,-8.32670904396069,1.6509883110060413,-0.08275159129504728
BTC_LONG_801e36250b48b36b_12h,620116,12h,5.0,97,3,-7.216437243158488,0.06717668252841848,80,59.772002471748905,0.43843966538375123,1.219742129378171,-0.1246365046809853,3.517746799029419,75.0857254232389,0.014235693667598148,375,108.70535714285714,-0.07403571090501415,-0.3002572574085827,-0.38815487455652653,-0.1907375528636635,-0.3638239016080143,1.8186668113425926,-0.07403571090501415
BTC_LONG_b710ffb552e02a7e_12h,887412,12h,5.0,95,3,-11.01990653811313,0.055958928717982054,107,79.94505330596417,0.346311335086144,1.1066104284001976,-0.1304300798032616,2.655149299981368,48.12627026998772,0.01692376909595762,547,158.56488095238095,0.08425176164746206,0.4253435694945875,-0.35647442925111683,0.23634727973184097,12.638769848233569,1.9834232938156222,0.08425176164746206
BTC_LONG_053b771f92828b09_12h,25158,12h,5.0,97,4,86.57789610359342,0.07523967535295926,63,47.07045194650226,0.6555604098601617,1.8886780444854472,-0.11552345075821369,5.674695532011293,120.77514337650081,0.0009819116683648054,203,58.84583333333333,-0.2113192781823735,-1.1106529277824104,-0.571679392907644,-0.3696464850824395,-31.983289487530403,1.250165037722908,-0.2113192781823735
BTC_LONG_af5a1d8b361eaac6_12h,850060,12h,5.0,95,3,-148.66638238292353,0.044983222276594126,39,29.13885120497759,0.2828070187432905,0.976299604960367,-0.14089193073891637,2.007262000457313,104.29454500957891,0.029136531952709967,234,67.83214285714286,0.08541307150175581,0.5511340306995565,-0.24368723944053028,0.3505028482322322,19.37565530623068,2.3278935185185183,0.08541307150175581
BTC_LONG_6d3d139d579e49c1_12h,528756,12h,5.0,99,4,34.73585212995798,0.06548737816821895,34,25.403101050493284,0.4307294426864834,1.5841552472472409,-0.1496379459807795,2.8784773799408416,157.36068181318785,0.04641857986495349,98,28.40833333333333,0.05378856470610738,0.40509476182811854,-0.2616433210684559,0.2055797353681894,27.934921449051057,1.1183017883079158,0.05378856470610738
BTC_LONG_0d3955630a3e837f_12h,64004,12h,5.0,99,2,-49.74888901201291,0.020791795375796836,23,17.18445071062781,0.004925453120269374,0.10718242911126206,-0.15851331767454302,0.031072803172174056,13.911964355208612,0.03865646585606708,152,44.06190476190476,-0.06803615133964935,-0.404544016772969,-0.22925205012971384,-0.29677445109500045,-8.50548552835409,2.564056629092861,-0.06803615133964935
BTC_LONG_132063ea48c2a0b4_12h,92458,12h,5.0,97,3,-27.866362702957467,0.015615702631754035,165,123.27975509798212,0.2785059543045194,1.0969714861880864,-0.1600619853236137,1.7399881286080228,27.479572263116488,-0.0016585084681323171,511,148.12916666666666,-0.10648672592018704,-0.5386610586788405,-0.4348754231315626,-0.24486719703166965,-1.5170163260090865,1.2015692807706697,-0.10648672592018704
BTC_LONG_3f3204f3706a3a34_12h,305567,12h,5.0,97,4,33.661574810002556,0.04106637767616891,113,84.42795349134533,0.7186487291079093,2.144871457709892,-0.12977187851017702,5.537784744724576,73.45705522107917,-0.01267623826460507,516,149.57857142857142,0.03132253266309015,0.24747047888655344,-0.3515963442584482,0.08908662781791006,9.52598424995251,1.7716711733857748,0.03132253266309015
BTC_LONG_394cd095e09a5ac6_12h,276960,12h,5.0,95,4,14.151722161812822,0.056620587229611684,157,117.30255485080723,0.5121019190852183,1.6610270834247194,-0.19019797607642974,2.6924677625351476,43.342285600970655,-0.006128778504696862,715,207.26488095238093,-0.26904100984811286,-0.9424936612094077,-0.7331487214522945,-0.3669664857563544,-8.120064527565368,1.7669255474954784,-0.26904100984811286
BTC_LONG_404fa2907ccc3873_12h,310984,12h,5.0,99,4,34.50033804482652,0.05479505598952677,50,37.35750154484307,0.38990028016162204,1.4543573784206292,-0.16628482090313923,2.3447737324667695,101.16130314216083,0.029067539482592993,75,21.741071428571427,0.09518293488523333,0.6997481306961084,-0.12925502332984395,0.7363964079162898,51.495465166272986,0.5819733796296296,0.09518293488523333
BTC_LONG_c3790e1fd1f013d4_12h,947431,12h,5.0,99,4,66.34069092044207,0.08401160514609154,26,19.425900803318395,0.4155556832138809,1.9701212775092871,-0.0367516360772443,11.3071342549341,192.1802868331576,0.020634411960431774,213,61.74464285714286,0.09422150017592568,0.6075611293562357,-0.23281351110451676,0.40470804176664343,21.94556864038551,3.1784699964387464,0.09422150017592568
BTC_LONG_0c414d45ec32a17e_12h,59359,12h,5.0,99,4,85.46013509221012,0.05788579090027121,35,26.150251081390145,0.39280347010150063,1.582322976705672,-0.1196942843759079,3.2817228671326952,141.17726847574482,0.0014659606876051788,97,28.11845238095238,-0.04934683924739258,-0.27509542853294744,-0.3436642343662335,-0.14359026722229412,-9.22996841016955,1.0752651014109347,-0.04934683924739258
BTC_LONG_602ab8f4e1838d89_12h,465424,12h,5.0,97,4,37.322794212812,0.08257075640842816,91,67.99065281161438,0.6470975858520054,2.218766135834281,-0.09235705330732236,7.00647717396048,82.41476657265159,-0.022568103541177224,462,133.925,-0.1340752528317558,-0.40710845946384916,-0.5045820226524913,-0.2657154769941026,-3.0603209233423008,1.9697560541310541,-0.1340752528317558
BTC_LONG_6120236c29c1df72_12h,469985,12h,5.0,97,4,66.89906054984282,0.07973956252685123,44,32.8746013594619,0.644110123495728,2.6263761998758453,-0.05724887589167804,11.251052766773345,161.999293857006,-0.0055063949920284945,220,63.773809523809526,-0.13863407173944176,-0.580869717387058,-0.49827062933703803,-0.2782304707060458,-14.649839755722509,1.9399112654320987,-0.13863407173944176
BTC_LONG_5c59b93360980f78_12h,446839,12h,5.0,97,3,-35.63352020668367,0.037573809013100465,133,99.37095410928255,0.10932226881903251,0.4759833563267492,-0.20442165934158796,0.534788090318528,20.87438111835882,0.004838769218263445,388,112.47380952380952,-0.014747231448306697,0.05214548069261603,-0.3696242297424842,-0.039897902414517135,6.087557476999126,1.1318580014851944,-0.014747231448306697
BTC_LONG_11ffbe1678e62a20_12h,87021,12h,5.0,99,1,-33.96156669234787,0.01833792529107915,68,50.80620210098657,0.14183917441419802,1.070804949349379,-0.06136432021832461,2.3114274534380326,32.79060871228641,0.025926856529746873,243,70.44107142857143,-0.0030905843540603994,0.01078088679094252,-0.17192485462038531,-0.01797636741287054,5.138077887493332,1.386465992647059,-0.0030905843540603994
BTC_LONG_bc078b51d8948b16_12h,911330,12h,5.0,99,4,63.102204252330964,0.03790776558744486,42,31.380301297668176,0.4276635754595144,1.9114733413843894,-0.07890911923847843,5.419697743261249,124.42901812347513,0.006880451164460396,169,48.98988095238095,0.12542845068981823,0.7548446569757777,-0.13023975417001188,0.9630581037959186,32.25990549147613,1.5611666850382127,0.12542845068981823
BTC_LONG_7833ce95dee6dc63_12h,582129,12h,5.0,97,3,-12.570417253338302,0.014147141064017687,124,92.6466038312108,0.23848647510597165,1.0349193003462094,-0.10584470365413667,2.253173440640561,30.93649075816956,0.01602976967574614,554,160.59404761904761,0.06356370567382741,0.3771505176508504,-0.2524757091448411,0.2517616680397637,10.6139382378002,1.733404582337714,0.06356370567382741
BTC_LONG_761e16bbbee63ae1_12h,572022,12h,5.0,99,3,25.534680775492404,0.04615853742287691,52,38.85180160663679,0.503708836630163,2.479265255331706,-0.03583797787761822,14.05516902628434,113.58572005797278,-0.0016093611163051896,143,41.45297619047619,0.10287450423710309,0.6545865203713996,-0.1671341741935638,0.6155204627269143,31.999760429450497,1.0669511959876543,0.10287450423710309
BTC_LONG_28cfcfa222a61964_12h,196938,12h,5.0,97,3,-19.670633890426938,0.010815749797439735,121,90.40515373852021,0.31316406015210063,1.23044338549617,-0.21256821212892119,1.4732403166761772,38.51633034311393,-0.016414556275748123,498,144.3607142857143,0.04378629818016222,0.29456051546100637,-0.4274449316319757,0.1024372847584999,10.07845246868786,1.5968195209672484,0.04378629818016222
BTC_LONG_5124a96f3f27833e_12h,392297,12h,5.0,95,3,-77.07748042880418,0.037605475681270865,128,95.63520395479824,0.6399814862818831,1.6120792703403604,-0.1788204185008374,3.578906098348529,62.741743965202744,0.002452567557300492,469,135.95416666666665,0.010756023113637436,0.17620877507066307,-0.41218017714438493,0.026095440077094363,8.648735589975997,1.4215912241994597,0.010756023113637436
BTC_LONG_c4580b735e7330f1_12h,951505,12h,5.0,97,1,-18.240210838284963,0.026026605367049593,89,66.49635274982066,0.11013443506978882,0.5343449618112471,-0.13836821243834063,0.7959518528785411,25.481694933436025,0.023077969324403293,486,140.88214285714287,-0.2105054637641628,-0.9611123708954067,-0.5638809895607977,-0.37331541169374016,-9.988416974891356,2.1186446629213482,-0.2105054637641628
BTC_LONG_384ca95b5f24f888_12h,272024,12h,5.0,95,3,-15.817692015459304,0.05920938088640456,192,143.45280593219738,0.38553583240311795,1.0873658528064862,-0.2293099946660695,1.6812866485150413,32.33003518984154,0.022378033426485863,794,230.1654761904762,-0.10507837730392355,-0.2989819255393673,-0.43410727905671354,-0.242056243636946,1.6317899359406867,1.604468275784465,-0.10507837730392355
BTC_LONG_21db422b0f1e5e0f_12h,163683,12h,5.0,97,3,-68.19979572334827,0.033107436635340375,99,73.96785305878927,0.07915831443690902,0.48180747363882587,-0.2989990724713132,0.2647443478089842,17.901125914266935,-0.00015958539834775643,489,141.75178571428572,-0.014118968130072185,0.055872985704579124,-0.48713979091949267,-0.028983401465567327,5.929193319365951,1.9163971894874672,-0.014118968130072185
BTC_LONG_3c6c735efa21273f_12h,292032,12h,5.0,97,3,-11.446580530331541,0.03700275645835734,61,45.57615188470854,0.5908846956434535,1.7285094097628642,-0.12951443430035114,4.562307659647875,116.16175507314686,0.03860130230504402,105,30.4375,0.17288808303872605,0.9912973574691123,-0.11800531974007089,1.4650871962344143,62.48573625686398,0.6678383044930176,0.17288808303872605
BTC_LONG_3ca331c0f45d6344_12h,293042,12h,5.0,99,3,-27.4016580545422,0.09136647159427609,36,26.897401112287007,0.27369931024415806,1.2711082744078026,-0.10459112237439205,2.616850302690415,102.89951112864617,0.03628254808760946,80,23.19047619047619,0.10534987940801788,0.7295972289126949,-0.13349248586252116,0.7891820931143174,53.15167513992594,0.8621827846364883,0.10534987940801788
BTC_LONG_543cbdfacaf313d2_12h,407422,12h,5.0,95,3,-25.528701728341368,0.006335155283187665,215,160.63725664282518,0.1491543196796583,0.576884557509383,-0.38878827604512023,0.38363893375825053,17.35033021764935,-0.005498719069172263,759,220.01964285714286,-0.056123032157945896,-0.05301980799908057,-0.4587745880406038,-0.12233247791174243,4.297679746435472,1.369667581826012,-0.056123032157945896
BTC_LONG_27099280f796c3fe_12h,188539,12h,5.0,99,3,-11.464270405478205,0.09551233935998352,35,26.150251081390145,0.3073205999825077,1.1637174802123744,-0.1526243653664896,2.013574957344153,120.04806421430139,0.019988348400171687,149,43.19226190476191,0.0011391067649850761,0.0909957515540552,-0.22334226494201204,0.005100274080594779,8.575336356135288,1.651695877425044,0.0011391067649850761
BTC_LONG_376357fe6535a581_12h,267515,12h,5.0,97,4,9.906380012930569,0.0543003433093895,45,33.62175139035876,0.14963410114942666,0.7849360971822372,-0.21216884169071926,0.7052595468638597,52.77857904609686,0.05852304086647609,290,84.06547619047619,0.11714946342980825,0.6671420068165425,-0.2852708955455705,0.41066041176673157,20.417533696586865,2.500330075445816,0.11714946342980825
BTC_LONG_4b3942f5282d3345_12h,363959,12h,5.0,99,3,-32.78615781376671,0.07467725774930646,21,15.690150648834088,0.19678063162207393,0.9475031318262634,-0.13785123168269453,1.4274854799630872,133.9828278367224,0.03668752765471987,144,41.74285714285714,0.052061593259774774,0.45642976414453224,-0.19542809880075263,0.266397685794681,19.14939633762563,2.660449735449735,0.052061593259774774
BTC_LONG_46a33de5ede4ee32_12h,341650,12h,5.0,99,3,-85.54478343833132,0.03991339034377338,49,36.610351513946206,0.0806849873422184,0.5204720303413094,-0.1622849959267888,0.4971808199608152,30.523200807980547,-0.011177282077237605,185,53.62797619047619,-0.059126767556592186,-0.27917592673779273,-0.22629790659534266,-0.2612784556700316,-3.7169867015953826,1.4648309555303602,-0.059126767556592186
BTC_LONG_cbc274616bb282a3_12h,987460,12h,5.0,97,4,7.6168214792703335,0.08332209986742174,75,56.0362523172646,0.6383694806228353,1.7098790915457047,-0.16173759109054275,3.946945643981231,102.04181924812362,0.013744512134951821,269,77.97797619047618,-0.00965154058368578,0.06828568000187635,-0.35853457424196267,-0.0269194138503705,6.968464307052444,1.391563014403292,-0.00965154058368578
BTC_LONG_a3d5087aaa70d307_12h,793851,12h,5.0,99,4,124.72820177349035,0.08121070182867215,23,17.18445071062781,0.32491387085848866,1.625708066902087,-0.07050019074890324,4.608694918510462,178.05601394016944,0.028744480640780973,119,34.49583333333333,0.03190896883032335,0.2753877327857913,-0.3311517544508461,0.09635754122226671,17.726865761752073,2.007386439881911,0.03190896883032335
BTC_LONG_3872f77e98ff3b88_12h,272782,12h,5.0,99,4,58.199411393311856,0.09597267951405174,39,29.13885120497759,0.5535557907756361,2.0086171716427774,-0.11349419118156023,4.877393151250318,165.1663705514289,0.06966548540133807,146,42.32261904761905,0.1694235438568128,1.1119101871264137,-0.13320585477381053,1.2718926217207307,44.624991054052664,1.4524463833491612,0.1694235438568128
BTC_LONG_b54e60aef814a46f_12h,878710,12h,5.0,95,4,36.793908149467384,0.054281994600183486,144,107.58960444914803,0.6217772665727364,1.4753234429449866,-0.143272304782321,4.339828744413834,56.3089080710838,0.03049050846652491,515,149.28869047619048,-0.006116237723765128,0.11932155266615904,-0.4926882676529425,-0.012414011303539916,7.2392451655384376,1.3875754190243486,-0.006116237723765128
BTC_LONG_166b47859e5ecf2b_12h,108442,12h,5.0,99,3,-7.795414462081203,0.03397101017690379,14,10.46010043255606,0.17873960908012765,1.5759558332728305,-0.008161822843092525,21.89947178667296,167.49297994882758,0.03083410942702668,85,24.639880952380953,0.04144225872780405,0.4022135091791044,-0.13054779359513524,0.3174489402427431,24.257110178756474,2.35560653659612,0.04144225872780405
BTC_LONG_055a0d8f3308bdc7_12h,25728,12h,5.0,99,4,18.32526337039261,0.05526764240467431,34,25.403101050493284,0.5093468053660271,1.7441500479416134,-0.08370532344140702,6.084998951381691,178.58377754658056,-0.004119304775801255,190,55.07738095238095,-0.07722002118415994,-0.569751446861106,-0.32353716462915194,-0.23867434602968057,-8.099457872024333,2.1681361201888163,-0.07722002118415994
BTC_LONG_cbe15b1817b1eb6b_12h,988046,12h,5.0,95,3,-162.7398877067084,0.04794103125060327,102,76.20930315147986,0.5765217999605536,1.4714711917576977,-0.15984450853387489,3.6067663834593033,72.70845522037142,0.010979716876295653,424,122.9095238095238,0.04973447948332721,0.3142583788726098,-0.4286923514596487,0.11601438494059194,11.917893905277719,1.6127889736141368,0.04973447948332721
BTC_LONG_c6da18b678bbb845_12h,963718,12h,5.0,99,3,15.436690092558209,0.023829489975793258,48,35.863201483049345,0.4382955772149417,2.405685144169957,-0.04494592315879664,9.751620311956152,109.68859598234256,0.008316671487417885,253,73.33988095238095,0.0038401645551056074,0.11150421090284982,-0.27788066816890455,0.013819473590625726,7.736756741841409,2.0449897923096705,0.0038401645551056074
BTC_LONG_149ca42080ddbf64_12h,99726,12h,5.0,97,2,-50.35395240030438,0.012929002644647048,183,136.7284556541256,-0.01335242914744672,0.11504636921541019,-0.3947031211632528,-0.03382904373316074,7.64549133754642,-0.010047335293426279,585,169.58035714285714,-0.21006559459971874,-0.9568111689782135,-0.6082040490750074,-0.3453867084890324,-7.4559030362503815,1.240271136915604,-0.21006559459971874
BTC_LONG_4422cd310e1a1223_12h,329491,12h,5.0,95,3,-22.67704865769652,0.05090001481717175,115,85.92225355313906,0.566349725191063,1.4694674645775683,-0.15508277164322215,3.65191903130276,64.08617899897554,-0.0029923454332456663,532,154.21666666666667,-0.22192708381931558,-0.7325070500370484,-0.6424180673066509,-0.3454558567285457,-8.595363899666648,1.7948396403650027,-0.22192708381931558
BTC_LONG_3e17340ad0e07731_12h,300129,12h,5.0,95,3,-11.621832373258377,0.002878948532459263,228,170.3502070444844,0.25400038158680793,0.856843870106585,-0.2871985980915688,0.8844067599028596,21.402486925301677,-0.027487756718843365,604,175.08809523809524,-0.12610479255555862,-0.6041936113373902,-0.44129574821160955,-0.2857602708990729,-1.6392098179550554,1.0278126353692874,-0.12610479255555862
BTC_LONG_bdee29658c0bf5a2_12h,920600,12h,5.0,99,3,-14.635268510756028,0.05197914130992588,32,23.90880098869956,0.1383776501875562,1.0580654866433594,-0.08866258747373057,1.56072199256034,62.735635944679046,0.03313614747034852,103,29.857738095238094,-0.13787499583417606,-0.9867126007711678,-0.4037101725544693,-0.34151974660874745,-41.34412312504307,1.2488178771219136,-0.13787499583417606
BTC_LONG_915279e0aaed7334_12h,703635,12h,5.0,95,4,2.5332147719881943,0.07119489732171828,112,83.68080346044847,0.5774557705229886,1.732745431421678,-0.1624271130300019,3.555168590703984,64.30197111380745,0.010483697007953013,604,175.08809523809524,-0.06944274677400852,-0.12448809336135241,-0.45314103704657893,-0.15324753464531268,3.0531828903401506,2.092332864858906,-0.06944274677400852
BTC_LONG_48df320c21f3e28c_12h,352669,12h,5.0,99,2,-9.794073545102012,0.02192160567756682,52,38.85180160663679,0.09631573562477813,0.801895771339576,-0.06746867148734237,1.4275623560017436,30.612609810568593,0.01484518849558365,246,71.31071428571428,0.18938827232192867,1.0378568725077746,-0.2509543857844867,0.7546720960062063,31.64869006156602,1.8354545049857547,0.09631573562477813
BTC_LONG_85e3afcc5b5cb0b8_12h,647977,12h,5.0,95,3,-22.255428867561022,0.05152322631114861,217,162.1315567046189,0.2160055440948232,0.7285551824686455,-0.24913028933876946,0.8670384667722881,20.815931651278433,-0.006020253009403647,775,224.6577380952381,0.0026263240428094914,0.14258618647175814,-0.3089114452054865,0.008501867067639635,6.701581589837669,1.3856509038800706,0.0026263240428094914
BTC_LONG_c9a6466619463377_12h,977208,12h,5.0,99,4,41.0845050115706,0.07764341151429473,60,44.82900185381168,0.4645170963334644,1.5650901851205046,-0.13430648537305312,3.458634890513365,97.87826945016087,0.03196717030738032,119,34.49583333333333,0.07510967376501032,0.49722270255535833,-0.16020506038426952,0.4688345897742024,30.469395102647752,0.7694981352880657,0.07510967376501032
BTC_LONG_a433633e6f8afaa1_12h,795699,12h,5.0,95,2,-134.54649784564177,0.043161725590340115,74,55.289102286367736,0.018591262212102055,0.21957605914799808,-0.22333395757603125,0.08324422498881699,17.526315871268952,0.02445844053972016,163,47.25059523809524,-0.014351275535184893,0.0037952551925917277,-0.20424347396576348,-0.07026552798250259,5.138999165730935,0.8546095574741408,-0.014351275535184893
BTC_LONG_4b48a7ffbb8deca4_12h,364255,12h,5.0,99,4,22.341749413289445,0.06245064387492254,36,26.897401112287007,0.266808413893878,1.362481897505454,-0.10030529083825335,2.659963514029566,99.37579749550417,-0.0006649024402996638,77,22.320833333333333,0.019687583504044204,0.23433190218577016,-0.11791968283721621,0.16695756832404468,16.429360059986703,0.82985093021262,0.019687583504044204
BTC_LONG_2ac155fa6f05e955_12h,206398,12h,5.0,99,4,8.393281189863176,0.05884046388251694,42,31.380301297668176,0.30145560418627815,1.0215427283943574,-0.17629938242706245,1.7099073180871442,102.29909046387749,0.03396381549705775,150,43.482142857142854,-0.02378937937862602,-0.05816959079101697,-0.3329453537528898,-0.07145130307564636,2.741134773737719,1.3856509038800704,-0.02378937937862602
BTC_LONG_36250ad2d59d3ba3_12h,261548,12h,5.0,97,2,-94.48606525246575,0.04344065169474845,87,65.00205268802694,0.059691052817172574,0.34502658739053443,-0.1928162786003712,0.3095747581607856,21.038080352995106,0.014500730873867709,195,56.526785714285715,0.013093380747280614,0.1706433542163601,-0.32109424030597156,0.040777376557125086,11.503113195348389,0.8696153948488718,0.013093380747280614
BTC_LONG_0e3b74d940532d6d_12h,68850,12h,5.0,99,4,131.07605971148948,0.06159697003607232,35,26.150251081390145,0.6238612918409656,2.1666760231719415,-0.06845566026646976,9.113363152331448,200.52276202333462,0.033710118164101334,109,31.597023809523808,0.10149558914131607,0.6773323957548737,-0.20329230515013463,0.49925937465444126,39.74972193709546,1.2082875881834214,0.10149558914131607
BTC_LONG_bb196e2615f957d2_12h,906885,12h,5.0,99,4,62.451255366022934,0.052613330052374396,38,28.39170117408073,0.5201633645189887,1.7037449015814707,-0.085084140292919,6.113517310373277,164.32268262583108,0.02677240140376953,105,30.4375,0.13698404851115753,0.7977134457230165,-0.1643835773837845,0.8333195486513985,52.49563986267213,1.0720562256335282,0.13698404851115753
BTC_LONG_b08aca78ba464253_12h,855848,12h,5.0,99,3,-37.557435106480206,0.10027877902022622,35,26.150251081390145,0.1126960269099726,0.6325476303234421,-0.14930330052385876,0.7548126968027992,53.57243352091325,0.028963294291933558,156,45.22142857142857,0.013707087910328042,0.1659102163826772,-0.19990226116933396,0.06856894879601683,11.44813745071423,1.729292328042328,0.013707087910328042
BTC_LONG_382a54c94cfe4aa9_12h,271339,12h,5.0,99,3,-18.664412504034612,0.0529253224932482,30,22.41450092690584,0.3329066354707335,1.1634617711400537,-0.12304714999280708,2.70552089577202,149.4007814609122,0.030274805484724228,96,27.82857142857143,-0.025227779199308853,-0.08638723013971814,-0.22180973226536627,-0.11373612393674017,0.16976830672756998,1.241543209876543,-0.025227779199308853
BTC_LONG_9031090d0db14e14_12h,698081,12h,5.0,97,4,31.35017865047452,0.038103614019209024,99,73.96785305878927,0.5371934782069689,2.000161767052952,-0.12101870359384526,4.438929374172286,66.60404859077396,-0.0027854263493797024,335,97.11011904761905,0.039884820075049454,0.293441258025781,-0.27269661522516997,0.14626078157264957,11.142736789244719,1.3128692402419253,0.039884820075049454
BTC_LONG_01dc6c4e3203b040_12h,8801,12h,5.0,99,2,-50.933773200881944,0.011713863891813682,53,39.59895163753365,0.2180537369634199,1.2781898055182046,-0.15409101769174238,1.415097000654732,58.148986013462476,0.030664597225834072,212,61.4547619047619,-0.04192937996432933,-0.23547751263412275,-0.2657936242966239,-0.15775163936037992,-0.3705220168989403,1.5519290123456788,-0.04192937996432933
BTC_LONG_3cd945806cc1e41e_12h,294062,12h,5.0,97,3,-50.24728595880594,0.0027120066687163005,124,92.6466038312108,0.10161492913740111,0.483923548049491,-0.2758872189898106,0.3683205387675247,19.613646199365952,0.012837813696104578,535,155.08630952380952,-0.051671894639337745,-0.059198038222363934,-0.5193746512682416,-0.09948867260495305,3.961055290031232,1.6739556887196336,-0.051671894639337745
BTC_LONG_5aafff16df301995_12h,438816,12h,5.0,99,3,-2.2045855379187973,0.06781024207607397,21,15.690150648834088,0.19194379908157666,0.9861201524338115,-0.07879131201837442,2.4361036028542675,128.50302375825476,0.0358451682004683,52,15.073809523809524,0.03355351948400487,0.29541685920972427,-0.21074059403243606,0.15921716287295123,34.29926430020205,0.9607179600235156,0.03355351948400487
BTC_LONG_77435018950d1062_12h,577681,12h,5.0,95,3,-30.518947216604005,0.03344511300287123,176,131.4984054378476,0.3847377183588445,1.2876609129526284,-0.20865947236744642,1.8438545539946865,32.81754383328186,-0.014903306538412892,678,196.5392857142857,-0.0627449017238243,-0.08743092229190717,-0.5499923835399589,-0.11408321933473767,3.735946400021033,1.4946134522306396,-0.0627449017238243
BTC_LONG_56f81a1fe09cea37_12h,420810,12h,5.0,95,3,-20.53931990119652,0.031057299110194902,123,91.89945380031394,0.29737653114689655,0.9946595217993143,-0.20806345536549575,1.4292588317564394,38.39973518439096,0.011392261813131264,562,162.91309523809522,-0.18185869990275927,-0.556940722684364,-0.6114882355499258,-0.29740343203693764,-4.80174196926332,1.772731920606243,-0.18185869990275927
BTC_LONG_a5f930c24f4c99ba_12h,804294,12h,5.0,99,4,80.70843478703556,0.025117749309281692,30,22.41450092690584,0.3147861620458945,1.8610645096919274,-0.07605263898865333,4.139056398724823,132.1810595300316,0.005929056358111278,146,42.32261904761905,0.015440782867173208,0.1888604439073017,-0.22998414211199847,0.0671384675716198,10.199108265777149,1.8881802983539093,0.015440782867173208
BTC_LONG_98e5fc4dcab54bef_12h,740484,12h,5.0,99,3,35.326311929574544,0.058673983800568756,24,17.931600741524672,0.3170596378952222,1.760683612771931,-0.054645464724528026,5.802121722151035,165.91163864686132,0.02081882670434135,31,8.986309523809524,0.05149228356767632,0.5586285366265843,-0.09423139831178606,0.5464450755288843,66.12350097266157,0.5011437435699588,0.05149228356767632
BTC_LONG_374a82b468fdbbe8_12h,267075,12h,5.0,97,4,1.2247874756090873,0.019663194916556926,84,62.76060259533635,0.08268061573142949,0.44796753530930566,-0.341975457098873,0.24177353671180155,22.35277722356555,0.009107355006158144,413,119.72083333333333,0.1299190632703522,0.6979986260492854,-0.4473083646574524,0.2904463084875327,16.974108742946495,1.9075794110082305,0.08268061573142949
BTC_LONG_116c049791d5983c_12h,84276,12h,5.0,95,2,-53.11057245865301,0.01605722859406089,196,146.44140605578482,-0.18732304157117352,-0.4516271381427801,-0.3819548037091709,-0.49043247984336275,-5.3675518766248,0.004912149509280719,758,219.72976190476192,0.11363895323681095,0.5147537597452293,-0.3387448211908738,0.3354706732852999,11.826781585888742,1.5004619787729907,-0.18732304157117352
BTC_LONG_a98d0ac3b9fe4690_12h,821718,12h,5.0,99,3,30.406248978105268,0.05237413185468248,51,38.10465157573993,0.29166088628026765,1.4980472190507792,-0.06752219728614717,4.319481563140788,76.33900907252257,-0.016116179643879472,232,67.25238095238095,-0.08232584841491952,-0.42286867821047047,-0.45609214663236874,-0.18050266601340528,-5.6441157952351375,1.7649388767852818,-0.08232584841491952
BTC_LONG_54acd05a5a5ff69e_12h,409588,12h,5.0,97,4,43.14423991711369,0.022015977326816715,120,89.65800370762337,0.8266469537190413,2.4923146794219604,-0.0946947420673665,8.729597184297296,75.78816725034667,-0.003607174545810019,582,168.7107142857143,-0.17249483409524713,-0.5460357291168118,-0.5555522434377121,-0.31049255246970675,-3.955833317858026,1.8817139274691357,-0.17249483409524713
BTC_LONG_9f2220dd250c1a1e_12h,770914,12h,5.0,97,4,8.294197171809179,0.013137912303824486,106,79.1979032750673,0.40238885098653987,1.4873616939231102,-0.1424692286920003,2.8243913066761355,51.40250537622788,-0.006161101128021614,438,126.96785714285714,-0.018475216096612956,0.023726930220632717,-0.37435907031132576,-0.04935159199227772,5.407454057861125,1.6031719514325644,-0.018475216096612956
BTC_LONG_b6ea09a36587bdeb_12h,886657,12h,5.0,97,4,34.503672709999464,0.0874358490600093,120,89.65800370762337,1.5407210561235383,2.803860530390185,-0.11576895145963051,13.308586082001435,115.92571561985464,0.022883715155716765,361,104.6470238095238,0.1840433749191679,0.7911730513251626,-0.2702657214986437,0.6809719482686653,24.173654872496645,1.167179944701646,0.1840433749191679
BTC_LONG_b69cfade287b0e6b_12h,885215,12h,5.0,99,4,13.014013169425077,0.06756154010539986,52,38.85180160663679,0.6153135785281436,2.413110989988448,-0.10371494703847972,5.932737721013862,133.89391912827304,0.033157209445134346,149,43.19226190476191,0.17558030000726288,1.1426550600273286,-0.1477478847940049,1.1883777575026733,45.11356631076911,1.1117183790360874,0.17558030000726288
BTC_LONG_2cea57b2645d72d7_12h,216866,12h,5.0,99,4,71.2843268095037,0.0983000959932506,26,19.425900803318395,0.3560029166317642,1.6341063637450102,-0.05910047922742179,6.023689169454042,171.0906237448519,0.031764831315664266,128,37.1047619047619,0.057786630476387435,0.4051475463425834,-0.31009745602517114,0.18634990179247649,24.399866065639188,1.910066476733143,0.057786630476387435
BTC_LONG_a2de1bf5c7d3fcf9_12h,789024,12h,5.0,99,3,10.245086189877679,0.0143287743412773,35,26.150251081390145,0.4267140073270661,2.082383478267895,-0.04534373291299898,9.410650158552281,146.65650315767417,-0.009915741608376504,95,27.538690476190474,-0.047590760134920584,-0.2532674864751593,-0.24054898962702198,-0.19784227823493006,-8.648049969405387,1.0530946869488536,-0.047590760134920584
BTC_LONG_a2037b96b21406db_12h,784856,12h,5.0,95,3,-57.25171268155106,0.03440797527916457,163,121.7854550361884,0.08122562761159147,0.4175639404327178,-0.21615039351361853,0.37578292729998597,14.645204306371951,0.00041210984992923996,769,222.91845238095237,-0.010061199598075832,0.09101279199006386,-0.32067018525117097,-0.03137553804758995,6.063265111459207,1.830419341248201,-0.010061199598075832
BTC_LONG_a417a33e78f68421_12h,795143,12h,5.0,99,3,-106.86107845378434,0.09635043106559898,51,38.10465157573993,0.44322600014202895,1.5748331236787776,-0.20331167062963962,2.1800322567287664,109.47921968456099,0.015630046998343,140,40.583333333333336,-0.019559422302746876,-0.004819726649768809,-0.4008629635230132,-0.04879328868610728,4.768404186020441,1.065049322198015,-0.019559422302746876
BTC_LONG_176395e3ea0c6eb2_12h,113225,12h,5.0,99,4,45.92474846607397,0.010378225059789513,48,35.863201483049345,0.7227336655591492,2.347592235613778,-0.11642136794321478,6.20791250203886,164.89257848784845,0.005742058396302042,238,68.99166666666666,-0.011687857241966082,0.007744615864530091,-0.213368063197087,-0.054777913183614864,5.181794310488395,1.9237453382201644,-0.011687857241966082
BTC_LONG_0033b5857ca6897e_12h,969,12h,5.0,95,3,-127.70636423416526,0.050069354496558915,126,94.14090389300452,0.40687883451543483,0.9679898419561437,-0.3133094319928734,1.2986485339027065,52.99035864132922,0.039178932457929604,282,81.74642857142857,0.10181795941782013,0.5196277989433483,-0.23687579275429105,0.42983691256047807,20.559383219930353,0.8683412330981776,0.10181795941782013
BTC_LONG_8d4a1327987b861e_12h,684076,12h,5.0,99,4,33.30520888972677,0.03721928842776554,47,35.11605145215248,0.34776995966177804,1.037147663946374,-0.1932592237394567,1.7994999303661992,105.60769077504696,0.01629027405319206,118,34.20595238095238,0.17762858800400894,1.2887648033121997,-0.14025577672186684,1.2664618324866146,55.358829311084584,0.9740831034935645,0.17762858800400894
BTC_LONG_65040dbc704b38ee_12h,488980,12h,5.0,97,4,6.3740102977017115,0.03387366959644447,76,56.78340234816146,0.4344612141770625,1.3739048598286536,-0.1271436394338522,3.4170896484609083,75.57394053667385,0.008229897532973256,264,76.52857142857142,-0.08075030965508279,-0.26391090904863745,-0.4682055614143966,-0.17246764308212217,-2.71299980963796,1.347727826510721,-0.08075030965508279
BTC_LONG_8886a6881c3a2c6d_12h,660745,12h,5.0,95,3,-5.045276266158563,0.0012512742085863413,222,165.86730685910322,0.5362253204938849,1.484969821171731,-0.26639030961412147,2.0129310306768735,33.97060501759418,0.0008055829906352928,811,235.09345238095239,-0.017913933536572668,0.061170353774006196,-0.4006796919101725,-0.04470886320983983,5.676237689458469,1.417358591230119,-0.017913933536572668
BTC_LONG_1ab3ec9281cba659_12h,129123,12h,5.0,97,3,-45.11231562280852,-0.0014699082017806857,101,75.462153120583,0.019906790718594358,0.21160730895787605,-0.34334964753988895,0.05797818888479176,13.20441298608229,0.0038079958543900437,281,81.45654761904761,-0.21432699389145626,-1.019163168203331,-0.5935245786568855,-0.3611088766980246,-21.791401944104837,1.0794357734384548,-0.21432699389145626
BTC_LONG_4c6a7d1db0d5de54_12h,369621,12h,5.0,99,3,-165.3329746815413,0.005978948956224831,21,15.690150648834088,0.07664617025838116,0.4943741035706569,-0.14760981346670488,0.5192484731082572,62.70339926325075,0.012749778967912736,87,25.21964285714286,0.1242746379404549,0.9060555046810688,-0.1024193057772591,1.2133907469625564,55.310280213629355,1.6073550485008818,0.07664617025838116
BTC_LONG_6a80efa9f23e0fd3_12h,515453,12h,5.0,99,3,-126.4358809398436,0.05094060108894401,29,21.66735089600898,0.21217622812807901,1.1501586958967294,-0.12156340146082523,1.745395617252899,101.1543764003334,0.03829588205652524,164,47.54047619047619,-0.12139110788638385,-0.8275903089883226,-0.38595414957443974,-0.31452209548784993,-20.013593127121602,2.194106534695615,-0.12139110788638385
BTC_LONG_6adf9a9380376ad6_12h,517259,12h,5.0,97,2,-9.462819705770075,0.02850606968656959,123,91.89945380031394,0.05042130140340384,0.321377729370439,-0.29162491932607126,0.17289778088897417,17.855916587546638,0.019477180670143993,244,70.73095238095237,-0.11401851342087554,-0.36518058197011805,-0.48002994908745955,-0.23752374958609473,-7.754032441337001,0.7696558516511091,-0.11401851342087554
BTC_LONG_81a46d530693667c_12h,627483,12h,5.0,99,3,-8.801780606298577,0.07191615217824017,35,26.150251081390145,0.29575258287399353,1.0870251710581287,-0.12386683957534061,2.387665527658073,117.15346899918076,0.024960117378334815,155,44.93154761904762,-0.10844038840676218,-0.7237252342371724,-0.4082088049016055,-0.2656493125690922,-18.206346181041734,1.7182071208112875,-0.10844038840676218
BTC_LONG_6e5a22a16dafcf43_12h,534206,12h,5.0,99,3,35.448257889405674,0.03402978981641977,30,22.41450092690584,0.24275693890120786,1.5248130441189789,-0.03761440873802491,6.453828387731685,106.68849458433745,0.008486384970343668,152,44.06190476190476,0.13235037891113488,0.864019868974081,-0.12809398656191362,1.033228666414906,35.961032991848995,1.9657767489711933,0.13235037891113488
BTC_LONG_c72bd912975f4a75_12h,965315,12h,5.0,97,3,-49.80568751139368,0.05856972843892803,65,48.56475200829598,0.13636450525256172,0.7455940788544994,-0.1253862556019255,1.087555446950181,35.333059781169666,0.00029184708297050875,454,131.60595238095237,-0.11606629567926252,-0.4628004958292568,-0.5189580608734559,-0.2236525538959967,-2.5955717671205525,2.709906813865147,-0.11606629567926252
BTC_LONG_a21bcbee2703c4f3_12h,785325,12h,5.0,99,3,-63.92281575207752,0.044019243610141215,33,24.655951019596422,0.2158661056059028,1.1714736834026847,-0.10247900217792971,2.1064423054305714,90.6425731373176,0.0421504609913375,116,33.62619047619047,0.07590189184347018,0.5314325468985376,-0.21904995697211238,0.3465049383832263,30.73915940207699,1.363816404788627,0.07590189184347018
BTC_LONG_6a6e2925951a3b25_12h,515086,12h,5.0,99,3,23.018530381856728,0.016028630698358724,66,49.311902039192844,0.48264428554853267,1.9800097894090731,-0.0935295433178237,5.160340448883131,89.17889889290117,-0.01834631984422492,242,70.15119047619048,0.008172646276340956,0.12980022973060434,-0.30936835808166163,0.026417201574906003,7.870566964024182,1.422601594650206,0.008172646276340956
BTC_LONG_813d4bfec6cff25e_12h,625562,12h,5.0,95,2,-54.29900948449217,0.021708914261438932,125,93.39375386210766,0.18690177251234874,0.681325488229561,-0.1925732110847037,0.9705491820985404,29.199550143695046,0.012898123431104271,529,153.34702380952382,-0.07006038229070621,-0.08558857833933547,-0.5795739212046425,-0.12088256515249331,3.295220950717514,1.6419408950617285,-0.07006038229070621
BTC_LONG_5557864e1455de8e_12h,412867,12h,5.0,95,4,36.43323896144476,0.0909144611002176,92,68.73780284251124,0.48048029332410835,1.4741650093683998,-0.1381871839777593,3.477024999665959,68.3729783891251,-0.00010914790441483487,331,95.95059523809523,-0.08537935504832606,-0.2947221565062614,-0.47218306149300393,-0.18081833511427448,-1.7366183294113717,1.3958926714304882,-0.08537935504832606
BTC_LONG_14475d5b7d0b36d0_12h,98059,12h,5.0,97,3,-1.9284368312729172,0.03418537413753705,127,94.88805392390138,0.4444485148252375,1.3740557515368361,-0.21072043874185675,2.1091855990757002,48.49786233831175,-0.008220877103496995,465,134.79464285714286,-0.18368279421930644,-0.6155851360215939,-0.537574172864123,-0.3416882794808932,-7.370243853181896,1.420564942403033,-0.18368279421930644
BTC_LONG_862856e1ea6c4169_12h,649207,12h,5.0,99,1,-25.240312349295262,0.03299364295213005,40,29.886001235874453,0.029325704723782486,0.2419089154541924,-0.2072460683246129,0.14150186278974014,22.30525395613567,0.014567347811616609,198,57.39642857142857,-0.052835307358336414,-0.272641880126454,-0.2617745628449485,-0.20183514694524105,-2.355890537007673,1.9205121527777778,-0.052835307358336414
BTC_LONG_13ea5183446add0e_12h,96251,12h,5.0,95,4,24.995344166008064,0.012085477511043281,206,153.91290636475344,0.9696463728799114,2.0030217299094897,-0.14050207252657598,6.901295870183714,53.509143169761934,-0.018107484792172633,723,209.58392857142857,-0.2323617515067956,-0.8027762786597237,-0.6838937635004729,-0.33976293381806066,-5.739792581697174,1.3617047037935994,-0.2323617515067956
BTC_LONG_116ff29eff563fcb_12h,84329,12h,5.0,97,3,-37.12355432284426,0.07203438910901978,57,42.5875517611211,0.5540523284435697,1.6037948206467318,-0.12017518050781795,4.610372342295138,118.83416078732371,0.04895359427686637,158,45.80119047619048,0.1303656843384151,0.8042953047292525,-0.2595249234419582,0.5023243340540698,34.86597603108174,1.0754595787307775,0.1303656843384151
BTC_LONG_36b9d49be942392f_12h,264328,12h,5.0,95,3,-3.638334184755599,0.03212090470531016,207,154.6600563956503,1.6078260204951094,2.8044454549911833,-0.17878963553811444,8.99283683674355,71.17162774993687,-0.0021738302382182744,792,229.5857142857143,-0.1603996870356319,-0.41850036169932325,-0.5578530974311284,-0.28753033329788863,-0.5732493683547691,1.484453837895867,-0.1603996870356319
BTC_LONG_53d06d2b95d26919_12h,405391,12h,5.0,99,3,19.73059909794792,0.06387062878493885,47,35.11605145215248,0.2629440128606393,1.0801865851776573,-0.17963350643817844,1.4637804387074773,79.82065194370438,0.011316772177267499,111,32.176785714285714,0.07537537755393253,0.5074395512955664,-0.18036223896382264,0.4179110771021835,32.11076747411248,0.9162985126083529,0.07537537755393253
BTC_LONG_c7d0de5a5fe6a894_12h,968403,12h,5.0,95,4,14.390382336570122,0.04831897949565368,157,117.30255485080723,0.8430376195412737,2.1471604690476345,-0.12864551604815944,6.5531830835493405,61.068322622286566,-0.012469836911284537,653,189.29226190476192,-0.017332710744648594,0.07409159290060228,-0.4443245259743174,-0.039009124483149624,6.088248873994236,1.613709625894472,-0.017332710744648594
BTC_LONG_a1bc822f9283c7b2_12h,783434,12h,5.0,99,3,-6.649187631800335,0.07191602048833343,32,23.90880098869956,0.2919755856515731,1.2073129869022754,-0.0985850315098874,2.9616624469231922,123.22943078475014,0.018744641854940625,67,19.42202380952381,-0.05363950714887955,-0.2872498738154246,-0.32573892530500037,-0.16467024043459058,-17.441518241719304,0.8123378423996914,-0.05363950714887955
BTC_LONG_affda81906065bd1_12h,853170,12h,5.0,95,2,-103.96590408155404,0.017401693077139097,101,75.462153120583,0.24425071105571727,0.8139698943210595,-0.3316643523020779,0.7364394435530267,41.22058473285739,0.013671479199777284,387,112.18392857142857,0.06230769276943127,0.3745280825286724,-0.39414062754315204,0.15808492810756886,12.93191227527009,1.4866250687568756,0.06230769276943127
BTC_LONG_ac67e2a496d03992_12h,835691,12h,5.0,99,4,61.97565877331635,0.03965530982868062,21,15.690150648834088,0.249731600250664,1.200668634156783,-0.14784940859623918,1.689094346888151,160.1079897287917,0.017592000663222356,85,24.639880952380953,0.03097573683571686,0.3064624025860676,-0.22293886092689874,0.13894274289790037,20.643298286654726,1.5704043577307465,0.03097573683571686
BTC_LONG_19ec377e06899c5b_12h,125346,12h,5.0,95,4,25.800715146776263,0.0971376786753403,94,70.23210290430497,0.6999965610427881,1.8772904848877243,-0.11914683923270641,5.875074534504608,86.9691543766645,-0.018222465508260347,433,125.51845238095238,0.0310708269928488,0.24588710423870677,-0.34829471789224753,0.08920843583525498,10.086824629669662,1.78719484666404,0.0310708269928488
BTC_LONG_25c65da584322369_12h,182461,12h,5.0,95,2,-34.60780857962277,-0.011475528066917484,132,98.62380407838569,0.1592705882147536,0.6286879971969015,-0.17735992722316374,0.8980077445247867,25.027762411431134,-0.0013360866326356474,532,154.21666666666667,-0.24250601083407997,-0.699725709473751,-0.6453899196375116,-0.3757511598109332,-9.632169579703268,1.5636860503179948,-0.24250601083407997
BTC_LONG_4b49c42cee93df71_12h,364276,12h,5.0,99,4,61.820501617598225,0.021252328050000654,37,27.644551143183868,0.35982482341585253,1.6479651985030606,-0.1392336082284017,2.584324488851775,123.26631424767453,0.025022403266415808,136,39.423809523809524,-0.04130709061778548,-0.1520012378312636,-0.2733762422425894,-0.15109978204005847,-1.7584350135975997,1.4260969302635969,-0.04130709061778548
BTC_LONG_2435c7e18590c059_12h,174919,12h,5.0,99,3,41.064432368631174,0.06154969027202467,48,35.863201483049345,0.20454609704503812,1.144734651832772,-0.11098437117313664,1.843017128294076,61.047736262037745,0.000244243678039261,210,60.875,-0.0414145074604948,-0.2817919154488105,-0.3065488661007737,-0.1350992029012443,-0.7040337168881554,1.6974223572530864,-0.0414145074604948
BTC_LONG_109b29d3036615f5_12h,80339,12h,5.0,99,3,-121.19037614430744,0.10666523149724157,41,30.633151266771314,0.1596170780765842,0.804156567895691,-0.161476901171278,0.9884824202024964,60.65469198682626,0.058902304606954566,77,22.320833333333333,-0.04961916747797268,-0.2893408117640455,-0.3824267898058722,-0.1297481473595519,-13.283117828450456,0.7286495972598614,-0.04961916747797268
BTC_LONG_82eb18af626016be_12h,633539,12h,5.0,99,4,9.415634091990977,0.07407405095777758,76,56.78340234816146,0.8654323251390303,2.0898903837481786,-0.08117136581764384,10.661793311243205,123.50161768765133,0.02926231919758222,188,54.49761904761905,0.16506196497302006,0.9628936940913714,-0.16063019356834896,1.0275899026591495,35.76885653663535,0.9597455734243014,0.16506196497302006
BTC_LONG_3a71e0779ec2160b_12h,282486,12h,5.0,95,4,3.4352013186100816,0.06743585850085604,98,73.22070302789241,0.48505454032167794,1.4149680977495078,-0.14714892462945173,3.2963512410514397,65.55485346795456,0.03166474120200877,680,197.11904761904762,-0.018266483744444728,0.04600415282494068,-0.4993198943036862,-0.036582727731923816,5.566152888254499,2.6921217561098514,-0.018266483744444728
BTC_LONG_99b056890a793a47_12h,744354,12h,5.0,99,3,20.387295981325757,0.06305728511340412,48,35.863201483049345,0.37802271899934903,2.1508391728927045,-0.0673418825775497,5.6134860584573785,97.7158220784752,-0.0028802663674404364,208,60.2952380952381,-0.007371474793658628,0.034349204898657545,-0.29232758096038036,-0.0252164875084356,5.923142129343574,1.6812564300411523,-0.007371474793658628
BTC_LONG_9bf0b5035ecc67b3_12h,755273,12h,5.0,95,3,-21.88691607410577,0.058746894148722945,185,138.22275571591933,0.6503857988043964,1.3120756646658034,-0.28360102063243886,2.293312616978657,49.05503792571977,0.028996812883043285,687,199.1482142857143,0.05921795195664625,0.3440479021775587,-0.37375432282023324,0.15844084828185023,9.776145110608544,1.44077733983984,0.05921795195664625
BTC_LONG_1844a4160c38cd8c_12h,117380,12h,5.0,95,3,-51.74488258444727,0.07861861185620898,99,73.96785305878927,1.2387555738749656,2.484159688011721,-0.11348755008468914,10.915343338987885,122.10394019282425,0.006689544011859389,185,53.62797619047619,-0.0626547662892557,-0.12478072645751778,-0.4806552304407301,-0.13035282323216432,-0.9109322926744562,0.7250173416261378,-0.0626547662892557
BTC_LONG_8a7646dc5ccbd0f9_12h,670320,12h,5.0,97,4,61.238040307326465,0.05068959787288771,112,83.68080346044847,1.0077069886056123,2.1685212233336,-0.1449350223684197,6.952819078083533,95.48411107920738,0.015351832858552421,418,121.17023809523809,0.2551330187900245,0.9302449513050436,-0.34374096271445664,0.742224658868957,27.157562519214867,1.4480051945546735,0.2551330187900245
BTC_LONG_2b957c72e6ce70f1_12h,210508,12h,5.0,95,4,10.665733397777332,0.03964414609517746,180,134.48700556143504,0.868003042251813,2.1927907669830877,-0.14963291816858426,5.800882939901469,54.9132644231832,0.0009325473547154488,719,208.42440476190475,-0.08065343064699182,-0.09770904389006602,-0.560783952546207,-0.14382264378427662,3.4806480757592357,1.5497735553840877,-0.08065343064699182
BTC_LONG_9f9c46f283bfc727_12h,773278,12h,5.0,95,3,-4.593498974457451,0.05937825035174161,138,103.10670426376686,1.1857888898384403,2.1712435475398633,-0.15421205461900978,7.689339803999133,88.22385014292841,0.0188690279377638,455,131.89583333333334,-0.044466350079358063,-0.022653824714900128,-0.5084899601179143,-0.08744784276379167,4.520849462040263,1.2792168489443552,-0.044466350079358063
BTC_LONG_4d416b3fa1e0e91b_12h,373625,12h,5.0,95,4,15.666435271670604,0.06433008530693476,185,138.22275571591933,0.6525895527503052,1.482224342878306,-0.23131337129206142,2.821235750899722,46.92658669359994,0.034194084377465996,505,146.38988095238096,-0.03925362381563735,0.017871012910361323,-0.5592731829813598,-0.07018685145313977,5.365277916427394,1.0590866908575243,-0.03925362381563735
BTC_LONG_7aca9eb9707402f3_12h,594694,12h,5.0,97,3,-1.7176176529752665,0.04512650046183517,83,62.01345256443949,0.39490521620404584,1.3860073832189046,-0.10345153607644764,3.817296786315696,64.22601427336888,-0.008887938350586636,368,106.67619047619047,0.04104035419478835,0.2852769116246004,-0.35261371737037595,0.11638898934745828,11.512783931474932,1.7202104715156923,0.04104035419478835
BTC_LONG_8cef355e845a9888_12h,682421,12h,5.0,95,3,-23.380087206018917,0.05186662993583008,146,109.08390451094175,0.4725832541931929,1.2932929421872559,-0.2535694140869059,1.8637234143358643,45.903745227548114,0.019832561577030047,614,177.98690476190475,0.017586327742820984,0.19810622900004066,-0.3662064484199409,0.048022987630884556,7.961290048826686,1.631651393116861,0.017586327742820984
BTC_LONG_5505eeb34f59b11d_12h,411283,12h,5.0,99,4,3.0798429652469554,0.0660527098673829,41,30.633151266771314,0.4305678648388622,1.6861905041222356,-0.1207282989741596,3.5664203711759406,130.23574878453144,0.014200281329264739,97,28.11845238095238,0.0015511136049894958,0.08414957708131504,-0.2734985555535763,0.005671377685523624,9.381836119014826,0.9179092329117735,0.0015511136049894958
BTC_LONG_14acca656a253a40_12h,100040,12h,5.0,95,2,-17.992751216218608,0.04595063440326719,120,89.65800370762337,0.21232752500247698,0.8435984048058008,-0.13965043550597278,1.5204215026840775,30.483447834190926,-0.028136618082139034,474,137.40357142857144,-0.09353866517058285,-0.318142462116919,-0.4495797539026144,-0.20805800163066218,-0.2626896301144784,1.5325298996913579,-0.09353866517058285
BTC_LONG_53aed7cbac05aa48_12h,404728,12h,5.0,99,4,80.45086871373242,0.06776191310040944,25,18.678750772421534,0.38139171231239977,1.4522461780654294,-0.11178016898010712,3.4119801015891635,192.65781867378706,0.021827592630445588,185,53.62797619047619,-0.011997750997905454,-0.01755612848800125,-0.22485452106087156,-0.053357837508890824,4.544229561032833,2.871068672839506,-0.011997750997905454
BTC_LONG_91e10c783794b1c7_12h,706306,12h,5.0,99,4,92.62240613830141,0.07149719194278577,32,23.90880098869956,0.5913483921501193,2.846725547839746,-0.024088753195114943,24.548733899189155,205.09053524355747,-0.0058449478177773385,141,40.87321428571428,-0.06759614585231244,-0.34400890307349824,-0.3634716647002919,-0.18597363265730835,-8.816854330030495,1.709546802662037,-0.06759614585231244
BTC_LONG_7fefaf095239c223_12h,619265,12h,5.0,95,4,16.546099337855317,0.06243673384510994,152,113.56680469632292,0.5813286272121594,1.3947258385219838,-0.2625078763671931,2.21451879942453,51.5664924024941,0.028106219035083948,554,160.59404761904761,0.4099225556832402,1.4471665835085432,-0.25263074154051135,1.6226154947873035,28.46808018583457,1.4140932119070824,0.4099225556832402
BTC_LONG_505dba7a8db0e767_12h,388580,12h,5.0,95,3,-7.585472196976399,0.06426700245399389,145,108.33675448004489,0.6083513444782367,1.5362642243691462,-0.15820046136158394,3.8454460830413453,54.164434972041114,0.013274318058594045,689,199.7279761904762,-0.15011618961868678,-0.3984009770586039,-0.5981273578852053,-0.25097696609205694,-0.9406883564610478,1.8435846370796085,-0.15011618961868678
BTC_LONG_2eea2c358cbc9c9c_12h,226397,12h,5.0,95,4,13.893669605993013,0.04475396716092993,186,138.9699057468162,0.7137820061439044,1.7768430944109286,-0.1416380749045425,5.039478308533637,47.73038804309713,-0.011022298108722954,684,198.27857142857144,-0.22228805265987228,-0.6475068948566299,-0.6450911222340738,-0.34458395875926223,-5.22293712730712,1.4267734468339308,-0.22228805265987228
BTC_LONG_8ca815bd3ac5e332_12h,681041,12h,5.0,97,3,-23.21015239872958,0.04594821448468479,53,39.59895163753365,0.46515370328138683,1.398428103958176,-0.14446805557629594,3.2197685600865,113.1860353721011,0.025355963976947556,224,64.93333333333334,-0.07883684031265514,-0.3011697727042062,-0.36290268437867645,-0.2172396174132226,-4.411550248960526,1.63977405078034,-0.07883684031265514
BTC_LONG_9754b51ea6a0f71a_12h,732703,12h,5.0,99,4,110.46035767210208,0.06406260306097145,39,29.13885120497759,0.5892912132305852,2.0057268213074635,-0.09603559492339153,6.136174964091889,173.92852464169374,0.03834722574486146,79,22.90059523809524,0.02512615434776233,0.2434673379526866,-0.20712023397909873,0.1213119252766869,20.48946253438357,0.7859127690724913,0.02512615434776233
BTC_LONG_89d7697e9e5c52f1_12h,667204,12h,5.0,99,3,17.9860046422199,0.016721983138810112,57,42.5875517611211,0.09670863415218411,0.5213408592671127,-0.22850824756263644,0.42321725882421507,32.6576146511734,-0.0019053370629615897,186,53.917857142857144,0.060846815628910145,0.41977812167790884,-0.16716063077332544,0.3640020700293968,18.849511379224747,1.2660473521767381,0.060846815628910145
BTC_LONG_11313f73017058f9_12h,83203,12h,5.0,95,4,9.895334386116732,0.04696582053140579,135,100.86525417107627,1.2011658132271759,2.3559196012970074,-0.11912838730923925,10.082952018053692,89.56307471935597,0.005101917999745942,546,158.275,-0.09590299011347592,-0.12311613589542321,-0.5208035770019326,-0.18414426157660596,2.312967366862048,1.5691726680384088,-0.09590299011347592
BTC_LONG_a175fbbb4d53ba01_12h,782128,12h,5.0,99,4,16.627563224465412,0.0767343191774879,38,28.39170117408073,0.44156826360434387,2.616849815984765,-0.027339017777654684,16.15157747054307,137.3781900124968,0.0357170095343208,165,47.83035714285714,-0.0630715329889937,-0.29760211386571345,-0.2892930881587109,-0.2180194950056727,-5.5799631375775105,1.6846597831384014,-0.0630715329889937
BTC_LONG_b0791cc05115e757_12h,855526,12h,5.0,95,3,-21.66836933871792,0.08029882616606274,122,91.15230376941707,0.8778046450478929,1.8268661158712884,-0.2317910595682353,3.787051349965818,81.96375690234149,0.011130467666049866,487,141.1720238095238,0.014192716668657956,0.18989283753745942,-0.47291537287537977,0.030011112944721186,8.810580159039485,1.5487488299433314,0.014192716668657956
BTC_LONG_bc416ab368609538_12h,912470,12h,5.0,95,3,-3.429377655340682,0.06906187691792404,155,115.8082547890135,0.673943982228046,1.446611575124569,-0.21280466334637105,3.1669605901967595,57.038607006708325,0.020179563759268375,447,129.5767857142857,0.018972211054168575,0.20796542023907144,-0.46823451175844877,0.04051860889732087,9.450653804085078,1.1188907556750298,0.018972211054168575
BTC_LONG_b687e75c403976b9_12h,884817,12h,5.0,97,4,14.486050968456297,0.03746687132742182,89,66.49635274982066,0.6852879311758686,1.845941431571394,-0.1206812316882433,5.6784963294555855,90.37641837015698,0.016623533600548978,249,72.18035714285715,0.02967076249656264,0.24803071273308042,-0.5518673262433346,0.05376430363895095,14.007075378592063,1.0854784384103204,0.02967076249656264
BTC_LONG_2b85669871cbff2f_12h,210193,12h,5.0,95,3,-33.0970797409371,0.04855442892555621,137,102.35955423287,0.894212550310832,1.9845716702255765,-0.1467760933296397,6.092358299130832,73.42185360518212,0.003472545062268105,675,195.66964285714286,-0.1015994929351508,-0.2428831960136077,-0.6167208355093678,-0.16474146337416473,1.519300799586492,1.9115913929440391,-0.1015994929351508
BTC_LONG_48f0b75066eef84e_12h,352999,12h,5.0,99,4,46.85671732728852,0.045003770150043615,32,23.90880098869956,0.2088061957541505,0.9148259932748506,-0.17206821519273963,1.2135082328846114,95.77430961930041,-0.00024615267232081433,142,41.16309523809524,-0.028984206482458252,-0.1253589591075999,-0.255482028797712,-0.11344910097534745,0.5314568963257966,1.7216712480709877,-0.028984206482458252
BTC_LONG_cb3fa5dcdc7643ff_12h,985110,12h,5.0,99,4,43.96453167578029,0.06748301791125368,35,26.150251081390145,0.3898423038387351,1.7782865691253447,-0.07281731387588974,5.353703440684239,137.88039416377111,-0.015812440709638175,106,30.72738095238095,0.02862486406346898,0.27593272482445014,-0.14232550774846375,0.2011225149750288,17.104522027334742,1.1750319664902997,0.02862486406346898
BTC_LONG_9c922423541089ec_12h,758315,12h,5.0,99,4,36.12081550036763,0.05002515709539012,31,23.1616509578027,0.3459771621978125,1.4434335994352814,-0.09592986942956194,3.606563464071551,143.59102963341707,0.006933858429168628,90,26.089285714285715,0.010523525150132995,0.1452696309252885,-0.33298350944349875,0.031603742682995074,13.74018434550591,1.126400089605735,0.010523525150132995
BTC_LONG_4d2362d89fb0683c_12h,373057,12h,5.0,99,3,-446.47922541178275,0.08632604005300493,22,16.43730067973095,0.1395287611588243,0.7767552277251966,-0.18240981126037237,0.764919168518082,96.22847154467884,0.03450895075300679,71,20.58154761904762,-0.03198642899670201,-0.15965916667565822,-0.2564572955305884,-0.12472419211364139,-5.962992946991561,1.2521245440516273,-0.03198642899670201
BTC_LONG_75283c3f9353a4fc_12h,567325,12h,5.0,95,3,-19.336987630837317,0.01969446984247845,190,141.95850587040366,0.3141851960282662,1.0784247423952933,-0.2194217383258702,1.4318781649685948,27.241988573479077,-0.007643174909391538,705,204.36607142857142,-0.07464919032902628,-0.0960705015601291,-0.4368753213093559,-0.17087069625561757,3.545502448631786,1.439618360136452,-0.07464919032902628
BTC_LONG_b6f532ef2ac35281_12h,886884,12h,5.0,99,3,-25.4515028017079,0.03396299060301086,38,28.39170117408073,0.27887710588864967,1.8401543371066467,-0.04284211808958027,6.509414527674251,94.90029585150054,0.002879544100252355,190,55.07738095238095,-0.14014392096241246,-1.1217250791081477,-0.5039446185685137,-0.27809389325458034,-20.92817913842412,1.9399112654320987,-0.14014392096241246
BTC_LONG_6d570a578ef652c2_12h,529256,12h,5.0,97,3,-23.329640504255277,0.05745452778825244,79,59.024852440852044,0.13856950704252768,0.662580151514884,-0.12814663909458968,1.0813354764633702,31.770412252850488,0.027836916809340948,455,131.89583333333334,-0.1391355880892321,-0.7141463286833069,-0.5137104671881008,-0.27084437046965226,-5.045880332448341,2.2345813310673543,-0.1391355880892321
BTC_LONG_2677aac1f6bce3d2_12h,185861,12h,5.0,95,3,-8.367158380272787,0.06535093324088602,148,110.57820457273547,0.35360410927471975,0.9509054846716144,-0.27241350806017606,1.2980417593558125,39.84448808083204,0.019871991783521187,540,156.53571428571428,0.12603013720911727,0.5428026915156579,-0.5138278314856839,0.24527697700747975,15.543491378182454,1.4156109234234233,0.12603013720911727
BTC_LONG_1bb7e233fbac5f64_12h,133941,12h,5.0,95,3,-27.29847887307042,0.0030886189229119548,132,98.62380407838569,0.11739741966053696,0.49518923190600245,-0.1895739044847745,0.6192699358047228,21.860478408800198,0.026062304777580834,525,152.1875,-0.1053457987334373,-0.2900845305162842,-0.402599945795335,-0.26166371812427097,-0.041531211888578584,1.5431112338664423,-0.1053457987334373
BTC_LONG_5fff437f5fa27e2e_12h,464580,12h,5.0,95,2,-27.771806868855126,0.03930019481813562,128,95.63520395479824,-0.03293140441510356,0.028793844849575666,-0.3271004623518382,-0.10067672842260199,5.868260873615281,0.02394447252782217,474,137.40357142857144,-0.16599797581992537,-0.495180782447797,-0.5558348649558926,-0.2986462100269616,-5.213523008908028,1.4367467809606482,-0.16599797581992537
BTC_LONG_28e0502af3d7c461_12h,197245,12h,5.0,97,3,-47.24100328703829,0.08086837802388235,100,74.71500308968614,0.52718664615237,1.4004807507489136,-0.21444374948064138,2.4583912910922177,69.54671165832022,0.009908444882082142,381,110.44464285714285,-0.05094925773414383,-0.09308672271564429,-0.5235665263805904,-0.09731190816639,2.9508187592144903,1.4782123842592592,-0.05094925773414383
BTC_LONG_13e2523327012db1_12h,96097,12h,5.0,99,3,-51.79729014578805,0.07667617802415232,29,21.66735089600898,0.32957653265809506,1.5014487875948261,-0.07297490213715885,4.516299755204119,145.78083031869116,0.04494480710368468,107,31.017261904761906,0.03362658875374058,0.3052178879294823,-0.16067730214024434,0.20928026737958427,18.831876632277407,1.4315207269050658,0.03362658875374058
BTC_LONG_61223083c71a5935_12h,470033,12h,5.0,99,3,-5.516870701708841,0.07813418109908024,49,36.610351513946206,0.264057305084868,1.1595714036136495,-0.10176454903929621,2.59478676589922,75.4430305632349,-0.004378708434168761,188,54.49761904761905,-0.05375464069318581,-0.2007127519708243,-0.3742037074259845,-0.14365074323540256,-1.8984869227609238,1.488584971025447,-0.05375464069318581
BTC_LONG_3f3bc3e4bba0fe27_12h,305747,12h,5.0,95,3,-40.43232455873356,0.052081462727015936,118,88.16370364582964,0.7027636331113793,1.6719701640896194,-0.1914740704428819,3.670280949717517,72.35284332723823,0.02138894363724835,460,133.3452380952381,0.17145268004726333,0.729577091101619,-0.32975487063717623,0.5199397956305241,19.480944065243648,1.5124731899979074,0.17145268004726333
BTC_LONG_4541ed0b52160b39_12h,334985,12h,5.0,99,4,17.465107438877787,0.035551388398948225,22,16.43730067973095,0.5465697464213681,2.021214217091473,-0.06721008520930738,8.132257900272355,285.0674303965849,-0.008308620857897513,132,38.26428571428571,-0.11080300158195033,-0.9172686281053797,-0.38415517060348925,-0.2884329303908214,-23.802698680491062,2.3278935185185183,-0.11080300158195033
BTC_LONG_b494b3674e36a18b_12h,875268,12h,5.0,95,3,-81.97327087590988,0.04670532150478973,79,59.024852440852044,0.18316761234399248,0.7065754136589768,-0.1579546810996595,1.1596212981394658,41.173833057471896,0.049531163775209594,309,89.57321428571429,0.13457613782273437,0.6433116321069673,-0.2513399855351688,0.5354346525332467,22.346838574818186,1.5175508380215659,0.13457613782273437
BTC_LONG_1719a231d9115b6f_12h,111814,12h,5.0,95,3,-102.22584266638547,0.025063053512375835,104,77.70360321327358,0.08823574809777135,0.4341391729208094,-0.2278296096246405,0.387288325881538,21.351241372582678,0.007388083491415363,386,111.89404761904761,0.000970084654783987,0.11603235476114919,-0.3656766658074808,0.0026528481182737295,7.295407460781495,1.4400110547245961,0.000970084654783987
BTC_LONG_ad9cc91fb5673075_12h,841569,12h,5.0,99,4,16.180149240177848,0.037659926396611254,39,29.13885120497759,0.219032414740975,1.2542716394942905,-0.10700646336547726,2.0469082693900145,77.69981568036883,0.02891725878231001,117,33.91607142857143,0.017768915500447457,0.199717613868329,-0.16109070316091578,0.11030379253294237,12.673101420964803,1.1639467592592592,0.017768915500447457
BTC_LONG_2d688f39da8c9e48_12h,219240,12h,5.0,99,3,-16.951258902779692,0.049786308921408035,41,30.633151266771314,0.19458805416021563,0.746696983702957,-0.25232580937377413,0.7711777667260717,76.70579062547868,0.025206265909153612,93,26.958928571428572,0.061324790117092576,0.5513469977874288,-0.09691336325842947,0.6327795058929458,29.78219066438464,0.8800573057813912,0.061324790117092576
BTC_LONG_8e42f37d1caee67c_12h,688696,12h,5.0,99,3,-48.21743581142212,0.06448452114453386,44,32.8746013594619,0.7710652719707884,2.007088938963106,-0.0927133331051776,8.316660033094292,192.26080124434938,0.03789846008837203,73,21.161309523809525,0.05085335457244966,0.5782117789464148,-0.09937822165862364,0.5117152805082099,30.468195197845997,0.6436978289842873,0.05085335457244966
BTC_LONG_a70ab9df53d4b694_12h,809568,12h,5.0,99,4,54.43634067735429,0.024031437494672764,26,19.425900803318395,0.27113811787503095,2.127728709793597,-0.025308135304231594,10.71347669892123,131.87236465400554,0.01968555607511704,205,59.425595238095234,0.11267153610229297,0.7853936833571267,-0.1239572384345985,0.9089548744806862,24.832577945080722,3.0590908416429246,0.11267153610229297
BTC_LONG_00496e0a18c5c27f_12h,1364,12h,5.0,99,3,-189.79493653723944,0.06837654923947312,61,45.57615188470854,0.49333936767497333,1.662535782070238,-0.16916194464661194,2.9163732345687134,100.25518387085563,0.023348927720195648,132,38.26428571428571,0.20165018760994968,1.1088424283911802,-0.15049745477916876,1.3398910161360502,57.16506902272569,0.8395681542197936,0.20165018760994968
BTC_LONG_26ecfd89a0f0fe90_12h,188025,12h,5.0,97,4,12.963227386987237,-0.00767530148032967,161,120.29115497439467,0.6260632265656607,1.8483081502863254,-0.13588128313559733,4.607427985066241,48.77246932569661,-0.016743024828775377,504,146.1,-0.10691921552828354,-0.33207392450819406,-0.3797934311911255,-0.2815193911936776,-0.6431744489672399,1.2145531400966183,-0.10691921552828354
BTC_LONG_690d80e470b8a00c_12h,508412,12h,5.0,95,4,14.821181554009998,0.0028048220324250403,183,136.7284556541256,1.1127558623774543,2.3675909108032553,-0.18337890103746035,6.068069205792341,63.873557095060534,-0.015438231450532011,666,193.06071428571428,-0.2377331680986291,-0.6440598011308931,-0.6661780087831648,-0.3568613267989295,-6.142558290241148,1.4120009866423802,-0.2377331680986291
BTC_LONG_2baf0a0376581c28_12h,210962,12h,5.0,99,2,-14.512873953489326,0.030086348160703387,31,23.1616509578027,0.06739001008367174,0.7578271195083782,-0.07677676755128338,0.8777396109918054,34.961373105332385,0.046166158937063245,129,37.394642857142856,-0.051248183505543166,-0.4855484873824135,-0.2611783093071053,-0.1962191410209461,-7.773327267320304,1.6145067951015533,-0.051248183505543166
BTC_LONG_60c1a564bd0bbdca_12h,468255,12h,5.0,99,3,-18.909357860919147,0.056489790524069224,52,38.85180160663679,0.5012287780757689,1.5431795148961636,-0.28033925486649214,1.7879364711676662,119.90087099616306,0.04743755786938568,86,24.929761904761904,-0.047877156594543835,-0.23101708002953777,-0.27232391151006774,-0.17580959501154136,-9.62832410544677,0.6416629570275403,-0.047877156594543835
BTC_LONG_2594fd115df61d98_12h,181530,12h,5.0,95,2,-60.767853074431336,0.03334952898358371,105,78.45075324417044,0.1269598514502781,0.5129488468740493,-0.22297729811577183,0.5693846527118622,27.729486054961402,0.001100330123145786,568,164.65238095238095,-0.2642492222387539,-0.9754804281044669,-0.7263690489673658,-0.3637947164935246,-11.32333778603516,2.09879923574368,-0.2642492222387539
BTC_LONG_abb8d360be0be464_12h,832254,12h,5.0,99,4,82.86809575682172,-0.005337659068114912,45,33.62175139035876,0.6730557542526496,2.881318403072542,-0.07630967393496191,8.820058054844912,163.07251779693848,0.0019761725082981093,234,67.83214285714286,-0.04305755877098871,-0.22527255793489226,-0.32385552804952666,-0.13295298378974713,0.10886451254145237,2.0175077160493826,-0.04305755877098871
BTC_LONG_5d7976001c8d9bf9_12h,452266,12h,5.0,97,4,27.691945418274216,0.08365329980312759,122,91.15230376941707,0.5259671278414881,1.3751746121290265,-0.2556684780039734,2.0572232132320747,58.6330454370461,0.01161388885248752,382,110.73452380952381,0.11698104820983257,0.554017560046037,-0.3115896132851549,0.37543307999415243,18.055567308076345,1.2148296776968226,0.11698104820983257
BTC_LONG_11fb572de79eb06d_12h,86944,12h,5.0,97,4,12.982454974761438,0.026634588624943202,127,94.88805392390138,1.2757830257996843,2.4203293569043454,-0.10915658533164874,11.687641399953037,98.58934750457234,0.016901291646139516,287,83.19583333333333,0.17300145419851765,0.7656175848532074,-0.2537109208471515,0.6818841444462006,27.801824382930818,0.8767787924078935,0.17300145419851765
BTC_LONG_94c3ee5bb5f1b180_12h,720282,12h,5.0,99,3,-131.56968013426882,0.028537526742751673,43,32.12745132856504,0.1479178857004766,0.6309294735089188,-0.1816891862140415,0.8141259740478987,59.595753751566164,-0.002897588540291842,226,65.51309523809523,-0.11986371634938375,-0.7280020582868355,-0.35625432996640705,-0.33645546528707815,-12.578317243133348,2.0391625394774615,-0.11986371634938375
BTC_LONG_4a707af33475c4b3_12h,360136,12h,5.0,95,4,20.771863709141545,0.03439713578234133,152,113.56680469632292,1.1731455718823933,2.4998581473672803,-0.13340924689499956,8.793585146355888,78.06544942574351,0.010000910159477292,575,166.68154761904762,0.2983122402345866,0.97748555963298,-0.3634550021570473,0.8207680138233101,23.60393429535233,1.467696023188759,0.2983122402345866
BTC_LONG_0c1c0c2cb273b68e_12h,58615,12h,5.0,99,3,-33.21650383517854,0.023307170228439516,59,44.08185182291482,0.3670286729957146,1.717343462392712,-0.14650790594535223,2.5051799807487325,80.15383096631338,0.007651001407461805,261,75.65892857142858,-0.10217024336037916,-0.691661731811991,-0.430216973920591,-0.23748538424529397,-7.918017272783499,1.7163282721280602,-0.10217024336037916
BTC_LONG_cab4d9075d4de9ee_12h,982482,12h,5.0,95,4,4.486619736430676,0.044555623895843055,152,113.56680469632292,0.4261077194664642,1.2805964700629455,-0.17448720819726538,2.4420570646343935,40.59788463478238,-0.012389685719909596,748,216.83095238095237,-0.1513574321063701,-0.436168974516091,-0.5994245773524807,-0.25250454823671187,-0.7049120079458052,1.9092810875568549,-0.1513574321063701
BTC_LONG_79ad25a7d5d8be30_12h,589403,12h,5.0,95,3,-13.038487087066008,0.027856778136017796,162,121.03830500529153,0.3504852630130557,1.087737125866066,-0.2903169401132496,1.2072504721093267,34.114017662063105,-0.001985312843303684,692,200.59761904761905,0.06479938572303712,0.3596993195432027,-0.3414366782715442,0.1897844896191915,10.237927082593584,1.6573069082456942,0.06479938572303712
BTC_LONG_1343c3fb7dfbd96a_12h,93154,12h,5.0,95,4,14.696035877735483,0.019820716030712882,146,109.08390451094175,0.7303399481455815,1.6177665902102982,-0.19876524455246436,3.674384572564482,61.926153527293444,0.017966011598271176,545,157.98511904761904,-0.056694825098430046,-0.049822264814110125,-0.44529910063024125,-0.1273185259484887,4.0664552753319105,1.448289917343142,-0.056694825098430046
BTC_LONG_73bfdb527e7fad75_12h,560307,12h,5.0,95,4,0.14422950802804224,0.03551176552806847,157,117.30255485080723,0.19645569097675364,0.7029247879081523,-0.25876639752192954,0.7592009351218205,25.13073820212037,0.0226951791143927,598,173.3488095238095,-0.11513595236280005,-0.23898076827868137,-0.662514834532053,-0.1737862253969344,0.7274509941368077,1.4777922760871274,-0.11513595236280005
BTC_LONG_c75770da759e3e5d_12h,966157,12h,5.0,97,4,34.328680956671576,0.059555247707916724,69,51.55335213188343,0.3121497996476228,1.0014647407762187,-0.2751120895376393,1.1346277081906144,67.5709151904477,0.022894432856179904,285,82.61607142857143,-0.08544967473351217,-0.27550350419243025,-0.4739453059375619,-0.18029437925221145,-2.635997830536203,1.6025353931830382,-0.08544967473351217
BTC_LONG_334b9f2c4b4604e5_12h,247619,12h,5.0,97,4,12.722093393513155,0.012248072267431182,56,41.84040173022424,0.2109265457317986,0.9679108668601686,-0.14823535869443127,1.4229165537123798,56.91413614133437,0.007959862836090648,309,89.57321428571429,-0.09654464711875432,-0.32196728641223465,-0.44226391105870777,-0.21829646214551435,-3.3381075601725527,2.1408306464947087,-0.09654464711875432
BTC_LONG_5ef7da26c79420fd_12h,459510,12h,5.0,99,3,-29.851490272520728,0.044209521494832066,29,21.66735089600898,0.12929376777397272,0.7037885700389281,-0.11729711889095362,1.102275733593865,70.41525336457389,0.009764296898656813,122,35.36547619047619,0.04434355703515824,0.3751790948339798,-0.13023199891732307,0.34049663219336335,20.113699357688148,1.6322012026394208,0.04434355703515824
BTC_LONG_52bad2e5c62f4790_12h,400120,12h,5.0,97,3,-15.546942720559136,0.06449221246683362,151,112.81965466542606,0.30875393501439263,0.9347322682312255,-0.28107332075379343,1.0984818273977917,34.87311138975855,0.014910635572009676,457,132.47559523809522,-0.142030376358525,-0.4894901541791708,-0.48332022415996245,-0.29386392138955436,-4.2046196738880335,1.1742244348377073,-0.142030376358525
BTC_LONG_8b816f74db0b37f3_12h,675456,12h,5.0,99,4,8.888570802990326,0.04459499737731278,54,40.346101668430514,0.4210950399403355,1.4837028402671442,-0.14499989657317147,2.9041057951916387,100.26642328185639,0.020589081605424907,225,65.22321428571428,-0.013818044052509859,0.010048123417692728,-0.31675138772543043,-0.043624257344967825,5.273319347908566,1.6165927211934152,-0.013818044052509859
BTC_LONG_61c57df16fce639d_12h,473182,12h,5.0,99,4,119.50481510237907,0.015038943932305957,38,28.39170117408073,0.6590059237625103,1.8223460797308,-0.12459271858098342,5.289281197714345,198.7112372011212,0.006340986719577396,72,20.87142857142857,0.07103403217434434,0.5418451315143098,-0.24265702163235847,0.29273429508240495,43.031181381174825,0.7351242690058479,0.07103403217434434
BTC_LONG_7f23a3dead14afdf_12h,615492,12h,5.0,95,3,-54.229723327186136,0.06563395698997528,135,100.86525417107627,0.5211262143801727,1.1783995772863953,-0.22291585893438282,2.337770927879881,56.072003763949894,0.04140173201905137,393,113.92321428571428,0.06925935407074979,0.3781934816908028,-0.23950394403039033,0.2891783446453874,14.267206824425003,1.1294594478737998,0.06925935407074979
BTC_LONG_6a1cb2bc3058d19f_12h,513595,12h,5.0,99,4,45.44729175557788,0.08589819341649214,78,58.27770240995518,0.9519608691655101,2.3586595649904023,-0.08367415388641108,11.377000243800628,127.349438723615,0.03530699505842657,174,50.43928571428572,-0.0569933061657637,-0.2967475546252796,-0.31549362635312506,-0.1806480429559371,-4.217683421165572,0.8654988722697057,-0.0569933061657637
BTC_LONG_34c1fb4fac63bd23_12h,254788,12h,5.0,97,3,-27.635449386684876,0.05402007741324835,62,46.3233019156054,0.1722831518218726,0.8061299695624233,-0.1308221783863175,1.3169261813782138,44.8181940282771,-0.015358121897578339,298,86.38452380952381,-0.09681779139358337,-0.3120522830636631,-0.5368420477658217,-0.18034688563705187,-3.5620056332648726,1.86481792612505,-0.09681779139358337
BTC_LONG_64f3f01f400f9ed6_12h,488687,12h,5.0,97,4,10.713962873147507,0.018343275050167748,141,105.34815435645744,0.7346716617994873,1.9857219776678399,-0.11556839826060683,6.357029022266122,61.491032704674616,0.013369744531112584,506,146.6797619047619,-0.11032949458962005,-0.3740737893575055,-0.5407654215013387,-0.20402468464664383,-1.0377222660112104,1.392333475615095,-0.11032949458962005
BTC_LONG_0fd6615935a42929_12h,76653,12h,5.0,97,3,-63.29816671487276,0.0178145853003979,117,87.41655361493278,0.24761019910583704,0.9903656153156511,-0.1946952829860905,1.2717832466620513,33.966423809639515,0.006181294552072707,421,122.03988095238095,0.1613040673261923,0.7078102967329064,-0.32120955246839744,0.502177055715248,19.948119336679454,1.3960728935844675,0.1613040673261923
BTC_LONG_52a355f229318595_12h,399679,12h,5.0,97,3,-41.20090853392999,0.0641593092250247,99,73.96785305878927,0.14657623838896439,0.5590576274449387,-0.3622658507081101,0.4046095929341842,32.41800642721072,0.02705350564243704,205,59.425595238095234,-0.03554172302916103,-0.06022251056298495,-0.2866794863740256,-0.12397721050326697,2.8228060325267603,0.8033975947749095,-0.03554172302916103
BTC_LONG_969661d37fd2ff25_12h,729145,12h,5.0,95,4,36.72570818848548,0.04561718158261668,90,67.24350278071752,0.9595550902997354,2.1676880287122593,-0.08580584371468081,11.182864112267472,112.91209355532207,0.01903189110188613,377,109.28511904761905,0.09111656752345865,0.5324632735617614,-0.3254447192001113,0.27997556005028423,14.823099187916489,1.6252145490397805,0.09111656752345865
BTC_LONG_0dd5f95b03160001_12h,66958,12h,5.0,99,3,7.5613965027453816,0.025797566764079224,69,51.55335213188343,0.26394545975764094,1.3582372170923458,-0.09572897828703542,2.7572158867738286,53.76036300504691,0.0018696437724095968,182,52.75833333333333,-0.0030965366121225024,0.07858514822143671,-0.4038090831013913,-0.00766831837545616,7.831854044424784,1.023373479155484,-0.0030965366121225024
BTC_LONG_b7efbd89d009efd9_12h,891643,12h,5.0,95,4,2.4893158211903854,0.055129031595640754,131,97.87665404748883,0.42229010835658265,1.3461079791242512,-0.17043266875568475,2.477753305394376,45.30816900880566,0.02066741804590177,621,180.01607142857142,-0.22286855260927796,-0.6753430318126226,-0.7200810314474244,-0.3095048235908855,-6.394231273347202,1.8392135814249364,-0.22286855260927796
BTC_LONG_66511aa91f129e3c_12h,495175,12h,5.0,97,4,33.5348579502453,0.04035577767191514,93,69.4849528734081,0.35099546362045264,0.9833564243260876,-0.2504240110044049,1.4016046712640453,58.58776082803472,0.012570953752797834,503,145.81011904761905,-0.035209783405830475,0.016173376490153223,-0.35613801199252126,-0.0988655583514906,5.31297680994567,2.0984416484136466,-0.035209783405830475
BTC_LONG_9952d051575773c7_12h,742543,12h,5.0,97,4,27.206586466668895,0.034617491781825674,130,97.12950401659197,0.9891711577170061,2.4743609079225646,-0.10774871787567475,9.18035200064613,80.16097192287472,-0.015599815955737168,540,156.53571428571428,-0.141924816315663,-0.44028183094067125,-0.5378048636790047,-0.2638964909033856,-2.478955828098969,1.6116185897435897,-0.141924816315663
BTC_LONG_06bafab89a238836_12h,32436,12h,5.0,99,3,-41.00180209899928,0.06219918867983777,55,41.093251699327375,0.41990698212233024,1.55027269528025,-0.13277756088641135,3.1624845291558907,97.6010123446024,0.027850566495701414,78,22.610714285714284,0.15092993855867354,1.0282643050732159,-0.195923023929503,0.7703532516575546,71.87002067353228,0.550229377104377,0.15092993855867354
BTC_LONG_40f322d05432b433_12h,314149,12h,5.0,97,4,34.88328503129814,0.046842727705445966,72,53.79480222457401,0.544431790287095,1.4311041912010725,-0.12617021656982008,4.315057904222724,96.38175473453632,0.0003281377542718577,214,62.03452380952381,0.05296052203484147,0.35052261230909293,-0.15727709734895223,0.3367338469970452,16.76968030849088,1.1531694744513032,0.05296052203484147
BTC_LONG_6d8103807d559987_12h,530026,12h,5.0,97,4,32.155572844564844,0.036753618359996236,122,91.15230376941707,1.0094156831618109,2.9014235960144155,-0.08352484683357275,12.085214417371155,84.96546345884603,-0.0050403159178097475,443,128.41726190476192,-0.05437445687146658,-0.07991609325142132,-0.5029294275609633,-0.10811548080446239,3.3485922321748385,1.4088208042400325,-0.05437445687146658
BTC_LONG_9c1961c3e39487fc_12h,756023,12h,5.0,99,3,-108.76748425662942,0.05627450732851775,25,18.678750772421534,0.2846938463647142,1.395226410949567,-0.09724558221762203,2.9275761414807424,148.80185018599428,0.0526374510718804,84,24.349999999999998,0.02145400395769337,0.22612604248114962,-0.11762642685247982,0.18239101987344838,17.16739360394976,1.3036203703703702,0.02145400395769337
BTC_LONG_ce309d0ffdde9b5c_12h,999364,12h,5.0,97,4,4.26605187662103,0.043013977757255385,126,94.14090389300452,0.416701655544337,1.0720652616972637,-0.29715323174648045,1.4023123796945631,50.3858695670636,0.02648106490493879,339,98.26964285714286,0.03501146916274789,0.2626529350083193,-0.4012228514603623,0.08726190204599239,11.913496986398348,1.04385701425632,0.03501146916274789
BTC_LONG_36198555f3d7805c_12h,261333,12h,5.0,95,3,-4.883116391434794,0.07065561585710531,98,73.22070302789241,0.4030848091538368,1.6095417702051702,-0.12100938062860767,3.3310211742257616,54.728712630444974,-0.013715228582525461,552,160.0142857142857,0.09983353152712349,0.5079661614877967,-0.42600315663968746,0.23434927645750397,12.815352285400857,2.1853694255479965,0.09983353152712349
BTC_LONG_5103251e7ada49c0_12h,391634,12h,5.0,97,4,5.880322918224379,0.07370635249250813,151,112.81965466542606,1.0697247325252754,2.6642400832701645,-0.10104922848296194,10.586174170598872,73.09895833511492,-0.016130351600470844,577,167.26130952380953,-0.08747201017880402,-0.27557338296776646,-0.5176889894302825,-0.1689663330005668,1.1484492703887994,1.4825547021911536,-0.08747201017880402
BTC_LONG_94dd72fe1d374b6a_12h,720762,12h,5.0,97,3,-15.167883192684748,0.048324314483973396,102,76.20930315147986,0.39511746731122166,1.1454323324585345,-0.20693396649269136,1.9093891351334857,56.046435363865974,0.03885551553677592,240,69.57142857142857,0.16814883989522933,0.7419710107510183,-0.3471604198466445,0.4843548696291698,31.832509716876704,0.9128994190268699,0.16814883989522933
BTC_LONG_a5c815ef1d70fee7_12h,803317,12h,5.0,99,3,-11.538009971767698,0.04089191741066284,63,47.07045194650226,0.21111050523176722,0.8154376130305558,-0.18807240799113456,1.1224958912724647,54.13488892968098,0.032686392748793786,155,44.93154761904762,0.13498454070519084,0.7882230789170274,-0.15796502228748766,0.8545217083534252,36.83476753194379,0.9545595115618265,0.13498454070519084
BTC_LONG_10bd7ce10b25fb91_12h,80998,12h,5.0,99,3,-273.7538212948809,0.06854430820345782,34,25.403101050493284,0.22512769257916188,0.7918821520079926,-0.17615194736148754,1.2780312449068163,103.25959435951806,0.029178993822666813,51,14.783928571428572,0.05031800830581301,0.44918206505661246,-0.11568566760956367,0.43495455699521113,43.644990227493274,0.5819733796296297,0.05031800830581301
BTC_LONG_c12e702b54d89a5b_12h,936296,12h,5.0,99,4,7.703347565074145,0.027380452475727925,17,12.701550525246642,0.165028435112341,1.6030567267983369,-0.024679349851101318,6.686903670802195,128.97096287020625,-0.002958645731242172,61,17.682738095238093,0.008651621240483687,0.13382394316370738,-0.15019288373872985,0.0576034032047333,13.033199548855634,1.3921716140159766,0.008651621240483687
BTC_LONG_21f85655a3d4dbed_12h,164212,12h,5.0,99,4,23.95198087721221,0.020846927153868752,40,29.886001235874453,0.34818755112063426,1.3683013027571511,-0.13606143201183296,2.5590466451238965,114.57220374555904,0.014051748593929454,111,32.176785714285714,0.035914660948340504,0.30885785336253996,-0.2566348490015953,0.13994459867029693,19.504541927167494,1.0766507523148148,0.035914660948340504
BTC_LONG_a2d8e0c287bc597d_12h,788912,12h,5.0,99,4,9.604969045147334,0.05453115936582822,60,44.82900185381168,0.2030033208088271,0.730055680168485,-0.2274454760917165,0.8925361994316686,57.799390502614216,0.035179504099914195,114,33.04642857142857,0.014272546106660844,0.1703780950827836,-0.30642914986193037,0.04657698561997679,14.649998064530301,0.7371662808641974,0.014272546106660844
BTC_LONG_54048f0a5158195f_12h,406401,12h,5.0,95,3,-20.70624474559919,0.0522242419731921,125,93.39375386210766,0.25569344739746636,0.7576369994611234,-0.33923081050990345,0.7537447645546385,38.332630176648365,0.021202478234156233,611,177.1172619047619,-0.22739443797310943,-0.6030441804602494,-0.7122220128388206,-0.31927465575901814,-6.34450272312189,1.8964572530864199,-0.22739443797310943
BTC_LONG_157d76fed365f009_12h,103977,12h,5.0,97,4,24.238801975872633,0.046750425884369874,79,59.024852440852044,0.3018080992849632,0.9368613733355755,-0.16702108884870837,1.8070059377851866,58.87384096081918,0.019046788502700668,511,148.12916666666666,0.04464550979281823,0.3245725469322537,-0.2937136885571464,0.1520035038616587,9.175826468264873,2.509606725660259,0.04464550979281823
BTC_LONG_792f358172cdd2ff_12h,586955,12h,5.0,95,3,-0.25896151354822816,0.048870078462593725,168,125.5212051906727,0.5513997851545651,1.2493299465488203,-0.18065872991120768,3.052162413770836,47.073546251208334,0.02698694065478106,722,209.2940476190476,-0.12530489813843715,-0.37167274730577365,-0.6059600620851511,-0.20678738745133501,0.2766491899091403,1.6673999210023513,-0.12530489813843715
BTC_LONG_7f9008e87125d7ae_12h,617538,12h,5.0,99,4,40.3792912992596,0.07214759613548802,61,45.57615188470854,0.5121160737069106,1.6523576753531684,-0.14136508812525272,3.6226488484424384,103.91475632427623,0.031215762090120076,194,56.23690476190476,0.13413836503141519,0.7520272961766311,-0.30969599008226023,0.433129163202229,30.60904749224161,1.2339107721109088,0.13413836503141519
BTC_LONG_932266a1937f1fd1_12h,712456,12h,5.0,99,3,-26.86542417511178,0.0887407051044207,21,15.690150648834088,0.34959400532070717,2.257360332081986,-0.02469154665527029,14.158449051472765,201.8739270569118,-0.016124030174604707,68,19.711904761904762,0.02262584189401662,0.23155205432487733,-0.25422193781968916,0.08900035177162542,20.97659348276078,1.2563234861845973,0.02262584189401662
BTC_LONG_4c9c94b604ce014d_12h,370538,12h,5.0,95,4,53.94702311705681,0.10521293512597857,80,59.772002471748905,0.5352403523818001,1.671566753270527,-0.18820598430268176,2.843907192244224,83.31507952349847,0.027901203076592253,231,66.9625,-0.11062571625887674,-0.4043081809652468,-0.49699668379478634,-0.22258843945235443,-8.659634736807881,1.1202987557870372,-0.11062571625887674
BTC_LONG_63f9d270f73d012f_12h,483919,12h,5.0,97,3,-119.22517609148531,0.04595668025583066,84,62.76060259533635,0.34837994502831204,1.4293171584775701,-0.14546660254554256,2.3949136016924677,56.63387868713613,-0.010329588058205427,472,136.82380952380953,-0.08282102483675802,-0.21210980591072195,-0.41726480264600796,-0.19848552840202127,1.0539856778961425,2.180090755437978,-0.08282102483675802
BTC_LONG_8317cb6f2bb0eb55_12h,634411,12h,5.0,97,3,-35.289095005960704,0.06281108065678444,89,66.49635274982066,0.1511713956519527,0.6040117586077716,-0.2762986650385987,0.5471303874408303,33.91164868461941,-0.011973555920831323,251,72.76011904761904,-0.05138497261948871,-0.15299522135737878,-0.3241586847765143,-0.15851795750872819,0.6739490702136434,1.0941971407268691,-0.05138497261948871
BTC_LONG_42148ac1ba2ff4e1_12h,319578,12h,5.0,97,4,35.58573680612132,0.03291241934106951,122,91.15230376941707,1.0479464904234121,1.9888842352199687,-0.2157658467409791,4.856869176711933,92.38240426859761,0.008019069946591522,302,87.54404761904762,0.12316372996330793,0.5632015609843014,-0.30477123773412207,0.4041186132884172,22.59186234738485,0.9604150855090063,0.12316372996330793
BTC_LONG_0a8bcec0b9cd5a1c_12h,51024,12h,5.0,97,3,-76.12555489546543,0.07369999390682345,110,82.18650339865475,0.3610264121293898,1.1181322018663373,-0.29814371348242363,1.2109140518593335,49.077649055295254,-0.010295476797560975,383,111.02440476190476,0.01939331701902991,0.20018669723026597,-0.29674374419905025,0.06535375184193008,9.441643598443813,1.3508836630190795,0.01939331701902991
BTC_LONG_99373c1fd6ade453_12h,742051,12h,5.0,99,4,17.10731328215634,0.04428453644174664,38,28.39170117408073,0.31837260945471435,1.2894402164444563,-0.17632529749716086,1.805598028041556,111.74236612469447,0.03261088749464061,120,34.785714285714285,0.0851888009846471,0.5835733208912658,-0.2734795962128831,0.3114996590763359,32.34227545089873,1.2252071150097466,0.0851888009846471
BTC_LONG_a823b5c777da9ae3_12h,814838,12h,5.0,99,3,-98.0989317126445,0.05934484796137476,53,39.59895163753365,0.3941136883916829,1.1421592731825654,-0.21002660160534747,1.8764941458808446,104.04274200814778,0.026951174000914988,160,46.38095238095238,0.0384231354835638,0.2930823656545683,-0.36523685532222483,0.10520059770437337,17.616198778344685,1.1712671791288143,0.0384231354835638
BTC_LONG_55e74f3307a9b528_12h,415600,12h,5.0,99,4,38.52856114522363,0.052992749966480006,42,31.380301297668176,0.35487000586648554,1.2547796744105395,-0.12017518050781784,2.952939237261224,112.59805858303991,0.027697009286392623,167,48.41011904761905,0.01197679217893488,0.15646607413318084,-0.19240541090454732,0.06224768899496589,9.155149221159148,1.5426913396531452,0.01197679217893488
BTC_LONG_11a05b9d18f9a807_12h,85254,12h,5.0,99,4,90.72913370768431,0.05802624928851794,29,21.66735089600898,0.45618937299075446,1.773154185063425,-0.10030529083825335,4.548009074879008,189.75939521255214,0.04753204116584752,97,28.11845238095238,0.0793482779559822,0.6258624359719723,-0.20717849427312307,0.382994761277575,35.46519813429638,1.2977337430821625,0.0793482779559822
BTC_LONG_880103952be3a6b6_12h,658195,12h,5.0,97,3,-28.96152588373169,0.05435321900071133,95,70.97925293520183,0.22738473715583263,0.828061023787693,-0.28969549396168426,0.7849094718259823,40.61486263150683,0.025728798481423443,309,89.57321428571429,0.3769141137465317,1.3259521667138117,-0.16090907081699846,2.342404389216785,44.66523320583895,1.261963328460039,0.22738473715583263
BTC_LONG_38c8f7b3ba2bd853_12h,274407,12h,5.0,99,3,-7.795414462081203,0.057166208968404644,18,13.448700556143503,0.30542302020119116,1.3658108303087046,-0.09931401063850809,3.0753266154248555,218.9007458957519,0.03764880369109147,61,17.682738095238093,0.06576907050440206,0.6781267104084049,-0.09090721631586962,0.7234746939767508,43.92804364422448,1.3148287465706445,0.06576907050440206
BTC_LONG_af5274f4bac8fb29_12h,849903,12h,5.0,99,3,-19.972905848453422,0.03424635996153063,41,30.633151266771314,0.2106187396499617,0.7866313819113041,-0.2837163312287324,0.7423567714195509,82.26446306500141,0.02081360570524702,86,24.929761904761904,0.047041174569232735,0.37015215425372044,-0.1861802347802125,0.25266470753334946,28.40034079484347,0.8138164333032218,0.047041174569232735
BTC_LONG_4862ee27bd8fc80a_12h,350306,12h,5.0,95,4,32.36572530419632,0.06292203354437201,172,128.50980531426015,1.7291232568023993,2.692008849335535,-0.18875633043126472,9.16061068178085,89.44958629700889,0.007815905286924288,539,156.24583333333334,0.05200628522338957,0.3188330634532178,-0.5288895034244964,0.09833109730228164,10.963405039710844,1.215828107055699,0.05200628522338957
BTC_LONG_abbe8640b462bdda_12h,832362,12h,5.0,97,3,-8.870932789052128,0.021888739063133156,139,103.85385429466372,0.8299282256616771,2.1522844899864872,-0.1403313104188043,5.9140631066925975,67.4961397249705,-0.013377794904276744,419,121.46011904761905,-0.05912059469145681,-0.1478794377373781,-0.27011768399680647,-0.21886976749051268,2.1783116107162934,1.1695292377209343,-0.05912059469145681
BTC_LONG_0b12513a57dece0b_12h,53578,12h,5.0,99,3,-28.638999868790975,0.014489403911831147,29,21.66735089600898,0.3746231078434794,2.00740126245081,-0.07195728534078649,5.206187338353318,157.9530745576861,0.004038297208981844,145,42.032738095238095,-0.15198303858111561,-1.0317255822767577,-0.4787253723313537,-0.3174743754252476,-31.529172763854504,1.9399112654320987,-0.15198303858111561
BTC_LONG_62322c278c8e05a2_12h,475235,12h,5.0,99,3,-202.9437511502431,0.055834872878059834,35,26.150251081390145,0.07909476107946167,0.4370565668043178,-0.22297541466578252,0.3547241349366551,45.60850674515213,0.04081739263034262,53,15.363690476190476,0.05174823962615083,0.4610472003450566,-0.17918004205396298,0.2888058236450575,43.04972541876327,0.5875159832451499,0.05174823962615083
BTC_LONG_35652d2286210bb6_12h,257942,12h,5.0,99,3,-0.6618293568258802,0.01899693453361045,37,27.644551143183868,0.2600812926419167,1.5451892090816015,-0.07670442784140674,3.3906946438562584,92.9766797826753,-0.0065239183816601515,238,68.99166666666666,-0.02952200282125239,-0.11374565127758142,-0.3156549212711911,-0.09352619215427635,2.422852976589557,2.4956696279612944,-0.02952200282125239
BTC_LONG_4631c5bb1bc9541e_12h,339503,12h,5.0,99,4,140.1076473925704,0.060373737215040434,29,21.66735089600898,0.5910611470642484,2.6465148624153794,-0.025289299364128492,23.371985856699407,226.685174857326,0.030262606317760562,82,23.770238095238096,0.04778770337350324,0.41573654809847804,-0.11623298796896431,0.4111371841035625,28.42372984786991,1.0970532673478075,0.04778770337350324
BTC_LONG_afb091065a3a5484_12h,851679,12h,5.0,97,3,-7.525112718593399,0.022410367311622166,99,73.96785305878927,0.09746428385882466,0.4772992178753539,-0.19614437982675847,0.4969007215241574,22.457043836012296,-0.003065812899868693,459,133.05535714285713,-0.03886893342316433,-0.0342068490562606,-0.4506402242376609,-0.08625269412848827,4.360218347456034,1.7988268097643094,-0.03886893342316433
BTC_LONG_b7ca1e396f4fe8f2_12h,890926,12h,5.0,95,3,-5.926948646418073,0.058579770014378856,117,87.41655361493278,0.5804632233170579,1.5070802531095402,-0.14822502165586293,3.916094710815636,64.04292752462699,-0.011378703849173142,569,164.9422619047619,-0.16245580266202087,-0.5046561054514931,-0.6024944597474058,-0.2696386664370823,-3.4278557389211883,1.8868538633006222,-0.16245580266202087
BTC_LONG_cc65e8db4599e98d_12h,990622,12h,5.0,95,4,0.7294207907160905,0.06537687125093669,184,137.4756056850225,0.47032363445977854,1.2368914942757132,-0.24594512890142683,1.9123112401558524,37.895121012787705,0.027370525514394728,674,195.3797619047619,-0.1653839748971736,-0.464578852181794,-0.6155311874944418,-0.26868496390959395,-2.010884562456892,1.4211958618491678,-0.1653839748971736
BTC_LONG_5f48f576ba7d8524_12h,461038,12h,5.0,95,4,30.148819719055226,0.09881185923507142,91,67.99065281161438,0.7923063294512924,2.262057569011415,-0.08713227044879768,9.093144541859294,96.23058011786686,-0.026671179912146428,381,110.44464285714285,-0.06725875099879608,-0.1702601497397493,-0.4156873756423278,-0.1618012837047712,1.321050732229052,1.6244092134717134,-0.06725875099879608
BTC_LONG_3fc88102a54ee0ad_12h,308435,12h,5.0,97,3,-22.961638687284402,0.05082538251017575,125,93.39375386210766,0.6061546546886976,1.93928821029043,-0.15347350912062674,3.9495718717962824,59.377062286334585,-0.0030790114014092535,545,157.98511904761904,0.16570612628366965,0.6784877896334188,-0.34658229639942306,0.47811480276159163,17.25160506858154,1.69160262345679,0.16570612628366965
BTC_LONG_840fc23ba9c47b46_12h,639048,12h,5.0,95,2,-32.60785575300427,0.0670466674196849,125,93.39375386210766,0.5045562075806829,1.2573744860801033,-0.15094628202262317,3.342620969657684,56.39885758405593,0.03316399313971397,428,124.06904761904762,-0.12090221624010988,-0.3225070570264403,-0.5579242264215637,-0.2167000651962315,-2.234751655745382,1.3284512345679014,-0.12090221624010988
BTC_LONG_15bc49f4b28a3e60_12h,105163,12h,5.0,95,3,-34.83988378426843,0.038924820214612986,110,82.18650339865475,0.5320985197803554,1.4638007257531849,-0.18402050070937903,2.891517617489211,63.49129998505559,0.009298939187252834,572,165.81190476190477,-0.06879071573288809,-0.12778474287955355,-0.3554941276944411,-0.1935073194570909,2.9182892130207154,2.0175077160493826,-0.06879071573288809
BTC_LONG_8a84f7adec6f2c5d_12h,670595,12h,5.0,95,3,-62.60144317597576,0.06400660686949804,110,82.18650339865475,0.42817711529964986,1.2966921009847003,-0.13393436455840624,3.1969175103894263,54.179703078328764,0.020559374883179663,466,135.0845238095238,0.16751586937661322,0.7473297541753067,-0.23811593929261832,0.7035054850769761,18.74694863563041,1.6436339085297416,0.16751586937661322
BTC_LONG_979b4599d2b0d826_12h,734064,12h,5.0,97,4,23.54094846490288,0.05368545474670746,100,74.71500308968614,0.8799430828744317,1.9874453585183411,-0.2162939651005632,4.068273853435129,97.32761813023534,0.023893779498006397,352,102.03809523809524,-0.08467863052866698,-0.27977855100260773,-0.4803735128252645,-0.1762766436280777,-1.1823065663915666,1.3656975308641974,-0.08467863052866698
BTC_LONG_3eda21037fed7631_12h,303899,12h,5.0,99,3,-481.2266872070531,0.02123835399574029,45,33.62175139035876,0.5527383886977688,1.685664433197636,-0.17160325713497193,3.2210250430329586,147.61775765467667,0.030836372299633152,76,22.03095238095238,0.12094483961893276,0.8224467966150107,-0.11383823745409238,1.0624271977832251,62.086762011631684,0.6552589163237311,0.12094483961893276
BTC_LONG_3dc89d8a46754556_12h,298654,12h,5.0,99,3,-65.72966526215858,0.08474227864482115,74,55.289102286367736,0.6243472478004222,1.9848459674216896,-0.0853336450429375,7.316542583951127,98.66266651307525,0.010103578374197926,210,60.875,-0.007622215731051152,0.010535801082767702,-0.18949324227763398,-0.04022420873396395,5.234158027921191,1.1010307182182182,-0.007622215731051152
BTC_LONG_3dfb3b51b972e213_12h,299621,12h,5.0,95,4,31.501814090869658,0.05069212686208377,210,156.90150648834089,1.154144765708863,2.0961284537540155,-0.25974716015266186,4.443339303615618,59.13809291223447,-0.009571615173669919,769,222.91845238095237,-0.23483705607319094,-0.7573036651689027,-0.6329671230327267,-0.3710098795463805,-5.02696111402867,1.4207540601116988,-0.23483705607319094
BTC_LONG_5c55a06c338a6821_12h,446767,12h,5.0,99,3,-24.42531891772811,0.07613003823430824,31,23.1616509578027,0.041535676565132906,0.35082076612130053,-0.10891597020846266,0.38135524556807027,27.16557200079898,0.030569056176686326,90,26.089285714285715,0.02211954904899205,0.24692356008401406,-0.13826366545894275,0.15998092467438907,15.95200993975992,1.126400089605735,0.02211954904899205
BTC_LONG_ba0747fe5f806a6f_12h,901790,12h,5.0,95,4,4.912869338075665,0.054452844235855065,118,88.16370364582964,0.3105960508524066,0.9669712155486572,-0.32242843182022973,0.9633023027745261,42.036765465797956,0.004377360702802664,421,122.03988095238095,0.006999798077138131,0.16686001483779106,-0.5097191817375639,0.013732655799369298,8.920430591630627,1.3842417673676501,0.006999798077138131
BTC_LONG_88fcae9510484a32_12h,663029,12h,5.0,97,4,29.36250699555554,0.025000986281413787,129,96.3823539856951,0.35045524994938604,1.3482094687941477,-0.1476433073948039,2.3736616046689822,39.17893795670506,-0.0025275233662359195,557,161.46369047619046,-0.07831786827725595,-0.24312895279345742,-0.4479769452596458,-0.17482566704825223,1.5588501750182586,1.6752412013111302,-0.07831786827725595
BTC_LONG_6c04b0218fe5afa2_12h,522843,12h,5.0,95,3,-18.040703831419908,0.04417938098424321,202,150.924306241166,1.2820567388876491,1.8973741093591532,-0.25588521369540196,5.010280665977718,67.86085153082699,0.015574610411500062,574,166.39166666666665,-0.06716490706097289,-0.018465252524297423,-0.6055747813247925,-0.11091100411090242,4.607943934792847,1.102484224116856,-0.06716490706097289
BTC_LONG_1d508f0030dc820f_12h,141712,12h,5.0,97,3,-3.49952481965738,0.07186479020689363,103,76.95645318237672,0.4977482851125281,1.2396264718386585,-0.2782736406717541,1.7887008051174413,67.415876252625,0.017953302489958908,355,102.90773809523809,-0.003007709607294573,0.1036884220418168,-0.28416238193531596,-0.010584474928772309,7.3614336638076665,1.3372203868512524,-0.003007709607294573
BTC_LONG_543d6f116319a99a_12h,407438,12h,5.0,95,3,-63.71482621963942,0.10488705788914118,142,106.0953043873543,0.3793540197017742,1.09076473771806,-0.2846015479930537,1.3329302752458434,41.15215744422381,0.031055161410995586,444,128.70714285714286,-0.08957291766640663,-0.14094689930293075,-0.5123637640597256,-0.17482289722573985,1.578774542958879,1.2131276082420448,-0.08957291766640663
BTC_LONG_3609b0857b21172f_12h,261060,12h,5.0,99,4,2.1404802435520676,0.06493585126963922,29,21.66735089600898,0.26765996663465197,1.1738260337209583,-0.08106613686207698,3.3017481404108233,125.15128170972403,0.015715794367065775,109,31.597023809523808,-0.01798734227262666,-0.06446719490089044,-0.2233035511745881,-0.08055108025829558,2.2191319888423546,1.4582781236696465,-0.01798734227262666
BTC_LONG_ba3186a61f770787_12h,902603,12h,5.0,95,3,-34.93854987494573,0.020775193851756406,127,94.88805392390138,0.49286585460138577,1.621822974488226,-0.1808799794099284,2.724822593463501,51.09404656579733,0.020312410969475777,517,149.8684523809524,-0.01923641922993058,0.08396496032601213,-0.2880242188704536,-0.06678750594436178,6.656964099295969,1.5794238176825122,-0.01923641922993058
BTC_LONG_9d4899a2bb174f35_12h,761851,12h,5.0,95,3,-75.72839802313368,-0.003129137095771945,108,80.69220333686103,0.13211403300217506,0.5621969238043546,-0.3711630315555965,0.35594609853375364,26.037573451008015,0.01636451672729147,272,78.84761904761905,-0.0226067408004188,-0.014658090468138475,-0.2734201090693793,-0.08268133926712182,4.62994622610973,0.9771404892546867,-0.0226067408004188
BTC_LONG_a2a3ae325bca3b40_12h,787943,12h,5.0,99,4,38.29886579569465,0.05442649599850468,52,38.85180160663679,0.5192044921100736,1.7879061665417457,-0.07609593947788007,6.823024929746723,120.1562964366392,-0.022605832486882957,255,73.91964285714286,-0.06509448603863055,-0.3396772046096951,-0.3479157165952881,-0.18709843486131303,-2.3669628724151495,1.9026052795584045,-0.06509448603863055
BTC_LONG_609c46c635626e96_12h,467571,12h,5.0,99,4,26.072780356937724,0.07661710091652427,25,18.678750772421534,0.25896843480542997,1.4128293003350514,-0.06299833473029604,4.110718734298408,135.87374180188158,0.000701912020310414,152,44.06190476190476,-0.10040913475772817,-0.7109153190274551,-0.35271459786649706,-0.28467530225594223,-16.919256404345276,2.358932098765432,-0.10040913475772817
BTC_LONG_075f5522c438de91_12h,35590,12h,5.0,99,4,92.24714821935757,0.04968331249668705,47,35.11605145215248,0.4594736988135508,1.4405200225091326,-0.16680166190421708,2.7546110366537926,124.40282307371862,0.03319722309532573,111,32.176785714285714,0.12197734401009508,0.7564438251399618,-0.2508730712502142,0.48621138730524843,45.24819395888497,0.9162985126083529,0.12197734401009508
BTC_LONG_c3c043c020cf7e52_12h,948734,12h,5.0,97,2,-28.236712909338117,0.027742615897117465,127,94.88805392390138,-0.08101710703727683,-0.1844440012070341,-0.3087759096448256,-0.2623815670415093,-0.1671791791370991,0.007767542673682141,515,149.28869047619048,-0.09598931906376584,-0.2294604077814676,-0.49008953113924625,-0.1958607824995408,0.7701640412223878,1.5733138609409936,-0.09598931906376584
BTC_LONG_adac219c241a6db1_12h,841859,12h,5.0,95,3,-32.18388962850089,0.025917430559943548,128,95.63520395479824,0.33861294816508414,1.0474997370108718,-0.1835489773232747,1.8448097783116701,41.165813078354795,0.004067294967621723,641,185.81369047619046,-0.07818561802877377,-0.16369549035746053,-0.5006249860399807,-0.15617602039249742,2.606561959380189,1.9429423767843363,-0.07818561802877377
BTC_LONG_3d382c6b95774870_12h,295883,12h,5.0,97,3,-49.09530220173319,0.07530245147379586,103,76.95645318237672,0.7378770919767621,1.7170126599029758,-0.14916235075447548,4.946805197454444,85.12134659076042,0.03335365425385142,397,115.0827380952381,0.29720370958153564,1.1910173479684807,-0.1914276599494329,1.552564084312812,30.151503173916925,1.4954267424787246,0.29720370958153564
BTC_LONG_028bee6d04c27cab_12h,12097,12h,5.0,99,2,-30.166505828617684,0.019906522114435565,27,20.173050834215257,0.15351404356629983,0.8643762532405104,-0.11858987159056444,1.2944954025779898,84.28797036969601,-0.003123671356326531,161,46.670833333333334,0.026940772286961012,0.24419823383847689,-0.21157504233004643,0.12733435848702213,13.628947607480807,2.3135238054412435,0.026940772286961012
BTC_LONG_9d4a8ce2f20a61fa_12h,761884,12h,5.0,97,3,-48.40323794858926,0.016957868403200627,86,64.25490265713007,0.09794836382400818,0.48660727688190913,-0.16067627887775382,0.609600648634199,25.116632942364465,0.025341428345540755,292,84.6452380952381,-0.06408201991621687,-0.14805592943194001,-0.48383512816696816,-0.13244598456295345,0.7102144531191279,1.3173350918748206,-0.06408201991621687
BTC_LONG_bfe3bde6eec442f4_12h,930018,12h,5.0,99,4,3.8558569914444774,0.06109980958946547,46,34.36890142125562,0.3259447003503011,1.2382784340363373,-0.12232296173447921,2.6646240062255373,96.10140490416047,0.013684774307100666,157,45.51130952380952,0.08036826662318552,0.494063042463395,-0.24336002279296898,0.33024432567363926,26.15578018689544,1.324200298577563,0.08036826662318552
BTC_LONG_60f3c72a5383afd7_12h,469153,12h,5.0,97,4,36.22381256734527,0.06746203848499327,130,97.12950401659197,0.8927201484311102,2.0733269968896746,-0.28482242715074624,3.1343042658597446,76.67182349703937,-0.002896344240969791,478,138.56309523809523,-0.17011255010645143,-0.573997996288872,-0.6035437950905732,-0.28185618258393796,-5.885609658122108,1.4265808998100664,-0.17011255010645143
BTC_LONG_76795c2b0d6e8c87_12h,573810,12h,5.0,99,4,58.44834582155081,0.0363309711941667,42,31.380301297668176,0.351369278028554,1.4499977867951064,-0.16546664369037967,2.1235051983409683,109.02948714530356,0.016927105590394006,172,49.85952380952381,0.0863311121274768,0.572113079787271,-0.20154949186765136,0.42833703686123215,24.471660902243215,1.5888797031158142,0.0863311121274768
BTC_LONG_225799ddff2477d1_12h,165945,12h,5.0,95,3,-12.596669371910721,0.02717146853601159,139,103.85385429466372,0.5294321288764692,1.488579445767979,-0.1395330252779008,3.7943141261506104,50.734774872919864,0.028167833730743556,434,125.80833333333334,0.13320657382887746,0.6760566934848778,-0.29783250756321034,0.4472533066277409,16.859346929605504,1.2113978261834977,0.13320657382887746
BTC_LONG_6905e4d4711e6dcd_12h,508262,12h,5.0,99,4,39.96923250605315,0.04591192057833762,39,29.13885120497759,0.2882959495123818,1.606214713133204,-0.0954991671877865,3.0188320799226016,96.60378050327299,0.020586221526061224,192,55.65714285714286,-0.12575905847977253,-0.6284972394037656,-0.37451811939236557,-0.33578898314401845,-16.020763272488818,1.9100664767331434,-0.12575905847977253
BTC_LONG_0959cff690191bd8_12h,45245,12h,5.0,99,3,-225.75874102691407,0.042739917244279904,57,42.5875517611211,0.5903049471837107,1.4447392666528043,-0.1665982482311399,3.5432842388877726,128.25350468350635,0.017843734731470138,153,44.35178571428571,0.1905842046783912,1.1124622131643225,-0.11094920557855614,1.717760877011873,47.550007894449195,1.0414260477582844,0.1905842046783912
BTC_LONG_c2dcee06164786bb_12h,944466,12h,5.0,97,4,28.722250542210322,0.009193240588070658,136,101.61240420197313,0.8406855750032971,2.203633752049087,-0.09148786900929229,9.189038766635933,69.18349121359081,-0.002068584148151032,504,146.1,-0.1428013959440243,-0.46515117174979664,-0.45265986361849486,-0.3154717425187456,-3.2401956564651915,1.4378165849673203,-0.1428013959440243
BTC_LONG_35f26f5b4d2cfab4_12h,260639,12h,5.0,99,3,-89.94923354060491,0.0005547863906994536,17,12.701550525246642,0.1548867869642776,1.2557893900999622,-0.05826251314528419,2.658429556206232,123.95455591186985,0.02315586037770491,57,16.523214285714285,0.013342532525958628,0.19293972518922714,-0.08773880991500926,0.15207104517240727,15.503545650355722,1.3008816721132899,0.013342532525958628
BTC_LONG_8fc5253dcace3bfd_12h,695945,12h,5.0,99,3,-96.05300889519187,0.045958829979526696,42,31.380301297668176,0.3045516041331744,1.3605349463705159,-0.1342106774181312,2.269205475987196,96.65567574094102,0.02977757680047218,163,47.25059523809524,0.08687352170828988,0.5725452415216,-0.18827807286441334,0.46141072290904006,25.672411648645102,1.5057406488830098,0.08687352170828988
BTC_LONG_782aedd5bc817cc7_12h,581969,12h,5.0,99,3,-60.388111051051794,0.025906818065762238,62,46.3233019156054,0.4345644019932904,1.8759160830988217,-0.07158581612792891,6.070537789451098,87.08050907434405,-0.01565477961395257,198,57.39642857142857,0.11937443627357602,0.8133115545906362,-0.11558357584465617,1.0327975700804997,26.666789326652932,1.2390400985663084,0.11937443627357602
BTC_LONG_5b684298c1fc8662_12h,442237,12h,5.0,99,4,64.80644722724993,0.030830151012538304,34,25.403101050493284,0.20859001380221542,0.8373904349224706,-0.19271688115280305,1.0823650349386194,93.33094362089025,0.02459513200508444,94,27.248809523809523,0.11522610736721939,0.7320617607609886,-0.16649631104938312,0.6920640261695835,50.24963154781926,1.0726568173565723,0.11522610736721939
BTC_LONG_237fe5540fbc8cf3_12h,171516,12h,5.0,97,1,-98.51267823062537,0.004401245750547868,47,35.11605145215248,-0.0695525187417172,-0.19819855866293704,-0.24089021911344122,-0.2887311863374709,-7.939465661550193,-0.0003066199311239889,121,35.07559523809524,-0.1273866294464251,-0.783362520394362,-0.4261328672693543,-0.29893640981676567,-30.252257720011453,0.9988479281586551,-0.1273866294464251
BTC_LONG_68ab36e29796d00a_12h,506548,12h,5.0,95,4,4.655833210631828,0.07279367084603283,105,78.45075324417044,0.5091369231046263,1.3008949955854956,-0.16929282509492394,3.0074335567331274,66.09662059668516,0.03103320362904367,567,164.3625,-0.27560752855366555,-0.9709791373939047,-0.7235483625448194,-0.3809109975514503,-12.038954345782585,2.0951041666666668,-0.27560752855366555
BTC_LONG_4ae1e048fd8ff880_12h,362305,12h,5.0,99,3,-133.5926440544438,0.03450156628494455,26,19.425900803318395,0.12933476256559273,1.1417394035093464,-0.05453586556387735,2.3715542281822617,70.74962480672669,0.009894664591164797,206,59.71547619047619,-0.12205196295139309,-0.7128506678040808,-0.36869715039006423,-0.33103581848210073,-14.546437545112177,3.0740132359924024,-0.12205196295139309
BTC_LONG_5e25827511f4f2b0_12h,455535,12h,5.0,97,3,-30.43220492083012,0.053041284378619796,142,106.0953043873543,0.6657649901274052,1.4885079878783296,-0.17481584290888874,3.808379029321681,60.26447666501687,0.04206224319420326,361,104.6470238095238,-0.014651372893934367,0.10812887432324186,-0.5462322994441804,-0.026822604428267782,8.151260472029529,0.9863492490436445,-0.014651372893934367
BTC_LONG_aef78c33fa13a8c2_12h,848179,12h,5.0,99,3,-41.340539799645434,0.04815711892328637,69,51.55335213188343,0.5514074457326283,1.58628225810173,-0.1621106985416707,3.401425388287304,99.01320386953721,0.05184276023009281,128,37.1047619047619,0.0024819210972883976,0.11861589521005476,-0.3454827734797927,0.007183921421869577,11.6523735492773,0.7197351941313294,0.0024819210972883976
BTC_LONG_0263b07b8dfb53cd_12h,11292,12h,5.0,99,4,15.46994071248864,0.04472056309004455,20,14.943000617937226,0.17465641955094147,1.3274951825007648,-0.052251600376223006,3.342604212949974,117.95454629581864,0.007515978466149065,97,28.11845238095238,-0.07356404175009856,-0.45913004863131984,-0.3584642235707961,-0.20522003846659967,-18.450057312283892,1.8817139274691357,-0.07356404175009856
BTC_LONG_022fc44040f52195_12h,10374,12h,5.0,99,4,38.64989089273931,0.021410265132954128,21,15.690150648834088,0.15253022681325645,1.1518837367998418,-0.06476988008665696,2.3549561402488797,100.75913955684894,0.010437938220176086,111,32.176785714285714,0.009574268042280787,0.13846410258791972,-0.27138564928368236,0.03527919795151991,11.123502848526961,2.0507633377425045,0.009574268042280787
